name,video_id,label,method
FaceForensics++_C23/DeepFakeDetection/01_02__meeting_serious__YVGY8LOK.mp4,ffpp_DeepFakeDetection_01_02__meeting_serious__YVGY8LOK,1,DeepFakeDetection
FaceForensics++_C23/DeepFakeDetection/01_02__outside_talking_still_laughing__YVGY8LOK.mp4,ffpp_DeepFakeDetection_01_02__outside_talking_still_laughing__YVGY8LOK,1,DeepFakeDetection
FaceForensics++_C23/DeepFakeDetection/01_02__talking_against_wall__YVGY8LOK.mp4,ffpp_DeepFakeDetection_01_02__talking_against_wall__YVGY8LOK,1,DeepFakeDetection
FaceForensics++_C23/DeepFakeDetection/01_02__walk_down_hall_angry__YVGY8LOK.mp4,ffpp_DeepFakeDetection_01_02__walk_down_hall_angry__YVGY8LOK,1,DeepFakeDetection
FaceForensics++_C23/DeepFakeDetection/01_02__walking_down_indoor_hall_disgust__YVGY8LOK.mp4,ffpp_DeepFakeDetection_01_02__walking_down_indoor_hall_disgust__YVGY8LOK,1,DeepFakeDetection
FaceForensics++_C23/DeepFakeDetection/01_03__hugging_happy__ISF9SP4G.mp4,ffpp_DeepFakeDetection_01_03__hugging_happy__ISF9SP4G,1,DeepFakeDetection
FaceForensics++_C23/DeepFakeDetection/01_03__kitchen_pan__JZUXXFRB.mp4,ffpp_DeepFakeDetection_01_03__kitchen_pan__JZUXXFRB,1,DeepFakeDetection
FaceForensics++_C23/DeepFakeDetection/01_03__podium_speech_happy__480LQD1C.mp4,ffpp_DeepFakeDetection_01_03__podium_speech_happy__480LQD1C,1,DeepFakeDetection
FaceForensics++_C23/DeepFakeDetection/01_03__talking_against_wall__JZUXXFRB.mp4,ffpp_DeepFakeDetection_01_03__talking_against_wall__JZUXXFRB,1,DeepFakeDetection
FaceForensics++_C23/DeepFakeDetection/01_04__hugging_happy__GBC7ZGDP.mp4,ffpp_DeepFakeDetection_01_04__hugging_happy__GBC7ZGDP,1,DeepFakeDetection
FaceForensics++_C23/DeepFakeDetection/01_04__meeting_serious__0XUW13RW.mp4,ffpp_DeepFakeDetection_01_04__meeting_serious__0XUW13RW,1,DeepFakeDetection
FaceForensics++_C23/DeepFakeDetection/01_04__talking_angry_couch__0XUW13RW.mp4,ffpp_DeepFakeDetection_01_04__talking_angry_couch__0XUW13RW,1,DeepFakeDetection
FaceForensics++_C23/DeepFakeDetection/01_04__walk_down_hall_angry__GBC7ZGDP.mp4,ffpp_DeepFakeDetection_01_04__walk_down_hall_angry__GBC7ZGDP,1,DeepFakeDetection
FaceForensics++_C23/DeepFakeDetection/01_09__talking_angry_couch__P70H1JB0.mp4,ffpp_DeepFakeDetection_01_09__talking_angry_couch__P70H1JB0,1,DeepFakeDetection
FaceForensics++_C23/DeepFakeDetection/01_11__hugging_happy__4OJNJLOO.mp4,ffpp_DeepFakeDetection_01_11__hugging_happy__4OJNJLOO,1,DeepFakeDetection
FaceForensics++_C23/DeepFakeDetection/01_11__meeting_serious__9OM3VE0Y.mp4,ffpp_DeepFakeDetection_01_11__meeting_serious__9OM3VE0Y,1,DeepFakeDetection
FaceForensics++_C23/DeepFakeDetection/01_11__meeting_serious__FCNL2OVP.mp4,ffpp_DeepFakeDetection_01_11__meeting_serious__FCNL2OVP,1,DeepFakeDetection
FaceForensics++_C23/DeepFakeDetection/01_11__outside_talking_pan_laughing__WIZ7GKOD.mp4,ffpp_DeepFakeDetection_01_11__outside_talking_pan_laughing__WIZ7GKOD,1,DeepFakeDetection
FaceForensics++_C23/DeepFakeDetection/01_11__secret_conversation__4OJNJLOO.mp4,ffpp_DeepFakeDetection_01_11__secret_conversation__4OJNJLOO,1,DeepFakeDetection
FaceForensics++_C23/DeepFakeDetection/01_11__talking_against_wall__4OJNJLOO.mp4,ffpp_DeepFakeDetection_01_11__talking_against_wall__4OJNJLOO,1,DeepFakeDetection
FaceForensics++_C23/DeepFakeDetection/01_11__talking_against_wall__9229VVZ3.mp4,ffpp_DeepFakeDetection_01_11__talking_against_wall__9229VVZ3,1,DeepFakeDetection
FaceForensics++_C23/DeepFakeDetection/01_11__talking_against_wall__UQ0BOBNO.mp4,ffpp_DeepFakeDetection_01_11__talking_against_wall__UQ0BOBNO,1,DeepFakeDetection
FaceForensics++_C23/DeepFakeDetection/01_11__walking_outside_cafe_disgusted__FAFWDR4W.mp4,ffpp_DeepFakeDetection_01_11__walking_outside_cafe_disgusted__FAFWDR4W,1,DeepFakeDetection
FaceForensics++_C23/DeepFakeDetection/01_12__outside_talking_pan_laughing__TNI7KUZ6.mp4,ffpp_DeepFakeDetection_01_12__outside_talking_pan_laughing__TNI7KUZ6,1,DeepFakeDetection
FaceForensics++_C23/DeepFakeDetection/01_12__outside_talking_still_laughing__TNI7KUZ6.mp4,ffpp_DeepFakeDetection_01_12__outside_talking_still_laughing__TNI7KUZ6,1,DeepFakeDetection
FaceForensics++_C23/DeepFakeDetection/01_15__exit_phone_room__02HILKYO.mp4,ffpp_DeepFakeDetection_01_15__exit_phone_room__02HILKYO,1,DeepFakeDetection
FaceForensics++_C23/DeepFakeDetection/01_15__kitchen_still__02HILKYO.mp4,ffpp_DeepFakeDetection_01_15__kitchen_still__02HILKYO,1,DeepFakeDetection
FaceForensics++_C23/DeepFakeDetection/01_15__meeting_serious__02HILKYO.mp4,ffpp_DeepFakeDetection_01_15__meeting_serious__02HILKYO,1,DeepFakeDetection
FaceForensics++_C23/DeepFakeDetection/01_15__outside_talking_pan_laughing__02HILKYO.mp4,ffpp_DeepFakeDetection_01_15__outside_talking_pan_laughing__02HILKYO,1,DeepFakeDetection
FaceForensics++_C23/DeepFakeDetection/01_20__hugging_happy__FW94AIMJ.mp4,ffpp_DeepFakeDetection_01_20__hugging_happy__FW94AIMJ,1,DeepFakeDetection
FaceForensics++_C23/DeepFakeDetection/01_20__kitchen_pan__6UBMLXK3.mp4,ffpp_DeepFakeDetection_01_20__kitchen_pan__6UBMLXK3,1,DeepFakeDetection
FaceForensics++_C23/DeepFakeDetection/01_20__outside_talking_pan_laughing__OTGHOG4Z.mp4,ffpp_DeepFakeDetection_01_20__outside_talking_pan_laughing__OTGHOG4Z,1,DeepFakeDetection
FaceForensics++_C23/DeepFakeDetection/01_20__outside_talking_still_laughing__FW94AIMJ.mp4,ffpp_DeepFakeDetection_01_20__outside_talking_still_laughing__FW94AIMJ,1,DeepFakeDetection
FaceForensics++_C23/DeepFakeDetection/01_20__walk_down_hall_angry__FW94AIMJ.mp4,ffpp_DeepFakeDetection_01_20__walk_down_hall_angry__FW94AIMJ,1,DeepFakeDetection
FaceForensics++_C23/DeepFakeDetection/01_21__talking_angry_couch__03X7CELV.mp4,ffpp_DeepFakeDetection_01_21__talking_angry_couch__03X7CELV,1,DeepFakeDetection
FaceForensics++_C23/DeepFakeDetection/01_21__walk_down_hall_angry__03X7CELV.mp4,ffpp_DeepFakeDetection_01_21__walk_down_hall_angry__03X7CELV,1,DeepFakeDetection
FaceForensics++_C23/DeepFakeDetection/01_26__outside_talking_pan_laughing__ZMEJ535O.mp4,ffpp_DeepFakeDetection_01_26__outside_talking_pan_laughing__ZMEJ535O,1,DeepFakeDetection
FaceForensics++_C23/DeepFakeDetection/01_27__hugging_happy__ZYCZ30C0.mp4,ffpp_DeepFakeDetection_01_27__hugging_happy__ZYCZ30C0,1,DeepFakeDetection
FaceForensics++_C23/DeepFakeDetection/01_27__meeting_serious__ZYCZ30C0.mp4,ffpp_DeepFakeDetection_01_27__meeting_serious__ZYCZ30C0,1,DeepFakeDetection
FaceForensics++_C23/DeepFakeDetection/01_27__outside_talking_pan_laughing__S2YCUY48.mp4,ffpp_DeepFakeDetection_01_27__outside_talking_pan_laughing__S2YCUY48,1,DeepFakeDetection
FaceForensics++_C23/DeepFakeDetection/01_27__outside_talking_still_laughing__ZYCZ30C0.mp4,ffpp_DeepFakeDetection_01_27__outside_talking_still_laughing__ZYCZ30C0,1,DeepFakeDetection
FaceForensics++_C23/DeepFakeDetection/01_27__walking_outside_cafe_disgusted__ZYCZ30C0.mp4,ffpp_DeepFakeDetection_01_27__walking_outside_cafe_disgusted__ZYCZ30C0,1,DeepFakeDetection
FaceForensics++_C23/DeepFakeDetection/02_01__outside_talking_still_laughing__YVGY8LOK.mp4,ffpp_DeepFakeDetection_02_01__outside_talking_still_laughing__YVGY8LOK,1,DeepFakeDetection
FaceForensics++_C23/DeepFakeDetection/02_01__secret_conversation__YVGY8LOK.mp4,ffpp_DeepFakeDetection_02_01__secret_conversation__YVGY8LOK,1,DeepFakeDetection
FaceForensics++_C23/DeepFakeDetection/02_01__walking_down_indoor_hall_disgust__YVGY8LOK.mp4,ffpp_DeepFakeDetection_02_01__walking_down_indoor_hall_disgust__YVGY8LOK,1,DeepFakeDetection
FaceForensics++_C23/DeepFakeDetection/02_01__walking_outside_cafe_disgusted__YVGY8LOK.mp4,ffpp_DeepFakeDetection_02_01__walking_outside_cafe_disgusted__YVGY8LOK,1,DeepFakeDetection
FaceForensics++_C23/DeepFakeDetection/02_03__walking_down_street_outside_angry__QH3Y0IG0.mp4,ffpp_DeepFakeDetection_02_03__walking_down_street_outside_angry__QH3Y0IG0,1,DeepFakeDetection
FaceForensics++_C23/DeepFakeDetection/02_03__walking_outside_cafe_disgusted__QH3Y0IG0.mp4,ffpp_DeepFakeDetection_02_03__walking_outside_cafe_disgusted__QH3Y0IG0,1,DeepFakeDetection
FaceForensics++_C23/DeepFakeDetection/02_04__podium_speech_happy__8CH7R4LW.mp4,ffpp_DeepFakeDetection_02_04__podium_speech_happy__8CH7R4LW,1,DeepFakeDetection
FaceForensics++_C23/DeepFakeDetection/02_06__exit_phone_room__HZAXM70B.mp4,ffpp_DeepFakeDetection_02_06__exit_phone_room__HZAXM70B,1,DeepFakeDetection
FaceForensics++_C23/DeepFakeDetection/02_06__podium_speech_happy__N8OSN8P6.mp4,ffpp_DeepFakeDetection_02_06__podium_speech_happy__N8OSN8P6,1,DeepFakeDetection
FaceForensics++_C23/DeepFakeDetection/02_06__podium_speech_happy__SU4OQCS9.mp4,ffpp_DeepFakeDetection_02_06__podium_speech_happy__SU4OQCS9,1,DeepFakeDetection
FaceForensics++_C23/DeepFakeDetection/02_06__talking_angry_couch__GH8TGTBS.mp4,ffpp_DeepFakeDetection_02_06__talking_angry_couch__GH8TGTBS,1,DeepFakeDetection
FaceForensics++_C23/DeepFakeDetection/02_06__talking_angry_couch__J1W9R0NG.mp4,ffpp_DeepFakeDetection_02_06__talking_angry_couch__J1W9R0NG,1,DeepFakeDetection
FaceForensics++_C23/DeepFakeDetection/02_06__talking_angry_couch__MKZTXQ2T.mp4,ffpp_DeepFakeDetection_02_06__talking_angry_couch__MKZTXQ2T,1,DeepFakeDetection
FaceForensics++_C23/DeepFakeDetection/02_06__walk_down_hall_angry__0M6JNS5D.mp4,ffpp_DeepFakeDetection_02_06__walk_down_hall_angry__0M6JNS5D,1,DeepFakeDetection
FaceForensics++_C23/DeepFakeDetection/02_06__walking_and_outside_surprised__N8OSN8P6.mp4,ffpp_DeepFakeDetection_02_06__walking_and_outside_surprised__N8OSN8P6,1,DeepFakeDetection
FaceForensics++_C23/DeepFakeDetection/02_06__walking_down_indoor_hall_disgust__U6MDWIHG.mp4,ffpp_DeepFakeDetection_02_06__walking_down_indoor_hall_disgust__U6MDWIHG,1,DeepFakeDetection
FaceForensics++_C23/DeepFakeDetection/02_07__exit_phone_room__9NVRE2KQ.mp4,ffpp_DeepFakeDetection_02_07__exit_phone_room__9NVRE2KQ,1,DeepFakeDetection
FaceForensics++_C23/DeepFakeDetection/02_07__hugging_happy__1JCLEEBQ.mp4,ffpp_DeepFakeDetection_02_07__hugging_happy__1JCLEEBQ,1,DeepFakeDetection
FaceForensics++_C23/DeepFakeDetection/02_07__meeting_serious__1JCLEEBQ.mp4,ffpp_DeepFakeDetection_02_07__meeting_serious__1JCLEEBQ,1,DeepFakeDetection
FaceForensics++_C23/DeepFakeDetection/02_07__outside_talking_pan_laughing__O4SXNLRL.mp4,ffpp_DeepFakeDetection_02_07__outside_talking_pan_laughing__O4SXNLRL,1,DeepFakeDetection
FaceForensics++_C23/DeepFakeDetection/02_07__secret_conversation__0IYV5DQ5.mp4,ffpp_DeepFakeDetection_02_07__secret_conversation__0IYV5DQ5,1,DeepFakeDetection
FaceForensics++_C23/DeepFakeDetection/02_07__walk_down_hall_angry__U7DEOZNV.mp4,ffpp_DeepFakeDetection_02_07__walk_down_hall_angry__U7DEOZNV,1,DeepFakeDetection
FaceForensics++_C23/DeepFakeDetection/02_07__walking_and_outside_surprised__1VMZUH1W.mp4,ffpp_DeepFakeDetection_02_07__walking_and_outside_surprised__1VMZUH1W,1,DeepFakeDetection
FaceForensics++_C23/DeepFakeDetection/02_07__walking_down_street_outside_angry__O4SXNLRL.mp4,ffpp_DeepFakeDetection_02_07__walking_down_street_outside_angry__O4SXNLRL,1,DeepFakeDetection
FaceForensics++_C23/DeepFakeDetection/02_09__exit_phone_room__HIH8YA82.mp4,ffpp_DeepFakeDetection_02_09__exit_phone_room__HIH8YA82,1,DeepFakeDetection
FaceForensics++_C23/DeepFakeDetection/02_09__kitchen_pan__9TDCEK1Q.mp4,ffpp_DeepFakeDetection_02_09__kitchen_pan__9TDCEK1Q,1,DeepFakeDetection
FaceForensics++_C23/DeepFakeDetection/02_09__kitchen_pan__HIH8YA82.mp4,ffpp_DeepFakeDetection_02_09__kitchen_pan__HIH8YA82,1,DeepFakeDetection
FaceForensics++_C23/DeepFakeDetection/02_09__outside_talking_pan_laughing__6KUOFMZW.mp4,ffpp_DeepFakeDetection_02_09__outside_talking_pan_laughing__6KUOFMZW,1,DeepFakeDetection
FaceForensics++_C23/DeepFakeDetection/02_09__podium_speech_happy__9TDCEK1Q.mp4,ffpp_DeepFakeDetection_02_09__podium_speech_happy__9TDCEK1Q,1,DeepFakeDetection
FaceForensics++_C23/DeepFakeDetection/02_09__talking_angry_couch__6KUOFMZW.mp4,ffpp_DeepFakeDetection_02_09__talking_angry_couch__6KUOFMZW,1,DeepFakeDetection
FaceForensics++_C23/DeepFakeDetection/02_09__walk_down_hall_angry__6KUOFMZW.mp4,ffpp_DeepFakeDetection_02_09__walk_down_hall_angry__6KUOFMZW,1,DeepFakeDetection
FaceForensics++_C23/DeepFakeDetection/02_09__walking_down_street_outside_angry__6KUOFMZW.mp4,ffpp_DeepFakeDetection_02_09__walking_down_street_outside_angry__6KUOFMZW,1,DeepFakeDetection
FaceForensics++_C23/DeepFakeDetection/02_11__meeting_serious__NZJ1YEWE.mp4,ffpp_DeepFakeDetection_02_11__meeting_serious__NZJ1YEWE,1,DeepFakeDetection
FaceForensics++_C23/DeepFakeDetection/02_12__podium_speech_happy__9D2ZHEKW.mp4,ffpp_DeepFakeDetection_02_12__podium_speech_happy__9D2ZHEKW,1,DeepFakeDetection
FaceForensics++_C23/DeepFakeDetection/02_12__walking_and_outside_surprised__9D2ZHEKW.mp4,ffpp_DeepFakeDetection_02_12__walking_and_outside_surprised__9D2ZHEKW,1,DeepFakeDetection
FaceForensics++_C23/DeepFakeDetection/02_13__exit_phone_room__CP5HFV3K.mp4,ffpp_DeepFakeDetection_02_13__exit_phone_room__CP5HFV3K,1,DeepFakeDetection
FaceForensics++_C23/DeepFakeDetection/02_13__hugging_happy__PLNVLO74.mp4,ffpp_DeepFakeDetection_02_13__hugging_happy__PLNVLO74,1,DeepFakeDetection
FaceForensics++_C23/DeepFakeDetection/02_13__kitchen_pan__2YSYT2N3.mp4,ffpp_DeepFakeDetection_02_13__kitchen_pan__2YSYT2N3,1,DeepFakeDetection
FaceForensics++_C23/DeepFakeDetection/02_13__meeting_serious__CP5HFV3K.mp4,ffpp_DeepFakeDetection_02_13__meeting_serious__CP5HFV3K,1,DeepFakeDetection
FaceForensics++_C23/DeepFakeDetection/02_13__outside_talking_pan_laughing__2YSYT2N3.mp4,ffpp_DeepFakeDetection_02_13__outside_talking_pan_laughing__2YSYT2N3,1,DeepFakeDetection
FaceForensics++_C23/DeepFakeDetection/02_13__outside_talking_still_laughing__CP5HFV3K.mp4,ffpp_DeepFakeDetection_02_13__outside_talking_still_laughing__CP5HFV3K,1,DeepFakeDetection
FaceForensics++_C23/DeepFakeDetection/02_13__podium_speech_happy__2YSYT2N3.mp4,ffpp_DeepFakeDetection_02_13__podium_speech_happy__2YSYT2N3,1,DeepFakeDetection
FaceForensics++_C23/DeepFakeDetection/02_13__secret_conversation__CP5HFV3K.mp4,ffpp_DeepFakeDetection_02_13__secret_conversation__CP5HFV3K,1,DeepFakeDetection
FaceForensics++_C23/DeepFakeDetection/02_13__secret_conversation__PLNVLO74.mp4,ffpp_DeepFakeDetection_02_13__secret_conversation__PLNVLO74,1,DeepFakeDetection
FaceForensics++_C23/DeepFakeDetection/02_13__walking_and_outside_surprised__CP5HFV3K.mp4,ffpp_DeepFakeDetection_02_13__walking_and_outside_surprised__CP5HFV3K,1,DeepFakeDetection
FaceForensics++_C23/DeepFakeDetection/02_14__outside_talking_pan_laughing__3IUBEKCT.mp4,ffpp_DeepFakeDetection_02_14__outside_talking_pan_laughing__3IUBEKCT,1,DeepFakeDetection
FaceForensics++_C23/DeepFakeDetection/02_15__exit_phone_room__I8G2LWD1.mp4,ffpp_DeepFakeDetection_02_15__exit_phone_room__I8G2LWD1,1,DeepFakeDetection
FaceForensics++_C23/DeepFakeDetection/02_15__exit_phone_room__MZWH8ATN.mp4,ffpp_DeepFakeDetection_02_15__exit_phone_room__MZWH8ATN,1,DeepFakeDetection
FaceForensics++_C23/DeepFakeDetection/02_15__hugging_happy__MZWH8ATN.mp4,ffpp_DeepFakeDetection_02_15__hugging_happy__MZWH8ATN,1,DeepFakeDetection
FaceForensics++_C23/DeepFakeDetection/02_15__hugging_happy__XNJIS4S3.mp4,ffpp_DeepFakeDetection_02_15__hugging_happy__XNJIS4S3,1,DeepFakeDetection
FaceForensics++_C23/DeepFakeDetection/02_15__kitchen_still__XNJIS4S3.mp4,ffpp_DeepFakeDetection_02_15__kitchen_still__XNJIS4S3,1,DeepFakeDetection
FaceForensics++_C23/DeepFakeDetection/02_15__meeting_serious__MZWH8ATN.mp4,ffpp_DeepFakeDetection_02_15__meeting_serious__MZWH8ATN,1,DeepFakeDetection
FaceForensics++_C23/DeepFakeDetection/02_15__outside_talking_pan_laughing__I8G2LWD1.mp4,ffpp_DeepFakeDetection_02_15__outside_talking_pan_laughing__I8G2LWD1,1,DeepFakeDetection
FaceForensics++_C23/DeepFakeDetection/02_15__outside_talking_pan_laughing__SB6PMCO0.mp4,ffpp_DeepFakeDetection_02_15__outside_talking_pan_laughing__SB6PMCO0,1,DeepFakeDetection
FaceForensics++_C23/DeepFakeDetection/02_15__podium_speech_happy__MZWH8ATN.mp4,ffpp_DeepFakeDetection_02_15__podium_speech_happy__MZWH8ATN,1,DeepFakeDetection
FaceForensics++_C23/DeepFakeDetection/02_15__secret_conversation__MZWH8ATN.mp4,ffpp_DeepFakeDetection_02_15__secret_conversation__MZWH8ATN,1,DeepFakeDetection
FaceForensics++_C23/DeepFakeDetection/02_15__talking_against_wall__HTG660F8.mp4,ffpp_DeepFakeDetection_02_15__talking_against_wall__HTG660F8,1,DeepFakeDetection
FaceForensics++_C23/DeepFakeDetection/02_15__talking_angry_couch__HTG660F8.mp4,ffpp_DeepFakeDetection_02_15__talking_angry_couch__HTG660F8,1,DeepFakeDetection
FaceForensics++_C23/DeepFakeDetection/02_15__talking_angry_couch__I8G2LWD1.mp4,ffpp_DeepFakeDetection_02_15__talking_angry_couch__I8G2LWD1,1,DeepFakeDetection
FaceForensics++_C23/DeepFakeDetection/02_15__walk_down_hall_angry__TN2CWM3K.mp4,ffpp_DeepFakeDetection_02_15__walk_down_hall_angry__TN2CWM3K,1,DeepFakeDetection
FaceForensics++_C23/DeepFakeDetection/02_15__walking_and_outside_surprised__HTG660F8.mp4,ffpp_DeepFakeDetection_02_15__walking_and_outside_surprised__HTG660F8,1,DeepFakeDetection
FaceForensics++_C23/DeepFakeDetection/02_15__walking_and_outside_surprised__I8G2LWD1.mp4,ffpp_DeepFakeDetection_02_15__walking_and_outside_surprised__I8G2LWD1,1,DeepFakeDetection
FaceForensics++_C23/DeepFakeDetection/02_15__walking_and_outside_surprised__MZWH8ATN.mp4,ffpp_DeepFakeDetection_02_15__walking_and_outside_surprised__MZWH8ATN,1,DeepFakeDetection
FaceForensics++_C23/DeepFakeDetection/02_15__walking_outside_cafe_disgusted__MZWH8ATN.mp4,ffpp_DeepFakeDetection_02_15__walking_outside_cafe_disgusted__MZWH8ATN,1,DeepFakeDetection
FaceForensics++_C23/DeepFakeDetection/02_18__exit_phone_room__OXMEEFUQ.mp4,ffpp_DeepFakeDetection_02_18__exit_phone_room__OXMEEFUQ,1,DeepFakeDetection
FaceForensics++_C23/DeepFakeDetection/02_18__outside_talking_pan_laughing__OXMEEFUQ.mp4,ffpp_DeepFakeDetection_02_18__outside_talking_pan_laughing__OXMEEFUQ,1,DeepFakeDetection
FaceForensics++_C23/DeepFakeDetection/02_18__secret_conversation__B95S4G6F.mp4,ffpp_DeepFakeDetection_02_18__secret_conversation__B95S4G6F,1,DeepFakeDetection
FaceForensics++_C23/DeepFakeDetection/02_18__walk_down_hall_angry__B95S4G6F.mp4,ffpp_DeepFakeDetection_02_18__walk_down_hall_angry__B95S4G6F,1,DeepFakeDetection
FaceForensics++_C23/DeepFakeDetection/02_18__walking_down_street_outside_angry__21JTDDEL.mp4,ffpp_DeepFakeDetection_02_18__walking_down_street_outside_angry__21JTDDEL,1,DeepFakeDetection
FaceForensics++_C23/DeepFakeDetection/02_21__kitchen_pan__Z0XHPQAR.mp4,ffpp_DeepFakeDetection_02_21__kitchen_pan__Z0XHPQAR,1,DeepFakeDetection
FaceForensics++_C23/DeepFakeDetection/02_21__talking_angry_couch__Z0XHPQAR.mp4,ffpp_DeepFakeDetection_02_21__talking_angry_couch__Z0XHPQAR,1,DeepFakeDetection
FaceForensics++_C23/DeepFakeDetection/02_25__talking_against_wall__Z7FQ69VP.mp4,ffpp_DeepFakeDetection_02_25__talking_against_wall__Z7FQ69VP,1,DeepFakeDetection
FaceForensics++_C23/DeepFakeDetection/02_27__hugging_happy__GVFLSZD5.mp4,ffpp_DeepFakeDetection_02_27__hugging_happy__GVFLSZD5,1,DeepFakeDetection
FaceForensics++_C23/DeepFakeDetection/02_27__walk_down_hall_angry__78M8S6M6.mp4,ffpp_DeepFakeDetection_02_27__walk_down_hall_angry__78M8S6M6,1,DeepFakeDetection
FaceForensics++_C23/DeepFakeDetection/02_27__walking_down_indoor_hall_disgust__YQX5Z8GN.mp4,ffpp_DeepFakeDetection_02_27__walking_down_indoor_hall_disgust__YQX5Z8GN,1,DeepFakeDetection
FaceForensics++_C23/DeepFakeDetection/02_27__walking_down_street_outside_angry__3L1MLH3D.mp4,ffpp_DeepFakeDetection_02_27__walking_down_street_outside_angry__3L1MLH3D,1,DeepFakeDetection
FaceForensics++_C23/DeepFakeDetection/03_01__meeting_serious__JZUXXFRB.mp4,ffpp_DeepFakeDetection_03_01__meeting_serious__JZUXXFRB,1,DeepFakeDetection
FaceForensics++_C23/DeepFakeDetection/03_01__outside_talking_still_laughing__JZUXXFRB.mp4,ffpp_DeepFakeDetection_03_01__outside_talking_still_laughing__JZUXXFRB,1,DeepFakeDetection
FaceForensics++_C23/DeepFakeDetection/03_01__podium_speech_happy__JZUXXFRB.mp4,ffpp_DeepFakeDetection_03_01__podium_speech_happy__JZUXXFRB,1,DeepFakeDetection
FaceForensics++_C23/DeepFakeDetection/03_01__walking_and_outside_surprised__JZUXXFRB.mp4,ffpp_DeepFakeDetection_03_01__walking_and_outside_surprised__JZUXXFRB,1,DeepFakeDetection
FaceForensics++_C23/DeepFakeDetection/03_02__secret_conversation__GYX5OFTD.mp4,ffpp_DeepFakeDetection_03_02__secret_conversation__GYX5OFTD,1,DeepFakeDetection
FaceForensics++_C23/DeepFakeDetection/03_04__outside_talking_pan_laughing__T04P6ELC.mp4,ffpp_DeepFakeDetection_03_04__outside_talking_pan_laughing__T04P6ELC,1,DeepFakeDetection
FaceForensics++_C23/DeepFakeDetection/03_04__talking_angry_couch__T04P6ELC.mp4,ffpp_DeepFakeDetection_03_04__talking_angry_couch__T04P6ELC,1,DeepFakeDetection
FaceForensics++_C23/DeepFakeDetection/03_06__exit_phone_room__1IXGY2FK.mp4,ffpp_DeepFakeDetection_03_06__exit_phone_room__1IXGY2FK,1,DeepFakeDetection
FaceForensics++_C23/DeepFakeDetection/03_06__hugging_happy__2XWC5JED.mp4,ffpp_DeepFakeDetection_03_06__hugging_happy__2XWC5JED,1,DeepFakeDetection
FaceForensics++_C23/DeepFakeDetection/03_06__meeting_serious__83ABVHC3.mp4,ffpp_DeepFakeDetection_03_06__meeting_serious__83ABVHC3,1,DeepFakeDetection
FaceForensics++_C23/DeepFakeDetection/03_06__podium_speech_happy__83ABVHC3.mp4,ffpp_DeepFakeDetection_03_06__podium_speech_happy__83ABVHC3,1,DeepFakeDetection
FaceForensics++_C23/DeepFakeDetection/03_07__exit_phone_room__6PHZRQ4H.mp4,ffpp_DeepFakeDetection_03_07__exit_phone_room__6PHZRQ4H,1,DeepFakeDetection
FaceForensics++_C23/DeepFakeDetection/03_07__hugging_happy__BKLOCI1M.mp4,ffpp_DeepFakeDetection_03_07__hugging_happy__BKLOCI1M,1,DeepFakeDetection
FaceForensics++_C23/DeepFakeDetection/03_07__kitchen_pan__WPT3Z2KN.mp4,ffpp_DeepFakeDetection_03_07__kitchen_pan__WPT3Z2KN,1,DeepFakeDetection
FaceForensics++_C23/DeepFakeDetection/03_07__talking_against_wall__PWXXULHR.mp4,ffpp_DeepFakeDetection_03_07__talking_against_wall__PWXXULHR,1,DeepFakeDetection
FaceForensics++_C23/DeepFakeDetection/03_07__walk_down_hall_angry__6PHZRQ4H.mp4,ffpp_DeepFakeDetection_03_07__walk_down_hall_angry__6PHZRQ4H,1,DeepFakeDetection
FaceForensics++_C23/DeepFakeDetection/03_07__walk_down_hall_angry__IFSURI9X.mp4,ffpp_DeepFakeDetection_03_07__walk_down_hall_angry__IFSURI9X,1,DeepFakeDetection
FaceForensics++_C23/DeepFakeDetection/03_07__walking_down_indoor_hall_disgust__PWXXULHR.mp4,ffpp_DeepFakeDetection_03_07__walking_down_indoor_hall_disgust__PWXXULHR,1,DeepFakeDetection
FaceForensics++_C23/DeepFakeDetection/03_07__walking_outside_cafe_disgusted__CDSNLDQ8.mp4,ffpp_DeepFakeDetection_03_07__walking_outside_cafe_disgusted__CDSNLDQ8,1,DeepFakeDetection
FaceForensics++_C23/DeepFakeDetection/03_07__walking_outside_cafe_disgusted__IFSURI9X.mp4,ffpp_DeepFakeDetection_03_07__walking_outside_cafe_disgusted__IFSURI9X,1,DeepFakeDetection
FaceForensics++_C23/DeepFakeDetection/03_07__walking_outside_cafe_disgusted__PWXXULHR.mp4,ffpp_DeepFakeDetection_03_07__walking_outside_cafe_disgusted__PWXXULHR,1,DeepFakeDetection
FaceForensics++_C23/DeepFakeDetection/03_09__kitchen_pan__8DTEGQ54.mp4,ffpp_DeepFakeDetection_03_09__kitchen_pan__8DTEGQ54,1,DeepFakeDetection
FaceForensics++_C23/DeepFakeDetection/03_09__outside_talking_still_laughing__RCETIXYL.mp4,ffpp_DeepFakeDetection_03_09__outside_talking_still_laughing__RCETIXYL,1,DeepFakeDetection
FaceForensics++_C23/DeepFakeDetection/03_09__secret_conversation__RCETIXYL.mp4,ffpp_DeepFakeDetection_03_09__secret_conversation__RCETIXYL,1,DeepFakeDetection
FaceForensics++_C23/DeepFakeDetection/03_11__exit_phone_room__P08VGHTA.mp4,ffpp_DeepFakeDetection_03_11__exit_phone_room__P08VGHTA,1,DeepFakeDetection
FaceForensics++_C23/DeepFakeDetection/03_11__talking_against_wall__P08VGHTA.mp4,ffpp_DeepFakeDetection_03_11__talking_against_wall__P08VGHTA,1,DeepFakeDetection
FaceForensics++_C23/DeepFakeDetection/03_11__walk_down_hall_angry__P08VGHTA.mp4,ffpp_DeepFakeDetection_03_11__walk_down_hall_angry__P08VGHTA,1,DeepFakeDetection
FaceForensics++_C23/DeepFakeDetection/03_13__exit_phone_room__GBYWJW06.mp4,ffpp_DeepFakeDetection_03_13__exit_phone_room__GBYWJW06,1,DeepFakeDetection
FaceForensics++_C23/DeepFakeDetection/03_13__kitchen_pan__GBYWJW06.mp4,ffpp_DeepFakeDetection_03_13__kitchen_pan__GBYWJW06,1,DeepFakeDetection
FaceForensics++_C23/DeepFakeDetection/03_13__meeting_serious__GBYWJW06.mp4,ffpp_DeepFakeDetection_03_13__meeting_serious__GBYWJW06,1,DeepFakeDetection
FaceForensics++_C23/DeepFakeDetection/03_13__meeting_serious__T3MZOI8X.mp4,ffpp_DeepFakeDetection_03_13__meeting_serious__T3MZOI8X,1,DeepFakeDetection
FaceForensics++_C23/DeepFakeDetection/03_13__outside_talking_still_laughing__GBYWJW06.mp4,ffpp_DeepFakeDetection_03_13__outside_talking_still_laughing__GBYWJW06,1,DeepFakeDetection
FaceForensics++_C23/DeepFakeDetection/03_13__talking_against_wall__GBYWJW06.mp4,ffpp_DeepFakeDetection_03_13__talking_against_wall__GBYWJW06,1,DeepFakeDetection
FaceForensics++_C23/DeepFakeDetection/03_14__exit_phone_room__H0VQHGS3.mp4,ffpp_DeepFakeDetection_03_14__exit_phone_room__H0VQHGS3,1,DeepFakeDetection
FaceForensics++_C23/DeepFakeDetection/03_14__meeting_serious__KJ221YN0.mp4,ffpp_DeepFakeDetection_03_14__meeting_serious__KJ221YN0,1,DeepFakeDetection
FaceForensics++_C23/DeepFakeDetection/03_14__meeting_serious__PLCQJM81.mp4,ffpp_DeepFakeDetection_03_14__meeting_serious__PLCQJM81,1,DeepFakeDetection
FaceForensics++_C23/DeepFakeDetection/03_14__podium_speech_happy__Q9NSXM88.mp4,ffpp_DeepFakeDetection_03_14__podium_speech_happy__Q9NSXM88,1,DeepFakeDetection
FaceForensics++_C23/DeepFakeDetection/03_14__talking_against_wall__ZC2KYASW.mp4,ffpp_DeepFakeDetection_03_14__talking_against_wall__ZC2KYASW,1,DeepFakeDetection
FaceForensics++_C23/DeepFakeDetection/03_14__walk_down_hall_angry__P1L5PF4I.mp4,ffpp_DeepFakeDetection_03_14__walk_down_hall_angry__P1L5PF4I,1,DeepFakeDetection
FaceForensics++_C23/DeepFakeDetection/03_14__walking_down_indoor_hall_disgust__KJ221YN0.mp4,ffpp_DeepFakeDetection_03_14__walking_down_indoor_hall_disgust__KJ221YN0,1,DeepFakeDetection
FaceForensics++_C23/DeepFakeDetection/03_14__walking_down_street_outside_angry__H0VQHGS3.mp4,ffpp_DeepFakeDetection_03_14__walking_down_street_outside_angry__H0VQHGS3,1,DeepFakeDetection
FaceForensics++_C23/DeepFakeDetection/03_15__kitchen_pan__AIOM1U5V.mp4,ffpp_DeepFakeDetection_03_15__kitchen_pan__AIOM1U5V,1,DeepFakeDetection
FaceForensics++_C23/DeepFakeDetection/03_15__kitchen_pan__DNUJD8M2.mp4,ffpp_DeepFakeDetection_03_15__kitchen_pan__DNUJD8M2,1,DeepFakeDetection
FaceForensics++_C23/DeepFakeDetection/03_15__meeting_serious__DNUJD8M2.mp4,ffpp_DeepFakeDetection_03_15__meeting_serious__DNUJD8M2,1,DeepFakeDetection
FaceForensics++_C23/DeepFakeDetection/03_15__meeting_serious__OY4I7ZU8.mp4,ffpp_DeepFakeDetection_03_15__meeting_serious__OY4I7ZU8,1,DeepFakeDetection
FaceForensics++_C23/DeepFakeDetection/03_15__outside_talking_pan_laughing__Y11NT1YX.mp4,ffpp_DeepFakeDetection_03_15__outside_talking_pan_laughing__Y11NT1YX,1,DeepFakeDetection
FaceForensics++_C23/DeepFakeDetection/03_15__outside_talking_still_laughing__DNUJD8M2.mp4,ffpp_DeepFakeDetection_03_15__outside_talking_still_laughing__DNUJD8M2,1,DeepFakeDetection
FaceForensics++_C23/DeepFakeDetection/03_15__podium_speech_happy__DG8ITQO3.mp4,ffpp_DeepFakeDetection_03_15__podium_speech_happy__DG8ITQO3,1,DeepFakeDetection
FaceForensics++_C23/DeepFakeDetection/03_18__kitchen_pan__22UBC0BS.mp4,ffpp_DeepFakeDetection_03_18__kitchen_pan__22UBC0BS,1,DeepFakeDetection
FaceForensics++_C23/DeepFakeDetection/03_18__walking_and_outside_surprised__8HNSXOBW.mp4,ffpp_DeepFakeDetection_03_18__walking_and_outside_surprised__8HNSXOBW,1,DeepFakeDetection
FaceForensics++_C23/DeepFakeDetection/03_18__walking_outside_cafe_disgusted__22UBC0BS.mp4,ffpp_DeepFakeDetection_03_18__walking_outside_cafe_disgusted__22UBC0BS,1,DeepFakeDetection
FaceForensics++_C23/DeepFakeDetection/03_20__kitchen_still__Z6V05FXO.mp4,ffpp_DeepFakeDetection_03_20__kitchen_still__Z6V05FXO,1,DeepFakeDetection
FaceForensics++_C23/DeepFakeDetection/03_20__walk_down_hall_angry__61SVZ2J7.mp4,ffpp_DeepFakeDetection_03_20__walk_down_hall_angry__61SVZ2J7,1,DeepFakeDetection
FaceForensics++_C23/DeepFakeDetection/03_21__exit_phone_room__YCSEBZO4.mp4,ffpp_DeepFakeDetection_03_21__exit_phone_room__YCSEBZO4,1,DeepFakeDetection
FaceForensics++_C23/DeepFakeDetection/03_21__kitchen_pan__YCSEBZO4.mp4,ffpp_DeepFakeDetection_03_21__kitchen_pan__YCSEBZO4,1,DeepFakeDetection
FaceForensics++_C23/DeepFakeDetection/03_21__meeting_serious__V53E3RVB.mp4,ffpp_DeepFakeDetection_03_21__meeting_serious__V53E3RVB,1,DeepFakeDetection
FaceForensics++_C23/DeepFakeDetection/03_21__secret_conversation__YCSEBZO4.mp4,ffpp_DeepFakeDetection_03_21__secret_conversation__YCSEBZO4,1,DeepFakeDetection
FaceForensics++_C23/DeepFakeDetection/03_26__kitchen_pan__WBSXBL82.mp4,ffpp_DeepFakeDetection_03_26__kitchen_pan__WBSXBL82,1,DeepFakeDetection
FaceForensics++_C23/DeepFakeDetection/03_26__kitchen_still__WBSXBL82.mp4,ffpp_DeepFakeDetection_03_26__kitchen_still__WBSXBL82,1,DeepFakeDetection
FaceForensics++_C23/DeepFakeDetection/03_26__talking_against_wall__WBSXBL82.mp4,ffpp_DeepFakeDetection_03_26__talking_against_wall__WBSXBL82,1,DeepFakeDetection
FaceForensics++_C23/DeepFakeDetection/03_26__walk_down_hall_angry__WBSXBL82.mp4,ffpp_DeepFakeDetection_03_26__walk_down_hall_angry__WBSXBL82,1,DeepFakeDetection
FaceForensics++_C23/DeepFakeDetection/03_27__walk_down_hall_angry__IL675GCI.mp4,ffpp_DeepFakeDetection_03_27__walk_down_hall_angry__IL675GCI,1,DeepFakeDetection
FaceForensics++_C23/DeepFakeDetection/03_27__walking_and_outside_surprised__KWGI1LSZ.mp4,ffpp_DeepFakeDetection_03_27__walking_and_outside_surprised__KWGI1LSZ,1,DeepFakeDetection
FaceForensics++_C23/DeepFakeDetection/03_27__walking_down_indoor_hall_disgust__IL675GCI.mp4,ffpp_DeepFakeDetection_03_27__walking_down_indoor_hall_disgust__IL675GCI,1,DeepFakeDetection
FaceForensics++_C23/DeepFakeDetection/04_01__exit_phone_room__0XUW13RW.mp4,ffpp_DeepFakeDetection_04_01__exit_phone_room__0XUW13RW,1,DeepFakeDetection
FaceForensics++_C23/DeepFakeDetection/04_01__kitchen_pan__GBC7ZGDP.mp4,ffpp_DeepFakeDetection_04_01__kitchen_pan__GBC7ZGDP,1,DeepFakeDetection
FaceForensics++_C23/DeepFakeDetection/04_01__kitchen_still__6I623VU9.mp4,ffpp_DeepFakeDetection_04_01__kitchen_still__6I623VU9,1,DeepFakeDetection
FaceForensics++_C23/DeepFakeDetection/04_01__kitchen_still__GBC7ZGDP.mp4,ffpp_DeepFakeDetection_04_01__kitchen_still__GBC7ZGDP,1,DeepFakeDetection
FaceForensics++_C23/DeepFakeDetection/04_01__outside_talking_still_laughing__0XUW13RW.mp4,ffpp_DeepFakeDetection_04_01__outside_talking_still_laughing__0XUW13RW,1,DeepFakeDetection
FaceForensics++_C23/DeepFakeDetection/04_01__outside_talking_still_laughing__6I623VU9.mp4,ffpp_DeepFakeDetection_04_01__outside_talking_still_laughing__6I623VU9,1,DeepFakeDetection
FaceForensics++_C23/DeepFakeDetection/04_01__secret_conversation__6I623VU9.mp4,ffpp_DeepFakeDetection_04_01__secret_conversation__6I623VU9,1,DeepFakeDetection
FaceForensics++_C23/DeepFakeDetection/04_01__walk_down_hall_angry__GBC7ZGDP.mp4,ffpp_DeepFakeDetection_04_01__walk_down_hall_angry__GBC7ZGDP,1,DeepFakeDetection
FaceForensics++_C23/DeepFakeDetection/04_01__walking_down_street_outside_angry__GBC7ZGDP.mp4,ffpp_DeepFakeDetection_04_01__walking_down_street_outside_angry__GBC7ZGDP,1,DeepFakeDetection
FaceForensics++_C23/DeepFakeDetection/04_06__kitchen_still__ZK95PQDE.mp4,ffpp_DeepFakeDetection_04_06__kitchen_still__ZK95PQDE,1,DeepFakeDetection
FaceForensics++_C23/DeepFakeDetection/04_07__exit_phone_room__ITC0C48B.mp4,ffpp_DeepFakeDetection_04_07__exit_phone_room__ITC0C48B,1,DeepFakeDetection
FaceForensics++_C23/DeepFakeDetection/04_07__kitchen_pan__XRK7FGZX.mp4,ffpp_DeepFakeDetection_04_07__kitchen_pan__XRK7FGZX,1,DeepFakeDetection
FaceForensics++_C23/DeepFakeDetection/04_07__outside_talking_still_laughing__QKCCFKBT.mp4,ffpp_DeepFakeDetection_04_07__outside_talking_still_laughing__QKCCFKBT,1,DeepFakeDetection
FaceForensics++_C23/DeepFakeDetection/04_07__outside_talking_still_laughing__XRK7FGZX.mp4,ffpp_DeepFakeDetection_04_07__outside_talking_still_laughing__XRK7FGZX,1,DeepFakeDetection
FaceForensics++_C23/DeepFakeDetection/04_12__walking_down_street_outside_angry__96TQKDFJ.mp4,ffpp_DeepFakeDetection_04_12__walking_down_street_outside_angry__96TQKDFJ,1,DeepFakeDetection
FaceForensics++_C23/DeepFakeDetection/04_13__podium_speech_happy__00T3UYOR.mp4,ffpp_DeepFakeDetection_04_13__podium_speech_happy__00T3UYOR,1,DeepFakeDetection
FaceForensics++_C23/DeepFakeDetection/04_13__secret_conversation__00T3UYOR.mp4,ffpp_DeepFakeDetection_04_13__secret_conversation__00T3UYOR,1,DeepFakeDetection
FaceForensics++_C23/DeepFakeDetection/04_13__walking_down_street_outside_angry__00T3UYOR.mp4,ffpp_DeepFakeDetection_04_13__walking_down_street_outside_angry__00T3UYOR,1,DeepFakeDetection
FaceForensics++_C23/DeepFakeDetection/04_13__walking_outside_cafe_disgusted__00T3UYOR.mp4,ffpp_DeepFakeDetection_04_13__walking_outside_cafe_disgusted__00T3UYOR,1,DeepFakeDetection
FaceForensics++_C23/DeepFakeDetection/04_18__kitchen_still__NAXINA1N.mp4,ffpp_DeepFakeDetection_04_18__kitchen_still__NAXINA1N,1,DeepFakeDetection
FaceForensics++_C23/DeepFakeDetection/04_21__outside_talking_still_laughing__5Y31RZP8.mp4,ffpp_DeepFakeDetection_04_21__outside_talking_still_laughing__5Y31RZP8,1,DeepFakeDetection
FaceForensics++_C23/DeepFakeDetection/04_21__talking_angry_couch__5Y31RZP8.mp4,ffpp_DeepFakeDetection_04_21__talking_angry_couch__5Y31RZP8,1,DeepFakeDetection
FaceForensics++_C23/DeepFakeDetection/04_21__walking_down_street_outside_angry__5Y31RZP8.mp4,ffpp_DeepFakeDetection_04_21__walking_down_street_outside_angry__5Y31RZP8,1,DeepFakeDetection
FaceForensics++_C23/DeepFakeDetection/04_26__kitchen_pan__MS2MLJP1.mp4,ffpp_DeepFakeDetection_04_26__kitchen_pan__MS2MLJP1,1,DeepFakeDetection
FaceForensics++_C23/DeepFakeDetection/04_26__outside_talking_pan_laughing__WX836VLY.mp4,ffpp_DeepFakeDetection_04_26__outside_talking_pan_laughing__WX836VLY,1,DeepFakeDetection
FaceForensics++_C23/DeepFakeDetection/04_26__outside_talking_still_laughing__WX836VLY.mp4,ffpp_DeepFakeDetection_04_26__outside_talking_still_laughing__WX836VLY,1,DeepFakeDetection
FaceForensics++_C23/DeepFakeDetection/04_26__walking_outside_cafe_disgusted__MS2MLJP1.mp4,ffpp_DeepFakeDetection_04_26__walking_outside_cafe_disgusted__MS2MLJP1,1,DeepFakeDetection
FaceForensics++_C23/DeepFakeDetection/04_27__walking_outside_cafe_disgusted__2CCI2ND1.mp4,ffpp_DeepFakeDetection_04_27__walking_outside_cafe_disgusted__2CCI2ND1,1,DeepFakeDetection
FaceForensics++_C23/DeepFakeDetection/05_08__exit_phone_room__YN1Q9TER.mp4,ffpp_DeepFakeDetection_05_08__exit_phone_room__YN1Q9TER,1,DeepFakeDetection
FaceForensics++_C23/DeepFakeDetection/05_08__talking_against_wall__PRBCE28Z.mp4,ffpp_DeepFakeDetection_05_08__talking_against_wall__PRBCE28Z,1,DeepFakeDetection
FaceForensics++_C23/DeepFakeDetection/05_16__exit_phone_room__B62WCGUN.mp4,ffpp_DeepFakeDetection_05_16__exit_phone_room__B62WCGUN,1,DeepFakeDetection
FaceForensics++_C23/DeepFakeDetection/05_16__kitchen_still__053HPS1G.mp4,ffpp_DeepFakeDetection_05_16__kitchen_still__053HPS1G,1,DeepFakeDetection
FaceForensics++_C23/DeepFakeDetection/05_16__kitchen_still__B62WCGUN.mp4,ffpp_DeepFakeDetection_05_16__kitchen_still__B62WCGUN,1,DeepFakeDetection
FaceForensics++_C23/DeepFakeDetection/05_16__walk_down_hall_angry__OSXCUOHX.mp4,ffpp_DeepFakeDetection_05_16__walk_down_hall_angry__OSXCUOHX,1,DeepFakeDetection
FaceForensics++_C23/DeepFakeDetection/05_16__walk_down_hall_angry__U9WZI5LK.mp4,ffpp_DeepFakeDetection_05_16__walk_down_hall_angry__U9WZI5LK,1,DeepFakeDetection
FaceForensics++_C23/DeepFakeDetection/05_16__walking_down_street_outside_angry__OSXCUOHX.mp4,ffpp_DeepFakeDetection_05_16__walking_down_street_outside_angry__OSXCUOHX,1,DeepFakeDetection
FaceForensics++_C23/DeepFakeDetection/05_17__hugging_happy__YTJYYDO9.mp4,ffpp_DeepFakeDetection_05_17__hugging_happy__YTJYYDO9,1,DeepFakeDetection
FaceForensics++_C23/DeepFakeDetection/05_17__walking_down_street_outside_angry__M3H96PDQ.mp4,ffpp_DeepFakeDetection_05_17__walking_down_street_outside_angry__M3H96PDQ,1,DeepFakeDetection
FaceForensics++_C23/DeepFakeDetection/05_17__walking_outside_cafe_disgusted__C4VHXZFY.mp4,ffpp_DeepFakeDetection_05_17__walking_outside_cafe_disgusted__C4VHXZFY,1,DeepFakeDetection
FaceForensics++_C23/DeepFakeDetection/05_28__exit_phone_room__U9LRLJ6N.mp4,ffpp_DeepFakeDetection_05_28__exit_phone_room__U9LRLJ6N,1,DeepFakeDetection
FaceForensics++_C23/DeepFakeDetection/05_28__hugging_happy__VR9127O1.mp4,ffpp_DeepFakeDetection_05_28__hugging_happy__VR9127O1,1,DeepFakeDetection
FaceForensics++_C23/DeepFakeDetection/05_28__kitchen_still__W3J028UG.mp4,ffpp_DeepFakeDetection_05_28__kitchen_still__W3J028UG,1,DeepFakeDetection
FaceForensics++_C23/DeepFakeDetection/05_28__walking_outside_cafe_disgusted__2DK5X0Y0.mp4,ffpp_DeepFakeDetection_05_28__walking_outside_cafe_disgusted__2DK5X0Y0,1,DeepFakeDetection
FaceForensics++_C23/DeepFakeDetection/06_02__podium_speech_happy__N8OSN8P6.mp4,ffpp_DeepFakeDetection_06_02__podium_speech_happy__N8OSN8P6,1,DeepFakeDetection
FaceForensics++_C23/DeepFakeDetection/06_02__walk_down_hall_angry__37DH75GQ.mp4,ffpp_DeepFakeDetection_06_02__walk_down_hall_angry__37DH75GQ,1,DeepFakeDetection
FaceForensics++_C23/DeepFakeDetection/06_02__walking_down_indoor_hall_disgust__GH8TGTBS.mp4,ffpp_DeepFakeDetection_06_02__walking_down_indoor_hall_disgust__GH8TGTBS,1,DeepFakeDetection
FaceForensics++_C23/DeepFakeDetection/06_03__talking_against_wall__4I8LRXWF.mp4,ffpp_DeepFakeDetection_06_03__talking_against_wall__4I8LRXWF,1,DeepFakeDetection
FaceForensics++_C23/DeepFakeDetection/06_04__outside_talking_still_laughing__ZK95PQDE.mp4,ffpp_DeepFakeDetection_06_04__outside_talking_still_laughing__ZK95PQDE,1,DeepFakeDetection
FaceForensics++_C23/DeepFakeDetection/06_04__walking_outside_cafe_disgusted__ZK95PQDE.mp4,ffpp_DeepFakeDetection_06_04__walking_outside_cafe_disgusted__ZK95PQDE,1,DeepFakeDetection
FaceForensics++_C23/DeepFakeDetection/06_07__exit_phone_room__NMGYPBXE.mp4,ffpp_DeepFakeDetection_06_07__exit_phone_room__NMGYPBXE,1,DeepFakeDetection
FaceForensics++_C23/DeepFakeDetection/06_07__kitchen_pan__NMGYPBXE.mp4,ffpp_DeepFakeDetection_06_07__kitchen_pan__NMGYPBXE,1,DeepFakeDetection
FaceForensics++_C23/DeepFakeDetection/06_07__outside_talking_pan_laughing__NMGYPBXE.mp4,ffpp_DeepFakeDetection_06_07__outside_talking_pan_laughing__NMGYPBXE,1,DeepFakeDetection
FaceForensics++_C23/DeepFakeDetection/06_07__talking_against_wall__NMGYPBXE.mp4,ffpp_DeepFakeDetection_06_07__talking_against_wall__NMGYPBXE,1,DeepFakeDetection
FaceForensics++_C23/DeepFakeDetection/06_07__walking_down_street_outside_angry__NMGYPBXE.mp4,ffpp_DeepFakeDetection_06_07__walking_down_street_outside_angry__NMGYPBXE,1,DeepFakeDetection
FaceForensics++_C23/DeepFakeDetection/06_07__walking_outside_cafe_disgusted__NMGYPBXE.mp4,ffpp_DeepFakeDetection_06_07__walking_outside_cafe_disgusted__NMGYPBXE,1,DeepFakeDetection
FaceForensics++_C23/DeepFakeDetection/06_11__kitchen_still__C8C4FW99.mp4,ffpp_DeepFakeDetection_06_11__kitchen_still__C8C4FW99,1,DeepFakeDetection
FaceForensics++_C23/DeepFakeDetection/06_11__walking_and_outside_surprised__C8C4FW99.mp4,ffpp_DeepFakeDetection_06_11__walking_and_outside_surprised__C8C4FW99,1,DeepFakeDetection
FaceForensics++_C23/DeepFakeDetection/06_11__walking_outside_cafe_disgusted__MX659QU8.mp4,ffpp_DeepFakeDetection_06_11__walking_outside_cafe_disgusted__MX659QU8,1,DeepFakeDetection
FaceForensics++_C23/DeepFakeDetection/06_12__outside_talking_pan_laughing__3K21NFNM.mp4,ffpp_DeepFakeDetection_06_12__outside_talking_pan_laughing__3K21NFNM,1,DeepFakeDetection
FaceForensics++_C23/DeepFakeDetection/06_12__outside_talking_still_laughing__3K21NFNM.mp4,ffpp_DeepFakeDetection_06_12__outside_talking_still_laughing__3K21NFNM,1,DeepFakeDetection
FaceForensics++_C23/DeepFakeDetection/06_12__podium_speech_happy__0VR4Y891.mp4,ffpp_DeepFakeDetection_06_12__podium_speech_happy__0VR4Y891,1,DeepFakeDetection
FaceForensics++_C23/DeepFakeDetection/06_12__podium_speech_happy__3K21NFNM.mp4,ffpp_DeepFakeDetection_06_12__podium_speech_happy__3K21NFNM,1,DeepFakeDetection
FaceForensics++_C23/DeepFakeDetection/06_12__walking_and_outside_surprised__3K21NFNM.mp4,ffpp_DeepFakeDetection_06_12__walking_and_outside_surprised__3K21NFNM,1,DeepFakeDetection
FaceForensics++_C23/DeepFakeDetection/06_14__outside_talking_pan_laughing__8U9ULZDT.mp4,ffpp_DeepFakeDetection_06_14__outside_talking_pan_laughing__8U9ULZDT,1,DeepFakeDetection
FaceForensics++_C23/DeepFakeDetection/06_14__walking_and_outside_surprised__8U9ULZDT.mp4,ffpp_DeepFakeDetection_06_14__walking_and_outside_surprised__8U9ULZDT,1,DeepFakeDetection
FaceForensics++_C23/DeepFakeDetection/06_14__walking_down_indoor_hall_disgust__8U9ULZDT.mp4,ffpp_DeepFakeDetection_06_14__walking_down_indoor_hall_disgust__8U9ULZDT,1,DeepFakeDetection
FaceForensics++_C23/DeepFakeDetection/06_15__exit_phone_room__QRCD27P8.mp4,ffpp_DeepFakeDetection_06_15__exit_phone_room__QRCD27P8,1,DeepFakeDetection
FaceForensics++_C23/DeepFakeDetection/06_15__kitchen_pan__E98QYYXO.mp4,ffpp_DeepFakeDetection_06_15__kitchen_pan__E98QYYXO,1,DeepFakeDetection
FaceForensics++_C23/DeepFakeDetection/06_15__kitchen_still__QRCD27P8.mp4,ffpp_DeepFakeDetection_06_15__kitchen_still__QRCD27P8,1,DeepFakeDetection
FaceForensics++_C23/DeepFakeDetection/06_15__outside_talking_still_laughing__E98QYYXO.mp4,ffpp_DeepFakeDetection_06_15__outside_talking_still_laughing__E98QYYXO,1,DeepFakeDetection
FaceForensics++_C23/DeepFakeDetection/06_15__outside_talking_still_laughing__QRCD27P8.mp4,ffpp_DeepFakeDetection_06_15__outside_talking_still_laughing__QRCD27P8,1,DeepFakeDetection
FaceForensics++_C23/DeepFakeDetection/06_15__walking_and_outside_surprised__QRCD27P8.mp4,ffpp_DeepFakeDetection_06_15__walking_and_outside_surprised__QRCD27P8,1,DeepFakeDetection
FaceForensics++_C23/DeepFakeDetection/06_15__walking_down_indoor_hall_disgust__QRCD27P8.mp4,ffpp_DeepFakeDetection_06_15__walking_down_indoor_hall_disgust__QRCD27P8,1,DeepFakeDetection
FaceForensics++_C23/DeepFakeDetection/06_18__kitchen_still__XJ76YU5A.mp4,ffpp_DeepFakeDetection_06_18__kitchen_still__XJ76YU5A,1,DeepFakeDetection
FaceForensics++_C23/DeepFakeDetection/06_18__outside_talking_pan_laughing__DEA1TCLN.mp4,ffpp_DeepFakeDetection_06_18__outside_talking_pan_laughing__DEA1TCLN,1,DeepFakeDetection
FaceForensics++_C23/DeepFakeDetection/06_18__outside_talking_still_laughing__M36D0OJT.mp4,ffpp_DeepFakeDetection_06_18__outside_talking_still_laughing__M36D0OJT,1,DeepFakeDetection
FaceForensics++_C23/DeepFakeDetection/06_18__podium_speech_happy__5HNHMK6G.mp4,ffpp_DeepFakeDetection_06_18__podium_speech_happy__5HNHMK6G,1,DeepFakeDetection
FaceForensics++_C23/DeepFakeDetection/06_18__podium_speech_happy__DEA1TCLN.mp4,ffpp_DeepFakeDetection_06_18__podium_speech_happy__DEA1TCLN,1,DeepFakeDetection
FaceForensics++_C23/DeepFakeDetection/06_18__talking_angry_couch__DEA1TCLN.mp4,ffpp_DeepFakeDetection_06_18__talking_angry_couch__DEA1TCLN,1,DeepFakeDetection
FaceForensics++_C23/DeepFakeDetection/06_18__walk_down_hall_angry__LH0KWJKM.mp4,ffpp_DeepFakeDetection_06_18__walk_down_hall_angry__LH0KWJKM,1,DeepFakeDetection
FaceForensics++_C23/DeepFakeDetection/06_18__walking_down_indoor_hall_disgust__DEA1TCLN.mp4,ffpp_DeepFakeDetection_06_18__walking_down_indoor_hall_disgust__DEA1TCLN,1,DeepFakeDetection
FaceForensics++_C23/DeepFakeDetection/06_18__walking_down_street_outside_angry__MVXBDKGB.mp4,ffpp_DeepFakeDetection_06_18__walking_down_street_outside_angry__MVXBDKGB,1,DeepFakeDetection
FaceForensics++_C23/DeepFakeDetection/06_20__kitchen_pan__6SUW7063.mp4,ffpp_DeepFakeDetection_06_20__kitchen_pan__6SUW7063,1,DeepFakeDetection
FaceForensics++_C23/DeepFakeDetection/06_25__outside_talking_pan_laughing__MI9BDQ7M.mp4,ffpp_DeepFakeDetection_06_25__outside_talking_pan_laughing__MI9BDQ7M,1,DeepFakeDetection
FaceForensics++_C23/DeepFakeDetection/06_25__talking_angry_couch__MI9BDQ7M.mp4,ffpp_DeepFakeDetection_06_25__talking_angry_couch__MI9BDQ7M,1,DeepFakeDetection
FaceForensics++_C23/DeepFakeDetection/06_25__walking_and_outside_surprised__MI9BDQ7M.mp4,ffpp_DeepFakeDetection_06_25__walking_and_outside_surprised__MI9BDQ7M,1,DeepFakeDetection
FaceForensics++_C23/DeepFakeDetection/06_26__kitchen_pan__L5BVR5L9.mp4,ffpp_DeepFakeDetection_06_26__kitchen_pan__L5BVR5L9,1,DeepFakeDetection
FaceForensics++_C23/DeepFakeDetection/06_26__kitchen_still__L5BVR5L9.mp4,ffpp_DeepFakeDetection_06_26__kitchen_still__L5BVR5L9,1,DeepFakeDetection
FaceForensics++_C23/DeepFakeDetection/06_26__talking_against_wall__L5BVR5L9.mp4,ffpp_DeepFakeDetection_06_26__talking_against_wall__L5BVR5L9,1,DeepFakeDetection
FaceForensics++_C23/DeepFakeDetection/06_26__talking_angry_couch__L5BVR5L9.mp4,ffpp_DeepFakeDetection_06_26__talking_angry_couch__L5BVR5L9,1,DeepFakeDetection
FaceForensics++_C23/DeepFakeDetection/06_27__outside_talking_still_laughing__SZWVBWY4.mp4,ffpp_DeepFakeDetection_06_27__outside_talking_still_laughing__SZWVBWY4,1,DeepFakeDetection
FaceForensics++_C23/DeepFakeDetection/06_27__talking_angry_couch__JOG5PB18.mp4,ffpp_DeepFakeDetection_06_27__talking_angry_couch__JOG5PB18,1,DeepFakeDetection
FaceForensics++_C23/DeepFakeDetection/06_27__walking_and_outside_surprised__O7L5Z9U8.mp4,ffpp_DeepFakeDetection_06_27__walking_and_outside_surprised__O7L5Z9U8,1,DeepFakeDetection
FaceForensics++_C23/DeepFakeDetection/06_27__walking_and_outside_surprised__SZWVBWY4.mp4,ffpp_DeepFakeDetection_06_27__walking_and_outside_surprised__SZWVBWY4,1,DeepFakeDetection
FaceForensics++_C23/DeepFakeDetection/06_27__walking_outside_cafe_disgusted__VN14WY2N.mp4,ffpp_DeepFakeDetection_06_27__walking_outside_cafe_disgusted__VN14WY2N,1,DeepFakeDetection
FaceForensics++_C23/DeepFakeDetection/07_02__exit_phone_room__1KPVZAAP.mp4,ffpp_DeepFakeDetection_07_02__exit_phone_room__1KPVZAAP,1,DeepFakeDetection
FaceForensics++_C23/DeepFakeDetection/07_02__hugging_happy__O4SXNLRL.mp4,ffpp_DeepFakeDetection_07_02__hugging_happy__O4SXNLRL,1,DeepFakeDetection
FaceForensics++_C23/DeepFakeDetection/07_02__kitchen_pan__O4SXNLRL.mp4,ffpp_DeepFakeDetection_07_02__kitchen_pan__O4SXNLRL,1,DeepFakeDetection
FaceForensics++_C23/DeepFakeDetection/07_02__talking_against_wall__34PVT42V.mp4,ffpp_DeepFakeDetection_07_02__talking_against_wall__34PVT42V,1,DeepFakeDetection
FaceForensics++_C23/DeepFakeDetection/07_02__talking_angry_couch__1H07DFQJ.mp4,ffpp_DeepFakeDetection_07_02__talking_angry_couch__1H07DFQJ,1,DeepFakeDetection
FaceForensics++_C23/DeepFakeDetection/07_02__walk_down_hall_angry__O4SXNLRL.mp4,ffpp_DeepFakeDetection_07_02__walk_down_hall_angry__O4SXNLRL,1,DeepFakeDetection
FaceForensics++_C23/DeepFakeDetection/07_02__walking_down_street_outside_angry__O4SXNLRL.mp4,ffpp_DeepFakeDetection_07_02__walking_down_street_outside_angry__O4SXNLRL,1,DeepFakeDetection
FaceForensics++_C23/DeepFakeDetection/07_03__hugging_happy__7NGMD8FT.mp4,ffpp_DeepFakeDetection_07_03__hugging_happy__7NGMD8FT,1,DeepFakeDetection
FaceForensics++_C23/DeepFakeDetection/07_03__hugging_happy__WPT3Z2KN.mp4,ffpp_DeepFakeDetection_07_03__hugging_happy__WPT3Z2KN,1,DeepFakeDetection
FaceForensics++_C23/DeepFakeDetection/07_03__kitchen_pan__WPT3Z2KN.mp4,ffpp_DeepFakeDetection_07_03__kitchen_pan__WPT3Z2KN,1,DeepFakeDetection
FaceForensics++_C23/DeepFakeDetection/07_03__outside_talking_pan_laughing__6PHZRQ4H.mp4,ffpp_DeepFakeDetection_07_03__outside_talking_pan_laughing__6PHZRQ4H,1,DeepFakeDetection
FaceForensics++_C23/DeepFakeDetection/07_03__outside_talking_pan_laughing__IFSURI9X.mp4,ffpp_DeepFakeDetection_07_03__outside_talking_pan_laughing__IFSURI9X,1,DeepFakeDetection
FaceForensics++_C23/DeepFakeDetection/07_03__outside_talking_still_laughing__IFSURI9X.mp4,ffpp_DeepFakeDetection_07_03__outside_talking_still_laughing__IFSURI9X,1,DeepFakeDetection
FaceForensics++_C23/DeepFakeDetection/07_03__podium_speech_happy__6PHZRQ4H.mp4,ffpp_DeepFakeDetection_07_03__podium_speech_happy__6PHZRQ4H,1,DeepFakeDetection
FaceForensics++_C23/DeepFakeDetection/07_03__secret_conversation__IFSURI9X.mp4,ffpp_DeepFakeDetection_07_03__secret_conversation__IFSURI9X,1,DeepFakeDetection
FaceForensics++_C23/DeepFakeDetection/07_03__talking_against_wall__IFSURI9X.mp4,ffpp_DeepFakeDetection_07_03__talking_against_wall__IFSURI9X,1,DeepFakeDetection
FaceForensics++_C23/DeepFakeDetection/07_03__talking_angry_couch__WPT3Z2KN.mp4,ffpp_DeepFakeDetection_07_03__talking_angry_couch__WPT3Z2KN,1,DeepFakeDetection
FaceForensics++_C23/DeepFakeDetection/07_03__walk_down_hall_angry__W3MXGEU9.mp4,ffpp_DeepFakeDetection_07_03__walk_down_hall_angry__W3MXGEU9,1,DeepFakeDetection
FaceForensics++_C23/DeepFakeDetection/07_03__walking_outside_cafe_disgusted__F0YYEA5W.mp4,ffpp_DeepFakeDetection_07_03__walking_outside_cafe_disgusted__F0YYEA5W,1,DeepFakeDetection
FaceForensics++_C23/DeepFakeDetection/07_04__exit_phone_room__QKCCFKBT.mp4,ffpp_DeepFakeDetection_07_04__exit_phone_room__QKCCFKBT,1,DeepFakeDetection
FaceForensics++_C23/DeepFakeDetection/07_04__kitchen_pan__XRK7FGZX.mp4,ffpp_DeepFakeDetection_07_04__kitchen_pan__XRK7FGZX,1,DeepFakeDetection
FaceForensics++_C23/DeepFakeDetection/07_04__kitchen_still__M2NBCLFR.mp4,ffpp_DeepFakeDetection_07_04__kitchen_still__M2NBCLFR,1,DeepFakeDetection
FaceForensics++_C23/DeepFakeDetection/07_04__outside_talking_still_laughing__XRK7FGZX.mp4,ffpp_DeepFakeDetection_07_04__outside_talking_still_laughing__XRK7FGZX,1,DeepFakeDetection
FaceForensics++_C23/DeepFakeDetection/07_06__kitchen_pan__NMGYPBXE.mp4,ffpp_DeepFakeDetection_07_06__kitchen_pan__NMGYPBXE,1,DeepFakeDetection
FaceForensics++_C23/DeepFakeDetection/07_06__outside_talking_still_laughing__NMGYPBXE.mp4,ffpp_DeepFakeDetection_07_06__outside_talking_still_laughing__NMGYPBXE,1,DeepFakeDetection
FaceForensics++_C23/DeepFakeDetection/07_06__walking_down_street_outside_angry__NMGYPBXE.mp4,ffpp_DeepFakeDetection_07_06__walking_down_street_outside_angry__NMGYPBXE,1,DeepFakeDetection
FaceForensics++_C23/DeepFakeDetection/07_09__outside_talking_still_laughing__N9CWME71.mp4,ffpp_DeepFakeDetection_07_09__outside_talking_still_laughing__N9CWME71,1,DeepFakeDetection
FaceForensics++_C23/DeepFakeDetection/07_09__secret_conversation__N9CWME71.mp4,ffpp_DeepFakeDetection_07_09__secret_conversation__N9CWME71,1,DeepFakeDetection
FaceForensics++_C23/DeepFakeDetection/07_09__walk_down_hall_angry__N9CWME71.mp4,ffpp_DeepFakeDetection_07_09__walk_down_hall_angry__N9CWME71,1,DeepFakeDetection
FaceForensics++_C23/DeepFakeDetection/07_12__outside_talking_pan_laughing__0VN0A2T3.mp4,ffpp_DeepFakeDetection_07_12__outside_talking_pan_laughing__0VN0A2T3,1,DeepFakeDetection
FaceForensics++_C23/DeepFakeDetection/07_12__outside_talking_still_laughing__0VN0A2T3.mp4,ffpp_DeepFakeDetection_07_12__outside_talking_still_laughing__0VN0A2T3,1,DeepFakeDetection
FaceForensics++_C23/DeepFakeDetection/07_12__talking_against_wall__0VN0A2T3.mp4,ffpp_DeepFakeDetection_07_12__talking_against_wall__0VN0A2T3,1,DeepFakeDetection
FaceForensics++_C23/DeepFakeDetection/07_13__walking_outside_cafe_disgusted__RVQCPCJF.mp4,ffpp_DeepFakeDetection_07_13__walking_outside_cafe_disgusted__RVQCPCJF,1,DeepFakeDetection
FaceForensics++_C23/DeepFakeDetection/07_14__exit_phone_room__P9QFO50U.mp4,ffpp_DeepFakeDetection_07_14__exit_phone_room__P9QFO50U,1,DeepFakeDetection
FaceForensics++_C23/DeepFakeDetection/07_14__outside_talking_pan_laughing__P9QFO50U.mp4,ffpp_DeepFakeDetection_07_14__outside_talking_pan_laughing__P9QFO50U,1,DeepFakeDetection
FaceForensics++_C23/DeepFakeDetection/07_14__podium_speech_happy__VOX29AK0.mp4,ffpp_DeepFakeDetection_07_14__podium_speech_happy__VOX29AK0,1,DeepFakeDetection
FaceForensics++_C23/DeepFakeDetection/07_14__talking_against_wall__P9QFO50U.mp4,ffpp_DeepFakeDetection_07_14__talking_against_wall__P9QFO50U,1,DeepFakeDetection
FaceForensics++_C23/DeepFakeDetection/07_14__walking_down_street_outside_angry__VOX29AK0.mp4,ffpp_DeepFakeDetection_07_14__walking_down_street_outside_angry__VOX29AK0,1,DeepFakeDetection
FaceForensics++_C23/DeepFakeDetection/07_15__hugging_happy__9Z2MLKVX.mp4,ffpp_DeepFakeDetection_07_15__hugging_happy__9Z2MLKVX,1,DeepFakeDetection
FaceForensics++_C23/DeepFakeDetection/07_15__outside_talking_still_laughing__KM6M2TBT.mp4,ffpp_DeepFakeDetection_07_15__outside_talking_still_laughing__KM6M2TBT,1,DeepFakeDetection
FaceForensics++_C23/DeepFakeDetection/07_15__walking_down_street_outside_angry__NYPO7U50.mp4,ffpp_DeepFakeDetection_07_15__walking_down_street_outside_angry__NYPO7U50,1,DeepFakeDetection
FaceForensics++_C23/DeepFakeDetection/07_20__outside_talking_pan_laughing__KV6Q7D6C.mp4,ffpp_DeepFakeDetection_07_20__outside_talking_pan_laughing__KV6Q7D6C,1,DeepFakeDetection
FaceForensics++_C23/DeepFakeDetection/07_20__talking_against_wall__KV6Q7D6C.mp4,ffpp_DeepFakeDetection_07_20__talking_against_wall__KV6Q7D6C,1,DeepFakeDetection
FaceForensics++_C23/DeepFakeDetection/07_21__exit_phone_room__K7KXUHMU.mp4,ffpp_DeepFakeDetection_07_21__exit_phone_room__K7KXUHMU,1,DeepFakeDetection
FaceForensics++_C23/DeepFakeDetection/07_21__outside_talking_still_laughing__K7KXUHMU.mp4,ffpp_DeepFakeDetection_07_21__outside_talking_still_laughing__K7KXUHMU,1,DeepFakeDetection
FaceForensics++_C23/DeepFakeDetection/07_21__secret_conversation__CRGVSDBI.mp4,ffpp_DeepFakeDetection_07_21__secret_conversation__CRGVSDBI,1,DeepFakeDetection
FaceForensics++_C23/DeepFakeDetection/07_21__talking_against_wall__MKU99DVX.mp4,ffpp_DeepFakeDetection_07_21__talking_against_wall__MKU99DVX,1,DeepFakeDetection
FaceForensics++_C23/DeepFakeDetection/07_21__walking_down_street_outside_angry__K7KXUHMU.mp4,ffpp_DeepFakeDetection_07_21__walking_down_street_outside_angry__K7KXUHMU,1,DeepFakeDetection
FaceForensics++_C23/DeepFakeDetection/07_25__exit_phone_room__IKMKYKPG.mp4,ffpp_DeepFakeDetection_07_25__exit_phone_room__IKMKYKPG,1,DeepFakeDetection
FaceForensics++_C23/DeepFakeDetection/07_25__walk_down_hall_angry__PAE9HCA8.mp4,ffpp_DeepFakeDetection_07_25__walk_down_hall_angry__PAE9HCA8,1,DeepFakeDetection
FaceForensics++_C23/DeepFakeDetection/07_25__walking_down_street_outside_angry__IKMKYKPG.mp4,ffpp_DeepFakeDetection_07_25__walking_down_street_outside_angry__IKMKYKPG,1,DeepFakeDetection
FaceForensics++_C23/DeepFakeDetection/07_26__walk_down_hall_angry__FGNGC2GT.mp4,ffpp_DeepFakeDetection_07_26__walk_down_hall_angry__FGNGC2GT,1,DeepFakeDetection
FaceForensics++_C23/DeepFakeDetection/07_26__walking_down_street_outside_angry__FGNGC2GT.mp4,ffpp_DeepFakeDetection_07_26__walking_down_street_outside_angry__FGNGC2GT,1,DeepFakeDetection
FaceForensics++_C23/DeepFakeDetection/07_27__walking_down_street_outside_angry__3RH5PR6S.mp4,ffpp_DeepFakeDetection_07_27__walking_down_street_outside_angry__3RH5PR6S,1,DeepFakeDetection
FaceForensics++_C23/DeepFakeDetection/08_05__kitchen_still__LVIZ2X8P.mp4,ffpp_DeepFakeDetection_08_05__kitchen_still__LVIZ2X8P,1,DeepFakeDetection
FaceForensics++_C23/DeepFakeDetection/08_05__walk_down_hall_angry__FBICSP2C.mp4,ffpp_DeepFakeDetection_08_05__walk_down_hall_angry__FBICSP2C,1,DeepFakeDetection
FaceForensics++_C23/DeepFakeDetection/08_05__walk_down_hall_angry__PRBCE28Z.mp4,ffpp_DeepFakeDetection_08_05__walk_down_hall_angry__PRBCE28Z,1,DeepFakeDetection
FaceForensics++_C23/DeepFakeDetection/08_16__podium_speech_happy__8Q7JCS95.mp4,ffpp_DeepFakeDetection_08_16__podium_speech_happy__8Q7JCS95,1,DeepFakeDetection
FaceForensics++_C23/DeepFakeDetection/08_16__talking_against_wall__8Q7JCS95.mp4,ffpp_DeepFakeDetection_08_16__talking_against_wall__8Q7JCS95,1,DeepFakeDetection
FaceForensics++_C23/DeepFakeDetection/08_17__kitchen_pan__JZYRLJ8T.mp4,ffpp_DeepFakeDetection_08_17__kitchen_pan__JZYRLJ8T,1,DeepFakeDetection
FaceForensics++_C23/DeepFakeDetection/08_17__kitchen_still__ZCEYWYTC.mp4,ffpp_DeepFakeDetection_08_17__kitchen_still__ZCEYWYTC,1,DeepFakeDetection
FaceForensics++_C23/DeepFakeDetection/08_17__walk_down_hall_angry__QOX5NWIJ.mp4,ffpp_DeepFakeDetection_08_17__walk_down_hall_angry__QOX5NWIJ,1,DeepFakeDetection
FaceForensics++_C23/DeepFakeDetection/08_28__kitchen_pan__LVT0XNQG.mp4,ffpp_DeepFakeDetection_08_28__kitchen_pan__LVT0XNQG,1,DeepFakeDetection
FaceForensics++_C23/DeepFakeDetection/08_28__outside_talking_pan_laughing__8BC35RFU.mp4,ffpp_DeepFakeDetection_08_28__outside_talking_pan_laughing__8BC35RFU,1,DeepFakeDetection
FaceForensics++_C23/DeepFakeDetection/08_28__outside_talking_still_laughing__8BC35RFU.mp4,ffpp_DeepFakeDetection_08_28__outside_talking_still_laughing__8BC35RFU,1,DeepFakeDetection
FaceForensics++_C23/DeepFakeDetection/09_01__talking_against_wall__O8HNNX43.mp4,ffpp_DeepFakeDetection_09_01__talking_against_wall__O8HNNX43,1,DeepFakeDetection
FaceForensics++_C23/DeepFakeDetection/09_01__walk_down_hall_angry__6TSGVLHA.mp4,ffpp_DeepFakeDetection_09_01__walk_down_hall_angry__6TSGVLHA,1,DeepFakeDetection
FaceForensics++_C23/DeepFakeDetection/09_02__exit_phone_room__6KUOFMZW.mp4,ffpp_DeepFakeDetection_09_02__exit_phone_room__6KUOFMZW,1,DeepFakeDetection
FaceForensics++_C23/DeepFakeDetection/09_02__walk_down_hall_angry__6KUOFMZW.mp4,ffpp_DeepFakeDetection_09_02__walk_down_hall_angry__6KUOFMZW,1,DeepFakeDetection
FaceForensics++_C23/DeepFakeDetection/09_02__walking_down_street_outside_angry__6KUOFMZW.mp4,ffpp_DeepFakeDetection_09_02__walking_down_street_outside_angry__6KUOFMZW,1,DeepFakeDetection
FaceForensics++_C23/DeepFakeDetection/09_02__walking_down_street_outside_angry__9TDCEK1Q.mp4,ffpp_DeepFakeDetection_09_02__walking_down_street_outside_angry__9TDCEK1Q,1,DeepFakeDetection
FaceForensics++_C23/DeepFakeDetection/09_03__kitchen_pan__8DTEGQ54.mp4,ffpp_DeepFakeDetection_09_03__kitchen_pan__8DTEGQ54,1,DeepFakeDetection
FaceForensics++_C23/DeepFakeDetection/09_03__talking_against_wall__8DTEGQ54.mp4,ffpp_DeepFakeDetection_09_03__talking_against_wall__8DTEGQ54,1,DeepFakeDetection
FaceForensics++_C23/DeepFakeDetection/09_03__talking_angry_couch__RCETIXYL.mp4,ffpp_DeepFakeDetection_09_03__talking_angry_couch__RCETIXYL,1,DeepFakeDetection
FaceForensics++_C23/DeepFakeDetection/09_07__kitchen_pan__N9CWME71.mp4,ffpp_DeepFakeDetection_09_07__kitchen_pan__N9CWME71,1,DeepFakeDetection
FaceForensics++_C23/DeepFakeDetection/09_11__talking_against_wall__INNOT5UE.mp4,ffpp_DeepFakeDetection_09_11__talking_against_wall__INNOT5UE,1,DeepFakeDetection
FaceForensics++_C23/DeepFakeDetection/09_13__exit_phone_room__YP7MGDQ6.mp4,ffpp_DeepFakeDetection_09_13__exit_phone_room__YP7MGDQ6,1,DeepFakeDetection
FaceForensics++_C23/DeepFakeDetection/09_13__kitchen_pan__21H6XSPE.mp4,ffpp_DeepFakeDetection_09_13__kitchen_pan__21H6XSPE,1,DeepFakeDetection
FaceForensics++_C23/DeepFakeDetection/09_13__outside_talking_pan_laughing__6K90KFOQ.mp4,ffpp_DeepFakeDetection_09_13__outside_talking_pan_laughing__6K90KFOQ,1,DeepFakeDetection
FaceForensics++_C23/DeepFakeDetection/09_13__outside_talking_pan_laughing__LPT427RY.mp4,ffpp_DeepFakeDetection_09_13__outside_talking_pan_laughing__LPT427RY,1,DeepFakeDetection
FaceForensics++_C23/DeepFakeDetection/09_13__outside_talking_still_laughing__NDMHWBT1.mp4,ffpp_DeepFakeDetection_09_13__outside_talking_still_laughing__NDMHWBT1,1,DeepFakeDetection
FaceForensics++_C23/DeepFakeDetection/09_13__walk_down_hall_angry__BVZGDFD8.mp4,ffpp_DeepFakeDetection_09_13__walk_down_hall_angry__BVZGDFD8,1,DeepFakeDetection
FaceForensics++_C23/DeepFakeDetection/09_13__walking_down_street_outside_angry__NDMHWBT1.mp4,ffpp_DeepFakeDetection_09_13__walking_down_street_outside_angry__NDMHWBT1,1,DeepFakeDetection
FaceForensics++_C23/DeepFakeDetection/09_14__outside_talking_still_laughing__FRY0IZ4R.mp4,ffpp_DeepFakeDetection_09_14__outside_talking_still_laughing__FRY0IZ4R,1,DeepFakeDetection
FaceForensics++_C23/DeepFakeDetection/09_14__talking_angry_couch__6TEK3ZX0.mp4,ffpp_DeepFakeDetection_09_14__talking_angry_couch__6TEK3ZX0,1,DeepFakeDetection
FaceForensics++_C23/DeepFakeDetection/09_18__outside_talking_pan_laughing__3VP8836C.mp4,ffpp_DeepFakeDetection_09_18__outside_talking_pan_laughing__3VP8836C,1,DeepFakeDetection
FaceForensics++_C23/DeepFakeDetection/09_18__walking_down_street_outside_angry__3VP8836C.mp4,ffpp_DeepFakeDetection_09_18__walking_down_street_outside_angry__3VP8836C,1,DeepFakeDetection
FaceForensics++_C23/DeepFakeDetection/09_20__kitchen_pan__98NUQ3E6.mp4,ffpp_DeepFakeDetection_09_20__kitchen_pan__98NUQ3E6,1,DeepFakeDetection
FaceForensics++_C23/DeepFakeDetection/09_20__outside_talking_still_laughing__MKEWB4SM.mp4,ffpp_DeepFakeDetection_09_20__outside_talking_still_laughing__MKEWB4SM,1,DeepFakeDetection
FaceForensics++_C23/DeepFakeDetection/09_20__podium_speech_happy__O5X0AWR9.mp4,ffpp_DeepFakeDetection_09_20__podium_speech_happy__O5X0AWR9,1,DeepFakeDetection
FaceForensics++_C23/DeepFakeDetection/09_20__podium_speech_happy__RAGUKRMK.mp4,ffpp_DeepFakeDetection_09_20__podium_speech_happy__RAGUKRMK,1,DeepFakeDetection
FaceForensics++_C23/DeepFakeDetection/09_20__talking_angry_couch__0IRM5ADD.mp4,ffpp_DeepFakeDetection_09_20__talking_angry_couch__0IRM5ADD,1,DeepFakeDetection
FaceForensics++_C23/DeepFakeDetection/09_20__talking_angry_couch__98NUQ3E6.mp4,ffpp_DeepFakeDetection_09_20__talking_angry_couch__98NUQ3E6,1,DeepFakeDetection
FaceForensics++_C23/DeepFakeDetection/09_20__walk_down_hall_angry__MKEWB4SM.mp4,ffpp_DeepFakeDetection_09_20__walk_down_hall_angry__MKEWB4SM,1,DeepFakeDetection
FaceForensics++_C23/DeepFakeDetection/09_25__talking_angry_couch__5041ODBN.mp4,ffpp_DeepFakeDetection_09_25__talking_angry_couch__5041ODBN,1,DeepFakeDetection
FaceForensics++_C23/DeepFakeDetection/09_25__walking_down_street_outside_angry__5041ODBN.mp4,ffpp_DeepFakeDetection_09_25__walking_down_street_outside_angry__5041ODBN,1,DeepFakeDetection
FaceForensics++_C23/DeepFakeDetection/09_26__exit_phone_room__XXGYLT82.mp4,ffpp_DeepFakeDetection_09_26__exit_phone_room__XXGYLT82,1,DeepFakeDetection
FaceForensics++_C23/DeepFakeDetection/09_26__talking_against_wall__C3K20JOL.mp4,ffpp_DeepFakeDetection_09_26__talking_against_wall__C3K20JOL,1,DeepFakeDetection
FaceForensics++_C23/DeepFakeDetection/09_26__walk_down_hall_angry__QSE5A0GF.mp4,ffpp_DeepFakeDetection_09_26__walk_down_hall_angry__QSE5A0GF,1,DeepFakeDetection
FaceForensics++_C23/DeepFakeDetection/09_27__walking_down_street_outside_angry__RC9KATOO.mp4,ffpp_DeepFakeDetection_09_27__walking_down_street_outside_angry__RC9KATOO,1,DeepFakeDetection
FaceForensics++_C23/DeepFakeDetection/10_19__kitchen_still__IDX76N5R.mp4,ffpp_DeepFakeDetection_10_19__kitchen_still__IDX76N5R,1,DeepFakeDetection
FaceForensics++_C23/DeepFakeDetection/10_19__outside_talking_still_laughing__O2IKR6YM.mp4,ffpp_DeepFakeDetection_10_19__outside_talking_still_laughing__O2IKR6YM,1,DeepFakeDetection
FaceForensics++_C23/DeepFakeDetection/10_19__walking_down_street_outside_angry__IDX76N5R.mp4,ffpp_DeepFakeDetection_10_19__walking_down_street_outside_angry__IDX76N5R,1,DeepFakeDetection
FaceForensics++_C23/DeepFakeDetection/10_22__exit_phone_room__G48B2EQ2.mp4,ffpp_DeepFakeDetection_10_22__exit_phone_room__G48B2EQ2,1,DeepFakeDetection
FaceForensics++_C23/DeepFakeDetection/10_22__kitchen_pan__EHARPYBT.mp4,ffpp_DeepFakeDetection_10_22__kitchen_pan__EHARPYBT,1,DeepFakeDetection
FaceForensics++_C23/DeepFakeDetection/10_22__kitchen_pan__PUJR4HJ1.mp4,ffpp_DeepFakeDetection_10_22__kitchen_pan__PUJR4HJ1,1,DeepFakeDetection
FaceForensics++_C23/DeepFakeDetection/10_22__kitchen_still__EHARPYBT.mp4,ffpp_DeepFakeDetection_10_22__kitchen_still__EHARPYBT,1,DeepFakeDetection
FaceForensics++_C23/DeepFakeDetection/10_22__outside_talking_pan_laughing__8YQ2EUQP.mp4,ffpp_DeepFakeDetection_10_22__outside_talking_pan_laughing__8YQ2EUQP,1,DeepFakeDetection
FaceForensics++_C23/DeepFakeDetection/10_22__outside_talking_pan_laughing__G48B2EQ2.mp4,ffpp_DeepFakeDetection_10_22__outside_talking_pan_laughing__G48B2EQ2,1,DeepFakeDetection
FaceForensics++_C23/DeepFakeDetection/10_22__podium_speech_happy__EHARPYBT.mp4,ffpp_DeepFakeDetection_10_22__podium_speech_happy__EHARPYBT,1,DeepFakeDetection
FaceForensics++_C23/DeepFakeDetection/10_23__kitchen_pan__GYY4VANY.mp4,ffpp_DeepFakeDetection_10_23__kitchen_pan__GYY4VANY,1,DeepFakeDetection
FaceForensics++_C23/DeepFakeDetection/10_23__outside_talking_pan_laughing__CU6SNBFZ.mp4,ffpp_DeepFakeDetection_10_23__outside_talking_pan_laughing__CU6SNBFZ,1,DeepFakeDetection
FaceForensics++_C23/DeepFakeDetection/10_23__outside_talking_pan_laughing__ZHJO34DY.mp4,ffpp_DeepFakeDetection_10_23__outside_talking_pan_laughing__ZHJO34DY,1,DeepFakeDetection
FaceForensics++_C23/DeepFakeDetection/10_23__talking_against_wall__W02WYPCX.mp4,ffpp_DeepFakeDetection_10_23__talking_against_wall__W02WYPCX,1,DeepFakeDetection
FaceForensics++_C23/DeepFakeDetection/10_24__exit_phone_room__356HPS7R.mp4,ffpp_DeepFakeDetection_10_24__exit_phone_room__356HPS7R,1,DeepFakeDetection
FaceForensics++_C23/DeepFakeDetection/11_01__podium_speech_happy__WIZ7GKOD.mp4,ffpp_DeepFakeDetection_11_01__podium_speech_happy__WIZ7GKOD,1,DeepFakeDetection
FaceForensics++_C23/DeepFakeDetection/11_01__secret_conversation__WIZ7GKOD.mp4,ffpp_DeepFakeDetection_11_01__secret_conversation__WIZ7GKOD,1,DeepFakeDetection
FaceForensics++_C23/DeepFakeDetection/11_01__talking_against_wall__4OJNJLOO.mp4,ffpp_DeepFakeDetection_11_01__talking_against_wall__4OJNJLOO,1,DeepFakeDetection
FaceForensics++_C23/DeepFakeDetection/11_01__talking_against_wall__EKE2KNRE.mp4,ffpp_DeepFakeDetection_11_01__talking_against_wall__EKE2KNRE,1,DeepFakeDetection
FaceForensics++_C23/DeepFakeDetection/11_01__talking_angry_couch__LL4RUKZA.mp4,ffpp_DeepFakeDetection_11_01__talking_angry_couch__LL4RUKZA,1,DeepFakeDetection
FaceForensics++_C23/DeepFakeDetection/11_03__outside_talking_pan_laughing__P08VGHTA.mp4,ffpp_DeepFakeDetection_11_03__outside_talking_pan_laughing__P08VGHTA,1,DeepFakeDetection
FaceForensics++_C23/DeepFakeDetection/11_03__talking_against_wall__P08VGHTA.mp4,ffpp_DeepFakeDetection_11_03__talking_against_wall__P08VGHTA,1,DeepFakeDetection
FaceForensics++_C23/DeepFakeDetection/11_03__walking_outside_cafe_disgusted__P08VGHTA.mp4,ffpp_DeepFakeDetection_11_03__walking_outside_cafe_disgusted__P08VGHTA,1,DeepFakeDetection
FaceForensics++_C23/DeepFakeDetection/11_04__talking_angry_couch__JRQWOV1G.mp4,ffpp_DeepFakeDetection_11_04__talking_angry_couch__JRQWOV1G,1,DeepFakeDetection
FaceForensics++_C23/DeepFakeDetection/11_06__outside_talking_pan_laughing__C8C4FW99.mp4,ffpp_DeepFakeDetection_11_06__outside_talking_pan_laughing__C8C4FW99,1,DeepFakeDetection
FaceForensics++_C23/DeepFakeDetection/11_06__outside_talking_pan_laughing__MX659QU8.mp4,ffpp_DeepFakeDetection_11_06__outside_talking_pan_laughing__MX659QU8,1,DeepFakeDetection
FaceForensics++_C23/DeepFakeDetection/11_06__outside_talking_still_laughing__C8C4FW99.mp4,ffpp_DeepFakeDetection_11_06__outside_talking_still_laughing__C8C4FW99,1,DeepFakeDetection
FaceForensics++_C23/DeepFakeDetection/11_07__exit_phone_room__PGC20QSY.mp4,ffpp_DeepFakeDetection_11_07__exit_phone_room__PGC20QSY,1,DeepFakeDetection
FaceForensics++_C23/DeepFakeDetection/11_07__kitchen_still__R7R86Z62.mp4,ffpp_DeepFakeDetection_11_07__kitchen_still__R7R86Z62,1,DeepFakeDetection
FaceForensics++_C23/DeepFakeDetection/11_13__outside_talking_still_laughing__61T622EK.mp4,ffpp_DeepFakeDetection_11_13__outside_talking_still_laughing__61T622EK,1,DeepFakeDetection
FaceForensics++_C23/DeepFakeDetection/11_13__talking_angry_couch__61T622EK.mp4,ffpp_DeepFakeDetection_11_13__talking_angry_couch__61T622EK,1,DeepFakeDetection
FaceForensics++_C23/DeepFakeDetection/11_18__secret_conversation__PT4YKO2R.mp4,ffpp_DeepFakeDetection_11_18__secret_conversation__PT4YKO2R,1,DeepFakeDetection
FaceForensics++_C23/DeepFakeDetection/11_18__walking_outside_cafe_disgusted__R1NMCHKG.mp4,ffpp_DeepFakeDetection_11_18__walking_outside_cafe_disgusted__R1NMCHKG,1,DeepFakeDetection
FaceForensics++_C23/DeepFakeDetection/11_21__kitchen_pan__T7DK03O1.mp4,ffpp_DeepFakeDetection_11_21__kitchen_pan__T7DK03O1,1,DeepFakeDetection
FaceForensics++_C23/DeepFakeDetection/11_21__kitchen_still__N6YQW2AP.mp4,ffpp_DeepFakeDetection_11_21__kitchen_still__N6YQW2AP,1,DeepFakeDetection
FaceForensics++_C23/DeepFakeDetection/11_21__podium_speech_happy__T7DK03O1.mp4,ffpp_DeepFakeDetection_11_21__podium_speech_happy__T7DK03O1,1,DeepFakeDetection
FaceForensics++_C23/DeepFakeDetection/11_26__kitchen_still__7C0VKV43.mp4,ffpp_DeepFakeDetection_11_26__kitchen_still__7C0VKV43,1,DeepFakeDetection
FaceForensics++_C23/DeepFakeDetection/11_26__walk_down_hall_angry__7C0VKV43.mp4,ffpp_DeepFakeDetection_11_26__walk_down_hall_angry__7C0VKV43,1,DeepFakeDetection
FaceForensics++_C23/DeepFakeDetection/12_02__podium_speech_happy__9D2ZHEKW.mp4,ffpp_DeepFakeDetection_12_02__podium_speech_happy__9D2ZHEKW,1,DeepFakeDetection
FaceForensics++_C23/DeepFakeDetection/12_06__hugging_happy__3K21NFNM.mp4,ffpp_DeepFakeDetection_12_06__hugging_happy__3K21NFNM,1,DeepFakeDetection
FaceForensics++_C23/DeepFakeDetection/12_06__outside_talking_pan_laughing__0VR4Y891.mp4,ffpp_DeepFakeDetection_12_06__outside_talking_pan_laughing__0VR4Y891,1,DeepFakeDetection
FaceForensics++_C23/DeepFakeDetection/12_06__outside_talking_still_laughing__3K21NFNM.mp4,ffpp_DeepFakeDetection_12_06__outside_talking_still_laughing__3K21NFNM,1,DeepFakeDetection
FaceForensics++_C23/DeepFakeDetection/12_06__podium_speech_happy__0VR4Y891.mp4,ffpp_DeepFakeDetection_12_06__podium_speech_happy__0VR4Y891,1,DeepFakeDetection
FaceForensics++_C23/DeepFakeDetection/12_06__walk_down_hall_angry__3K21NFNM.mp4,ffpp_DeepFakeDetection_12_06__walk_down_hall_angry__3K21NFNM,1,DeepFakeDetection
FaceForensics++_C23/DeepFakeDetection/12_06__walking_and_outside_surprised__3K21NFNM.mp4,ffpp_DeepFakeDetection_12_06__walking_and_outside_surprised__3K21NFNM,1,DeepFakeDetection
FaceForensics++_C23/DeepFakeDetection/12_06__walking_down_street_outside_angry__F3I4PDYF.mp4,ffpp_DeepFakeDetection_12_06__walking_down_street_outside_angry__F3I4PDYF,1,DeepFakeDetection
FaceForensics++_C23/DeepFakeDetection/12_07__outside_talking_pan_laughing__KAG65PEE.mp4,ffpp_DeepFakeDetection_12_07__outside_talking_pan_laughing__KAG65PEE,1,DeepFakeDetection
FaceForensics++_C23/DeepFakeDetection/12_07__outside_talking_still_laughing__KAG65PEE.mp4,ffpp_DeepFakeDetection_12_07__outside_talking_still_laughing__KAG65PEE,1,DeepFakeDetection
FaceForensics++_C23/DeepFakeDetection/12_07__walking_down_indoor_hall_disgust__KAG65PEE.mp4,ffpp_DeepFakeDetection_12_07__walking_down_indoor_hall_disgust__KAG65PEE,1,DeepFakeDetection
FaceForensics++_C23/DeepFakeDetection/12_13__podium_speech_happy__BFH4F0N8.mp4,ffpp_DeepFakeDetection_12_13__podium_speech_happy__BFH4F0N8,1,DeepFakeDetection
FaceForensics++_C23/DeepFakeDetection/12_13__podium_speech_happy__N8IGC93J.mp4,ffpp_DeepFakeDetection_12_13__podium_speech_happy__N8IGC93J,1,DeepFakeDetection
FaceForensics++_C23/DeepFakeDetection/12_13__secret_conversation__DJ7MF331.mp4,ffpp_DeepFakeDetection_12_13__secret_conversation__DJ7MF331,1,DeepFakeDetection
FaceForensics++_C23/DeepFakeDetection/12_13__walk_down_hall_angry__6G44TDN4.mp4,ffpp_DeepFakeDetection_12_13__walk_down_hall_angry__6G44TDN4,1,DeepFakeDetection
FaceForensics++_C23/DeepFakeDetection/12_13__walking_and_outside_surprised__DJ7MF331.mp4,ffpp_DeepFakeDetection_12_13__walking_and_outside_surprised__DJ7MF331,1,DeepFakeDetection
FaceForensics++_C23/DeepFakeDetection/12_14__outside_talking_pan_laughing__Z7EWFA0P.mp4,ffpp_DeepFakeDetection_12_14__outside_talking_pan_laughing__Z7EWFA0P,1,DeepFakeDetection
FaceForensics++_C23/DeepFakeDetection/12_14__walk_down_hall_angry__Z7EWFA0P.mp4,ffpp_DeepFakeDetection_12_14__walk_down_hall_angry__Z7EWFA0P,1,DeepFakeDetection
FaceForensics++_C23/DeepFakeDetection/12_15__hugging_happy__N0SRODQD.mp4,ffpp_DeepFakeDetection_12_15__hugging_happy__N0SRODQD,1,DeepFakeDetection
FaceForensics++_C23/DeepFakeDetection/12_15__kitchen_pan__N0SRODQD.mp4,ffpp_DeepFakeDetection_12_15__kitchen_pan__N0SRODQD,1,DeepFakeDetection
FaceForensics++_C23/DeepFakeDetection/12_15__kitchen_still__RK17XFJ9.mp4,ffpp_DeepFakeDetection_12_15__kitchen_still__RK17XFJ9,1,DeepFakeDetection
FaceForensics++_C23/DeepFakeDetection/12_15__outside_talking_still_laughing__RK17XFJ9.mp4,ffpp_DeepFakeDetection_12_15__outside_talking_still_laughing__RK17XFJ9,1,DeepFakeDetection
FaceForensics++_C23/DeepFakeDetection/12_15__talking_angry_couch__N0SRODQD.mp4,ffpp_DeepFakeDetection_12_15__talking_angry_couch__N0SRODQD,1,DeepFakeDetection
FaceForensics++_C23/DeepFakeDetection/12_15__talking_angry_couch__RK17XFJ9.mp4,ffpp_DeepFakeDetection_12_15__talking_angry_couch__RK17XFJ9,1,DeepFakeDetection
FaceForensics++_C23/DeepFakeDetection/12_15__walking_and_outside_surprised__N0SRODQD.mp4,ffpp_DeepFakeDetection_12_15__walking_and_outside_surprised__N0SRODQD,1,DeepFakeDetection
FaceForensics++_C23/DeepFakeDetection/12_15__walking_down_street_outside_angry__N0SRODQD.mp4,ffpp_DeepFakeDetection_12_15__walking_down_street_outside_angry__N0SRODQD,1,DeepFakeDetection
FaceForensics++_C23/DeepFakeDetection/12_18__outside_talking_pan_laughing__IKH1LBBY.mp4,ffpp_DeepFakeDetection_12_18__outside_talking_pan_laughing__IKH1LBBY,1,DeepFakeDetection
FaceForensics++_C23/DeepFakeDetection/12_18__talking_against_wall__IKH1LBBY.mp4,ffpp_DeepFakeDetection_12_18__talking_against_wall__IKH1LBBY,1,DeepFakeDetection
FaceForensics++_C23/DeepFakeDetection/12_18__walking_outside_cafe_disgusted__IKH1LBBY.mp4,ffpp_DeepFakeDetection_12_18__walking_outside_cafe_disgusted__IKH1LBBY,1,DeepFakeDetection
FaceForensics++_C23/DeepFakeDetection/12_20__outside_talking_pan_laughing__GHPWDH3C.mp4,ffpp_DeepFakeDetection_12_20__outside_talking_pan_laughing__GHPWDH3C,1,DeepFakeDetection
FaceForensics++_C23/DeepFakeDetection/12_20__secret_conversation__B0X1CGG2.mp4,ffpp_DeepFakeDetection_12_20__secret_conversation__B0X1CGG2,1,DeepFakeDetection
FaceForensics++_C23/DeepFakeDetection/12_20__talking_against_wall__GHPWDH3C.mp4,ffpp_DeepFakeDetection_12_20__talking_against_wall__GHPWDH3C,1,DeepFakeDetection
FaceForensics++_C23/DeepFakeDetection/12_20__walking_outside_cafe_disgusted__B0X1CGG2.mp4,ffpp_DeepFakeDetection_12_20__walking_outside_cafe_disgusted__B0X1CGG2,1,DeepFakeDetection
FaceForensics++_C23/DeepFakeDetection/12_21__kitchen_pan__ME7E3R1D.mp4,ffpp_DeepFakeDetection_12_21__kitchen_pan__ME7E3R1D,1,DeepFakeDetection
FaceForensics++_C23/DeepFakeDetection/12_21__outside_talking_still_laughing__J54W3PV1.mp4,ffpp_DeepFakeDetection_12_21__outside_talking_still_laughing__J54W3PV1,1,DeepFakeDetection
FaceForensics++_C23/DeepFakeDetection/12_21__talking_against_wall__J54W3PV1.mp4,ffpp_DeepFakeDetection_12_21__talking_against_wall__J54W3PV1,1,DeepFakeDetection
FaceForensics++_C23/DeepFakeDetection/12_25__walk_down_hall_angry__I2X1XTCC.mp4,ffpp_DeepFakeDetection_12_25__walk_down_hall_angry__I2X1XTCC,1,DeepFakeDetection
FaceForensics++_C23/DeepFakeDetection/12_25__walking_and_outside_surprised__FQE07ND1.mp4,ffpp_DeepFakeDetection_12_25__walking_and_outside_surprised__FQE07ND1,1,DeepFakeDetection
FaceForensics++_C23/DeepFakeDetection/12_25__walking_outside_cafe_disgusted__0SA36BZ5.mp4,ffpp_DeepFakeDetection_12_25__walking_outside_cafe_disgusted__0SA36BZ5,1,DeepFakeDetection
FaceForensics++_C23/DeepFakeDetection/12_25__walking_outside_cafe_disgusted__G26LG5N7.mp4,ffpp_DeepFakeDetection_12_25__walking_outside_cafe_disgusted__G26LG5N7,1,DeepFakeDetection
FaceForensics++_C23/DeepFakeDetection/12_26__podium_speech_happy__BFBNM8FR.mp4,ffpp_DeepFakeDetection_12_26__podium_speech_happy__BFBNM8FR,1,DeepFakeDetection
FaceForensics++_C23/DeepFakeDetection/12_26__talking_angry_couch__LI63E4TS.mp4,ffpp_DeepFakeDetection_12_26__talking_angry_couch__LI63E4TS,1,DeepFakeDetection
FaceForensics++_C23/DeepFakeDetection/12_26__walking_outside_cafe_disgusted__OTKIGGFE.mp4,ffpp_DeepFakeDetection_12_26__walking_outside_cafe_disgusted__OTKIGGFE,1,DeepFakeDetection
FaceForensics++_C23/DeepFakeDetection/12_26__walking_outside_cafe_disgusted__OVOQACG8.mp4,ffpp_DeepFakeDetection_12_26__walking_outside_cafe_disgusted__OVOQACG8,1,DeepFakeDetection
FaceForensics++_C23/DeepFakeDetection/13_02__exit_phone_room__CP5HFV3K.mp4,ffpp_DeepFakeDetection_13_02__exit_phone_room__CP5HFV3K,1,DeepFakeDetection
FaceForensics++_C23/DeepFakeDetection/13_02__kitchen_pan__2YSYT2N3.mp4,ffpp_DeepFakeDetection_13_02__kitchen_pan__2YSYT2N3,1,DeepFakeDetection
FaceForensics++_C23/DeepFakeDetection/13_02__kitchen_pan__CP5HFV3K.mp4,ffpp_DeepFakeDetection_13_02__kitchen_pan__CP5HFV3K,1,DeepFakeDetection
FaceForensics++_C23/DeepFakeDetection/13_02__outside_talking_still_laughing__CP5HFV3K.mp4,ffpp_DeepFakeDetection_13_02__outside_talking_still_laughing__CP5HFV3K,1,DeepFakeDetection
FaceForensics++_C23/DeepFakeDetection/13_02__walking_and_outside_surprised__CP5HFV3K.mp4,ffpp_DeepFakeDetection_13_02__walking_and_outside_surprised__CP5HFV3K,1,DeepFakeDetection
FaceForensics++_C23/DeepFakeDetection/13_02__walking_down_indoor_hall_disgust__AROBAY8R.mp4,ffpp_DeepFakeDetection_13_02__walking_down_indoor_hall_disgust__AROBAY8R,1,DeepFakeDetection
FaceForensics++_C23/DeepFakeDetection/13_02__walking_down_street_outside_angry__2YSYT2N3.mp4,ffpp_DeepFakeDetection_13_02__walking_down_street_outside_angry__2YSYT2N3,1,DeepFakeDetection
FaceForensics++_C23/DeepFakeDetection/13_03__exit_phone_room__GBYWJW06.mp4,ffpp_DeepFakeDetection_13_03__exit_phone_room__GBYWJW06,1,DeepFakeDetection
FaceForensics++_C23/DeepFakeDetection/13_03__outside_talking_still_laughing__GBYWJW06.mp4,ffpp_DeepFakeDetection_13_03__outside_talking_still_laughing__GBYWJW06,1,DeepFakeDetection
FaceForensics++_C23/DeepFakeDetection/13_03__talking_against_wall__GBYWJW06.mp4,ffpp_DeepFakeDetection_13_03__talking_against_wall__GBYWJW06,1,DeepFakeDetection
FaceForensics++_C23/DeepFakeDetection/13_03__walking_down_indoor_hall_disgust__GBYWJW06.mp4,ffpp_DeepFakeDetection_13_03__walking_down_indoor_hall_disgust__GBYWJW06,1,DeepFakeDetection
FaceForensics++_C23/DeepFakeDetection/13_04__talking_angry_couch__00T3UYOR.mp4,ffpp_DeepFakeDetection_13_04__talking_angry_couch__00T3UYOR,1,DeepFakeDetection
FaceForensics++_C23/DeepFakeDetection/13_04__walking_outside_cafe_disgusted__00T3UYOR.mp4,ffpp_DeepFakeDetection_13_04__walking_outside_cafe_disgusted__00T3UYOR,1,DeepFakeDetection
FaceForensics++_C23/DeepFakeDetection/13_07__exit_phone_room__RVQCPCJF.mp4,ffpp_DeepFakeDetection_13_07__exit_phone_room__RVQCPCJF,1,DeepFakeDetection
FaceForensics++_C23/DeepFakeDetection/13_07__secret_conversation__RVQCPCJF.mp4,ffpp_DeepFakeDetection_13_07__secret_conversation__RVQCPCJF,1,DeepFakeDetection
FaceForensics++_C23/DeepFakeDetection/13_09__hugging_happy__BVZGDFD8.mp4,ffpp_DeepFakeDetection_13_09__hugging_happy__BVZGDFD8,1,DeepFakeDetection
FaceForensics++_C23/DeepFakeDetection/13_09__hugging_happy__LPT427RY.mp4,ffpp_DeepFakeDetection_13_09__hugging_happy__LPT427RY,1,DeepFakeDetection
FaceForensics++_C23/DeepFakeDetection/13_09__outside_talking_still_laughing__30N46VHZ.mp4,ffpp_DeepFakeDetection_13_09__outside_talking_still_laughing__30N46VHZ,1,DeepFakeDetection
FaceForensics++_C23/DeepFakeDetection/13_09__walking_down_indoor_hall_disgust__3GQ49P2J.mp4,ffpp_DeepFakeDetection_13_09__walking_down_indoor_hall_disgust__3GQ49P2J,1,DeepFakeDetection
FaceForensics++_C23/DeepFakeDetection/13_09__walking_down_indoor_hall_disgust__BVZGDFD8.mp4,ffpp_DeepFakeDetection_13_09__walking_down_indoor_hall_disgust__BVZGDFD8,1,DeepFakeDetection
FaceForensics++_C23/DeepFakeDetection/13_09__walking_down_street_outside_angry__B41GFUV2.mp4,ffpp_DeepFakeDetection_13_09__walking_down_street_outside_angry__B41GFUV2,1,DeepFakeDetection
FaceForensics++_C23/DeepFakeDetection/13_11__hugging_happy__61T622EK.mp4,ffpp_DeepFakeDetection_13_11__hugging_happy__61T622EK,1,DeepFakeDetection
FaceForensics++_C23/DeepFakeDetection/13_11__outside_talking_still_laughing__61T622EK.mp4,ffpp_DeepFakeDetection_13_11__outside_talking_still_laughing__61T622EK,1,DeepFakeDetection
FaceForensics++_C23/DeepFakeDetection/13_11__podium_speech_happy__XXKQ4XM0.mp4,ffpp_DeepFakeDetection_13_11__podium_speech_happy__XXKQ4XM0,1,DeepFakeDetection
FaceForensics++_C23/DeepFakeDetection/13_12__outside_talking_still_laughing__2TM4IFSF.mp4,ffpp_DeepFakeDetection_13_12__outside_talking_still_laughing__2TM4IFSF,1,DeepFakeDetection
FaceForensics++_C23/DeepFakeDetection/13_12__podium_speech_happy__2TM4IFSF.mp4,ffpp_DeepFakeDetection_13_12__podium_speech_happy__2TM4IFSF,1,DeepFakeDetection
FaceForensics++_C23/DeepFakeDetection/13_12__secret_conversation__6G44TDN4.mp4,ffpp_DeepFakeDetection_13_12__secret_conversation__6G44TDN4,1,DeepFakeDetection
FaceForensics++_C23/DeepFakeDetection/13_12__secret_conversation__DJ7MF331.mp4,ffpp_DeepFakeDetection_13_12__secret_conversation__DJ7MF331,1,DeepFakeDetection
FaceForensics++_C23/DeepFakeDetection/13_12__talking_against_wall__2TM4IFSF.mp4,ffpp_DeepFakeDetection_13_12__talking_against_wall__2TM4IFSF,1,DeepFakeDetection
FaceForensics++_C23/DeepFakeDetection/13_12__walk_down_hall_angry__Q442U52P.mp4,ffpp_DeepFakeDetection_13_12__walk_down_hall_angry__Q442U52P,1,DeepFakeDetection
FaceForensics++_C23/DeepFakeDetection/13_12__walking_down_street_outside_angry__2TM4IFSF.mp4,ffpp_DeepFakeDetection_13_12__walking_down_street_outside_angry__2TM4IFSF,1,DeepFakeDetection
FaceForensics++_C23/DeepFakeDetection/13_14__hugging_happy__KMQ3AW6A.mp4,ffpp_DeepFakeDetection_13_14__hugging_happy__KMQ3AW6A,1,DeepFakeDetection
FaceForensics++_C23/DeepFakeDetection/13_14__outside_talking_pan_laughing__KMQ3AW6A.mp4,ffpp_DeepFakeDetection_13_14__outside_talking_pan_laughing__KMQ3AW6A,1,DeepFakeDetection
FaceForensics++_C23/DeepFakeDetection/13_14__talking_against_wall__KMQ3AW6A.mp4,ffpp_DeepFakeDetection_13_14__talking_against_wall__KMQ3AW6A,1,DeepFakeDetection
FaceForensics++_C23/DeepFakeDetection/13_20__kitchen_still__LXLR1B6N.mp4,ffpp_DeepFakeDetection_13_20__kitchen_still__LXLR1B6N,1,DeepFakeDetection
FaceForensics++_C23/DeepFakeDetection/13_20__kitchen_still__NJEO6L5O.mp4,ffpp_DeepFakeDetection_13_20__kitchen_still__NJEO6L5O,1,DeepFakeDetection
FaceForensics++_C23/DeepFakeDetection/13_20__podium_speech_happy__C50CSOEX.mp4,ffpp_DeepFakeDetection_13_20__podium_speech_happy__C50CSOEX,1,DeepFakeDetection
FaceForensics++_C23/DeepFakeDetection/13_20__walking_down_indoor_hall_disgust__NJEO6L5O.mp4,ffpp_DeepFakeDetection_13_20__walking_down_indoor_hall_disgust__NJEO6L5O,1,DeepFakeDetection
FaceForensics++_C23/DeepFakeDetection/13_20__walking_down_indoor_hall_disgust__VO2YZXLN.mp4,ffpp_DeepFakeDetection_13_20__walking_down_indoor_hall_disgust__VO2YZXLN,1,DeepFakeDetection
FaceForensics++_C23/DeepFakeDetection/13_25__exit_phone_room__7YMTAF29.mp4,ffpp_DeepFakeDetection_13_25__exit_phone_room__7YMTAF29,1,DeepFakeDetection
FaceForensics++_C23/DeepFakeDetection/13_25__hugging_happy__7YMTAF29.mp4,ffpp_DeepFakeDetection_13_25__hugging_happy__7YMTAF29,1,DeepFakeDetection
FaceForensics++_C23/DeepFakeDetection/13_25__outside_talking_still_laughing__PBM86HKZ.mp4,ffpp_DeepFakeDetection_13_25__outside_talking_still_laughing__PBM86HKZ,1,DeepFakeDetection
FaceForensics++_C23/DeepFakeDetection/13_25__walking_and_outside_surprised__PBM86HKZ.mp4,ffpp_DeepFakeDetection_13_25__walking_and_outside_surprised__PBM86HKZ,1,DeepFakeDetection
FaceForensics++_C23/DeepFakeDetection/13_25__walking_down_street_outside_angry__IW9OFVMG.mp4,ffpp_DeepFakeDetection_13_25__walking_down_street_outside_angry__IW9OFVMG,1,DeepFakeDetection
FaceForensics++_C23/DeepFakeDetection/13_26__talking_against_wall__U5ELHUN5.mp4,ffpp_DeepFakeDetection_13_26__talking_against_wall__U5ELHUN5,1,DeepFakeDetection
FaceForensics++_C23/DeepFakeDetection/13_26__walking_down_street_outside_angry__CJALTDKT.mp4,ffpp_DeepFakeDetection_13_26__walking_down_street_outside_angry__CJALTDKT,1,DeepFakeDetection
FaceForensics++_C23/DeepFakeDetection/13_26__walking_outside_cafe_disgusted__SU8J9CBG.mp4,ffpp_DeepFakeDetection_13_26__walking_outside_cafe_disgusted__SU8J9CBG,1,DeepFakeDetection
FaceForensics++_C23/DeepFakeDetection/13_27__talking_against_wall__A1OSUJE9.mp4,ffpp_DeepFakeDetection_13_27__talking_against_wall__A1OSUJE9,1,DeepFakeDetection
FaceForensics++_C23/DeepFakeDetection/13_27__walking_outside_cafe_disgusted__A1OSUJE9.mp4,ffpp_DeepFakeDetection_13_27__walking_outside_cafe_disgusted__A1OSUJE9,1,DeepFakeDetection
FaceForensics++_C23/DeepFakeDetection/14_01__hugging_happy__0S0NS5C6.mp4,ffpp_DeepFakeDetection_14_01__hugging_happy__0S0NS5C6,1,DeepFakeDetection
FaceForensics++_C23/DeepFakeDetection/14_01__kitchen_pan__0S0NS5C6.mp4,ffpp_DeepFakeDetection_14_01__kitchen_pan__0S0NS5C6,1,DeepFakeDetection
FaceForensics++_C23/DeepFakeDetection/14_01__outside_talking_still_laughing__01YF7VQM.mp4,ffpp_DeepFakeDetection_14_01__outside_talking_still_laughing__01YF7VQM,1,DeepFakeDetection
FaceForensics++_C23/DeepFakeDetection/14_01__talking_angry_couch__0S0NS5C6.mp4,ffpp_DeepFakeDetection_14_01__talking_angry_couch__0S0NS5C6,1,DeepFakeDetection
FaceForensics++_C23/DeepFakeDetection/14_01__walking_and_outside_surprised__01YF7VQM.mp4,ffpp_DeepFakeDetection_14_01__walking_and_outside_surprised__01YF7VQM,1,DeepFakeDetection
FaceForensics++_C23/DeepFakeDetection/14_02__exit_phone_room__3IUBEKCT.mp4,ffpp_DeepFakeDetection_14_02__exit_phone_room__3IUBEKCT,1,DeepFakeDetection
FaceForensics++_C23/DeepFakeDetection/14_02__outside_talking_pan_laughing__3IUBEKCT.mp4,ffpp_DeepFakeDetection_14_02__outside_talking_pan_laughing__3IUBEKCT,1,DeepFakeDetection
FaceForensics++_C23/DeepFakeDetection/14_02__podium_speech_happy__3IUBEKCT.mp4,ffpp_DeepFakeDetection_14_02__podium_speech_happy__3IUBEKCT,1,DeepFakeDetection
FaceForensics++_C23/DeepFakeDetection/14_03__exit_phone_room__0O9TTCJT.mp4,ffpp_DeepFakeDetection_14_03__exit_phone_room__0O9TTCJT,1,DeepFakeDetection
FaceForensics++_C23/DeepFakeDetection/14_03__exit_phone_room__KJ221YN0.mp4,ffpp_DeepFakeDetection_14_03__exit_phone_room__KJ221YN0,1,DeepFakeDetection
FaceForensics++_C23/DeepFakeDetection/14_03__hugging_happy__PLCQJM81.mp4,ffpp_DeepFakeDetection_14_03__hugging_happy__PLCQJM81,1,DeepFakeDetection
FaceForensics++_C23/DeepFakeDetection/14_03__kitchen_still__Q9NSXM88.mp4,ffpp_DeepFakeDetection_14_03__kitchen_still__Q9NSXM88,1,DeepFakeDetection
FaceForensics++_C23/DeepFakeDetection/14_03__outside_talking_still_laughing__KJ221YN0.mp4,ffpp_DeepFakeDetection_14_03__outside_talking_still_laughing__KJ221YN0,1,DeepFakeDetection
FaceForensics++_C23/DeepFakeDetection/14_03__talking_angry_couch__L0GHYIFS.mp4,ffpp_DeepFakeDetection_14_03__talking_angry_couch__L0GHYIFS,1,DeepFakeDetection
FaceForensics++_C23/DeepFakeDetection/14_03__walking_and_outside_surprised__P1L5PF4I.mp4,ffpp_DeepFakeDetection_14_03__walking_and_outside_surprised__P1L5PF4I,1,DeepFakeDetection
FaceForensics++_C23/DeepFakeDetection/14_03__walking_down_indoor_hall_disgust__KJ221YN0.mp4,ffpp_DeepFakeDetection_14_03__walking_down_indoor_hall_disgust__KJ221YN0,1,DeepFakeDetection
FaceForensics++_C23/DeepFakeDetection/14_06__outside_talking_pan_laughing__8U9ULZDT.mp4,ffpp_DeepFakeDetection_14_06__outside_talking_pan_laughing__8U9ULZDT,1,DeepFakeDetection
FaceForensics++_C23/DeepFakeDetection/14_06__podium_speech_happy__8U9ULZDT.mp4,ffpp_DeepFakeDetection_14_06__podium_speech_happy__8U9ULZDT,1,DeepFakeDetection
FaceForensics++_C23/DeepFakeDetection/14_06__secret_conversation__8U9ULZDT.mp4,ffpp_DeepFakeDetection_14_06__secret_conversation__8U9ULZDT,1,DeepFakeDetection
FaceForensics++_C23/DeepFakeDetection/14_06__walking_and_outside_surprised__8U9ULZDT.mp4,ffpp_DeepFakeDetection_14_06__walking_and_outside_surprised__8U9ULZDT,1,DeepFakeDetection
FaceForensics++_C23/DeepFakeDetection/14_07__walk_down_hall_angry__P9QFO50U.mp4,ffpp_DeepFakeDetection_14_07__walk_down_hall_angry__P9QFO50U,1,DeepFakeDetection
FaceForensics++_C23/DeepFakeDetection/14_09__walking_down_indoor_hall_disgust__6TEK3ZX0.mp4,ffpp_DeepFakeDetection_14_09__walking_down_indoor_hall_disgust__6TEK3ZX0,1,DeepFakeDetection
FaceForensics++_C23/DeepFakeDetection/14_09__walking_down_street_outside_angry__6TEK3ZX0.mp4,ffpp_DeepFakeDetection_14_09__walking_down_street_outside_angry__6TEK3ZX0,1,DeepFakeDetection
FaceForensics++_C23/DeepFakeDetection/14_12__podium_speech_happy__Z7EWFA0P.mp4,ffpp_DeepFakeDetection_14_12__podium_speech_happy__Z7EWFA0P,1,DeepFakeDetection
FaceForensics++_C23/DeepFakeDetection/14_13__hugging_happy__KMQ3AW6A.mp4,ffpp_DeepFakeDetection_14_13__hugging_happy__KMQ3AW6A,1,DeepFakeDetection
FaceForensics++_C23/DeepFakeDetection/14_13__kitchen_still__KMQ3AW6A.mp4,ffpp_DeepFakeDetection_14_13__kitchen_still__KMQ3AW6A,1,DeepFakeDetection
FaceForensics++_C23/DeepFakeDetection/14_13__outside_talking_pan_laughing__KMQ3AW6A.mp4,ffpp_DeepFakeDetection_14_13__outside_talking_pan_laughing__KMQ3AW6A,1,DeepFakeDetection
FaceForensics++_C23/DeepFakeDetection/14_13__talking_against_wall__KMQ3AW6A.mp4,ffpp_DeepFakeDetection_14_13__talking_against_wall__KMQ3AW6A,1,DeepFakeDetection
FaceForensics++_C23/DeepFakeDetection/14_13__talking_angry_couch__KMQ3AW6A.mp4,ffpp_DeepFakeDetection_14_13__talking_angry_couch__KMQ3AW6A,1,DeepFakeDetection
FaceForensics++_C23/DeepFakeDetection/14_13__walk_down_hall_angry__KMQ3AW6A.mp4,ffpp_DeepFakeDetection_14_13__walk_down_hall_angry__KMQ3AW6A,1,DeepFakeDetection
FaceForensics++_C23/DeepFakeDetection/14_15__hugging_happy__3FRJCJ0V.mp4,ffpp_DeepFakeDetection_14_15__hugging_happy__3FRJCJ0V,1,DeepFakeDetection
FaceForensics++_C23/DeepFakeDetection/14_15__kitchen_pan__RF38N10R.mp4,ffpp_DeepFakeDetection_14_15__kitchen_pan__RF38N10R,1,DeepFakeDetection
FaceForensics++_C23/DeepFakeDetection/14_15__talking_angry_couch__RF38N10R.mp4,ffpp_DeepFakeDetection_14_15__talking_angry_couch__RF38N10R,1,DeepFakeDetection
FaceForensics++_C23/DeepFakeDetection/14_15__walking_and_outside_surprised__OMLZILK3.mp4,ffpp_DeepFakeDetection_14_15__walking_and_outside_surprised__OMLZILK3,1,DeepFakeDetection
FaceForensics++_C23/DeepFakeDetection/14_15__walking_down_street_outside_angry__OMLZILK3.mp4,ffpp_DeepFakeDetection_14_15__walking_down_street_outside_angry__OMLZILK3,1,DeepFakeDetection
FaceForensics++_C23/DeepFakeDetection/14_18__exit_phone_room__0YRBHIKG.mp4,ffpp_DeepFakeDetection_14_18__exit_phone_room__0YRBHIKG,1,DeepFakeDetection
FaceForensics++_C23/DeepFakeDetection/14_18__hugging_happy__0YRBHIKG.mp4,ffpp_DeepFakeDetection_14_18__hugging_happy__0YRBHIKG,1,DeepFakeDetection
FaceForensics++_C23/DeepFakeDetection/14_18__kitchen_still__0YRBHIKG.mp4,ffpp_DeepFakeDetection_14_18__kitchen_still__0YRBHIKG,1,DeepFakeDetection
FaceForensics++_C23/DeepFakeDetection/14_18__kitchen_still__A5A1Q467.mp4,ffpp_DeepFakeDetection_14_18__kitchen_still__A5A1Q467,1,DeepFakeDetection
FaceForensics++_C23/DeepFakeDetection/14_18__outside_talking_still_laughing__6SB2BR0A.mp4,ffpp_DeepFakeDetection_14_18__outside_talking_still_laughing__6SB2BR0A,1,DeepFakeDetection
FaceForensics++_C23/DeepFakeDetection/14_18__podium_speech_happy__0YRBHIKG.mp4,ffpp_DeepFakeDetection_14_18__podium_speech_happy__0YRBHIKG,1,DeepFakeDetection
FaceForensics++_C23/DeepFakeDetection/14_18__talking_angry_couch__A5A1Q467.mp4,ffpp_DeepFakeDetection_14_18__talking_angry_couch__A5A1Q467,1,DeepFakeDetection
FaceForensics++_C23/DeepFakeDetection/14_18__walking_down_indoor_hall_disgust__0YRBHIKG.mp4,ffpp_DeepFakeDetection_14_18__walking_down_indoor_hall_disgust__0YRBHIKG,1,DeepFakeDetection
FaceForensics++_C23/DeepFakeDetection/14_20__hugging_happy__B014BKVO.mp4,ffpp_DeepFakeDetection_14_20__hugging_happy__B014BKVO,1,DeepFakeDetection
FaceForensics++_C23/DeepFakeDetection/14_20__kitchen_pan__R7SPX6OK.mp4,ffpp_DeepFakeDetection_14_20__kitchen_pan__R7SPX6OK,1,DeepFakeDetection
FaceForensics++_C23/DeepFakeDetection/14_20__podium_speech_happy__R7SPX6OK.mp4,ffpp_DeepFakeDetection_14_20__podium_speech_happy__R7SPX6OK,1,DeepFakeDetection
FaceForensics++_C23/DeepFakeDetection/14_20__walking_and_outside_surprised__B014BKVO.mp4,ffpp_DeepFakeDetection_14_20__walking_and_outside_surprised__B014BKVO,1,DeepFakeDetection
FaceForensics++_C23/DeepFakeDetection/14_20__walking_down_street_outside_angry__3HWOJRAM.mp4,ffpp_DeepFakeDetection_14_20__walking_down_street_outside_angry__3HWOJRAM,1,DeepFakeDetection
FaceForensics++_C23/DeepFakeDetection/14_20__walking_outside_cafe_disgusted__3HWOJRAM.mp4,ffpp_DeepFakeDetection_14_20__walking_outside_cafe_disgusted__3HWOJRAM,1,DeepFakeDetection
FaceForensics++_C23/DeepFakeDetection/14_21__exit_phone_room__IRKML4J0.mp4,ffpp_DeepFakeDetection_14_21__exit_phone_room__IRKML4J0,1,DeepFakeDetection
FaceForensics++_C23/DeepFakeDetection/14_21__podium_speech_happy__IRKML4J0.mp4,ffpp_DeepFakeDetection_14_21__podium_speech_happy__IRKML4J0,1,DeepFakeDetection
FaceForensics++_C23/DeepFakeDetection/14_21__walk_down_hall_angry__N0WM4GSV.mp4,ffpp_DeepFakeDetection_14_21__walk_down_hall_angry__N0WM4GSV,1,DeepFakeDetection
FaceForensics++_C23/DeepFakeDetection/14_21__walking_and_outside_surprised__N0WM4GSV.mp4,ffpp_DeepFakeDetection_14_21__walking_and_outside_surprised__N0WM4GSV,1,DeepFakeDetection
FaceForensics++_C23/DeepFakeDetection/14_21__walking_down_street_outside_angry__N0WM4GSV.mp4,ffpp_DeepFakeDetection_14_21__walking_down_street_outside_angry__N0WM4GSV,1,DeepFakeDetection
FaceForensics++_C23/DeepFakeDetection/14_26__kitchen_still__ILLP29ZH.mp4,ffpp_DeepFakeDetection_14_26__kitchen_still__ILLP29ZH,1,DeepFakeDetection
FaceForensics++_C23/DeepFakeDetection/14_26__outside_talking_still_laughing__ILLP29ZH.mp4,ffpp_DeepFakeDetection_14_26__outside_talking_still_laughing__ILLP29ZH,1,DeepFakeDetection
FaceForensics++_C23/DeepFakeDetection/14_26__podium_speech_happy__ILLP29ZH.mp4,ffpp_DeepFakeDetection_14_26__podium_speech_happy__ILLP29ZH,1,DeepFakeDetection
FaceForensics++_C23/DeepFakeDetection/14_26__secret_conversation__SU8SAHTT.mp4,ffpp_DeepFakeDetection_14_26__secret_conversation__SU8SAHTT,1,DeepFakeDetection
FaceForensics++_C23/DeepFakeDetection/14_26__talking_angry_couch__ILLP29ZH.mp4,ffpp_DeepFakeDetection_14_26__talking_angry_couch__ILLP29ZH,1,DeepFakeDetection
FaceForensics++_C23/DeepFakeDetection/14_26__talking_angry_couch__SU8SAHTT.mp4,ffpp_DeepFakeDetection_14_26__talking_angry_couch__SU8SAHTT,1,DeepFakeDetection
FaceForensics++_C23/DeepFakeDetection/15_01__kitchen_still__02HILKYO.mp4,ffpp_DeepFakeDetection_15_01__kitchen_still__02HILKYO,1,DeepFakeDetection
FaceForensics++_C23/DeepFakeDetection/15_01__outside_talking_still_laughing__02HILKYO.mp4,ffpp_DeepFakeDetection_15_01__outside_talking_still_laughing__02HILKYO,1,DeepFakeDetection
FaceForensics++_C23/DeepFakeDetection/15_02__hugging_happy__SB6PMCO0.mp4,ffpp_DeepFakeDetection_15_02__hugging_happy__SB6PMCO0,1,DeepFakeDetection
FaceForensics++_C23/DeepFakeDetection/15_02__kitchen_still__HTG660F8.mp4,ffpp_DeepFakeDetection_15_02__kitchen_still__HTG660F8,1,DeepFakeDetection
FaceForensics++_C23/DeepFakeDetection/15_02__kitchen_still__SB6PMCO0.mp4,ffpp_DeepFakeDetection_15_02__kitchen_still__SB6PMCO0,1,DeepFakeDetection
FaceForensics++_C23/DeepFakeDetection/15_02__outside_talking_pan_laughing__MCRFMYAE.mp4,ffpp_DeepFakeDetection_15_02__outside_talking_pan_laughing__MCRFMYAE,1,DeepFakeDetection
FaceForensics++_C23/DeepFakeDetection/15_02__talking_against_wall__HTG660F8.mp4,ffpp_DeepFakeDetection_15_02__talking_against_wall__HTG660F8,1,DeepFakeDetection
FaceForensics++_C23/DeepFakeDetection/15_02__talking_against_wall__MZWH8ATN.mp4,ffpp_DeepFakeDetection_15_02__talking_against_wall__MZWH8ATN,1,DeepFakeDetection
FaceForensics++_C23/DeepFakeDetection/15_02__talking_against_wall__TSRK8QS4.mp4,ffpp_DeepFakeDetection_15_02__talking_against_wall__TSRK8QS4,1,DeepFakeDetection
FaceForensics++_C23/DeepFakeDetection/15_02__walking_down_indoor_hall_disgust__HTG660F8.mp4,ffpp_DeepFakeDetection_15_02__walking_down_indoor_hall_disgust__HTG660F8,1,DeepFakeDetection
FaceForensics++_C23/DeepFakeDetection/15_02__walking_outside_cafe_disgusted__P2FAY3DR.mp4,ffpp_DeepFakeDetection_15_02__walking_outside_cafe_disgusted__P2FAY3DR,1,DeepFakeDetection
FaceForensics++_C23/DeepFakeDetection/15_03__exit_phone_room__GZNLO4X9.mp4,ffpp_DeepFakeDetection_15_03__exit_phone_room__GZNLO4X9,1,DeepFakeDetection
FaceForensics++_C23/DeepFakeDetection/15_03__kitchen_pan__DG8ITQO3.mp4,ffpp_DeepFakeDetection_15_03__kitchen_pan__DG8ITQO3,1,DeepFakeDetection
FaceForensics++_C23/DeepFakeDetection/15_03__podium_speech_happy__OY4I7ZU8.mp4,ffpp_DeepFakeDetection_15_03__podium_speech_happy__OY4I7ZU8,1,DeepFakeDetection
FaceForensics++_C23/DeepFakeDetection/15_03__podium_speech_happy__Y11NT1YX.mp4,ffpp_DeepFakeDetection_15_03__podium_speech_happy__Y11NT1YX,1,DeepFakeDetection
FaceForensics++_C23/DeepFakeDetection/15_03__talking_angry_couch__5C1OMK8W.mp4,ffpp_DeepFakeDetection_15_03__talking_angry_couch__5C1OMK8W,1,DeepFakeDetection
FaceForensics++_C23/DeepFakeDetection/15_03__talking_angry_couch__DNUJD8M2.mp4,ffpp_DeepFakeDetection_15_03__talking_angry_couch__DNUJD8M2,1,DeepFakeDetection
FaceForensics++_C23/DeepFakeDetection/15_03__talking_angry_couch__T5SHH2UL.mp4,ffpp_DeepFakeDetection_15_03__talking_angry_couch__T5SHH2UL,1,DeepFakeDetection
FaceForensics++_C23/DeepFakeDetection/15_04__kitchen_pan__46TJ9IOJ.mp4,ffpp_DeepFakeDetection_15_04__kitchen_pan__46TJ9IOJ,1,DeepFakeDetection
FaceForensics++_C23/DeepFakeDetection/15_04__kitchen_still__46TJ9IOJ.mp4,ffpp_DeepFakeDetection_15_04__kitchen_still__46TJ9IOJ,1,DeepFakeDetection
FaceForensics++_C23/DeepFakeDetection/15_04__outside_talking_pan_laughing__7NW4Z6WZ.mp4,ffpp_DeepFakeDetection_15_04__outside_talking_pan_laughing__7NW4Z6WZ,1,DeepFakeDetection
FaceForensics++_C23/DeepFakeDetection/15_04__talking_against_wall__46TJ9IOJ.mp4,ffpp_DeepFakeDetection_15_04__talking_against_wall__46TJ9IOJ,1,DeepFakeDetection
FaceForensics++_C23/DeepFakeDetection/15_04__walking_and_outside_surprised__46TJ9IOJ.mp4,ffpp_DeepFakeDetection_15_04__walking_and_outside_surprised__46TJ9IOJ,1,DeepFakeDetection
FaceForensics++_C23/DeepFakeDetection/15_06__exit_phone_room__E98QYYXO.mp4,ffpp_DeepFakeDetection_15_06__exit_phone_room__E98QYYXO,1,DeepFakeDetection
FaceForensics++_C23/DeepFakeDetection/15_06__kitchen_still__E98QYYXO.mp4,ffpp_DeepFakeDetection_15_06__kitchen_still__E98QYYXO,1,DeepFakeDetection
FaceForensics++_C23/DeepFakeDetection/15_06__outside_talking_pan_laughing__QRCD27P8.mp4,ffpp_DeepFakeDetection_15_06__outside_talking_pan_laughing__QRCD27P8,1,DeepFakeDetection
FaceForensics++_C23/DeepFakeDetection/15_06__talking_against_wall__QRCD27P8.mp4,ffpp_DeepFakeDetection_15_06__talking_against_wall__QRCD27P8,1,DeepFakeDetection
FaceForensics++_C23/DeepFakeDetection/15_06__walking_down_indoor_hall_disgust__QRCD27P8.mp4,ffpp_DeepFakeDetection_15_06__walking_down_indoor_hall_disgust__QRCD27P8,1,DeepFakeDetection
FaceForensics++_C23/DeepFakeDetection/15_06__walking_down_street_outside_angry__YDX3GHFS.mp4,ffpp_DeepFakeDetection_15_06__walking_down_street_outside_angry__YDX3GHFS,1,DeepFakeDetection
FaceForensics++_C23/DeepFakeDetection/15_06__walking_outside_cafe_disgusted__QRCD27P8.mp4,ffpp_DeepFakeDetection_15_06__walking_outside_cafe_disgusted__QRCD27P8,1,DeepFakeDetection
FaceForensics++_C23/DeepFakeDetection/15_07__kitchen_still__9Z2MLKVX.mp4,ffpp_DeepFakeDetection_15_07__kitchen_still__9Z2MLKVX,1,DeepFakeDetection
FaceForensics++_C23/DeepFakeDetection/15_07__podium_speech_happy__KM6M2TBT.mp4,ffpp_DeepFakeDetection_15_07__podium_speech_happy__KM6M2TBT,1,DeepFakeDetection
FaceForensics++_C23/DeepFakeDetection/15_07__walking_down_indoor_hall_disgust__NYPO7U50.mp4,ffpp_DeepFakeDetection_15_07__walking_down_indoor_hall_disgust__NYPO7U50,1,DeepFakeDetection
FaceForensics++_C23/DeepFakeDetection/15_12__hugging_happy__N0SRODQD.mp4,ffpp_DeepFakeDetection_15_12__hugging_happy__N0SRODQD,1,DeepFakeDetection
FaceForensics++_C23/DeepFakeDetection/15_12__outside_talking_still_laughing__RK17XFJ9.mp4,ffpp_DeepFakeDetection_15_12__outside_talking_still_laughing__RK17XFJ9,1,DeepFakeDetection
FaceForensics++_C23/DeepFakeDetection/15_12__talking_angry_couch__N0SRODQD.mp4,ffpp_DeepFakeDetection_15_12__talking_angry_couch__N0SRODQD,1,DeepFakeDetection
FaceForensics++_C23/DeepFakeDetection/15_12__talking_angry_couch__RK17XFJ9.mp4,ffpp_DeepFakeDetection_15_12__talking_angry_couch__RK17XFJ9,1,DeepFakeDetection
FaceForensics++_C23/DeepFakeDetection/15_12__walking_down_indoor_hall_disgust__RK17XFJ9.mp4,ffpp_DeepFakeDetection_15_12__walking_down_indoor_hall_disgust__RK17XFJ9,1,DeepFakeDetection
FaceForensics++_C23/DeepFakeDetection/15_12__walking_down_street_outside_angry__N0SRODQD.mp4,ffpp_DeepFakeDetection_15_12__walking_down_street_outside_angry__N0SRODQD,1,DeepFakeDetection
FaceForensics++_C23/DeepFakeDetection/15_13__kitchen_pan__X0EIIJF7.mp4,ffpp_DeepFakeDetection_15_13__kitchen_pan__X0EIIJF7,1,DeepFakeDetection
FaceForensics++_C23/DeepFakeDetection/15_14__exit_phone_room__OMLZILK3.mp4,ffpp_DeepFakeDetection_15_14__exit_phone_room__OMLZILK3,1,DeepFakeDetection
FaceForensics++_C23/DeepFakeDetection/15_14__exit_phone_room__RNHLLKSQ.mp4,ffpp_DeepFakeDetection_15_14__exit_phone_room__RNHLLKSQ,1,DeepFakeDetection
FaceForensics++_C23/DeepFakeDetection/15_14__talking_against_wall__4SO1CSAM.mp4,ffpp_DeepFakeDetection_15_14__talking_against_wall__4SO1CSAM,1,DeepFakeDetection
FaceForensics++_C23/DeepFakeDetection/15_18__kitchen_still__V5VHLCOW.mp4,ffpp_DeepFakeDetection_15_18__kitchen_still__V5VHLCOW,1,DeepFakeDetection
FaceForensics++_C23/DeepFakeDetection/15_18__talking_angry_couch__V5VHLCOW.mp4,ffpp_DeepFakeDetection_15_18__talking_angry_couch__V5VHLCOW,1,DeepFakeDetection
FaceForensics++_C23/DeepFakeDetection/15_18__walking_down_indoor_hall_disgust__V5VHLCOW.mp4,ffpp_DeepFakeDetection_15_18__walking_down_indoor_hall_disgust__V5VHLCOW,1,DeepFakeDetection
FaceForensics++_C23/DeepFakeDetection/15_20__kitchen_pan__99NHTFBM.mp4,ffpp_DeepFakeDetection_15_20__kitchen_pan__99NHTFBM,1,DeepFakeDetection
FaceForensics++_C23/DeepFakeDetection/15_20__outside_talking_pan_laughing__99NHTFBM.mp4,ffpp_DeepFakeDetection_15_20__outside_talking_pan_laughing__99NHTFBM,1,DeepFakeDetection
FaceForensics++_C23/DeepFakeDetection/15_20__outside_talking_still_laughing__99NHTFBM.mp4,ffpp_DeepFakeDetection_15_20__outside_talking_still_laughing__99NHTFBM,1,DeepFakeDetection
FaceForensics++_C23/DeepFakeDetection/15_20__walking_down_indoor_hall_disgust__CYD62VPP.mp4,ffpp_DeepFakeDetection_15_20__walking_down_indoor_hall_disgust__CYD62VPP,1,DeepFakeDetection
FaceForensics++_C23/DeepFakeDetection/15_21__kitchen_pan__87WSBJP3.mp4,ffpp_DeepFakeDetection_15_21__kitchen_pan__87WSBJP3,1,DeepFakeDetection
FaceForensics++_C23/DeepFakeDetection/15_25__talking_angry_couch__FF95NMIQ.mp4,ffpp_DeepFakeDetection_15_25__talking_angry_couch__FF95NMIQ,1,DeepFakeDetection
FaceForensics++_C23/DeepFakeDetection/15_27__outside_talking_still_laughing__WZ4MLUAV.mp4,ffpp_DeepFakeDetection_15_27__outside_talking_still_laughing__WZ4MLUAV,1,DeepFakeDetection
FaceForensics++_C23/DeepFakeDetection/15_27__podium_speech_happy__2ERUWYH8.mp4,ffpp_DeepFakeDetection_15_27__podium_speech_happy__2ERUWYH8,1,DeepFakeDetection
FaceForensics++_C23/DeepFakeDetection/16_05__kitchen_still__053HPS1G.mp4,ffpp_DeepFakeDetection_16_05__kitchen_still__053HPS1G,1,DeepFakeDetection
FaceForensics++_C23/DeepFakeDetection/16_05__outside_talking_pan_laughing__053HPS1G.mp4,ffpp_DeepFakeDetection_16_05__outside_talking_pan_laughing__053HPS1G,1,DeepFakeDetection
FaceForensics++_C23/DeepFakeDetection/16_05__walking_down_street_outside_angry__BY646B4R.mp4,ffpp_DeepFakeDetection_16_05__walking_down_street_outside_angry__BY646B4R,1,DeepFakeDetection
FaceForensics++_C23/DeepFakeDetection/16_05__walking_outside_cafe_disgusted__053HPS1G.mp4,ffpp_DeepFakeDetection_16_05__walking_outside_cafe_disgusted__053HPS1G,1,DeepFakeDetection
FaceForensics++_C23/DeepFakeDetection/16_08__kitchen_still__8Q7JCS95.mp4,ffpp_DeepFakeDetection_16_08__kitchen_still__8Q7JCS95,1,DeepFakeDetection
FaceForensics++_C23/DeepFakeDetection/16_17__exit_phone_room__S7UMSIQV.mp4,ffpp_DeepFakeDetection_16_17__exit_phone_room__S7UMSIQV,1,DeepFakeDetection
FaceForensics++_C23/DeepFakeDetection/16_17__walking_outside_cafe_disgusted__S7UMSIQV.mp4,ffpp_DeepFakeDetection_16_17__walking_outside_cafe_disgusted__S7UMSIQV,1,DeepFakeDetection
FaceForensics++_C23/DeepFakeDetection/16_28__hugging_happy__X5FNCYON.mp4,ffpp_DeepFakeDetection_16_28__hugging_happy__X5FNCYON,1,DeepFakeDetection
FaceForensics++_C23/DeepFakeDetection/16_28__outside_talking_pan_laughing__X5FNCYON.mp4,ffpp_DeepFakeDetection_16_28__outside_talking_pan_laughing__X5FNCYON,1,DeepFakeDetection
FaceForensics++_C23/DeepFakeDetection/17_05__walk_down_hall_angry__YTJYYDO9.mp4,ffpp_DeepFakeDetection_17_05__walk_down_hall_angry__YTJYYDO9,1,DeepFakeDetection
FaceForensics++_C23/DeepFakeDetection/17_08__exit_phone_room__CFIY1YEQ.mp4,ffpp_DeepFakeDetection_17_08__exit_phone_room__CFIY1YEQ,1,DeepFakeDetection
FaceForensics++_C23/DeepFakeDetection/17_08__hugging_happy__05AN86QA.mp4,ffpp_DeepFakeDetection_17_08__hugging_happy__05AN86QA,1,DeepFakeDetection
FaceForensics++_C23/DeepFakeDetection/17_08__outside_talking_still_laughing__PBVFRHF5.mp4,ffpp_DeepFakeDetection_17_08__outside_talking_still_laughing__PBVFRHF5,1,DeepFakeDetection
FaceForensics++_C23/DeepFakeDetection/17_08__podium_speech_happy__ISS1V0B1.mp4,ffpp_DeepFakeDetection_17_08__podium_speech_happy__ISS1V0B1,1,DeepFakeDetection
FaceForensics++_C23/DeepFakeDetection/17_08__talking_against_wall__QOX5NWIJ.mp4,ffpp_DeepFakeDetection_17_08__talking_against_wall__QOX5NWIJ,1,DeepFakeDetection
FaceForensics++_C23/DeepFakeDetection/17_08__talking_angry_couch__05AN86QA.mp4,ffpp_DeepFakeDetection_17_08__talking_angry_couch__05AN86QA,1,DeepFakeDetection
FaceForensics++_C23/DeepFakeDetection/17_08__walking_down_indoor_hall_disgust__JZYRLJ8T.mp4,ffpp_DeepFakeDetection_17_08__walking_down_indoor_hall_disgust__JZYRLJ8T,1,DeepFakeDetection
FaceForensics++_C23/DeepFakeDetection/17_16__exit_phone_room__S7UMSIQV.mp4,ffpp_DeepFakeDetection_17_16__exit_phone_room__S7UMSIQV,1,DeepFakeDetection
FaceForensics++_C23/DeepFakeDetection/17_16__hugging_happy__S7UMSIQV.mp4,ffpp_DeepFakeDetection_17_16__hugging_happy__S7UMSIQV,1,DeepFakeDetection
FaceForensics++_C23/DeepFakeDetection/17_16__podium_speech_happy__EWJJTZHY.mp4,ffpp_DeepFakeDetection_17_16__podium_speech_happy__EWJJTZHY,1,DeepFakeDetection
FaceForensics++_C23/DeepFakeDetection/17_16__walk_down_hall_angry__EWJJTZHY.mp4,ffpp_DeepFakeDetection_17_16__walk_down_hall_angry__EWJJTZHY,1,DeepFakeDetection
FaceForensics++_C23/DeepFakeDetection/17_16__walk_down_hall_angry__P141P1QH.mp4,ffpp_DeepFakeDetection_17_16__walk_down_hall_angry__P141P1QH,1,DeepFakeDetection
FaceForensics++_C23/DeepFakeDetection/17_16__walking_down_indoor_hall_disgust__S7UMSIQV.mp4,ffpp_DeepFakeDetection_17_16__walking_down_indoor_hall_disgust__S7UMSIQV,1,DeepFakeDetection
FaceForensics++_C23/DeepFakeDetection/18_02__exit_phone_room__B95S4G6F.mp4,ffpp_DeepFakeDetection_18_02__exit_phone_room__B95S4G6F,1,DeepFakeDetection
FaceForensics++_C23/DeepFakeDetection/18_02__kitchen_still__B95S4G6F.mp4,ffpp_DeepFakeDetection_18_02__kitchen_still__B95S4G6F,1,DeepFakeDetection
FaceForensics++_C23/DeepFakeDetection/18_02__secret_conversation__B95S4G6F.mp4,ffpp_DeepFakeDetection_18_02__secret_conversation__B95S4G6F,1,DeepFakeDetection
FaceForensics++_C23/DeepFakeDetection/18_03__exit_phone_room__22UBC0BS.mp4,ffpp_DeepFakeDetection_18_03__exit_phone_room__22UBC0BS,1,DeepFakeDetection
FaceForensics++_C23/DeepFakeDetection/18_03__exit_phone_room__32DBR8L4.mp4,ffpp_DeepFakeDetection_18_03__exit_phone_room__32DBR8L4,1,DeepFakeDetection
FaceForensics++_C23/DeepFakeDetection/18_03__kitchen_still__22UBC0BS.mp4,ffpp_DeepFakeDetection_18_03__kitchen_still__22UBC0BS,1,DeepFakeDetection
FaceForensics++_C23/DeepFakeDetection/18_03__secret_conversation__32DBR8L4.mp4,ffpp_DeepFakeDetection_18_03__secret_conversation__32DBR8L4,1,DeepFakeDetection
FaceForensics++_C23/DeepFakeDetection/18_03__walking_down_street_outside_angry__22UBC0BS.mp4,ffpp_DeepFakeDetection_18_03__walking_down_street_outside_angry__22UBC0BS,1,DeepFakeDetection
FaceForensics++_C23/DeepFakeDetection/18_04__talking_against_wall__6J3ZFEJQ.mp4,ffpp_DeepFakeDetection_18_04__talking_against_wall__6J3ZFEJQ,1,DeepFakeDetection
FaceForensics++_C23/DeepFakeDetection/18_04__walking_outside_cafe_disgusted__6J3ZFEJQ.mp4,ffpp_DeepFakeDetection_18_04__walking_outside_cafe_disgusted__6J3ZFEJQ,1,DeepFakeDetection
FaceForensics++_C23/DeepFakeDetection/18_06__kitchen_pan__XJ76YU5A.mp4,ffpp_DeepFakeDetection_18_06__kitchen_pan__XJ76YU5A,1,DeepFakeDetection
FaceForensics++_C23/DeepFakeDetection/18_06__outside_talking_pan_laughing__DEA1TCLN.mp4,ffpp_DeepFakeDetection_18_06__outside_talking_pan_laughing__DEA1TCLN,1,DeepFakeDetection
FaceForensics++_C23/DeepFakeDetection/18_06__podium_speech_happy__M36D0OJT.mp4,ffpp_DeepFakeDetection_18_06__podium_speech_happy__M36D0OJT,1,DeepFakeDetection
FaceForensics++_C23/DeepFakeDetection/18_06__walking_down_street_outside_angry__MVXBDKGB.mp4,ffpp_DeepFakeDetection_18_06__walking_down_street_outside_angry__MVXBDKGB,1,DeepFakeDetection
FaceForensics++_C23/DeepFakeDetection/18_06__walking_outside_cafe_disgusted__OWJY9LQU.mp4,ffpp_DeepFakeDetection_18_06__walking_outside_cafe_disgusted__OWJY9LQU,1,DeepFakeDetection
FaceForensics++_C23/DeepFakeDetection/18_09__exit_phone_room__3VP8836C.mp4,ffpp_DeepFakeDetection_18_09__exit_phone_room__3VP8836C,1,DeepFakeDetection
FaceForensics++_C23/DeepFakeDetection/18_09__kitchen_still__3VP8836C.mp4,ffpp_DeepFakeDetection_18_09__kitchen_still__3VP8836C,1,DeepFakeDetection
FaceForensics++_C23/DeepFakeDetection/18_09__walk_down_hall_angry__3VP8836C.mp4,ffpp_DeepFakeDetection_18_09__walk_down_hall_angry__3VP8836C,1,DeepFakeDetection
FaceForensics++_C23/DeepFakeDetection/18_09__walking_outside_cafe_disgusted__3VP8836C.mp4,ffpp_DeepFakeDetection_18_09__walking_outside_cafe_disgusted__3VP8836C,1,DeepFakeDetection
FaceForensics++_C23/DeepFakeDetection/18_11__secret_conversation__JJ1YREUN.mp4,ffpp_DeepFakeDetection_18_11__secret_conversation__JJ1YREUN,1,DeepFakeDetection
FaceForensics++_C23/DeepFakeDetection/18_11__secret_conversation__PT4YKO2R.mp4,ffpp_DeepFakeDetection_18_11__secret_conversation__PT4YKO2R,1,DeepFakeDetection
FaceForensics++_C23/DeepFakeDetection/18_11__walking_down_street_outside_angry__PT4YKO2R.mp4,ffpp_DeepFakeDetection_18_11__walking_down_street_outside_angry__PT4YKO2R,1,DeepFakeDetection
FaceForensics++_C23/DeepFakeDetection/18_11__walking_outside_cafe_disgusted__TRJUIS24.mp4,ffpp_DeepFakeDetection_18_11__walking_outside_cafe_disgusted__TRJUIS24,1,DeepFakeDetection
FaceForensics++_C23/DeepFakeDetection/18_12__outside_talking_pan_laughing__IKH1LBBY.mp4,ffpp_DeepFakeDetection_18_12__outside_talking_pan_laughing__IKH1LBBY,1,DeepFakeDetection
FaceForensics++_C23/DeepFakeDetection/18_12__outside_talking_still_laughing__IKH1LBBY.mp4,ffpp_DeepFakeDetection_18_12__outside_talking_still_laughing__IKH1LBBY,1,DeepFakeDetection
FaceForensics++_C23/DeepFakeDetection/18_14__exit_phone_room__0YRBHIKG.mp4,ffpp_DeepFakeDetection_18_14__exit_phone_room__0YRBHIKG,1,DeepFakeDetection
FaceForensics++_C23/DeepFakeDetection/18_14__outside_talking_still_laughing__6SB2BR0A.mp4,ffpp_DeepFakeDetection_18_14__outside_talking_still_laughing__6SB2BR0A,1,DeepFakeDetection
FaceForensics++_C23/DeepFakeDetection/18_14__podium_speech_happy__0YRBHIKG.mp4,ffpp_DeepFakeDetection_18_14__podium_speech_happy__0YRBHIKG,1,DeepFakeDetection
FaceForensics++_C23/DeepFakeDetection/18_14__secret_conversation__HYMNQ00Q.mp4,ffpp_DeepFakeDetection_18_14__secret_conversation__HYMNQ00Q,1,DeepFakeDetection
FaceForensics++_C23/DeepFakeDetection/18_14__talking_against_wall__0YRBHIKG.mp4,ffpp_DeepFakeDetection_18_14__talking_against_wall__0YRBHIKG,1,DeepFakeDetection
FaceForensics++_C23/DeepFakeDetection/18_15__kitchen_pan__V5VHLCOW.mp4,ffpp_DeepFakeDetection_18_15__kitchen_pan__V5VHLCOW,1,DeepFakeDetection
FaceForensics++_C23/DeepFakeDetection/18_15__kitchen_still__V5VHLCOW.mp4,ffpp_DeepFakeDetection_18_15__kitchen_still__V5VHLCOW,1,DeepFakeDetection
FaceForensics++_C23/DeepFakeDetection/18_15__outside_talking_still_laughing__V5VHLCOW.mp4,ffpp_DeepFakeDetection_18_15__outside_talking_still_laughing__V5VHLCOW,1,DeepFakeDetection
FaceForensics++_C23/DeepFakeDetection/18_15__walking_down_street_outside_angry__V5VHLCOW.mp4,ffpp_DeepFakeDetection_18_15__walking_down_street_outside_angry__V5VHLCOW,1,DeepFakeDetection
FaceForensics++_C23/DeepFakeDetection/18_25__exit_phone_room__AUC0HY5T.mp4,ffpp_DeepFakeDetection_18_25__exit_phone_room__AUC0HY5T,1,DeepFakeDetection
FaceForensics++_C23/DeepFakeDetection/18_25__outside_talking_pan_laughing__AUC0HY5T.mp4,ffpp_DeepFakeDetection_18_25__outside_talking_pan_laughing__AUC0HY5T,1,DeepFakeDetection
FaceForensics++_C23/DeepFakeDetection/18_25__walk_down_hall_angry__AUC0HY5T.mp4,ffpp_DeepFakeDetection_18_25__walk_down_hall_angry__AUC0HY5T,1,DeepFakeDetection
FaceForensics++_C23/DeepFakeDetection/18_25__walking_outside_cafe_disgusted__SEGFKFJG.mp4,ffpp_DeepFakeDetection_18_25__walking_outside_cafe_disgusted__SEGFKFJG,1,DeepFakeDetection
FaceForensics++_C23/DeepFakeDetection/18_26__kitchen_still__UMEX6HWU.mp4,ffpp_DeepFakeDetection_18_26__kitchen_still__UMEX6HWU,1,DeepFakeDetection
FaceForensics++_C23/DeepFakeDetection/18_26__outside_talking_still_laughing__UMEX6HWU.mp4,ffpp_DeepFakeDetection_18_26__outside_talking_still_laughing__UMEX6HWU,1,DeepFakeDetection
FaceForensics++_C23/DeepFakeDetection/18_26__secret_conversation__UMEX6HWU.mp4,ffpp_DeepFakeDetection_18_26__secret_conversation__UMEX6HWU,1,DeepFakeDetection
FaceForensics++_C23/DeepFakeDetection/18_26__walk_down_hall_angry__AI94QW74.mp4,ffpp_DeepFakeDetection_18_26__walk_down_hall_angry__AI94QW74,1,DeepFakeDetection
FaceForensics++_C23/DeepFakeDetection/18_26__walking_outside_cafe_disgusted__UMEX6HWU.mp4,ffpp_DeepFakeDetection_18_26__walking_outside_cafe_disgusted__UMEX6HWU,1,DeepFakeDetection
FaceForensics++_C23/DeepFakeDetection/18_27__kitchen_still__NYHE8D0J.mp4,ffpp_DeepFakeDetection_18_27__kitchen_still__NYHE8D0J,1,DeepFakeDetection
FaceForensics++_C23/DeepFakeDetection/18_27__outside_talking_still_laughing__G7OOOUCX.mp4,ffpp_DeepFakeDetection_18_27__outside_talking_still_laughing__G7OOOUCX,1,DeepFakeDetection
FaceForensics++_C23/DeepFakeDetection/18_27__walking_outside_cafe_disgusted__NYHE8D0J.mp4,ffpp_DeepFakeDetection_18_27__walking_outside_cafe_disgusted__NYHE8D0J,1,DeepFakeDetection
FaceForensics++_C23/DeepFakeDetection/19_10__exit_phone_room__IDX76N5R.mp4,ffpp_DeepFakeDetection_19_10__exit_phone_room__IDX76N5R,1,DeepFakeDetection
FaceForensics++_C23/DeepFakeDetection/19_10__podium_speech_happy__FFXB67PI.mp4,ffpp_DeepFakeDetection_19_10__podium_speech_happy__FFXB67PI,1,DeepFakeDetection
FaceForensics++_C23/DeepFakeDetection/19_10__talking_against_wall__O2IKR6YM.mp4,ffpp_DeepFakeDetection_19_10__talking_against_wall__O2IKR6YM,1,DeepFakeDetection
FaceForensics++_C23/DeepFakeDetection/19_10__walk_down_hall_angry__BVVPN5D5.mp4,ffpp_DeepFakeDetection_19_10__walk_down_hall_angry__BVVPN5D5,1,DeepFakeDetection
FaceForensics++_C23/DeepFakeDetection/19_22__outside_talking_pan_laughing__VK6BF5NV.mp4,ffpp_DeepFakeDetection_19_22__outside_talking_pan_laughing__VK6BF5NV,1,DeepFakeDetection
FaceForensics++_C23/DeepFakeDetection/19_22__talking_against_wall__VK6BF5NV.mp4,ffpp_DeepFakeDetection_19_22__talking_against_wall__VK6BF5NV,1,DeepFakeDetection
FaceForensics++_C23/DeepFakeDetection/19_23__kitchen_pan__H4SUVFTL.mp4,ffpp_DeepFakeDetection_19_23__kitchen_pan__H4SUVFTL,1,DeepFakeDetection
FaceForensics++_C23/DeepFakeDetection/19_23__kitchen_pan__WHQ1229T.mp4,ffpp_DeepFakeDetection_19_23__kitchen_pan__WHQ1229T,1,DeepFakeDetection
FaceForensics++_C23/DeepFakeDetection/19_23__outside_talking_pan_laughing__H4SUVFTL.mp4,ffpp_DeepFakeDetection_19_23__outside_talking_pan_laughing__H4SUVFTL,1,DeepFakeDetection
FaceForensics++_C23/DeepFakeDetection/19_23__talking_angry_couch__F7U8UY7V.mp4,ffpp_DeepFakeDetection_19_23__talking_angry_couch__F7U8UY7V,1,DeepFakeDetection
FaceForensics++_C23/DeepFakeDetection/19_23__walk_down_hall_angry__F7U8UY7V.mp4,ffpp_DeepFakeDetection_19_23__walk_down_hall_angry__F7U8UY7V,1,DeepFakeDetection
FaceForensics++_C23/DeepFakeDetection/19_23__walking_outside_cafe_disgusted__F7U8UY7V.mp4,ffpp_DeepFakeDetection_19_23__walking_outside_cafe_disgusted__F7U8UY7V,1,DeepFakeDetection
FaceForensics++_C23/DeepFakeDetection/19_23__walking_outside_cafe_disgusted__WHQ1229T.mp4,ffpp_DeepFakeDetection_19_23__walking_outside_cafe_disgusted__WHQ1229T,1,DeepFakeDetection
FaceForensics++_C23/DeepFakeDetection/19_24__kitchen_pan__NPZW2Z9L.mp4,ffpp_DeepFakeDetection_19_24__kitchen_pan__NPZW2Z9L,1,DeepFakeDetection
FaceForensics++_C23/DeepFakeDetection/19_24__kitchen_pan__QD5K7BP2.mp4,ffpp_DeepFakeDetection_19_24__kitchen_pan__QD5K7BP2,1,DeepFakeDetection
FaceForensics++_C23/DeepFakeDetection/19_24__kitchen_still__GNHYZ84G.mp4,ffpp_DeepFakeDetection_19_24__kitchen_still__GNHYZ84G,1,DeepFakeDetection
FaceForensics++_C23/DeepFakeDetection/19_24__outside_talking_pan_laughing__59PN7WZ2.mp4,ffpp_DeepFakeDetection_19_24__outside_talking_pan_laughing__59PN7WZ2,1,DeepFakeDetection
FaceForensics++_C23/DeepFakeDetection/19_24__outside_talking_pan_laughing__OF8LF68K.mp4,ffpp_DeepFakeDetection_19_24__outside_talking_pan_laughing__OF8LF68K,1,DeepFakeDetection
FaceForensics++_C23/DeepFakeDetection/19_24__outside_talking_still_laughing__59PN7WZ2.mp4,ffpp_DeepFakeDetection_19_24__outside_talking_still_laughing__59PN7WZ2,1,DeepFakeDetection
FaceForensics++_C23/DeepFakeDetection/19_24__outside_talking_still_laughing__DL7X7M6I.mp4,ffpp_DeepFakeDetection_19_24__outside_talking_still_laughing__DL7X7M6I,1,DeepFakeDetection
FaceForensics++_C23/DeepFakeDetection/19_24__secret_conversation__59PN7WZ2.mp4,ffpp_DeepFakeDetection_19_24__secret_conversation__59PN7WZ2,1,DeepFakeDetection
FaceForensics++_C23/DeepFakeDetection/19_24__talking_angry_couch__W1DEM0XM.mp4,ffpp_DeepFakeDetection_19_24__talking_angry_couch__W1DEM0XM,1,DeepFakeDetection
FaceForensics++_C23/DeepFakeDetection/19_24__walk_down_hall_angry__59PN7WZ2.mp4,ffpp_DeepFakeDetection_19_24__walk_down_hall_angry__59PN7WZ2,1,DeepFakeDetection
FaceForensics++_C23/DeepFakeDetection/19_24__walk_down_hall_angry__OF8LF68K.mp4,ffpp_DeepFakeDetection_19_24__walk_down_hall_angry__OF8LF68K,1,DeepFakeDetection
FaceForensics++_C23/DeepFakeDetection/19_24__walk_down_hall_angry__RKQTC50P.mp4,ffpp_DeepFakeDetection_19_24__walk_down_hall_angry__RKQTC50P,1,DeepFakeDetection
FaceForensics++_C23/DeepFakeDetection/19_24__walk_down_hall_angry__W1DEM0XM.mp4,ffpp_DeepFakeDetection_19_24__walk_down_hall_angry__W1DEM0XM,1,DeepFakeDetection
FaceForensics++_C23/DeepFakeDetection/20_01__kitchen_pan__6UBMLXK3.mp4,ffpp_DeepFakeDetection_20_01__kitchen_pan__6UBMLXK3,1,DeepFakeDetection
FaceForensics++_C23/DeepFakeDetection/20_01__kitchen_still__FW94AIMJ.mp4,ffpp_DeepFakeDetection_20_01__kitchen_still__FW94AIMJ,1,DeepFakeDetection
FaceForensics++_C23/DeepFakeDetection/20_01__outside_talking_still_laughing__FW94AIMJ.mp4,ffpp_DeepFakeDetection_20_01__outside_talking_still_laughing__FW94AIMJ,1,DeepFakeDetection
FaceForensics++_C23/DeepFakeDetection/20_01__talking_angry_couch__FW94AIMJ.mp4,ffpp_DeepFakeDetection_20_01__talking_angry_couch__FW94AIMJ,1,DeepFakeDetection
FaceForensics++_C23/DeepFakeDetection/20_01__walking_and_outside_surprised__6UBMLXK3.mp4,ffpp_DeepFakeDetection_20_01__walking_and_outside_surprised__6UBMLXK3,1,DeepFakeDetection
FaceForensics++_C23/DeepFakeDetection/20_03__hugging_happy__Z6V05FXO.mp4,ffpp_DeepFakeDetection_20_03__hugging_happy__Z6V05FXO,1,DeepFakeDetection
FaceForensics++_C23/DeepFakeDetection/20_03__talking_angry_couch__61SVZ2J7.mp4,ffpp_DeepFakeDetection_20_03__talking_angry_couch__61SVZ2J7,1,DeepFakeDetection
FaceForensics++_C23/DeepFakeDetection/20_03__walk_down_hall_angry__61SVZ2J7.mp4,ffpp_DeepFakeDetection_20_03__walk_down_hall_angry__61SVZ2J7,1,DeepFakeDetection
FaceForensics++_C23/DeepFakeDetection/20_06__outside_talking_pan_laughing__6SUW7063.mp4,ffpp_DeepFakeDetection_20_06__outside_talking_pan_laughing__6SUW7063,1,DeepFakeDetection
FaceForensics++_C23/DeepFakeDetection/20_06__podium_speech_happy__6SUW7063.mp4,ffpp_DeepFakeDetection_20_06__podium_speech_happy__6SUW7063,1,DeepFakeDetection
FaceForensics++_C23/DeepFakeDetection/20_07__outside_talking_pan_laughing__5VT4USF9.mp4,ffpp_DeepFakeDetection_20_07__outside_talking_pan_laughing__5VT4USF9,1,DeepFakeDetection
FaceForensics++_C23/DeepFakeDetection/20_09__kitchen_pan__HG1S0KHA.mp4,ffpp_DeepFakeDetection_20_09__kitchen_pan__HG1S0KHA,1,DeepFakeDetection
FaceForensics++_C23/DeepFakeDetection/20_09__kitchen_pan__MKEWB4SM.mp4,ffpp_DeepFakeDetection_20_09__kitchen_pan__MKEWB4SM,1,DeepFakeDetection
FaceForensics++_C23/DeepFakeDetection/20_09__outside_talking_pan_laughing__MKEWB4SM.mp4,ffpp_DeepFakeDetection_20_09__outside_talking_pan_laughing__MKEWB4SM,1,DeepFakeDetection
FaceForensics++_C23/DeepFakeDetection/20_09__outside_talking_still_laughing__98NUQ3E6.mp4,ffpp_DeepFakeDetection_20_09__outside_talking_still_laughing__98NUQ3E6,1,DeepFakeDetection
FaceForensics++_C23/DeepFakeDetection/20_09__podium_speech_happy__RAGUKRMK.mp4,ffpp_DeepFakeDetection_20_09__podium_speech_happy__RAGUKRMK,1,DeepFakeDetection
FaceForensics++_C23/DeepFakeDetection/20_09__walk_down_hall_angry__RAGUKRMK.mp4,ffpp_DeepFakeDetection_20_09__walk_down_hall_angry__RAGUKRMK,1,DeepFakeDetection
FaceForensics++_C23/DeepFakeDetection/20_09__walking_down_indoor_hall_disgust__0IRM5ADD.mp4,ffpp_DeepFakeDetection_20_09__walking_down_indoor_hall_disgust__0IRM5ADD,1,DeepFakeDetection
FaceForensics++_C23/DeepFakeDetection/20_09__walking_down_indoor_hall_disgust__RAGUKRMK.mp4,ffpp_DeepFakeDetection_20_09__walking_down_indoor_hall_disgust__RAGUKRMK,1,DeepFakeDetection
FaceForensics++_C23/DeepFakeDetection/20_12__kitchen_still__VD7BCF1U.mp4,ffpp_DeepFakeDetection_20_12__kitchen_still__VD7BCF1U,1,DeepFakeDetection
FaceForensics++_C23/DeepFakeDetection/20_12__outside_talking_pan_laughing__VD7BCF1U.mp4,ffpp_DeepFakeDetection_20_12__outside_talking_pan_laughing__VD7BCF1U,1,DeepFakeDetection
FaceForensics++_C23/DeepFakeDetection/20_12__walk_down_hall_angry__B0X1CGG2.mp4,ffpp_DeepFakeDetection_20_12__walk_down_hall_angry__B0X1CGG2,1,DeepFakeDetection
FaceForensics++_C23/DeepFakeDetection/20_13__hugging_happy__C50CSOEX.mp4,ffpp_DeepFakeDetection_20_13__hugging_happy__C50CSOEX,1,DeepFakeDetection
FaceForensics++_C23/DeepFakeDetection/20_13__hugging_happy__HQHYKNGK.mp4,ffpp_DeepFakeDetection_20_13__hugging_happy__HQHYKNGK,1,DeepFakeDetection
FaceForensics++_C23/DeepFakeDetection/20_13__kitchen_pan__4SAX54BT.mp4,ffpp_DeepFakeDetection_20_13__kitchen_pan__4SAX54BT,1,DeepFakeDetection
FaceForensics++_C23/DeepFakeDetection/20_13__kitchen_still__NJEO6L5O.mp4,ffpp_DeepFakeDetection_20_13__kitchen_still__NJEO6L5O,1,DeepFakeDetection
FaceForensics++_C23/DeepFakeDetection/20_13__outside_talking_still_laughing__LXLR1B6N.mp4,ffpp_DeepFakeDetection_20_13__outside_talking_still_laughing__LXLR1B6N,1,DeepFakeDetection
FaceForensics++_C23/DeepFakeDetection/20_13__walk_down_hall_angry__4SAX54BT.mp4,ffpp_DeepFakeDetection_20_13__walk_down_hall_angry__4SAX54BT,1,DeepFakeDetection
FaceForensics++_C23/DeepFakeDetection/20_13__walk_down_hall_angry__HQHYKNGK.mp4,ffpp_DeepFakeDetection_20_13__walk_down_hall_angry__HQHYKNGK,1,DeepFakeDetection
FaceForensics++_C23/DeepFakeDetection/20_13__walking_down_indoor_hall_disgust__NJEO6L5O.mp4,ffpp_DeepFakeDetection_20_13__walking_down_indoor_hall_disgust__NJEO6L5O,1,DeepFakeDetection
FaceForensics++_C23/DeepFakeDetection/20_13__walking_down_indoor_hall_disgust__VO2YZXLN.mp4,ffpp_DeepFakeDetection_20_13__walking_down_indoor_hall_disgust__VO2YZXLN,1,DeepFakeDetection
FaceForensics++_C23/DeepFakeDetection/20_14__outside_talking_pan_laughing__R7SPX6OK.mp4,ffpp_DeepFakeDetection_20_14__outside_talking_pan_laughing__R7SPX6OK,1,DeepFakeDetection
FaceForensics++_C23/DeepFakeDetection/20_14__podium_speech_happy__B014BKVO.mp4,ffpp_DeepFakeDetection_20_14__podium_speech_happy__B014BKVO,1,DeepFakeDetection
FaceForensics++_C23/DeepFakeDetection/20_14__talking_angry_couch__R7SPX6OK.mp4,ffpp_DeepFakeDetection_20_14__talking_angry_couch__R7SPX6OK,1,DeepFakeDetection
FaceForensics++_C23/DeepFakeDetection/20_15__outside_talking_pan_laughing__99NHTFBM.mp4,ffpp_DeepFakeDetection_20_15__outside_talking_pan_laughing__99NHTFBM,1,DeepFakeDetection
FaceForensics++_C23/DeepFakeDetection/20_15__podium_speech_happy__99NHTFBM.mp4,ffpp_DeepFakeDetection_20_15__podium_speech_happy__99NHTFBM,1,DeepFakeDetection
FaceForensics++_C23/DeepFakeDetection/20_15__secret_conversation__99NHTFBM.mp4,ffpp_DeepFakeDetection_20_15__secret_conversation__99NHTFBM,1,DeepFakeDetection
FaceForensics++_C23/DeepFakeDetection/20_15__walking_down_indoor_hall_disgust__99NHTFBM.mp4,ffpp_DeepFakeDetection_20_15__walking_down_indoor_hall_disgust__99NHTFBM,1,DeepFakeDetection
FaceForensics++_C23/DeepFakeDetection/20_15__walking_down_indoor_hall_disgust__CYD62VPP.mp4,ffpp_DeepFakeDetection_20_15__walking_down_indoor_hall_disgust__CYD62VPP,1,DeepFakeDetection
FaceForensics++_C23/DeepFakeDetection/20_15__walking_outside_cafe_disgusted__99NHTFBM.mp4,ffpp_DeepFakeDetection_20_15__walking_outside_cafe_disgusted__99NHTFBM,1,DeepFakeDetection
FaceForensics++_C23/DeepFakeDetection/20_18__outside_talking_pan_laughing__8BMQOD7S.mp4,ffpp_DeepFakeDetection_20_18__outside_talking_pan_laughing__8BMQOD7S,1,DeepFakeDetection
FaceForensics++_C23/DeepFakeDetection/20_18__walking_down_indoor_hall_disgust__8BMQOD7S.mp4,ffpp_DeepFakeDetection_20_18__walking_down_indoor_hall_disgust__8BMQOD7S,1,DeepFakeDetection
FaceForensics++_C23/DeepFakeDetection/20_21__kitchen_still__ZCB5OMEW.mp4,ffpp_DeepFakeDetection_20_21__kitchen_still__ZCB5OMEW,1,DeepFakeDetection
FaceForensics++_C23/DeepFakeDetection/20_21__secret_conversation__ZCB5OMEW.mp4,ffpp_DeepFakeDetection_20_21__secret_conversation__ZCB5OMEW,1,DeepFakeDetection
FaceForensics++_C23/DeepFakeDetection/20_21__walking_down_indoor_hall_disgust__ZCB5OMEW.mp4,ffpp_DeepFakeDetection_20_21__walking_down_indoor_hall_disgust__ZCB5OMEW,1,DeepFakeDetection
FaceForensics++_C23/DeepFakeDetection/20_21__walking_down_street_outside_angry__ZCB5OMEW.mp4,ffpp_DeepFakeDetection_20_21__walking_down_street_outside_angry__ZCB5OMEW,1,DeepFakeDetection
FaceForensics++_C23/DeepFakeDetection/20_25__exit_phone_room__M86GQTHK.mp4,ffpp_DeepFakeDetection_20_25__exit_phone_room__M86GQTHK,1,DeepFakeDetection
FaceForensics++_C23/DeepFakeDetection/20_25__exit_phone_room__MUS0X71T.mp4,ffpp_DeepFakeDetection_20_25__exit_phone_room__MUS0X71T,1,DeepFakeDetection
FaceForensics++_C23/DeepFakeDetection/20_25__outside_talking_pan_laughing__M86GQTHK.mp4,ffpp_DeepFakeDetection_20_25__outside_talking_pan_laughing__M86GQTHK,1,DeepFakeDetection
FaceForensics++_C23/DeepFakeDetection/20_25__outside_talking_still_laughing__DW2L6D2V.mp4,ffpp_DeepFakeDetection_20_25__outside_talking_still_laughing__DW2L6D2V,1,DeepFakeDetection
FaceForensics++_C23/DeepFakeDetection/20_25__outside_talking_still_laughing__M786RTSM.mp4,ffpp_DeepFakeDetection_20_25__outside_talking_still_laughing__M786RTSM,1,DeepFakeDetection
FaceForensics++_C23/DeepFakeDetection/20_25__outside_talking_still_laughing__RSCD7KXO.mp4,ffpp_DeepFakeDetection_20_25__outside_talking_still_laughing__RSCD7KXO,1,DeepFakeDetection
FaceForensics++_C23/DeepFakeDetection/20_25__talking_against_wall__AMY6M1KL.mp4,ffpp_DeepFakeDetection_20_25__talking_against_wall__AMY6M1KL,1,DeepFakeDetection
FaceForensics++_C23/DeepFakeDetection/20_25__walk_down_hall_angry__DW2L6D2V.mp4,ffpp_DeepFakeDetection_20_25__walk_down_hall_angry__DW2L6D2V,1,DeepFakeDetection
FaceForensics++_C23/DeepFakeDetection/20_25__walking_and_outside_surprised__RSCD7KXO.mp4,ffpp_DeepFakeDetection_20_25__walking_and_outside_surprised__RSCD7KXO,1,DeepFakeDetection
FaceForensics++_C23/DeepFakeDetection/20_25__walking_down_street_outside_angry__ZG0SRZOA.mp4,ffpp_DeepFakeDetection_20_25__walking_down_street_outside_angry__ZG0SRZOA,1,DeepFakeDetection
FaceForensics++_C23/DeepFakeDetection/20_26__outside_talking_pan_laughing__2VS0S1P5.mp4,ffpp_DeepFakeDetection_20_26__outside_talking_pan_laughing__2VS0S1P5,1,DeepFakeDetection
FaceForensics++_C23/DeepFakeDetection/20_26__outside_talking_pan_laughing__KGFLR0PH.mp4,ffpp_DeepFakeDetection_20_26__outside_talking_pan_laughing__KGFLR0PH,1,DeepFakeDetection
FaceForensics++_C23/DeepFakeDetection/20_26__talking_angry_couch__01OJA93K.mp4,ffpp_DeepFakeDetection_20_26__talking_angry_couch__01OJA93K,1,DeepFakeDetection
FaceForensics++_C23/DeepFakeDetection/20_26__talking_angry_couch__34DJQS3E.mp4,ffpp_DeepFakeDetection_20_26__talking_angry_couch__34DJQS3E,1,DeepFakeDetection
FaceForensics++_C23/DeepFakeDetection/20_27__kitchen_pan__LM907ECA.mp4,ffpp_DeepFakeDetection_20_27__kitchen_pan__LM907ECA,1,DeepFakeDetection
FaceForensics++_C23/DeepFakeDetection/21_01__kitchen_pan__03X7CELV.mp4,ffpp_DeepFakeDetection_21_01__kitchen_pan__03X7CELV,1,DeepFakeDetection
FaceForensics++_C23/DeepFakeDetection/21_01__walk_down_hall_angry__03X7CELV.mp4,ffpp_DeepFakeDetection_21_01__walk_down_hall_angry__03X7CELV,1,DeepFakeDetection
FaceForensics++_C23/DeepFakeDetection/21_02__kitchen_pan__Z0XHPQAR.mp4,ffpp_DeepFakeDetection_21_02__kitchen_pan__Z0XHPQAR,1,DeepFakeDetection
FaceForensics++_C23/DeepFakeDetection/21_02__talking_angry_couch__Z0XHPQAR.mp4,ffpp_DeepFakeDetection_21_02__talking_angry_couch__Z0XHPQAR,1,DeepFakeDetection
FaceForensics++_C23/DeepFakeDetection/21_03__hugging_happy__TEV3HIHZ.mp4,ffpp_DeepFakeDetection_21_03__hugging_happy__TEV3HIHZ,1,DeepFakeDetection
FaceForensics++_C23/DeepFakeDetection/21_03__kitchen_still__V53E3RVB.mp4,ffpp_DeepFakeDetection_21_03__kitchen_still__V53E3RVB,1,DeepFakeDetection
FaceForensics++_C23/DeepFakeDetection/21_03__outside_talking_still_laughing__V53E3RVB.mp4,ffpp_DeepFakeDetection_21_03__outside_talking_still_laughing__V53E3RVB,1,DeepFakeDetection
FaceForensics++_C23/DeepFakeDetection/21_03__walk_down_hall_angry__TEV3HIHZ.mp4,ffpp_DeepFakeDetection_21_03__walk_down_hall_angry__TEV3HIHZ,1,DeepFakeDetection
FaceForensics++_C23/DeepFakeDetection/21_03__walking_down_street_outside_angry__YCSEBZO4.mp4,ffpp_DeepFakeDetection_21_03__walking_down_street_outside_angry__YCSEBZO4,1,DeepFakeDetection
FaceForensics++_C23/DeepFakeDetection/21_04__talking_angry_couch__HY1VWEJK.mp4,ffpp_DeepFakeDetection_21_04__talking_angry_couch__HY1VWEJK,1,DeepFakeDetection
FaceForensics++_C23/DeepFakeDetection/21_06__walking_down_indoor_hall_disgust__058I9NIZ.mp4,ffpp_DeepFakeDetection_21_06__walking_down_indoor_hall_disgust__058I9NIZ,1,DeepFakeDetection
FaceForensics++_C23/DeepFakeDetection/21_06__walking_outside_cafe_disgusted__058I9NIZ.mp4,ffpp_DeepFakeDetection_21_06__walking_outside_cafe_disgusted__058I9NIZ,1,DeepFakeDetection
FaceForensics++_C23/DeepFakeDetection/21_07__exit_phone_room__K7KXUHMU.mp4,ffpp_DeepFakeDetection_21_07__exit_phone_room__K7KXUHMU,1,DeepFakeDetection
FaceForensics++_C23/DeepFakeDetection/21_07__exit_phone_room__MKU99DVX.mp4,ffpp_DeepFakeDetection_21_07__exit_phone_room__MKU99DVX,1,DeepFakeDetection
FaceForensics++_C23/DeepFakeDetection/21_07__kitchen_pan__K7KXUHMU.mp4,ffpp_DeepFakeDetection_21_07__kitchen_pan__K7KXUHMU,1,DeepFakeDetection
FaceForensics++_C23/DeepFakeDetection/21_07__kitchen_still__K7KXUHMU.mp4,ffpp_DeepFakeDetection_21_07__kitchen_still__K7KXUHMU,1,DeepFakeDetection
FaceForensics++_C23/DeepFakeDetection/21_07__talking_against_wall__CRGVSDBI.mp4,ffpp_DeepFakeDetection_21_07__talking_against_wall__CRGVSDBI,1,DeepFakeDetection
FaceForensics++_C23/DeepFakeDetection/21_07__talking_angry_couch__MKU99DVX.mp4,ffpp_DeepFakeDetection_21_07__talking_angry_couch__MKU99DVX,1,DeepFakeDetection
FaceForensics++_C23/DeepFakeDetection/21_07__walking_down_street_outside_angry__MKU99DVX.mp4,ffpp_DeepFakeDetection_21_07__walking_down_street_outside_angry__MKU99DVX,1,DeepFakeDetection
FaceForensics++_C23/DeepFakeDetection/21_09__hugging_happy__O9ER29Z6.mp4,ffpp_DeepFakeDetection_21_09__hugging_happy__O9ER29Z6,1,DeepFakeDetection
FaceForensics++_C23/DeepFakeDetection/21_09__kitchen_pan__Z8H2TRCI.mp4,ffpp_DeepFakeDetection_21_09__kitchen_pan__Z8H2TRCI,1,DeepFakeDetection
FaceForensics++_C23/DeepFakeDetection/21_09__kitchen_still__LBQF8ZN1.mp4,ffpp_DeepFakeDetection_21_09__kitchen_still__LBQF8ZN1,1,DeepFakeDetection
FaceForensics++_C23/DeepFakeDetection/21_09__outside_talking_still_laughing__O9ER29Z6.mp4,ffpp_DeepFakeDetection_21_09__outside_talking_still_laughing__O9ER29Z6,1,DeepFakeDetection
FaceForensics++_C23/DeepFakeDetection/21_09__talking_against_wall__JEELOMN2.mp4,ffpp_DeepFakeDetection_21_09__talking_against_wall__JEELOMN2,1,DeepFakeDetection
FaceForensics++_C23/DeepFakeDetection/21_09__talking_against_wall__LBQF8ZN1.mp4,ffpp_DeepFakeDetection_21_09__talking_against_wall__LBQF8ZN1,1,DeepFakeDetection
FaceForensics++_C23/DeepFakeDetection/21_09__walking_down_street_outside_angry__JEELOMN2.mp4,ffpp_DeepFakeDetection_21_09__walking_down_street_outside_angry__JEELOMN2,1,DeepFakeDetection
FaceForensics++_C23/DeepFakeDetection/21_09__walking_outside_cafe_disgusted__J7SQKGUR.mp4,ffpp_DeepFakeDetection_21_09__walking_outside_cafe_disgusted__J7SQKGUR,1,DeepFakeDetection
FaceForensics++_C23/DeepFakeDetection/21_09__walking_outside_cafe_disgusted__JEELOMN2.mp4,ffpp_DeepFakeDetection_21_09__walking_outside_cafe_disgusted__JEELOMN2,1,DeepFakeDetection
FaceForensics++_C23/DeepFakeDetection/21_09__walking_outside_cafe_disgusted__Z8H2TRCI.mp4,ffpp_DeepFakeDetection_21_09__walking_outside_cafe_disgusted__Z8H2TRCI,1,DeepFakeDetection
FaceForensics++_C23/DeepFakeDetection/21_11__podium_speech_happy__T7DK03O1.mp4,ffpp_DeepFakeDetection_21_11__podium_speech_happy__T7DK03O1,1,DeepFakeDetection
FaceForensics++_C23/DeepFakeDetection/21_11__walking_down_indoor_hall_disgust__T7DK03O1.mp4,ffpp_DeepFakeDetection_21_11__walking_down_indoor_hall_disgust__T7DK03O1,1,DeepFakeDetection
FaceForensics++_C23/DeepFakeDetection/21_11__walking_down_street_outside_angry__USLHUQDI.mp4,ffpp_DeepFakeDetection_21_11__walking_down_street_outside_angry__USLHUQDI,1,DeepFakeDetection
FaceForensics++_C23/DeepFakeDetection/21_11__walking_outside_cafe_disgusted__T7DK03O1.mp4,ffpp_DeepFakeDetection_21_11__walking_outside_cafe_disgusted__T7DK03O1,1,DeepFakeDetection
FaceForensics++_C23/DeepFakeDetection/21_14__exit_phone_room__IRKML4J0.mp4,ffpp_DeepFakeDetection_21_14__exit_phone_room__IRKML4J0,1,DeepFakeDetection
FaceForensics++_C23/DeepFakeDetection/21_14__hugging_happy__N0WM4GSV.mp4,ffpp_DeepFakeDetection_21_14__hugging_happy__N0WM4GSV,1,DeepFakeDetection
FaceForensics++_C23/DeepFakeDetection/21_14__kitchen_still__IRKML4J0.mp4,ffpp_DeepFakeDetection_21_14__kitchen_still__IRKML4J0,1,DeepFakeDetection
FaceForensics++_C23/DeepFakeDetection/21_14__podium_speech_happy__N0WM4GSV.mp4,ffpp_DeepFakeDetection_21_14__podium_speech_happy__N0WM4GSV,1,DeepFakeDetection
FaceForensics++_C23/DeepFakeDetection/21_15__kitchen_pan__87WSBJP3.mp4,ffpp_DeepFakeDetection_21_15__kitchen_pan__87WSBJP3,1,DeepFakeDetection
FaceForensics++_C23/DeepFakeDetection/21_15__outside_talking_pan_laughing__87WSBJP3.mp4,ffpp_DeepFakeDetection_21_15__outside_talking_pan_laughing__87WSBJP3,1,DeepFakeDetection
FaceForensics++_C23/DeepFakeDetection/21_15__walking_down_indoor_hall_disgust__87WSBJP3.mp4,ffpp_DeepFakeDetection_21_15__walking_down_indoor_hall_disgust__87WSBJP3,1,DeepFakeDetection
FaceForensics++_C23/DeepFakeDetection/21_15__walking_outside_cafe_disgusted__87WSBJP3.mp4,ffpp_DeepFakeDetection_21_15__walking_outside_cafe_disgusted__87WSBJP3,1,DeepFakeDetection
FaceForensics++_C23/DeepFakeDetection/21_18__walking_down_indoor_hall_disgust__PQFTWVRQ.mp4,ffpp_DeepFakeDetection_21_18__walking_down_indoor_hall_disgust__PQFTWVRQ,1,DeepFakeDetection
FaceForensics++_C23/DeepFakeDetection/21_25__walk_down_hall_angry__NFBISHIN.mp4,ffpp_DeepFakeDetection_21_25__walk_down_hall_angry__NFBISHIN,1,DeepFakeDetection
FaceForensics++_C23/DeepFakeDetection/21_25__walking_down_street_outside_angry__NFBISHIN.mp4,ffpp_DeepFakeDetection_21_25__walking_down_street_outside_angry__NFBISHIN,1,DeepFakeDetection
FaceForensics++_C23/DeepFakeDetection/22_10__exit_phone_room__8YQ2EUQP.mp4,ffpp_DeepFakeDetection_22_10__exit_phone_room__8YQ2EUQP,1,DeepFakeDetection
FaceForensics++_C23/DeepFakeDetection/22_10__outside_talking_pan_laughing__8YQ2EUQP.mp4,ffpp_DeepFakeDetection_22_10__outside_talking_pan_laughing__8YQ2EUQP,1,DeepFakeDetection
FaceForensics++_C23/DeepFakeDetection/22_10__walk_down_hall_angry__FY7YI0AJ.mp4,ffpp_DeepFakeDetection_22_10__walk_down_hall_angry__FY7YI0AJ,1,DeepFakeDetection
FaceForensics++_C23/DeepFakeDetection/22_10__walking_and_outside_surprised__C1U7OY5M.mp4,ffpp_DeepFakeDetection_22_10__walking_and_outside_surprised__C1U7OY5M,1,DeepFakeDetection
FaceForensics++_C23/DeepFakeDetection/22_19__walk_down_hall_angry__VK6BF5NV.mp4,ffpp_DeepFakeDetection_22_19__walk_down_hall_angry__VK6BF5NV,1,DeepFakeDetection
FaceForensics++_C23/DeepFakeDetection/22_23__exit_phone_room__X2ZN5Q31.mp4,ffpp_DeepFakeDetection_22_23__exit_phone_room__X2ZN5Q31,1,DeepFakeDetection
FaceForensics++_C23/DeepFakeDetection/22_23__kitchen_pan__TU7RHG0S.mp4,ffpp_DeepFakeDetection_22_23__kitchen_pan__TU7RHG0S,1,DeepFakeDetection
FaceForensics++_C23/DeepFakeDetection/22_23__outside_talking_pan_laughing__J671JKCH.mp4,ffpp_DeepFakeDetection_22_23__outside_talking_pan_laughing__J671JKCH,1,DeepFakeDetection
FaceForensics++_C23/DeepFakeDetection/22_23__outside_talking_pan_laughing__TU7RHG0S.mp4,ffpp_DeepFakeDetection_22_23__outside_talking_pan_laughing__TU7RHG0S,1,DeepFakeDetection
FaceForensics++_C23/DeepFakeDetection/22_23__outside_talking_still_laughing__10R2HRAU.mp4,ffpp_DeepFakeDetection_22_23__outside_talking_still_laughing__10R2HRAU,1,DeepFakeDetection
FaceForensics++_C23/DeepFakeDetection/22_23__outside_talking_still_laughing__W9MT3Q5K.mp4,ffpp_DeepFakeDetection_22_23__outside_talking_still_laughing__W9MT3Q5K,1,DeepFakeDetection
FaceForensics++_C23/DeepFakeDetection/22_23__walking_and_outside_surprised__NUTQ0HJ5.mp4,ffpp_DeepFakeDetection_22_23__walking_and_outside_surprised__NUTQ0HJ5,1,DeepFakeDetection
FaceForensics++_C23/DeepFakeDetection/22_24__kitchen_pan__XL557XC6.mp4,ffpp_DeepFakeDetection_22_24__kitchen_pan__XL557XC6,1,DeepFakeDetection
FaceForensics++_C23/DeepFakeDetection/22_24__outside_talking_still_laughing__XL557XC6.mp4,ffpp_DeepFakeDetection_22_24__outside_talking_still_laughing__XL557XC6,1,DeepFakeDetection
FaceForensics++_C23/DeepFakeDetection/22_24__walking_and_outside_surprised__7E3GY85F.mp4,ffpp_DeepFakeDetection_22_24__walking_and_outside_surprised__7E3GY85F,1,DeepFakeDetection
FaceForensics++_C23/DeepFakeDetection/22_24__walking_and_outside_surprised__XL557XC6.mp4,ffpp_DeepFakeDetection_22_24__walking_and_outside_surprised__XL557XC6,1,DeepFakeDetection
FaceForensics++_C23/DeepFakeDetection/22_24__walking_down_street_outside_angry__7E3GY85F.mp4,ffpp_DeepFakeDetection_22_24__walking_down_street_outside_angry__7E3GY85F,1,DeepFakeDetection
FaceForensics++_C23/DeepFakeDetection/22_24__walking_down_street_outside_angry__XL557XC6.mp4,ffpp_DeepFakeDetection_22_24__walking_down_street_outside_angry__XL557XC6,1,DeepFakeDetection
FaceForensics++_C23/DeepFakeDetection/23_10__outside_talking_pan_laughing__ZHJO34DY.mp4,ffpp_DeepFakeDetection_23_10__outside_talking_pan_laughing__ZHJO34DY,1,DeepFakeDetection
FaceForensics++_C23/DeepFakeDetection/23_19__hugging_happy__H4SUVFTL.mp4,ffpp_DeepFakeDetection_23_19__hugging_happy__H4SUVFTL,1,DeepFakeDetection
FaceForensics++_C23/DeepFakeDetection/23_19__secret_conversation__H4SUVFTL.mp4,ffpp_DeepFakeDetection_23_19__secret_conversation__H4SUVFTL,1,DeepFakeDetection
FaceForensics++_C23/DeepFakeDetection/23_19__talking_angry_couch__WHQ1229T.mp4,ffpp_DeepFakeDetection_23_19__talking_angry_couch__WHQ1229T,1,DeepFakeDetection
FaceForensics++_C23/DeepFakeDetection/23_19__walk_down_hall_angry__H4SUVFTL.mp4,ffpp_DeepFakeDetection_23_19__walk_down_hall_angry__H4SUVFTL,1,DeepFakeDetection
FaceForensics++_C23/DeepFakeDetection/23_19__walking_and_outside_surprised__F7U8UY7V.mp4,ffpp_DeepFakeDetection_23_19__walking_and_outside_surprised__F7U8UY7V,1,DeepFakeDetection
FaceForensics++_C23/DeepFakeDetection/23_19__walking_and_outside_surprised__H4SUVFTL.mp4,ffpp_DeepFakeDetection_23_19__walking_and_outside_surprised__H4SUVFTL,1,DeepFakeDetection
FaceForensics++_C23/DeepFakeDetection/23_19__walking_down_indoor_hall_disgust__H4SUVFTL.mp4,ffpp_DeepFakeDetection_23_19__walking_down_indoor_hall_disgust__H4SUVFTL,1,DeepFakeDetection
FaceForensics++_C23/DeepFakeDetection/23_19__walking_outside_cafe_disgusted__WHQ1229T.mp4,ffpp_DeepFakeDetection_23_19__walking_outside_cafe_disgusted__WHQ1229T,1,DeepFakeDetection
FaceForensics++_C23/DeepFakeDetection/23_22__kitchen_still__X2ZN5Q31.mp4,ffpp_DeepFakeDetection_23_22__kitchen_still__X2ZN5Q31,1,DeepFakeDetection
FaceForensics++_C23/DeepFakeDetection/23_22__talking_against_wall__AKZRL2QD.mp4,ffpp_DeepFakeDetection_23_22__talking_against_wall__AKZRL2QD,1,DeepFakeDetection
FaceForensics++_C23/DeepFakeDetection/23_22__walking_and_outside_surprised__J671JKCH.mp4,ffpp_DeepFakeDetection_23_22__walking_and_outside_surprised__J671JKCH,1,DeepFakeDetection
FaceForensics++_C23/DeepFakeDetection/23_24__kitchen_pan__YR5OVD4S.mp4,ffpp_DeepFakeDetection_23_24__kitchen_pan__YR5OVD4S,1,DeepFakeDetection
FaceForensics++_C23/DeepFakeDetection/23_24__kitchen_still__YR5OVD4S.mp4,ffpp_DeepFakeDetection_23_24__kitchen_still__YR5OVD4S,1,DeepFakeDetection
FaceForensics++_C23/DeepFakeDetection/23_24__talking_angry_couch__MDSDXSNU.mp4,ffpp_DeepFakeDetection_23_24__talking_angry_couch__MDSDXSNU,1,DeepFakeDetection
FaceForensics++_C23/DeepFakeDetection/23_24__talking_angry_couch__YR5OVD4S.mp4,ffpp_DeepFakeDetection_23_24__talking_angry_couch__YR5OVD4S,1,DeepFakeDetection
FaceForensics++_C23/DeepFakeDetection/24_10__walking_down_street_outside_angry__356HPS7R.mp4,ffpp_DeepFakeDetection_24_10__walking_down_street_outside_angry__356HPS7R,1,DeepFakeDetection
FaceForensics++_C23/DeepFakeDetection/24_19__exit_phone_room__0ZFOV5ZE.mp4,ffpp_DeepFakeDetection_24_19__exit_phone_room__0ZFOV5ZE,1,DeepFakeDetection
FaceForensics++_C23/DeepFakeDetection/24_19__exit_phone_room__QD5K7BP2.mp4,ffpp_DeepFakeDetection_24_19__exit_phone_room__QD5K7BP2,1,DeepFakeDetection
FaceForensics++_C23/DeepFakeDetection/24_19__kitchen_pan__QD5K7BP2.mp4,ffpp_DeepFakeDetection_24_19__kitchen_pan__QD5K7BP2,1,DeepFakeDetection
FaceForensics++_C23/DeepFakeDetection/24_19__outside_talking_pan_laughing__LVZNRK9S.mp4,ffpp_DeepFakeDetection_24_19__outside_talking_pan_laughing__LVZNRK9S,1,DeepFakeDetection
FaceForensics++_C23/DeepFakeDetection/24_19__outside_talking_still_laughing__NPZW2Z9L.mp4,ffpp_DeepFakeDetection_24_19__outside_talking_still_laughing__NPZW2Z9L,1,DeepFakeDetection
FaceForensics++_C23/DeepFakeDetection/24_19__outside_talking_still_laughing__RKQTC50P.mp4,ffpp_DeepFakeDetection_24_19__outside_talking_still_laughing__RKQTC50P,1,DeepFakeDetection
FaceForensics++_C23/DeepFakeDetection/24_19__secret_conversation__LVZNRK9S.mp4,ffpp_DeepFakeDetection_24_19__secret_conversation__LVZNRK9S,1,DeepFakeDetection
FaceForensics++_C23/DeepFakeDetection/24_19__secret_conversation__NPZW2Z9L.mp4,ffpp_DeepFakeDetection_24_19__secret_conversation__NPZW2Z9L,1,DeepFakeDetection
FaceForensics++_C23/DeepFakeDetection/24_19__secret_conversation__QD5K7BP2.mp4,ffpp_DeepFakeDetection_24_19__secret_conversation__QD5K7BP2,1,DeepFakeDetection
FaceForensics++_C23/DeepFakeDetection/24_19__talking_against_wall__QD5K7BP2.mp4,ffpp_DeepFakeDetection_24_19__talking_against_wall__QD5K7BP2,1,DeepFakeDetection
FaceForensics++_C23/DeepFakeDetection/24_19__walk_down_hall_angry__OF8LF68K.mp4,ffpp_DeepFakeDetection_24_19__walk_down_hall_angry__OF8LF68K,1,DeepFakeDetection
FaceForensics++_C23/DeepFakeDetection/24_19__walk_down_hall_angry__QD5K7BP2.mp4,ffpp_DeepFakeDetection_24_19__walk_down_hall_angry__QD5K7BP2,1,DeepFakeDetection
FaceForensics++_C23/DeepFakeDetection/24_19__walking_down_street_outside_angry__GNHYZ84G.mp4,ffpp_DeepFakeDetection_24_19__walking_down_street_outside_angry__GNHYZ84G,1,DeepFakeDetection
FaceForensics++_C23/DeepFakeDetection/24_19__walking_down_street_outside_angry__QD5K7BP2.mp4,ffpp_DeepFakeDetection_24_19__walking_down_street_outside_angry__QD5K7BP2,1,DeepFakeDetection
FaceForensics++_C23/DeepFakeDetection/24_19__walking_outside_cafe_disgusted__GNHYZ84G.mp4,ffpp_DeepFakeDetection_24_19__walking_outside_cafe_disgusted__GNHYZ84G,1,DeepFakeDetection
FaceForensics++_C23/DeepFakeDetection/24_19__walking_outside_cafe_disgusted__NPZW2Z9L.mp4,ffpp_DeepFakeDetection_24_19__walking_outside_cafe_disgusted__NPZW2Z9L,1,DeepFakeDetection
FaceForensics++_C23/DeepFakeDetection/24_22__kitchen_pan__XL557XC6.mp4,ffpp_DeepFakeDetection_24_22__kitchen_pan__XL557XC6,1,DeepFakeDetection
FaceForensics++_C23/DeepFakeDetection/24_22__walk_down_hall_angry__7E3GY85F.mp4,ffpp_DeepFakeDetection_24_22__walk_down_hall_angry__7E3GY85F,1,DeepFakeDetection
FaceForensics++_C23/DeepFakeDetection/24_22__walking_outside_cafe_disgusted__XL557XC6.mp4,ffpp_DeepFakeDetection_24_22__walking_outside_cafe_disgusted__XL557XC6,1,DeepFakeDetection
FaceForensics++_C23/DeepFakeDetection/24_23__kitchen_still__YR5OVD4S.mp4,ffpp_DeepFakeDetection_24_23__kitchen_still__YR5OVD4S,1,DeepFakeDetection
FaceForensics++_C23/DeepFakeDetection/24_23__outside_talking_still_laughing__YR5OVD4S.mp4,ffpp_DeepFakeDetection_24_23__outside_talking_still_laughing__YR5OVD4S,1,DeepFakeDetection
FaceForensics++_C23/DeepFakeDetection/24_23__podium_speech_happy__YR5OVD4S.mp4,ffpp_DeepFakeDetection_24_23__podium_speech_happy__YR5OVD4S,1,DeepFakeDetection
FaceForensics++_C23/DeepFakeDetection/24_23__walking_down_street_outside_angry__YR5OVD4S.mp4,ffpp_DeepFakeDetection_24_23__walking_down_street_outside_angry__YR5OVD4S,1,DeepFakeDetection
FaceForensics++_C23/DeepFakeDetection/25_02__talking_against_wall__Z7FQ69VP.mp4,ffpp_DeepFakeDetection_25_02__talking_against_wall__Z7FQ69VP,1,DeepFakeDetection
FaceForensics++_C23/DeepFakeDetection/25_02__walking_outside_cafe_disgusted__Z7FQ69VP.mp4,ffpp_DeepFakeDetection_25_02__walking_outside_cafe_disgusted__Z7FQ69VP,1,DeepFakeDetection
FaceForensics++_C23/DeepFakeDetection/25_06__outside_talking_pan_laughing__MI9BDQ7M.mp4,ffpp_DeepFakeDetection_25_06__outside_talking_pan_laughing__MI9BDQ7M,1,DeepFakeDetection
FaceForensics++_C23/DeepFakeDetection/25_06__outside_talking_still_laughing__MI9BDQ7M.mp4,ffpp_DeepFakeDetection_25_06__outside_talking_still_laughing__MI9BDQ7M,1,DeepFakeDetection
FaceForensics++_C23/DeepFakeDetection/25_09__outside_talking_still_laughing__ODAQ7BZL.mp4,ffpp_DeepFakeDetection_25_09__outside_talking_still_laughing__ODAQ7BZL,1,DeepFakeDetection
FaceForensics++_C23/DeepFakeDetection/25_09__secret_conversation__ODAQ7BZL.mp4,ffpp_DeepFakeDetection_25_09__secret_conversation__ODAQ7BZL,1,DeepFakeDetection
FaceForensics++_C23/DeepFakeDetection/25_09__talking_against_wall__ODAQ7BZL.mp4,ffpp_DeepFakeDetection_25_09__talking_against_wall__ODAQ7BZL,1,DeepFakeDetection
FaceForensics++_C23/DeepFakeDetection/25_12__secret_conversation__0SA36BZ5.mp4,ffpp_DeepFakeDetection_25_12__secret_conversation__0SA36BZ5,1,DeepFakeDetection
FaceForensics++_C23/DeepFakeDetection/25_12__secret_conversation__MA71PDNV.mp4,ffpp_DeepFakeDetection_25_12__secret_conversation__MA71PDNV,1,DeepFakeDetection
FaceForensics++_C23/DeepFakeDetection/25_12__walking_down_street_outside_angry__MA71PDNV.mp4,ffpp_DeepFakeDetection_25_12__walking_down_street_outside_angry__MA71PDNV,1,DeepFakeDetection
FaceForensics++_C23/DeepFakeDetection/25_15__walk_down_hall_angry__BXVA6VQB.mp4,ffpp_DeepFakeDetection_25_15__walk_down_hall_angry__BXVA6VQB,1,DeepFakeDetection
FaceForensics++_C23/DeepFakeDetection/25_15__walking_down_street_outside_angry__FF95NMIQ.mp4,ffpp_DeepFakeDetection_25_15__walking_down_street_outside_angry__FF95NMIQ,1,DeepFakeDetection
FaceForensics++_C23/DeepFakeDetection/25_18__outside_talking_pan_laughing__SEGFKFJG.mp4,ffpp_DeepFakeDetection_25_18__outside_talking_pan_laughing__SEGFKFJG,1,DeepFakeDetection
FaceForensics++_C23/DeepFakeDetection/25_18__talking_against_wall__SEGFKFJG.mp4,ffpp_DeepFakeDetection_25_18__talking_against_wall__SEGFKFJG,1,DeepFakeDetection
FaceForensics++_C23/DeepFakeDetection/25_18__walk_down_hall_angry__AUC0HY5T.mp4,ffpp_DeepFakeDetection_25_18__walk_down_hall_angry__AUC0HY5T,1,DeepFakeDetection
FaceForensics++_C23/DeepFakeDetection/25_20__outside_talking_still_laughing__NPM0ENKD.mp4,ffpp_DeepFakeDetection_25_20__outside_talking_still_laughing__NPM0ENKD,1,DeepFakeDetection
FaceForensics++_C23/DeepFakeDetection/25_20__talking_against_wall__CYKLS79C.mp4,ffpp_DeepFakeDetection_25_20__talking_against_wall__CYKLS79C,1,DeepFakeDetection
FaceForensics++_C23/DeepFakeDetection/25_20__talking_against_wall__MUS0X71T.mp4,ffpp_DeepFakeDetection_25_20__talking_against_wall__MUS0X71T,1,DeepFakeDetection
FaceForensics++_C23/DeepFakeDetection/25_20__talking_against_wall__ZG0SRZOA.mp4,ffpp_DeepFakeDetection_25_20__talking_against_wall__ZG0SRZOA,1,DeepFakeDetection
FaceForensics++_C23/DeepFakeDetection/25_20__walking_outside_cafe_disgusted__AMY6M1KL.mp4,ffpp_DeepFakeDetection_25_20__walking_outside_cafe_disgusted__AMY6M1KL,1,DeepFakeDetection
FaceForensics++_C23/DeepFakeDetection/25_20__walking_outside_cafe_disgusted__RSCD7KXO.mp4,ffpp_DeepFakeDetection_25_20__walking_outside_cafe_disgusted__RSCD7KXO,1,DeepFakeDetection
FaceForensics++_C23/DeepFakeDetection/25_21__outside_talking_pan_laughing__2R46UX3R.mp4,ffpp_DeepFakeDetection_25_21__outside_talking_pan_laughing__2R46UX3R,1,DeepFakeDetection
FaceForensics++_C23/DeepFakeDetection/25_21__talking_against_wall__NFBISHIN.mp4,ffpp_DeepFakeDetection_25_21__talking_against_wall__NFBISHIN,1,DeepFakeDetection
FaceForensics++_C23/DeepFakeDetection/25_21__walking_outside_cafe_disgusted__2R46UX3R.mp4,ffpp_DeepFakeDetection_25_21__walking_outside_cafe_disgusted__2R46UX3R,1,DeepFakeDetection
FaceForensics++_C23/DeepFakeDetection/25_26__exit_phone_room__7ZRKCFMS.mp4,ffpp_DeepFakeDetection_25_26__exit_phone_room__7ZRKCFMS,1,DeepFakeDetection
FaceForensics++_C23/DeepFakeDetection/25_26__outside_talking_still_laughing__0UFFR3U1.mp4,ffpp_DeepFakeDetection_25_26__outside_talking_still_laughing__0UFFR3U1,1,DeepFakeDetection
FaceForensics++_C23/DeepFakeDetection/25_26__podium_speech_happy__PQ41U3IJ.mp4,ffpp_DeepFakeDetection_25_26__podium_speech_happy__PQ41U3IJ,1,DeepFakeDetection
FaceForensics++_C23/DeepFakeDetection/25_26__walking_outside_cafe_disgusted__7ZRKCFMS.mp4,ffpp_DeepFakeDetection_25_26__walking_outside_cafe_disgusted__7ZRKCFMS,1,DeepFakeDetection
FaceForensics++_C23/DeepFakeDetection/25_27__outside_talking_pan_laughing__1KU29EUL.mp4,ffpp_DeepFakeDetection_25_27__outside_talking_pan_laughing__1KU29EUL,1,DeepFakeDetection
FaceForensics++_C23/DeepFakeDetection/25_27__outside_talking_pan_laughing__GNIMW95Z.mp4,ffpp_DeepFakeDetection_25_27__outside_talking_pan_laughing__GNIMW95Z,1,DeepFakeDetection
FaceForensics++_C23/DeepFakeDetection/25_27__talking_against_wall__ZTV6TUQ9.mp4,ffpp_DeepFakeDetection_25_27__talking_against_wall__ZTV6TUQ9,1,DeepFakeDetection
FaceForensics++_C23/DeepFakeDetection/25_27__walk_down_hall_angry__1KU29EUL.mp4,ffpp_DeepFakeDetection_25_27__walk_down_hall_angry__1KU29EUL,1,DeepFakeDetection
FaceForensics++_C23/DeepFakeDetection/26_01__secret_conversation__BTVMWLG6.mp4,ffpp_DeepFakeDetection_26_01__secret_conversation__BTVMWLG6,1,DeepFakeDetection
FaceForensics++_C23/DeepFakeDetection/26_03__kitchen_pan__WBSXBL82.mp4,ffpp_DeepFakeDetection_26_03__kitchen_pan__WBSXBL82,1,DeepFakeDetection
FaceForensics++_C23/DeepFakeDetection/26_03__talking_angry_couch__WBSXBL82.mp4,ffpp_DeepFakeDetection_26_03__talking_angry_couch__WBSXBL82,1,DeepFakeDetection
FaceForensics++_C23/DeepFakeDetection/26_03__walk_down_hall_angry__WBSXBL82.mp4,ffpp_DeepFakeDetection_26_03__walk_down_hall_angry__WBSXBL82,1,DeepFakeDetection
FaceForensics++_C23/DeepFakeDetection/26_04__kitchen_still__WX836VLY.mp4,ffpp_DeepFakeDetection_26_04__kitchen_still__WX836VLY,1,DeepFakeDetection
FaceForensics++_C23/DeepFakeDetection/26_04__outside_talking_still_laughing__WX836VLY.mp4,ffpp_DeepFakeDetection_26_04__outside_talking_still_laughing__WX836VLY,1,DeepFakeDetection
FaceForensics++_C23/DeepFakeDetection/26_04__talking_against_wall__WX836VLY.mp4,ffpp_DeepFakeDetection_26_04__talking_against_wall__WX836VLY,1,DeepFakeDetection
FaceForensics++_C23/DeepFakeDetection/26_04__walking_down_street_outside_angry__WX836VLY.mp4,ffpp_DeepFakeDetection_26_04__walking_down_street_outside_angry__WX836VLY,1,DeepFakeDetection
FaceForensics++_C23/DeepFakeDetection/26_04__walking_outside_cafe_disgusted__MS2MLJP1.mp4,ffpp_DeepFakeDetection_26_04__walking_outside_cafe_disgusted__MS2MLJP1,1,DeepFakeDetection
FaceForensics++_C23/DeepFakeDetection/26_06__kitchen_still__L5BVR5L9.mp4,ffpp_DeepFakeDetection_26_06__kitchen_still__L5BVR5L9,1,DeepFakeDetection
FaceForensics++_C23/DeepFakeDetection/26_06__podium_speech_happy__L5BVR5L9.mp4,ffpp_DeepFakeDetection_26_06__podium_speech_happy__L5BVR5L9,1,DeepFakeDetection
FaceForensics++_C23/DeepFakeDetection/26_06__walk_down_hall_angry__L5BVR5L9.mp4,ffpp_DeepFakeDetection_26_06__walk_down_hall_angry__L5BVR5L9,1,DeepFakeDetection
FaceForensics++_C23/DeepFakeDetection/26_07__kitchen_pan__FGNGC2GT.mp4,ffpp_DeepFakeDetection_26_07__kitchen_pan__FGNGC2GT,1,DeepFakeDetection
FaceForensics++_C23/DeepFakeDetection/26_09__talking_against_wall__C3K20JOL.mp4,ffpp_DeepFakeDetection_26_09__talking_against_wall__C3K20JOL,1,DeepFakeDetection
FaceForensics++_C23/DeepFakeDetection/26_09__walk_down_hall_angry__XXGYLT82.mp4,ffpp_DeepFakeDetection_26_09__walk_down_hall_angry__XXGYLT82,1,DeepFakeDetection
FaceForensics++_C23/DeepFakeDetection/26_11__outside_talking_pan_laughing__ALJ0OHNM.mp4,ffpp_DeepFakeDetection_26_11__outside_talking_pan_laughing__ALJ0OHNM,1,DeepFakeDetection
FaceForensics++_C23/DeepFakeDetection/26_12__exit_phone_room__HEKDCIHW.mp4,ffpp_DeepFakeDetection_26_12__exit_phone_room__HEKDCIHW,1,DeepFakeDetection
FaceForensics++_C23/DeepFakeDetection/26_12__outside_talking_still_laughing__FWFQ5YB8.mp4,ffpp_DeepFakeDetection_26_12__outside_talking_still_laughing__FWFQ5YB8,1,DeepFakeDetection
FaceForensics++_C23/DeepFakeDetection/26_12__podium_speech_happy__BFBNM8FR.mp4,ffpp_DeepFakeDetection_26_12__podium_speech_happy__BFBNM8FR,1,DeepFakeDetection
FaceForensics++_C23/DeepFakeDetection/26_12__walking_down_street_outside_angry__OVOQACG8.mp4,ffpp_DeepFakeDetection_26_12__walking_down_street_outside_angry__OVOQACG8,1,DeepFakeDetection
FaceForensics++_C23/DeepFakeDetection/26_13__outside_talking_pan_laughing__WK3NZ3UV.mp4,ffpp_DeepFakeDetection_26_13__outside_talking_pan_laughing__WK3NZ3UV,1,DeepFakeDetection
FaceForensics++_C23/DeepFakeDetection/26_13__podium_speech_happy__U5ELHUN5.mp4,ffpp_DeepFakeDetection_26_13__podium_speech_happy__U5ELHUN5,1,DeepFakeDetection
FaceForensics++_C23/DeepFakeDetection/26_13__secret_conversation__XRS5W2NC.mp4,ffpp_DeepFakeDetection_26_13__secret_conversation__XRS5W2NC,1,DeepFakeDetection
FaceForensics++_C23/DeepFakeDetection/26_14__kitchen_pan__SU8SAHTT.mp4,ffpp_DeepFakeDetection_26_14__kitchen_pan__SU8SAHTT,1,DeepFakeDetection
FaceForensics++_C23/DeepFakeDetection/26_15__walk_down_hall_angry__JHMUZFIJ.mp4,ffpp_DeepFakeDetection_26_15__walk_down_hall_angry__JHMUZFIJ,1,DeepFakeDetection
FaceForensics++_C23/DeepFakeDetection/26_18__kitchen_pan__C9VUQS9O.mp4,ffpp_DeepFakeDetection_26_18__kitchen_pan__C9VUQS9O,1,DeepFakeDetection
FaceForensics++_C23/DeepFakeDetection/26_18__outside_talking_still_laughing__AI94QW74.mp4,ffpp_DeepFakeDetection_26_18__outside_talking_still_laughing__AI94QW74,1,DeepFakeDetection
FaceForensics++_C23/DeepFakeDetection/26_18__walk_down_hall_angry__UMEX6HWU.mp4,ffpp_DeepFakeDetection_26_18__walk_down_hall_angry__UMEX6HWU,1,DeepFakeDetection
FaceForensics++_C23/DeepFakeDetection/26_20__kitchen_pan__C8GN41DU.mp4,ffpp_DeepFakeDetection_26_20__kitchen_pan__C8GN41DU,1,DeepFakeDetection
FaceForensics++_C23/DeepFakeDetection/26_20__outside_talking_pan_laughing__01OJA93K.mp4,ffpp_DeepFakeDetection_26_20__outside_talking_pan_laughing__01OJA93K,1,DeepFakeDetection
FaceForensics++_C23/DeepFakeDetection/26_20__secret_conversation__34DJQS3E.mp4,ffpp_DeepFakeDetection_26_20__secret_conversation__34DJQS3E,1,DeepFakeDetection
FaceForensics++_C23/DeepFakeDetection/26_20__talking_angry_couch__2VS0S1P5.mp4,ffpp_DeepFakeDetection_26_20__talking_angry_couch__2VS0S1P5,1,DeepFakeDetection
FaceForensics++_C23/DeepFakeDetection/26_20__talking_angry_couch__34DJQS3E.mp4,ffpp_DeepFakeDetection_26_20__talking_angry_couch__34DJQS3E,1,DeepFakeDetection
FaceForensics++_C23/DeepFakeDetection/26_20__walk_down_hall_angry__XWMKFMF6.mp4,ffpp_DeepFakeDetection_26_20__walk_down_hall_angry__XWMKFMF6,1,DeepFakeDetection
FaceForensics++_C23/DeepFakeDetection/26_25__exit_phone_room__7ZRKCFMS.mp4,ffpp_DeepFakeDetection_26_25__exit_phone_room__7ZRKCFMS,1,DeepFakeDetection
FaceForensics++_C23/DeepFakeDetection/26_25__outside_talking_pan_laughing__157Z8P8P.mp4,ffpp_DeepFakeDetection_26_25__outside_talking_pan_laughing__157Z8P8P,1,DeepFakeDetection
FaceForensics++_C23/DeepFakeDetection/26_25__outside_talking_pan_laughing__GJT740J9.mp4,ffpp_DeepFakeDetection_26_25__outside_talking_pan_laughing__GJT740J9,1,DeepFakeDetection
FaceForensics++_C23/DeepFakeDetection/26_25__outside_talking_still_laughing__7ZRKCFMS.mp4,ffpp_DeepFakeDetection_26_25__outside_talking_still_laughing__7ZRKCFMS,1,DeepFakeDetection
FaceForensics++_C23/DeepFakeDetection/26_25__secret_conversation__0UFFR3U1.mp4,ffpp_DeepFakeDetection_26_25__secret_conversation__0UFFR3U1,1,DeepFakeDetection
FaceForensics++_C23/DeepFakeDetection/26_25__talking_against_wall__PQ41U3IJ.mp4,ffpp_DeepFakeDetection_26_25__talking_against_wall__PQ41U3IJ,1,DeepFakeDetection
FaceForensics++_C23/DeepFakeDetection/26_25__walk_down_hall_angry__XKQAYTLI.mp4,ffpp_DeepFakeDetection_26_25__walk_down_hall_angry__XKQAYTLI,1,DeepFakeDetection
FaceForensics++_C23/DeepFakeDetection/26_25__walking_down_street_outside_angry__PQ41U3IJ.mp4,ffpp_DeepFakeDetection_26_25__walking_down_street_outside_angry__PQ41U3IJ,1,DeepFakeDetection
FaceForensics++_C23/DeepFakeDetection/26_25__walking_outside_cafe_disgusted__0UFFR3U1.mp4,ffpp_DeepFakeDetection_26_25__walking_outside_cafe_disgusted__0UFFR3U1,1,DeepFakeDetection
FaceForensics++_C23/DeepFakeDetection/26_27__outside_talking_still_laughing__IE9N0ZI9.mp4,ffpp_DeepFakeDetection_26_27__outside_talking_still_laughing__IE9N0ZI9,1,DeepFakeDetection
FaceForensics++_C23/DeepFakeDetection/26_27__talking_against_wall__IE9N0ZI9.mp4,ffpp_DeepFakeDetection_26_27__talking_against_wall__IE9N0ZI9,1,DeepFakeDetection
FaceForensics++_C23/DeepFakeDetection/26_27__talking_angry_couch__IE9N0ZI9.mp4,ffpp_DeepFakeDetection_26_27__talking_angry_couch__IE9N0ZI9,1,DeepFakeDetection
FaceForensics++_C23/DeepFakeDetection/27_01__hugging_happy__ZYCZ30C0.mp4,ffpp_DeepFakeDetection_27_01__hugging_happy__ZYCZ30C0,1,DeepFakeDetection
FaceForensics++_C23/DeepFakeDetection/27_01__meeting_serious__ZYCZ30C0.mp4,ffpp_DeepFakeDetection_27_01__meeting_serious__ZYCZ30C0,1,DeepFakeDetection
FaceForensics++_C23/DeepFakeDetection/27_01__talking_against_wall__ZYCZ30C0.mp4,ffpp_DeepFakeDetection_27_01__talking_against_wall__ZYCZ30C0,1,DeepFakeDetection
FaceForensics++_C23/DeepFakeDetection/27_01__walking_and_outside_surprised__S2YCUY48.mp4,ffpp_DeepFakeDetection_27_01__walking_and_outside_surprised__S2YCUY48,1,DeepFakeDetection
FaceForensics++_C23/DeepFakeDetection/27_01__walking_outside_cafe_disgusted__S2YCUY48.mp4,ffpp_DeepFakeDetection_27_01__walking_outside_cafe_disgusted__S2YCUY48,1,DeepFakeDetection
FaceForensics++_C23/DeepFakeDetection/27_01__walking_outside_cafe_disgusted__ZYCZ30C0.mp4,ffpp_DeepFakeDetection_27_01__walking_outside_cafe_disgusted__ZYCZ30C0,1,DeepFakeDetection
FaceForensics++_C23/DeepFakeDetection/27_02__kitchen_pan__3L1MLH3D.mp4,ffpp_DeepFakeDetection_27_02__kitchen_pan__3L1MLH3D,1,DeepFakeDetection
FaceForensics++_C23/DeepFakeDetection/27_02__podium_speech_happy__XFSH3BW7.mp4,ffpp_DeepFakeDetection_27_02__podium_speech_happy__XFSH3BW7,1,DeepFakeDetection
FaceForensics++_C23/DeepFakeDetection/27_02__talking_angry_couch__FV8M8O2C.mp4,ffpp_DeepFakeDetection_27_02__talking_angry_couch__FV8M8O2C,1,DeepFakeDetection
FaceForensics++_C23/DeepFakeDetection/27_02__walk_down_hall_angry__FV8M8O2C.mp4,ffpp_DeepFakeDetection_27_02__walk_down_hall_angry__FV8M8O2C,1,DeepFakeDetection
FaceForensics++_C23/DeepFakeDetection/27_02__walking_down_street_outside_angry__78M8S6M6.mp4,ffpp_DeepFakeDetection_27_02__walking_down_street_outside_angry__78M8S6M6,1,DeepFakeDetection
FaceForensics++_C23/DeepFakeDetection/27_03__podium_speech_happy__72BPN7A1.mp4,ffpp_DeepFakeDetection_27_03__podium_speech_happy__72BPN7A1,1,DeepFakeDetection
FaceForensics++_C23/DeepFakeDetection/27_03__walking_and_outside_surprised__KWGI1LSZ.mp4,ffpp_DeepFakeDetection_27_03__walking_and_outside_surprised__KWGI1LSZ,1,DeepFakeDetection
FaceForensics++_C23/DeepFakeDetection/27_13__kitchen_still__A1OSUJE9.mp4,ffpp_DeepFakeDetection_27_13__kitchen_still__A1OSUJE9,1,DeepFakeDetection
FaceForensics++_C23/DeepFakeDetection/27_13__outside_talking_pan_laughing__A1OSUJE9.mp4,ffpp_DeepFakeDetection_27_13__outside_talking_pan_laughing__A1OSUJE9,1,DeepFakeDetection
FaceForensics++_C23/DeepFakeDetection/27_14__kitchen_pan__0KSONKQ2.mp4,ffpp_DeepFakeDetection_27_14__kitchen_pan__0KSONKQ2,1,DeepFakeDetection
FaceForensics++_C23/DeepFakeDetection/27_18__kitchen_pan__BSOLX3SI.mp4,ffpp_DeepFakeDetection_27_18__kitchen_pan__BSOLX3SI,1,DeepFakeDetection
FaceForensics++_C23/DeepFakeDetection/27_18__kitchen_still__NYHE8D0J.mp4,ffpp_DeepFakeDetection_27_18__kitchen_still__NYHE8D0J,1,DeepFakeDetection
FaceForensics++_C23/DeepFakeDetection/27_18__outside_talking_pan_laughing__NYHE8D0J.mp4,ffpp_DeepFakeDetection_27_18__outside_talking_pan_laughing__NYHE8D0J,1,DeepFakeDetection
FaceForensics++_C23/DeepFakeDetection/27_18__talking_against_wall__3GLHD5MH.mp4,ffpp_DeepFakeDetection_27_18__talking_against_wall__3GLHD5MH,1,DeepFakeDetection
FaceForensics++_C23/DeepFakeDetection/27_25__exit_phone_room__1KU29EUL.mp4,ffpp_DeepFakeDetection_27_25__exit_phone_room__1KU29EUL,1,DeepFakeDetection
FaceForensics++_C23/DeepFakeDetection/27_25__meeting_serious__GNIMW95Z.mp4,ffpp_DeepFakeDetection_27_25__meeting_serious__GNIMW95Z,1,DeepFakeDetection
FaceForensics++_C23/DeepFakeDetection/27_25__outside_talking_pan_laughing__1KU29EUL.mp4,ffpp_DeepFakeDetection_27_25__outside_talking_pan_laughing__1KU29EUL,1,DeepFakeDetection
FaceForensics++_C23/DeepFakeDetection/27_25__walk_down_hall_angry__1KU29EUL.mp4,ffpp_DeepFakeDetection_27_25__walk_down_hall_angry__1KU29EUL,1,DeepFakeDetection
FaceForensics++_C23/DeepFakeDetection/27_25__walking_outside_cafe_disgusted__1KU29EUL.mp4,ffpp_DeepFakeDetection_27_25__walking_outside_cafe_disgusted__1KU29EUL,1,DeepFakeDetection
FaceForensics++_C23/DeepFakeDetection/27_26__meeting_serious__IE9N0ZI9.mp4,ffpp_DeepFakeDetection_27_26__meeting_serious__IE9N0ZI9,1,DeepFakeDetection
FaceForensics++_C23/DeepFakeDetection/27_26__outside_talking_still_laughing__IE9N0ZI9.mp4,ffpp_DeepFakeDetection_27_26__outside_talking_still_laughing__IE9N0ZI9,1,DeepFakeDetection
FaceForensics++_C23/DeepFakeDetection/27_26__talking_against_wall__IE9N0ZI9.mp4,ffpp_DeepFakeDetection_27_26__talking_against_wall__IE9N0ZI9,1,DeepFakeDetection
FaceForensics++_C23/DeepFakeDetection/28_05__kitchen_pan__W3J028UG.mp4,ffpp_DeepFakeDetection_28_05__kitchen_pan__W3J028UG,1,DeepFakeDetection
FaceForensics++_C23/DeepFakeDetection/28_05__talking_angry_couch__V20UNLJ5.mp4,ffpp_DeepFakeDetection_28_05__talking_angry_couch__V20UNLJ5,1,DeepFakeDetection
FaceForensics++_C23/DeepFakeDetection/28_05__walking_down_street_outside_angry__W3J028UG.mp4,ffpp_DeepFakeDetection_28_05__walking_down_street_outside_angry__W3J028UG,1,DeepFakeDetection
FaceForensics++_C23/DeepFakeDetection/28_05__walking_outside_cafe_disgusted__U9LRLJ6N.mp4,ffpp_DeepFakeDetection_28_05__walking_outside_cafe_disgusted__U9LRLJ6N,1,DeepFakeDetection
FaceForensics++_C23/DeepFakeDetection/28_08__exit_phone_room__5DCAESDA.mp4,ffpp_DeepFakeDetection_28_08__exit_phone_room__5DCAESDA,1,DeepFakeDetection
FaceForensics++_C23/DeepFakeDetection/28_08__exit_phone_room__KXO8S7OP.mp4,ffpp_DeepFakeDetection_28_08__exit_phone_room__KXO8S7OP,1,DeepFakeDetection
FaceForensics++_C23/DeepFakeDetection/28_08__kitchen_pan__GQN9WHLD.mp4,ffpp_DeepFakeDetection_28_08__kitchen_pan__GQN9WHLD,1,DeepFakeDetection
FaceForensics++_C23/DeepFakeDetection/28_08__kitchen_still__8BC35RFU.mp4,ffpp_DeepFakeDetection_28_08__kitchen_still__8BC35RFU,1,DeepFakeDetection
FaceForensics++_C23/DeepFakeDetection/28_08__outside_talking_pan_laughing__GGCUYQA4.mp4,ffpp_DeepFakeDetection_28_08__outside_talking_pan_laughing__GGCUYQA4,1,DeepFakeDetection
FaceForensics++_C23/DeepFakeDetection/28_08__podium_speech_happy__KXO8S7OP.mp4,ffpp_DeepFakeDetection_28_08__podium_speech_happy__KXO8S7OP,1,DeepFakeDetection
FaceForensics++_C23/DeepFakeDetection/28_08__talking_angry_couch__KXO8S7OP.mp4,ffpp_DeepFakeDetection_28_08__talking_angry_couch__KXO8S7OP,1,DeepFakeDetection
FaceForensics++_C23/DeepFakeDetection/28_16__podium_speech_happy__6DWLCU6T.mp4,ffpp_DeepFakeDetection_28_16__podium_speech_happy__6DWLCU6T,1,DeepFakeDetection
FaceForensics++_C23/DeepFakeDetection/28_16__walking_down_street_outside_angry__6DWLCU6T.mp4,ffpp_DeepFakeDetection_28_16__walking_down_street_outside_angry__6DWLCU6T,1,DeepFakeDetection
FaceForensics++_C23/DeepFakeDetection/28_16__walking_down_street_outside_angry__U757192N.mp4,ffpp_DeepFakeDetection_28_16__walking_down_street_outside_angry__U757192N,1,DeepFakeDetection
FaceForensics++_C23/Deepfakes/000_003.mp4,ffpp_Deepfakes_000_003,1,Deepfakes
FaceForensics++_C23/Deepfakes/001_870.mp4,ffpp_Deepfakes_001_870,1,Deepfakes
FaceForensics++_C23/Deepfakes/002_006.mp4,ffpp_Deepfakes_002_006,1,Deepfakes
FaceForensics++_C23/Deepfakes/003_000.mp4,ffpp_Deepfakes_003_000,1,Deepfakes
FaceForensics++_C23/Deepfakes/004_982.mp4,ffpp_Deepfakes_004_982,1,Deepfakes
FaceForensics++_C23/Deepfakes/005_010.mp4,ffpp_Deepfakes_005_010,1,Deepfakes
FaceForensics++_C23/Deepfakes/006_002.mp4,ffpp_Deepfakes_006_002,1,Deepfakes
FaceForensics++_C23/Deepfakes/007_132.mp4,ffpp_Deepfakes_007_132,1,Deepfakes
FaceForensics++_C23/Deepfakes/008_990.mp4,ffpp_Deepfakes_008_990,1,Deepfakes
FaceForensics++_C23/Deepfakes/009_027.mp4,ffpp_Deepfakes_009_027,1,Deepfakes
FaceForensics++_C23/Deepfakes/010_005.mp4,ffpp_Deepfakes_010_005,1,Deepfakes
FaceForensics++_C23/Deepfakes/011_805.mp4,ffpp_Deepfakes_011_805,1,Deepfakes
FaceForensics++_C23/Deepfakes/012_026.mp4,ffpp_Deepfakes_012_026,1,Deepfakes
FaceForensics++_C23/Deepfakes/013_883.mp4,ffpp_Deepfakes_013_883,1,Deepfakes
FaceForensics++_C23/Deepfakes/014_790.mp4,ffpp_Deepfakes_014_790,1,Deepfakes
FaceForensics++_C23/Deepfakes/015_919.mp4,ffpp_Deepfakes_015_919,1,Deepfakes
FaceForensics++_C23/Deepfakes/016_209.mp4,ffpp_Deepfakes_016_209,1,Deepfakes
FaceForensics++_C23/Deepfakes/017_803.mp4,ffpp_Deepfakes_017_803,1,Deepfakes
FaceForensics++_C23/Deepfakes/018_019.mp4,ffpp_Deepfakes_018_019,1,Deepfakes
FaceForensics++_C23/Deepfakes/019_018.mp4,ffpp_Deepfakes_019_018,1,Deepfakes
FaceForensics++_C23/Deepfakes/020_344.mp4,ffpp_Deepfakes_020_344,1,Deepfakes
FaceForensics++_C23/Deepfakes/021_312.mp4,ffpp_Deepfakes_021_312,1,Deepfakes
FaceForensics++_C23/Deepfakes/022_489.mp4,ffpp_Deepfakes_022_489,1,Deepfakes
FaceForensics++_C23/Deepfakes/023_923.mp4,ffpp_Deepfakes_023_923,1,Deepfakes
FaceForensics++_C23/Deepfakes/024_073.mp4,ffpp_Deepfakes_024_073,1,Deepfakes
FaceForensics++_C23/Deepfakes/025_067.mp4,ffpp_Deepfakes_025_067,1,Deepfakes
FaceForensics++_C23/Deepfakes/026_012.mp4,ffpp_Deepfakes_026_012,1,Deepfakes
FaceForensics++_C23/Deepfakes/027_009.mp4,ffpp_Deepfakes_027_009,1,Deepfakes
FaceForensics++_C23/Deepfakes/028_068.mp4,ffpp_Deepfakes_028_068,1,Deepfakes
FaceForensics++_C23/Deepfakes/029_048.mp4,ffpp_Deepfakes_029_048,1,Deepfakes
FaceForensics++_C23/Deepfakes/030_193.mp4,ffpp_Deepfakes_030_193,1,Deepfakes
FaceForensics++_C23/Deepfakes/031_163.mp4,ffpp_Deepfakes_031_163,1,Deepfakes
FaceForensics++_C23/Deepfakes/032_944.mp4,ffpp_Deepfakes_032_944,1,Deepfakes
FaceForensics++_C23/Deepfakes/033_097.mp4,ffpp_Deepfakes_033_097,1,Deepfakes
FaceForensics++_C23/Deepfakes/034_590.mp4,ffpp_Deepfakes_034_590,1,Deepfakes
FaceForensics++_C23/Deepfakes/035_036.mp4,ffpp_Deepfakes_035_036,1,Deepfakes
FaceForensics++_C23/Deepfakes/036_035.mp4,ffpp_Deepfakes_036_035,1,Deepfakes
FaceForensics++_C23/Deepfakes/037_072.mp4,ffpp_Deepfakes_037_072,1,Deepfakes
FaceForensics++_C23/Deepfakes/038_125.mp4,ffpp_Deepfakes_038_125,1,Deepfakes
FaceForensics++_C23/Deepfakes/039_058.mp4,ffpp_Deepfakes_039_058,1,Deepfakes
FaceForensics++_C23/Deepfakes/040_997.mp4,ffpp_Deepfakes_040_997,1,Deepfakes
FaceForensics++_C23/Deepfakes/041_063.mp4,ffpp_Deepfakes_041_063,1,Deepfakes
FaceForensics++_C23/Deepfakes/042_084.mp4,ffpp_Deepfakes_042_084,1,Deepfakes
FaceForensics++_C23/Deepfakes/043_110.mp4,ffpp_Deepfakes_043_110,1,Deepfakes
FaceForensics++_C23/Deepfakes/044_945.mp4,ffpp_Deepfakes_044_945,1,Deepfakes
FaceForensics++_C23/Deepfakes/045_889.mp4,ffpp_Deepfakes_045_889,1,Deepfakes
FaceForensics++_C23/Deepfakes/046_904.mp4,ffpp_Deepfakes_046_904,1,Deepfakes
FaceForensics++_C23/Deepfakes/047_862.mp4,ffpp_Deepfakes_047_862,1,Deepfakes
FaceForensics++_C23/Deepfakes/048_029.mp4,ffpp_Deepfakes_048_029,1,Deepfakes
FaceForensics++_C23/Deepfakes/049_946.mp4,ffpp_Deepfakes_049_946,1,Deepfakes
FaceForensics++_C23/Deepfakes/050_059.mp4,ffpp_Deepfakes_050_059,1,Deepfakes
FaceForensics++_C23/Deepfakes/051_332.mp4,ffpp_Deepfakes_051_332,1,Deepfakes
FaceForensics++_C23/Deepfakes/052_108.mp4,ffpp_Deepfakes_052_108,1,Deepfakes
FaceForensics++_C23/Deepfakes/053_095.mp4,ffpp_Deepfakes_053_095,1,Deepfakes
FaceForensics++_C23/Deepfakes/054_071.mp4,ffpp_Deepfakes_054_071,1,Deepfakes
FaceForensics++_C23/Deepfakes/055_147.mp4,ffpp_Deepfakes_055_147,1,Deepfakes
FaceForensics++_C23/Deepfakes/056_996.mp4,ffpp_Deepfakes_056_996,1,Deepfakes
FaceForensics++_C23/Deepfakes/057_070.mp4,ffpp_Deepfakes_057_070,1,Deepfakes
FaceForensics++_C23/Deepfakes/058_039.mp4,ffpp_Deepfakes_058_039,1,Deepfakes
FaceForensics++_C23/Deepfakes/059_050.mp4,ffpp_Deepfakes_059_050,1,Deepfakes
FaceForensics++_C23/Deepfakes/060_088.mp4,ffpp_Deepfakes_060_088,1,Deepfakes
FaceForensics++_C23/Deepfakes/061_080.mp4,ffpp_Deepfakes_061_080,1,Deepfakes
FaceForensics++_C23/Deepfakes/062_066.mp4,ffpp_Deepfakes_062_066,1,Deepfakes
FaceForensics++_C23/Deepfakes/063_041.mp4,ffpp_Deepfakes_063_041,1,Deepfakes
FaceForensics++_C23/Deepfakes/064_991.mp4,ffpp_Deepfakes_064_991,1,Deepfakes
FaceForensics++_C23/Deepfakes/065_089.mp4,ffpp_Deepfakes_065_089,1,Deepfakes
FaceForensics++_C23/Deepfakes/066_062.mp4,ffpp_Deepfakes_066_062,1,Deepfakes
FaceForensics++_C23/Deepfakes/067_025.mp4,ffpp_Deepfakes_067_025,1,Deepfakes
FaceForensics++_C23/Deepfakes/068_028.mp4,ffpp_Deepfakes_068_028,1,Deepfakes
FaceForensics++_C23/Deepfakes/069_961.mp4,ffpp_Deepfakes_069_961,1,Deepfakes
FaceForensics++_C23/Deepfakes/070_057.mp4,ffpp_Deepfakes_070_057,1,Deepfakes
FaceForensics++_C23/Deepfakes/071_054.mp4,ffpp_Deepfakes_071_054,1,Deepfakes
FaceForensics++_C23/Deepfakes/072_037.mp4,ffpp_Deepfakes_072_037,1,Deepfakes
FaceForensics++_C23/Deepfakes/073_024.mp4,ffpp_Deepfakes_073_024,1,Deepfakes
FaceForensics++_C23/Deepfakes/074_825.mp4,ffpp_Deepfakes_074_825,1,Deepfakes
FaceForensics++_C23/Deepfakes/075_977.mp4,ffpp_Deepfakes_075_977,1,Deepfakes
FaceForensics++_C23/Deepfakes/076_079.mp4,ffpp_Deepfakes_076_079,1,Deepfakes
FaceForensics++_C23/Deepfakes/077_100.mp4,ffpp_Deepfakes_077_100,1,Deepfakes
FaceForensics++_C23/Deepfakes/078_955.mp4,ffpp_Deepfakes_078_955,1,Deepfakes
FaceForensics++_C23/Deepfakes/079_076.mp4,ffpp_Deepfakes_079_076,1,Deepfakes
FaceForensics++_C23/Deepfakes/080_061.mp4,ffpp_Deepfakes_080_061,1,Deepfakes
FaceForensics++_C23/Deepfakes/081_087.mp4,ffpp_Deepfakes_081_087,1,Deepfakes
FaceForensics++_C23/Deepfakes/082_103.mp4,ffpp_Deepfakes_082_103,1,Deepfakes
FaceForensics++_C23/Deepfakes/083_213.mp4,ffpp_Deepfakes_083_213,1,Deepfakes
FaceForensics++_C23/Deepfakes/084_042.mp4,ffpp_Deepfakes_084_042,1,Deepfakes
FaceForensics++_C23/Deepfakes/085_124.mp4,ffpp_Deepfakes_085_124,1,Deepfakes
FaceForensics++_C23/Deepfakes/086_090.mp4,ffpp_Deepfakes_086_090,1,Deepfakes
FaceForensics++_C23/Deepfakes/087_081.mp4,ffpp_Deepfakes_087_081,1,Deepfakes
FaceForensics++_C23/Deepfakes/088_060.mp4,ffpp_Deepfakes_088_060,1,Deepfakes
FaceForensics++_C23/Deepfakes/089_065.mp4,ffpp_Deepfakes_089_065,1,Deepfakes
FaceForensics++_C23/Deepfakes/090_086.mp4,ffpp_Deepfakes_090_086,1,Deepfakes
FaceForensics++_C23/Deepfakes/091_116.mp4,ffpp_Deepfakes_091_116,1,Deepfakes
FaceForensics++_C23/Deepfakes/092_098.mp4,ffpp_Deepfakes_092_098,1,Deepfakes
FaceForensics++_C23/Deepfakes/093_121.mp4,ffpp_Deepfakes_093_121,1,Deepfakes
FaceForensics++_C23/Deepfakes/094_111.mp4,ffpp_Deepfakes_094_111,1,Deepfakes
FaceForensics++_C23/Deepfakes/095_053.mp4,ffpp_Deepfakes_095_053,1,Deepfakes
FaceForensics++_C23/Deepfakes/096_101.mp4,ffpp_Deepfakes_096_101,1,Deepfakes
FaceForensics++_C23/Deepfakes/097_033.mp4,ffpp_Deepfakes_097_033,1,Deepfakes
FaceForensics++_C23/Deepfakes/098_092.mp4,ffpp_Deepfakes_098_092,1,Deepfakes
FaceForensics++_C23/Deepfakes/099_295.mp4,ffpp_Deepfakes_099_295,1,Deepfakes
FaceForensics++_C23/Deepfakes/100_077.mp4,ffpp_Deepfakes_100_077,1,Deepfakes
FaceForensics++_C23/Deepfakes/101_096.mp4,ffpp_Deepfakes_101_096,1,Deepfakes
FaceForensics++_C23/Deepfakes/102_114.mp4,ffpp_Deepfakes_102_114,1,Deepfakes
FaceForensics++_C23/Deepfakes/103_082.mp4,ffpp_Deepfakes_103_082,1,Deepfakes
FaceForensics++_C23/Deepfakes/104_126.mp4,ffpp_Deepfakes_104_126,1,Deepfakes
FaceForensics++_C23/Deepfakes/105_180.mp4,ffpp_Deepfakes_105_180,1,Deepfakes
FaceForensics++_C23/Deepfakes/106_198.mp4,ffpp_Deepfakes_106_198,1,Deepfakes
FaceForensics++_C23/Deepfakes/107_109.mp4,ffpp_Deepfakes_107_109,1,Deepfakes
FaceForensics++_C23/Deepfakes/108_052.mp4,ffpp_Deepfakes_108_052,1,Deepfakes
FaceForensics++_C23/Deepfakes/109_107.mp4,ffpp_Deepfakes_109_107,1,Deepfakes
FaceForensics++_C23/Deepfakes/110_043.mp4,ffpp_Deepfakes_110_043,1,Deepfakes
FaceForensics++_C23/Deepfakes/111_094.mp4,ffpp_Deepfakes_111_094,1,Deepfakes
FaceForensics++_C23/Deepfakes/112_892.mp4,ffpp_Deepfakes_112_892,1,Deepfakes
FaceForensics++_C23/Deepfakes/113_983.mp4,ffpp_Deepfakes_113_983,1,Deepfakes
FaceForensics++_C23/Deepfakes/114_102.mp4,ffpp_Deepfakes_114_102,1,Deepfakes
FaceForensics++_C23/Deepfakes/115_939.mp4,ffpp_Deepfakes_115_939,1,Deepfakes
FaceForensics++_C23/Deepfakes/116_091.mp4,ffpp_Deepfakes_116_091,1,Deepfakes
FaceForensics++_C23/Deepfakes/117_217.mp4,ffpp_Deepfakes_117_217,1,Deepfakes
FaceForensics++_C23/Deepfakes/118_120.mp4,ffpp_Deepfakes_118_120,1,Deepfakes
FaceForensics++_C23/Deepfakes/119_123.mp4,ffpp_Deepfakes_119_123,1,Deepfakes
FaceForensics++_C23/Deepfakes/120_118.mp4,ffpp_Deepfakes_120_118,1,Deepfakes
FaceForensics++_C23/Deepfakes/121_093.mp4,ffpp_Deepfakes_121_093,1,Deepfakes
FaceForensics++_C23/Deepfakes/122_144.mp4,ffpp_Deepfakes_122_144,1,Deepfakes
FaceForensics++_C23/Deepfakes/123_119.mp4,ffpp_Deepfakes_123_119,1,Deepfakes
FaceForensics++_C23/Deepfakes/124_085.mp4,ffpp_Deepfakes_124_085,1,Deepfakes
FaceForensics++_C23/Deepfakes/125_038.mp4,ffpp_Deepfakes_125_038,1,Deepfakes
FaceForensics++_C23/Deepfakes/126_104.mp4,ffpp_Deepfakes_126_104,1,Deepfakes
FaceForensics++_C23/Deepfakes/127_129.mp4,ffpp_Deepfakes_127_129,1,Deepfakes
FaceForensics++_C23/Deepfakes/128_896.mp4,ffpp_Deepfakes_128_896,1,Deepfakes
FaceForensics++_C23/Deepfakes/129_127.mp4,ffpp_Deepfakes_129_127,1,Deepfakes
FaceForensics++_C23/Deepfakes/130_139.mp4,ffpp_Deepfakes_130_139,1,Deepfakes
FaceForensics++_C23/Deepfakes/131_518.mp4,ffpp_Deepfakes_131_518,1,Deepfakes
FaceForensics++_C23/Deepfakes/132_007.mp4,ffpp_Deepfakes_132_007,1,Deepfakes
FaceForensics++_C23/Deepfakes/133_148.mp4,ffpp_Deepfakes_133_148,1,Deepfakes
FaceForensics++_C23/Deepfakes/134_192.mp4,ffpp_Deepfakes_134_192,1,Deepfakes
FaceForensics++_C23/Deepfakes/135_880.mp4,ffpp_Deepfakes_135_880,1,Deepfakes
FaceForensics++_C23/Deepfakes/136_285.mp4,ffpp_Deepfakes_136_285,1,Deepfakes
FaceForensics++_C23/Deepfakes/137_165.mp4,ffpp_Deepfakes_137_165,1,Deepfakes
FaceForensics++_C23/Deepfakes/138_142.mp4,ffpp_Deepfakes_138_142,1,Deepfakes
FaceForensics++_C23/Deepfakes/139_130.mp4,ffpp_Deepfakes_139_130,1,Deepfakes
FaceForensics++_C23/Deepfakes/140_143.mp4,ffpp_Deepfakes_140_143,1,Deepfakes
FaceForensics++_C23/Deepfakes/141_161.mp4,ffpp_Deepfakes_141_161,1,Deepfakes
FaceForensics++_C23/Deepfakes/142_138.mp4,ffpp_Deepfakes_142_138,1,Deepfakes
FaceForensics++_C23/Deepfakes/143_140.mp4,ffpp_Deepfakes_143_140,1,Deepfakes
FaceForensics++_C23/Deepfakes/144_122.mp4,ffpp_Deepfakes_144_122,1,Deepfakes
FaceForensics++_C23/Deepfakes/145_299.mp4,ffpp_Deepfakes_145_299,1,Deepfakes
FaceForensics++_C23/Deepfakes/146_256.mp4,ffpp_Deepfakes_146_256,1,Deepfakes
FaceForensics++_C23/Deepfakes/147_055.mp4,ffpp_Deepfakes_147_055,1,Deepfakes
FaceForensics++_C23/Deepfakes/148_133.mp4,ffpp_Deepfakes_148_133,1,Deepfakes
FaceForensics++_C23/Deepfakes/149_152.mp4,ffpp_Deepfakes_149_152,1,Deepfakes
FaceForensics++_C23/Deepfakes/150_153.mp4,ffpp_Deepfakes_150_153,1,Deepfakes
FaceForensics++_C23/Deepfakes/151_225.mp4,ffpp_Deepfakes_151_225,1,Deepfakes
FaceForensics++_C23/Deepfakes/152_149.mp4,ffpp_Deepfakes_152_149,1,Deepfakes
FaceForensics++_C23/Deepfakes/153_150.mp4,ffpp_Deepfakes_153_150,1,Deepfakes
FaceForensics++_C23/Deepfakes/154_386.mp4,ffpp_Deepfakes_154_386,1,Deepfakes
FaceForensics++_C23/Deepfakes/155_576.mp4,ffpp_Deepfakes_155_576,1,Deepfakes
FaceForensics++_C23/Deepfakes/156_243.mp4,ffpp_Deepfakes_156_243,1,Deepfakes
FaceForensics++_C23/Deepfakes/157_245.mp4,ffpp_Deepfakes_157_245,1,Deepfakes
FaceForensics++_C23/Deepfakes/158_379.mp4,ffpp_Deepfakes_158_379,1,Deepfakes
FaceForensics++_C23/Deepfakes/159_175.mp4,ffpp_Deepfakes_159_175,1,Deepfakes
FaceForensics++_C23/Deepfakes/160_928.mp4,ffpp_Deepfakes_160_928,1,Deepfakes
FaceForensics++_C23/Deepfakes/161_141.mp4,ffpp_Deepfakes_161_141,1,Deepfakes
FaceForensics++_C23/Deepfakes/162_330.mp4,ffpp_Deepfakes_162_330,1,Deepfakes
FaceForensics++_C23/Deepfakes/163_031.mp4,ffpp_Deepfakes_163_031,1,Deepfakes
FaceForensics++_C23/Deepfakes/164_216.mp4,ffpp_Deepfakes_164_216,1,Deepfakes
FaceForensics++_C23/Deepfakes/165_137.mp4,ffpp_Deepfakes_165_137,1,Deepfakes
FaceForensics++_C23/Deepfakes/166_167.mp4,ffpp_Deepfakes_166_167,1,Deepfakes
FaceForensics++_C23/Deepfakes/167_166.mp4,ffpp_Deepfakes_167_166,1,Deepfakes
FaceForensics++_C23/Deepfakes/168_222.mp4,ffpp_Deepfakes_168_222,1,Deepfakes
FaceForensics++_C23/Deepfakes/169_227.mp4,ffpp_Deepfakes_169_227,1,Deepfakes
FaceForensics++_C23/Deepfakes/170_186.mp4,ffpp_Deepfakes_170_186,1,Deepfakes
FaceForensics++_C23/Deepfakes/171_173.mp4,ffpp_Deepfakes_171_173,1,Deepfakes
FaceForensics++_C23/Deepfakes/172_582.mp4,ffpp_Deepfakes_172_582,1,Deepfakes
FaceForensics++_C23/Deepfakes/173_171.mp4,ffpp_Deepfakes_173_171,1,Deepfakes
FaceForensics++_C23/Deepfakes/174_964.mp4,ffpp_Deepfakes_174_964,1,Deepfakes
FaceForensics++_C23/Deepfakes/175_159.mp4,ffpp_Deepfakes_175_159,1,Deepfakes
FaceForensics++_C23/Deepfakes/176_190.mp4,ffpp_Deepfakes_176_190,1,Deepfakes
FaceForensics++_C23/Deepfakes/177_211.mp4,ffpp_Deepfakes_177_211,1,Deepfakes
FaceForensics++_C23/Deepfakes/178_598.mp4,ffpp_Deepfakes_178_598,1,Deepfakes
FaceForensics++_C23/Deepfakes/179_212.mp4,ffpp_Deepfakes_179_212,1,Deepfakes
FaceForensics++_C23/Deepfakes/180_105.mp4,ffpp_Deepfakes_180_105,1,Deepfakes
FaceForensics++_C23/Deepfakes/181_199.mp4,ffpp_Deepfakes_181_199,1,Deepfakes
FaceForensics++_C23/Deepfakes/182_242.mp4,ffpp_Deepfakes_182_242,1,Deepfakes
FaceForensics++_C23/Deepfakes/183_253.mp4,ffpp_Deepfakes_183_253,1,Deepfakes
FaceForensics++_C23/Deepfakes/184_205.mp4,ffpp_Deepfakes_184_205,1,Deepfakes
FaceForensics++_C23/Deepfakes/185_276.mp4,ffpp_Deepfakes_185_276,1,Deepfakes
FaceForensics++_C23/Deepfakes/186_170.mp4,ffpp_Deepfakes_186_170,1,Deepfakes
FaceForensics++_C23/Deepfakes/187_234.mp4,ffpp_Deepfakes_187_234,1,Deepfakes
FaceForensics++_C23/Deepfakes/188_191.mp4,ffpp_Deepfakes_188_191,1,Deepfakes
FaceForensics++_C23/Deepfakes/189_200.mp4,ffpp_Deepfakes_189_200,1,Deepfakes
FaceForensics++_C23/Deepfakes/190_176.mp4,ffpp_Deepfakes_190_176,1,Deepfakes
FaceForensics++_C23/Deepfakes/191_188.mp4,ffpp_Deepfakes_191_188,1,Deepfakes
FaceForensics++_C23/Deepfakes/192_134.mp4,ffpp_Deepfakes_192_134,1,Deepfakes
FaceForensics++_C23/Deepfakes/193_030.mp4,ffpp_Deepfakes_193_030,1,Deepfakes
FaceForensics++_C23/Deepfakes/194_235.mp4,ffpp_Deepfakes_194_235,1,Deepfakes
FaceForensics++_C23/Deepfakes/195_442.mp4,ffpp_Deepfakes_195_442,1,Deepfakes
FaceForensics++_C23/Deepfakes/196_310.mp4,ffpp_Deepfakes_196_310,1,Deepfakes
FaceForensics++_C23/Deepfakes/197_224.mp4,ffpp_Deepfakes_197_224,1,Deepfakes
FaceForensics++_C23/Deepfakes/198_106.mp4,ffpp_Deepfakes_198_106,1,Deepfakes
FaceForensics++_C23/Deepfakes/199_181.mp4,ffpp_Deepfakes_199_181,1,Deepfakes
FaceForensics++_C23/Deepfakes/200_189.mp4,ffpp_Deepfakes_200_189,1,Deepfakes
FaceForensics++_C23/Deepfakes/201_203.mp4,ffpp_Deepfakes_201_203,1,Deepfakes
FaceForensics++_C23/Deepfakes/202_348.mp4,ffpp_Deepfakes_202_348,1,Deepfakes
FaceForensics++_C23/Deepfakes/203_201.mp4,ffpp_Deepfakes_203_201,1,Deepfakes
FaceForensics++_C23/Deepfakes/204_230.mp4,ffpp_Deepfakes_204_230,1,Deepfakes
FaceForensics++_C23/Deepfakes/205_184.mp4,ffpp_Deepfakes_205_184,1,Deepfakes
FaceForensics++_C23/Deepfakes/206_221.mp4,ffpp_Deepfakes_206_221,1,Deepfakes
FaceForensics++_C23/Deepfakes/207_908.mp4,ffpp_Deepfakes_207_908,1,Deepfakes
FaceForensics++_C23/Deepfakes/208_215.mp4,ffpp_Deepfakes_208_215,1,Deepfakes
FaceForensics++_C23/Deepfakes/209_016.mp4,ffpp_Deepfakes_209_016,1,Deepfakes
FaceForensics++_C23/Deepfakes/210_241.mp4,ffpp_Deepfakes_210_241,1,Deepfakes
FaceForensics++_C23/Deepfakes/211_177.mp4,ffpp_Deepfakes_211_177,1,Deepfakes
FaceForensics++_C23/Deepfakes/212_179.mp4,ffpp_Deepfakes_212_179,1,Deepfakes
FaceForensics++_C23/Deepfakes/213_083.mp4,ffpp_Deepfakes_213_083,1,Deepfakes
FaceForensics++_C23/Deepfakes/214_255.mp4,ffpp_Deepfakes_214_255,1,Deepfakes
FaceForensics++_C23/Deepfakes/215_208.mp4,ffpp_Deepfakes_215_208,1,Deepfakes
FaceForensics++_C23/Deepfakes/216_164.mp4,ffpp_Deepfakes_216_164,1,Deepfakes
FaceForensics++_C23/Deepfakes/217_117.mp4,ffpp_Deepfakes_217_117,1,Deepfakes
FaceForensics++_C23/Deepfakes/218_239.mp4,ffpp_Deepfakes_218_239,1,Deepfakes
FaceForensics++_C23/Deepfakes/219_220.mp4,ffpp_Deepfakes_219_220,1,Deepfakes
FaceForensics++_C23/Deepfakes/220_219.mp4,ffpp_Deepfakes_220_219,1,Deepfakes
FaceForensics++_C23/Deepfakes/221_206.mp4,ffpp_Deepfakes_221_206,1,Deepfakes
FaceForensics++_C23/Deepfakes/222_168.mp4,ffpp_Deepfakes_222_168,1,Deepfakes
FaceForensics++_C23/Deepfakes/223_586.mp4,ffpp_Deepfakes_223_586,1,Deepfakes
FaceForensics++_C23/Deepfakes/224_197.mp4,ffpp_Deepfakes_224_197,1,Deepfakes
FaceForensics++_C23/Deepfakes/225_151.mp4,ffpp_Deepfakes_225_151,1,Deepfakes
FaceForensics++_C23/Deepfakes/226_491.mp4,ffpp_Deepfakes_226_491,1,Deepfakes
FaceForensics++_C23/Deepfakes/227_169.mp4,ffpp_Deepfakes_227_169,1,Deepfakes
FaceForensics++_C23/Deepfakes/228_289.mp4,ffpp_Deepfakes_228_289,1,Deepfakes
FaceForensics++_C23/Deepfakes/229_247.mp4,ffpp_Deepfakes_229_247,1,Deepfakes
FaceForensics++_C23/Deepfakes/230_204.mp4,ffpp_Deepfakes_230_204,1,Deepfakes
FaceForensics++_C23/Deepfakes/231_663.mp4,ffpp_Deepfakes_231_663,1,Deepfakes
FaceForensics++_C23/Deepfakes/232_248.mp4,ffpp_Deepfakes_232_248,1,Deepfakes
FaceForensics++_C23/Deepfakes/233_995.mp4,ffpp_Deepfakes_233_995,1,Deepfakes
FaceForensics++_C23/Deepfakes/234_187.mp4,ffpp_Deepfakes_234_187,1,Deepfakes
FaceForensics++_C23/Deepfakes/235_194.mp4,ffpp_Deepfakes_235_194,1,Deepfakes
FaceForensics++_C23/Deepfakes/236_237.mp4,ffpp_Deepfakes_236_237,1,Deepfakes
FaceForensics++_C23/Deepfakes/237_236.mp4,ffpp_Deepfakes_237_236,1,Deepfakes
FaceForensics++_C23/Deepfakes/238_282.mp4,ffpp_Deepfakes_238_282,1,Deepfakes
FaceForensics++_C23/Deepfakes/239_218.mp4,ffpp_Deepfakes_239_218,1,Deepfakes
FaceForensics++_C23/Deepfakes/240_290.mp4,ffpp_Deepfakes_240_290,1,Deepfakes
FaceForensics++_C23/Deepfakes/241_210.mp4,ffpp_Deepfakes_241_210,1,Deepfakes
FaceForensics++_C23/Deepfakes/242_182.mp4,ffpp_Deepfakes_242_182,1,Deepfakes
FaceForensics++_C23/Deepfakes/243_156.mp4,ffpp_Deepfakes_243_156,1,Deepfakes
FaceForensics++_C23/Deepfakes/244_822.mp4,ffpp_Deepfakes_244_822,1,Deepfakes
FaceForensics++_C23/Deepfakes/245_157.mp4,ffpp_Deepfakes_245_157,1,Deepfakes
FaceForensics++_C23/Deepfakes/246_258.mp4,ffpp_Deepfakes_246_258,1,Deepfakes
FaceForensics++_C23/Deepfakes/247_229.mp4,ffpp_Deepfakes_247_229,1,Deepfakes
FaceForensics++_C23/Deepfakes/248_232.mp4,ffpp_Deepfakes_248_232,1,Deepfakes
FaceForensics++_C23/Deepfakes/249_280.mp4,ffpp_Deepfakes_249_280,1,Deepfakes
FaceForensics++_C23/Deepfakes/250_461.mp4,ffpp_Deepfakes_250_461,1,Deepfakes
FaceForensics++_C23/Deepfakes/251_375.mp4,ffpp_Deepfakes_251_375,1,Deepfakes
FaceForensics++_C23/Deepfakes/252_266.mp4,ffpp_Deepfakes_252_266,1,Deepfakes
FaceForensics++_C23/Deepfakes/253_183.mp4,ffpp_Deepfakes_253_183,1,Deepfakes
FaceForensics++_C23/Deepfakes/254_261.mp4,ffpp_Deepfakes_254_261,1,Deepfakes
FaceForensics++_C23/Deepfakes/255_214.mp4,ffpp_Deepfakes_255_214,1,Deepfakes
FaceForensics++_C23/Deepfakes/256_146.mp4,ffpp_Deepfakes_256_146,1,Deepfakes
FaceForensics++_C23/Deepfakes/257_420.mp4,ffpp_Deepfakes_257_420,1,Deepfakes
FaceForensics++_C23/Deepfakes/258_246.mp4,ffpp_Deepfakes_258_246,1,Deepfakes
FaceForensics++_C23/Deepfakes/259_345.mp4,ffpp_Deepfakes_259_345,1,Deepfakes
FaceForensics++_C23/Deepfakes/260_331.mp4,ffpp_Deepfakes_260_331,1,Deepfakes
FaceForensics++_C23/Deepfakes/261_254.mp4,ffpp_Deepfakes_261_254,1,Deepfakes
FaceForensics++_C23/Deepfakes/262_301.mp4,ffpp_Deepfakes_262_301,1,Deepfakes
FaceForensics++_C23/Deepfakes/263_284.mp4,ffpp_Deepfakes_263_284,1,Deepfakes
FaceForensics++_C23/Deepfakes/264_271.mp4,ffpp_Deepfakes_264_271,1,Deepfakes
FaceForensics++_C23/Deepfakes/265_475.mp4,ffpp_Deepfakes_265_475,1,Deepfakes
FaceForensics++_C23/Deepfakes/266_252.mp4,ffpp_Deepfakes_266_252,1,Deepfakes
FaceForensics++_C23/Deepfakes/267_286.mp4,ffpp_Deepfakes_267_286,1,Deepfakes
FaceForensics++_C23/Deepfakes/268_269.mp4,ffpp_Deepfakes_268_269,1,Deepfakes
FaceForensics++_C23/Deepfakes/269_268.mp4,ffpp_Deepfakes_269_268,1,Deepfakes
FaceForensics++_C23/Deepfakes/270_297.mp4,ffpp_Deepfakes_270_297,1,Deepfakes
FaceForensics++_C23/Deepfakes/271_264.mp4,ffpp_Deepfakes_271_264,1,Deepfakes
FaceForensics++_C23/Deepfakes/272_396.mp4,ffpp_Deepfakes_272_396,1,Deepfakes
FaceForensics++_C23/Deepfakes/273_807.mp4,ffpp_Deepfakes_273_807,1,Deepfakes
FaceForensics++_C23/Deepfakes/274_412.mp4,ffpp_Deepfakes_274_412,1,Deepfakes
FaceForensics++_C23/Deepfakes/275_887.mp4,ffpp_Deepfakes_275_887,1,Deepfakes
FaceForensics++_C23/Deepfakes/276_185.mp4,ffpp_Deepfakes_276_185,1,Deepfakes
FaceForensics++_C23/Deepfakes/277_335.mp4,ffpp_Deepfakes_277_335,1,Deepfakes
FaceForensics++_C23/Deepfakes/278_306.mp4,ffpp_Deepfakes_278_306,1,Deepfakes
FaceForensics++_C23/Deepfakes/279_298.mp4,ffpp_Deepfakes_279_298,1,Deepfakes
FaceForensics++_C23/Deepfakes/280_249.mp4,ffpp_Deepfakes_280_249,1,Deepfakes
FaceForensics++_C23/Deepfakes/281_474.mp4,ffpp_Deepfakes_281_474,1,Deepfakes
FaceForensics++_C23/Deepfakes/282_238.mp4,ffpp_Deepfakes_282_238,1,Deepfakes
FaceForensics++_C23/Deepfakes/283_313.mp4,ffpp_Deepfakes_283_313,1,Deepfakes
FaceForensics++_C23/Deepfakes/284_263.mp4,ffpp_Deepfakes_284_263,1,Deepfakes
FaceForensics++_C23/Deepfakes/285_136.mp4,ffpp_Deepfakes_285_136,1,Deepfakes
FaceForensics++_C23/Deepfakes/286_267.mp4,ffpp_Deepfakes_286_267,1,Deepfakes
FaceForensics++_C23/Deepfakes/287_426.mp4,ffpp_Deepfakes_287_426,1,Deepfakes
FaceForensics++_C23/Deepfakes/288_321.mp4,ffpp_Deepfakes_288_321,1,Deepfakes
FaceForensics++_C23/Deepfakes/289_228.mp4,ffpp_Deepfakes_289_228,1,Deepfakes
FaceForensics++_C23/Deepfakes/290_240.mp4,ffpp_Deepfakes_290_240,1,Deepfakes
FaceForensics++_C23/Deepfakes/291_874.mp4,ffpp_Deepfakes_291_874,1,Deepfakes
FaceForensics++_C23/Deepfakes/292_294.mp4,ffpp_Deepfakes_292_294,1,Deepfakes
FaceForensics++_C23/Deepfakes/293_296.mp4,ffpp_Deepfakes_293_296,1,Deepfakes
FaceForensics++_C23/Deepfakes/294_292.mp4,ffpp_Deepfakes_294_292,1,Deepfakes
FaceForensics++_C23/Deepfakes/295_099.mp4,ffpp_Deepfakes_295_099,1,Deepfakes
FaceForensics++_C23/Deepfakes/296_293.mp4,ffpp_Deepfakes_296_293,1,Deepfakes
FaceForensics++_C23/Deepfakes/297_270.mp4,ffpp_Deepfakes_297_270,1,Deepfakes
FaceForensics++_C23/Deepfakes/298_279.mp4,ffpp_Deepfakes_298_279,1,Deepfakes
FaceForensics++_C23/Deepfakes/299_145.mp4,ffpp_Deepfakes_299_145,1,Deepfakes
FaceForensics++_C23/Deepfakes/300_304.mp4,ffpp_Deepfakes_300_304,1,Deepfakes
FaceForensics++_C23/Deepfakes/301_262.mp4,ffpp_Deepfakes_301_262,1,Deepfakes
FaceForensics++_C23/Deepfakes/302_323.mp4,ffpp_Deepfakes_302_323,1,Deepfakes
FaceForensics++_C23/Deepfakes/303_309.mp4,ffpp_Deepfakes_303_309,1,Deepfakes
FaceForensics++_C23/Deepfakes/304_300.mp4,ffpp_Deepfakes_304_300,1,Deepfakes
FaceForensics++_C23/Deepfakes/305_513.mp4,ffpp_Deepfakes_305_513,1,Deepfakes
FaceForensics++_C23/Deepfakes/306_278.mp4,ffpp_Deepfakes_306_278,1,Deepfakes
FaceForensics++_C23/Deepfakes/307_365.mp4,ffpp_Deepfakes_307_365,1,Deepfakes
FaceForensics++_C23/Deepfakes/308_388.mp4,ffpp_Deepfakes_308_388,1,Deepfakes
FaceForensics++_C23/Deepfakes/309_303.mp4,ffpp_Deepfakes_309_303,1,Deepfakes
FaceForensics++_C23/Deepfakes/310_196.mp4,ffpp_Deepfakes_310_196,1,Deepfakes
FaceForensics++_C23/Deepfakes/311_387.mp4,ffpp_Deepfakes_311_387,1,Deepfakes
FaceForensics++_C23/Deepfakes/312_021.mp4,ffpp_Deepfakes_312_021,1,Deepfakes
FaceForensics++_C23/Deepfakes/313_283.mp4,ffpp_Deepfakes_313_283,1,Deepfakes
FaceForensics++_C23/Deepfakes/314_347.mp4,ffpp_Deepfakes_314_347,1,Deepfakes
FaceForensics++_C23/Deepfakes/315_322.mp4,ffpp_Deepfakes_315_322,1,Deepfakes
FaceForensics++_C23/Deepfakes/316_369.mp4,ffpp_Deepfakes_316_369,1,Deepfakes
FaceForensics++_C23/Deepfakes/317_359.mp4,ffpp_Deepfakes_317_359,1,Deepfakes
FaceForensics++_C23/Deepfakes/318_334.mp4,ffpp_Deepfakes_318_334,1,Deepfakes
FaceForensics++_C23/Deepfakes/319_352.mp4,ffpp_Deepfakes_319_352,1,Deepfakes
FaceForensics++_C23/Deepfakes/320_328.mp4,ffpp_Deepfakes_320_328,1,Deepfakes
FaceForensics++_C23/Deepfakes/321_288.mp4,ffpp_Deepfakes_321_288,1,Deepfakes
FaceForensics++_C23/Deepfakes/322_315.mp4,ffpp_Deepfakes_322_315,1,Deepfakes
FaceForensics++_C23/Deepfakes/323_302.mp4,ffpp_Deepfakes_323_302,1,Deepfakes
FaceForensics++_C23/Deepfakes/324_356.mp4,ffpp_Deepfakes_324_356,1,Deepfakes
FaceForensics++_C23/Deepfakes/325_492.mp4,ffpp_Deepfakes_325_492,1,Deepfakes
FaceForensics++_C23/Deepfakes/326_501.mp4,ffpp_Deepfakes_326_501,1,Deepfakes
FaceForensics++_C23/Deepfakes/327_329.mp4,ffpp_Deepfakes_327_329,1,Deepfakes
FaceForensics++_C23/Deepfakes/328_320.mp4,ffpp_Deepfakes_328_320,1,Deepfakes
FaceForensics++_C23/Deepfakes/329_327.mp4,ffpp_Deepfakes_329_327,1,Deepfakes
FaceForensics++_C23/Deepfakes/330_162.mp4,ffpp_Deepfakes_330_162,1,Deepfakes
FaceForensics++_C23/Deepfakes/331_260.mp4,ffpp_Deepfakes_331_260,1,Deepfakes
FaceForensics++_C23/Deepfakes/332_051.mp4,ffpp_Deepfakes_332_051,1,Deepfakes
FaceForensics++_C23/Deepfakes/333_377.mp4,ffpp_Deepfakes_333_377,1,Deepfakes
FaceForensics++_C23/Deepfakes/334_318.mp4,ffpp_Deepfakes_334_318,1,Deepfakes
FaceForensics++_C23/Deepfakes/335_277.mp4,ffpp_Deepfakes_335_277,1,Deepfakes
FaceForensics++_C23/Deepfakes/336_338.mp4,ffpp_Deepfakes_336_338,1,Deepfakes
FaceForensics++_C23/Deepfakes/337_522.mp4,ffpp_Deepfakes_337_522,1,Deepfakes
FaceForensics++_C23/Deepfakes/338_336.mp4,ffpp_Deepfakes_338_336,1,Deepfakes
FaceForensics++_C23/Deepfakes/339_392.mp4,ffpp_Deepfakes_339_392,1,Deepfakes
FaceForensics++_C23/Deepfakes/340_341.mp4,ffpp_Deepfakes_340_341,1,Deepfakes
FaceForensics++_C23/Deepfakes/341_340.mp4,ffpp_Deepfakes_341_340,1,Deepfakes
FaceForensics++_C23/Deepfakes/342_416.mp4,ffpp_Deepfakes_342_416,1,Deepfakes
FaceForensics++_C23/Deepfakes/343_363.mp4,ffpp_Deepfakes_343_363,1,Deepfakes
FaceForensics++_C23/Deepfakes/344_020.mp4,ffpp_Deepfakes_344_020,1,Deepfakes
FaceForensics++_C23/Deepfakes/345_259.mp4,ffpp_Deepfakes_345_259,1,Deepfakes
FaceForensics++_C23/Deepfakes/346_351.mp4,ffpp_Deepfakes_346_351,1,Deepfakes
FaceForensics++_C23/Deepfakes/347_314.mp4,ffpp_Deepfakes_347_314,1,Deepfakes
FaceForensics++_C23/Deepfakes/348_202.mp4,ffpp_Deepfakes_348_202,1,Deepfakes
FaceForensics++_C23/Deepfakes/349_350.mp4,ffpp_Deepfakes_349_350,1,Deepfakes
FaceForensics++_C23/Deepfakes/350_349.mp4,ffpp_Deepfakes_350_349,1,Deepfakes
FaceForensics++_C23/Deepfakes/351_346.mp4,ffpp_Deepfakes_351_346,1,Deepfakes
FaceForensics++_C23/Deepfakes/352_319.mp4,ffpp_Deepfakes_352_319,1,Deepfakes
FaceForensics++_C23/Deepfakes/353_383.mp4,ffpp_Deepfakes_353_383,1,Deepfakes
FaceForensics++_C23/Deepfakes/354_362.mp4,ffpp_Deepfakes_354_362,1,Deepfakes
FaceForensics++_C23/Deepfakes/355_748.mp4,ffpp_Deepfakes_355_748,1,Deepfakes
FaceForensics++_C23/Deepfakes/356_324.mp4,ffpp_Deepfakes_356_324,1,Deepfakes
FaceForensics++_C23/Deepfakes/357_432.mp4,ffpp_Deepfakes_357_432,1,Deepfakes
FaceForensics++_C23/Deepfakes/358_380.mp4,ffpp_Deepfakes_358_380,1,Deepfakes
FaceForensics++_C23/Deepfakes/359_317.mp4,ffpp_Deepfakes_359_317,1,Deepfakes
FaceForensics++_C23/Deepfakes/360_437.mp4,ffpp_Deepfakes_360_437,1,Deepfakes
FaceForensics++_C23/Deepfakes/361_448.mp4,ffpp_Deepfakes_361_448,1,Deepfakes
FaceForensics++_C23/Deepfakes/362_354.mp4,ffpp_Deepfakes_362_354,1,Deepfakes
FaceForensics++_C23/Deepfakes/363_343.mp4,ffpp_Deepfakes_363_343,1,Deepfakes
FaceForensics++_C23/Deepfakes/364_440.mp4,ffpp_Deepfakes_364_440,1,Deepfakes
FaceForensics++_C23/Deepfakes/365_307.mp4,ffpp_Deepfakes_365_307,1,Deepfakes
FaceForensics++_C23/Deepfakes/366_473.mp4,ffpp_Deepfakes_366_473,1,Deepfakes
FaceForensics++_C23/Deepfakes/367_371.mp4,ffpp_Deepfakes_367_371,1,Deepfakes
FaceForensics++_C23/Deepfakes/368_378.mp4,ffpp_Deepfakes_368_378,1,Deepfakes
FaceForensics++_C23/Deepfakes/369_316.mp4,ffpp_Deepfakes_369_316,1,Deepfakes
FaceForensics++_C23/Deepfakes/370_483.mp4,ffpp_Deepfakes_370_483,1,Deepfakes
FaceForensics++_C23/Deepfakes/371_367.mp4,ffpp_Deepfakes_371_367,1,Deepfakes
FaceForensics++_C23/Deepfakes/372_413.mp4,ffpp_Deepfakes_372_413,1,Deepfakes
FaceForensics++_C23/Deepfakes/373_394.mp4,ffpp_Deepfakes_373_394,1,Deepfakes
FaceForensics++_C23/Deepfakes/374_407.mp4,ffpp_Deepfakes_374_407,1,Deepfakes
FaceForensics++_C23/Deepfakes/375_251.mp4,ffpp_Deepfakes_375_251,1,Deepfakes
FaceForensics++_C23/Deepfakes/376_381.mp4,ffpp_Deepfakes_376_381,1,Deepfakes
FaceForensics++_C23/Deepfakes/377_333.mp4,ffpp_Deepfakes_377_333,1,Deepfakes
FaceForensics++_C23/Deepfakes/378_368.mp4,ffpp_Deepfakes_378_368,1,Deepfakes
FaceForensics++_C23/Deepfakes/379_158.mp4,ffpp_Deepfakes_379_158,1,Deepfakes
FaceForensics++_C23/Deepfakes/380_358.mp4,ffpp_Deepfakes_380_358,1,Deepfakes
FaceForensics++_C23/Deepfakes/381_376.mp4,ffpp_Deepfakes_381_376,1,Deepfakes
FaceForensics++_C23/Deepfakes/382_409.mp4,ffpp_Deepfakes_382_409,1,Deepfakes
FaceForensics++_C23/Deepfakes/383_353.mp4,ffpp_Deepfakes_383_353,1,Deepfakes
FaceForensics++_C23/Deepfakes/384_932.mp4,ffpp_Deepfakes_384_932,1,Deepfakes
FaceForensics++_C23/Deepfakes/385_414.mp4,ffpp_Deepfakes_385_414,1,Deepfakes
FaceForensics++_C23/Deepfakes/386_154.mp4,ffpp_Deepfakes_386_154,1,Deepfakes
FaceForensics++_C23/Deepfakes/387_311.mp4,ffpp_Deepfakes_387_311,1,Deepfakes
FaceForensics++_C23/Deepfakes/388_308.mp4,ffpp_Deepfakes_388_308,1,Deepfakes
FaceForensics++_C23/Deepfakes/389_480.mp4,ffpp_Deepfakes_389_480,1,Deepfakes
FaceForensics++_C23/Deepfakes/390_709.mp4,ffpp_Deepfakes_390_709,1,Deepfakes
FaceForensics++_C23/Deepfakes/391_406.mp4,ffpp_Deepfakes_391_406,1,Deepfakes
FaceForensics++_C23/Deepfakes/392_339.mp4,ffpp_Deepfakes_392_339,1,Deepfakes
FaceForensics++_C23/Deepfakes/393_405.mp4,ffpp_Deepfakes_393_405,1,Deepfakes
FaceForensics++_C23/Deepfakes/394_373.mp4,ffpp_Deepfakes_394_373,1,Deepfakes
FaceForensics++_C23/Deepfakes/395_401.mp4,ffpp_Deepfakes_395_401,1,Deepfakes
FaceForensics++_C23/Deepfakes/396_272.mp4,ffpp_Deepfakes_396_272,1,Deepfakes
FaceForensics++_C23/Deepfakes/397_602.mp4,ffpp_Deepfakes_397_602,1,Deepfakes
FaceForensics++_C23/Deepfakes/398_457.mp4,ffpp_Deepfakes_398_457,1,Deepfakes
FaceForensics++_C23/Deepfakes/399_488.mp4,ffpp_Deepfakes_399_488,1,Deepfakes
FaceForensics++_C23/Deepfakes/400_476.mp4,ffpp_Deepfakes_400_476,1,Deepfakes
FaceForensics++_C23/Deepfakes/401_395.mp4,ffpp_Deepfakes_401_395,1,Deepfakes
FaceForensics++_C23/Deepfakes/402_453.mp4,ffpp_Deepfakes_402_453,1,Deepfakes
FaceForensics++_C23/Deepfakes/403_497.mp4,ffpp_Deepfakes_403_497,1,Deepfakes
FaceForensics++_C23/Deepfakes/404_429.mp4,ffpp_Deepfakes_404_429,1,Deepfakes
FaceForensics++_C23/Deepfakes/405_393.mp4,ffpp_Deepfakes_405_393,1,Deepfakes
FaceForensics++_C23/Deepfakes/406_391.mp4,ffpp_Deepfakes_406_391,1,Deepfakes
FaceForensics++_C23/Deepfakes/407_374.mp4,ffpp_Deepfakes_407_374,1,Deepfakes
FaceForensics++_C23/Deepfakes/408_424.mp4,ffpp_Deepfakes_408_424,1,Deepfakes
FaceForensics++_C23/Deepfakes/409_382.mp4,ffpp_Deepfakes_409_382,1,Deepfakes
FaceForensics++_C23/Deepfakes/410_411.mp4,ffpp_Deepfakes_410_411,1,Deepfakes
FaceForensics++_C23/Deepfakes/411_410.mp4,ffpp_Deepfakes_411_410,1,Deepfakes
FaceForensics++_C23/Deepfakes/412_274.mp4,ffpp_Deepfakes_412_274,1,Deepfakes
FaceForensics++_C23/Deepfakes/413_372.mp4,ffpp_Deepfakes_413_372,1,Deepfakes
FaceForensics++_C23/Deepfakes/414_385.mp4,ffpp_Deepfakes_414_385,1,Deepfakes
FaceForensics++_C23/Deepfakes/415_484.mp4,ffpp_Deepfakes_415_484,1,Deepfakes
FaceForensics++_C23/Deepfakes/416_342.mp4,ffpp_Deepfakes_416_342,1,Deepfakes
FaceForensics++_C23/Deepfakes/417_496.mp4,ffpp_Deepfakes_417_496,1,Deepfakes
FaceForensics++_C23/Deepfakes/418_507.mp4,ffpp_Deepfakes_418_507,1,Deepfakes
FaceForensics++_C23/Deepfakes/419_824.mp4,ffpp_Deepfakes_419_824,1,Deepfakes
FaceForensics++_C23/Deepfakes/420_257.mp4,ffpp_Deepfakes_420_257,1,Deepfakes
FaceForensics++_C23/Deepfakes/421_423.mp4,ffpp_Deepfakes_421_423,1,Deepfakes
FaceForensics++_C23/Deepfakes/422_695.mp4,ffpp_Deepfakes_422_695,1,Deepfakes
FaceForensics++_C23/Deepfakes/423_421.mp4,ffpp_Deepfakes_423_421,1,Deepfakes
FaceForensics++_C23/Deepfakes/424_408.mp4,ffpp_Deepfakes_424_408,1,Deepfakes
FaceForensics++_C23/Deepfakes/425_485.mp4,ffpp_Deepfakes_425_485,1,Deepfakes
FaceForensics++_C23/Deepfakes/426_287.mp4,ffpp_Deepfakes_426_287,1,Deepfakes
FaceForensics++_C23/Deepfakes/427_637.mp4,ffpp_Deepfakes_427_637,1,Deepfakes
FaceForensics++_C23/Deepfakes/428_466.mp4,ffpp_Deepfakes_428_466,1,Deepfakes
FaceForensics++_C23/Deepfakes/429_404.mp4,ffpp_Deepfakes_429_404,1,Deepfakes
FaceForensics++_C23/Deepfakes/430_459.mp4,ffpp_Deepfakes_430_459,1,Deepfakes
FaceForensics++_C23/Deepfakes/431_447.mp4,ffpp_Deepfakes_431_447,1,Deepfakes
FaceForensics++_C23/Deepfakes/432_357.mp4,ffpp_Deepfakes_432_357,1,Deepfakes
FaceForensics++_C23/Deepfakes/433_498.mp4,ffpp_Deepfakes_433_498,1,Deepfakes
FaceForensics++_C23/Deepfakes/434_438.mp4,ffpp_Deepfakes_434_438,1,Deepfakes
FaceForensics++_C23/Deepfakes/435_456.mp4,ffpp_Deepfakes_435_456,1,Deepfakes
FaceForensics++_C23/Deepfakes/436_526.mp4,ffpp_Deepfakes_436_526,1,Deepfakes
FaceForensics++_C23/Deepfakes/437_360.mp4,ffpp_Deepfakes_437_360,1,Deepfakes
FaceForensics++_C23/Deepfakes/438_434.mp4,ffpp_Deepfakes_438_434,1,Deepfakes
FaceForensics++_C23/Deepfakes/439_441.mp4,ffpp_Deepfakes_439_441,1,Deepfakes
FaceForensics++_C23/Deepfakes/440_364.mp4,ffpp_Deepfakes_440_364,1,Deepfakes
FaceForensics++_C23/Deepfakes/441_439.mp4,ffpp_Deepfakes_441_439,1,Deepfakes
FaceForensics++_C23/Deepfakes/442_195.mp4,ffpp_Deepfakes_442_195,1,Deepfakes
FaceForensics++_C23/Deepfakes/443_514.mp4,ffpp_Deepfakes_443_514,1,Deepfakes
FaceForensics++_C23/Deepfakes/444_655.mp4,ffpp_Deepfakes_444_655,1,Deepfakes
FaceForensics++_C23/Deepfakes/445_494.mp4,ffpp_Deepfakes_445_494,1,Deepfakes
FaceForensics++_C23/Deepfakes/446_667.mp4,ffpp_Deepfakes_446_667,1,Deepfakes
FaceForensics++_C23/Deepfakes/447_431.mp4,ffpp_Deepfakes_447_431,1,Deepfakes
FaceForensics++_C23/Deepfakes/448_361.mp4,ffpp_Deepfakes_448_361,1,Deepfakes
FaceForensics++_C23/Deepfakes/449_451.mp4,ffpp_Deepfakes_449_451,1,Deepfakes
FaceForensics++_C23/Deepfakes/450_533.mp4,ffpp_Deepfakes_450_533,1,Deepfakes
FaceForensics++_C23/Deepfakes/451_449.mp4,ffpp_Deepfakes_451_449,1,Deepfakes
FaceForensics++_C23/Deepfakes/452_550.mp4,ffpp_Deepfakes_452_550,1,Deepfakes
FaceForensics++_C23/Deepfakes/453_402.mp4,ffpp_Deepfakes_453_402,1,Deepfakes
FaceForensics++_C23/Deepfakes/454_527.mp4,ffpp_Deepfakes_454_527,1,Deepfakes
FaceForensics++_C23/Deepfakes/455_471.mp4,ffpp_Deepfakes_455_471,1,Deepfakes
FaceForensics++_C23/Deepfakes/456_435.mp4,ffpp_Deepfakes_456_435,1,Deepfakes
FaceForensics++_C23/Deepfakes/457_398.mp4,ffpp_Deepfakes_457_398,1,Deepfakes
FaceForensics++_C23/Deepfakes/458_722.mp4,ffpp_Deepfakes_458_722,1,Deepfakes
FaceForensics++_C23/Deepfakes/459_430.mp4,ffpp_Deepfakes_459_430,1,Deepfakes
FaceForensics++_C23/Deepfakes/460_678.mp4,ffpp_Deepfakes_460_678,1,Deepfakes
FaceForensics++_C23/Deepfakes/461_250.mp4,ffpp_Deepfakes_461_250,1,Deepfakes
FaceForensics++_C23/Deepfakes/462_467.mp4,ffpp_Deepfakes_462_467,1,Deepfakes
FaceForensics++_C23/Deepfakes/463_464.mp4,ffpp_Deepfakes_463_464,1,Deepfakes
FaceForensics++_C23/Deepfakes/464_463.mp4,ffpp_Deepfakes_464_463,1,Deepfakes
FaceForensics++_C23/Deepfakes/465_482.mp4,ffpp_Deepfakes_465_482,1,Deepfakes
FaceForensics++_C23/Deepfakes/466_428.mp4,ffpp_Deepfakes_466_428,1,Deepfakes
FaceForensics++_C23/Deepfakes/467_462.mp4,ffpp_Deepfakes_467_462,1,Deepfakes
FaceForensics++_C23/Deepfakes/468_470.mp4,ffpp_Deepfakes_468_470,1,Deepfakes
FaceForensics++_C23/Deepfakes/469_481.mp4,ffpp_Deepfakes_469_481,1,Deepfakes
FaceForensics++_C23/Deepfakes/470_468.mp4,ffpp_Deepfakes_470_468,1,Deepfakes
FaceForensics++_C23/Deepfakes/471_455.mp4,ffpp_Deepfakes_471_455,1,Deepfakes
FaceForensics++_C23/Deepfakes/472_511.mp4,ffpp_Deepfakes_472_511,1,Deepfakes
FaceForensics++_C23/Deepfakes/473_366.mp4,ffpp_Deepfakes_473_366,1,Deepfakes
FaceForensics++_C23/Deepfakes/474_281.mp4,ffpp_Deepfakes_474_281,1,Deepfakes
FaceForensics++_C23/Deepfakes/475_265.mp4,ffpp_Deepfakes_475_265,1,Deepfakes
FaceForensics++_C23/Deepfakes/476_400.mp4,ffpp_Deepfakes_476_400,1,Deepfakes
FaceForensics++_C23/Deepfakes/477_487.mp4,ffpp_Deepfakes_477_487,1,Deepfakes
FaceForensics++_C23/Deepfakes/478_506.mp4,ffpp_Deepfakes_478_506,1,Deepfakes
FaceForensics++_C23/Deepfakes/479_706.mp4,ffpp_Deepfakes_479_706,1,Deepfakes
FaceForensics++_C23/Deepfakes/480_389.mp4,ffpp_Deepfakes_480_389,1,Deepfakes
FaceForensics++_C23/Deepfakes/481_469.mp4,ffpp_Deepfakes_481_469,1,Deepfakes
FaceForensics++_C23/Deepfakes/482_465.mp4,ffpp_Deepfakes_482_465,1,Deepfakes
FaceForensics++_C23/Deepfakes/483_370.mp4,ffpp_Deepfakes_483_370,1,Deepfakes
FaceForensics++_C23/Deepfakes/484_415.mp4,ffpp_Deepfakes_484_415,1,Deepfakes
FaceForensics++_C23/Deepfakes/485_425.mp4,ffpp_Deepfakes_485_425,1,Deepfakes
FaceForensics++_C23/Deepfakes/486_680.mp4,ffpp_Deepfakes_486_680,1,Deepfakes
FaceForensics++_C23/Deepfakes/487_477.mp4,ffpp_Deepfakes_487_477,1,Deepfakes
FaceForensics++_C23/Deepfakes/488_399.mp4,ffpp_Deepfakes_488_399,1,Deepfakes
FaceForensics++_C23/Deepfakes/489_022.mp4,ffpp_Deepfakes_489_022,1,Deepfakes
FaceForensics++_C23/Deepfakes/490_534.mp4,ffpp_Deepfakes_490_534,1,Deepfakes
FaceForensics++_C23/Deepfakes/491_226.mp4,ffpp_Deepfakes_491_226,1,Deepfakes
FaceForensics++_C23/Deepfakes/492_325.mp4,ffpp_Deepfakes_492_325,1,Deepfakes
FaceForensics++_C23/Deepfakes/493_538.mp4,ffpp_Deepfakes_493_538,1,Deepfakes
FaceForensics++_C23/Deepfakes/494_445.mp4,ffpp_Deepfakes_494_445,1,Deepfakes
FaceForensics++_C23/Deepfakes/495_512.mp4,ffpp_Deepfakes_495_512,1,Deepfakes
FaceForensics++_C23/Deepfakes/496_417.mp4,ffpp_Deepfakes_496_417,1,Deepfakes
FaceForensics++_C23/Deepfakes/497_403.mp4,ffpp_Deepfakes_497_403,1,Deepfakes
FaceForensics++_C23/Deepfakes/498_433.mp4,ffpp_Deepfakes_498_433,1,Deepfakes
FaceForensics++_C23/Deepfakes/499_539.mp4,ffpp_Deepfakes_499_539,1,Deepfakes
FaceForensics++_C23/Deepfakes/500_592.mp4,ffpp_Deepfakes_500_592,1,Deepfakes
FaceForensics++_C23/Deepfakes/501_326.mp4,ffpp_Deepfakes_501_326,1,Deepfakes
FaceForensics++_C23/Deepfakes/502_504.mp4,ffpp_Deepfakes_502_504,1,Deepfakes
FaceForensics++_C23/Deepfakes/503_756.mp4,ffpp_Deepfakes_503_756,1,Deepfakes
FaceForensics++_C23/Deepfakes/504_502.mp4,ffpp_Deepfakes_504_502,1,Deepfakes
FaceForensics++_C23/Deepfakes/505_600.mp4,ffpp_Deepfakes_505_600,1,Deepfakes
FaceForensics++_C23/Deepfakes/506_478.mp4,ffpp_Deepfakes_506_478,1,Deepfakes
FaceForensics++_C23/Deepfakes/507_418.mp4,ffpp_Deepfakes_507_418,1,Deepfakes
FaceForensics++_C23/Deepfakes/508_831.mp4,ffpp_Deepfakes_508_831,1,Deepfakes
FaceForensics++_C23/Deepfakes/509_525.mp4,ffpp_Deepfakes_509_525,1,Deepfakes
FaceForensics++_C23/Deepfakes/510_528.mp4,ffpp_Deepfakes_510_528,1,Deepfakes
FaceForensics++_C23/Deepfakes/511_472.mp4,ffpp_Deepfakes_511_472,1,Deepfakes
FaceForensics++_C23/Deepfakes/512_495.mp4,ffpp_Deepfakes_512_495,1,Deepfakes
FaceForensics++_C23/Deepfakes/513_305.mp4,ffpp_Deepfakes_513_305,1,Deepfakes
FaceForensics++_C23/Deepfakes/514_443.mp4,ffpp_Deepfakes_514_443,1,Deepfakes
FaceForensics++_C23/Deepfakes/515_519.mp4,ffpp_Deepfakes_515_519,1,Deepfakes
FaceForensics++_C23/Deepfakes/516_555.mp4,ffpp_Deepfakes_516_555,1,Deepfakes
FaceForensics++_C23/Deepfakes/517_521.mp4,ffpp_Deepfakes_517_521,1,Deepfakes
FaceForensics++_C23/Deepfakes/518_131.mp4,ffpp_Deepfakes_518_131,1,Deepfakes
FaceForensics++_C23/Deepfakes/519_515.mp4,ffpp_Deepfakes_519_515,1,Deepfakes
FaceForensics++_C23/Deepfakes/520_542.mp4,ffpp_Deepfakes_520_542,1,Deepfakes
FaceForensics++_C23/Deepfakes/521_517.mp4,ffpp_Deepfakes_521_517,1,Deepfakes
FaceForensics++_C23/Deepfakes/522_337.mp4,ffpp_Deepfakes_522_337,1,Deepfakes
FaceForensics++_C23/Deepfakes/523_541.mp4,ffpp_Deepfakes_523_541,1,Deepfakes
FaceForensics++_C23/Deepfakes/524_580.mp4,ffpp_Deepfakes_524_580,1,Deepfakes
FaceForensics++_C23/Deepfakes/525_509.mp4,ffpp_Deepfakes_525_509,1,Deepfakes
FaceForensics++_C23/Deepfakes/526_436.mp4,ffpp_Deepfakes_526_436,1,Deepfakes
FaceForensics++_C23/Deepfakes/527_454.mp4,ffpp_Deepfakes_527_454,1,Deepfakes
FaceForensics++_C23/Deepfakes/528_510.mp4,ffpp_Deepfakes_528_510,1,Deepfakes
FaceForensics++_C23/Deepfakes/529_633.mp4,ffpp_Deepfakes_529_633,1,Deepfakes
FaceForensics++_C23/Deepfakes/530_594.mp4,ffpp_Deepfakes_530_594,1,Deepfakes
FaceForensics++_C23/Deepfakes/531_549.mp4,ffpp_Deepfakes_531_549,1,Deepfakes
FaceForensics++_C23/Deepfakes/532_544.mp4,ffpp_Deepfakes_532_544,1,Deepfakes
FaceForensics++_C23/Deepfakes/533_450.mp4,ffpp_Deepfakes_533_450,1,Deepfakes
FaceForensics++_C23/Deepfakes/534_490.mp4,ffpp_Deepfakes_534_490,1,Deepfakes
FaceForensics++_C23/Deepfakes/535_587.mp4,ffpp_Deepfakes_535_587,1,Deepfakes
FaceForensics++_C23/Deepfakes/536_540.mp4,ffpp_Deepfakes_536_540,1,Deepfakes
FaceForensics++_C23/Deepfakes/537_563.mp4,ffpp_Deepfakes_537_563,1,Deepfakes
FaceForensics++_C23/Deepfakes/538_493.mp4,ffpp_Deepfakes_538_493,1,Deepfakes
FaceForensics++_C23/Deepfakes/539_499.mp4,ffpp_Deepfakes_539_499,1,Deepfakes
FaceForensics++_C23/Deepfakes/540_536.mp4,ffpp_Deepfakes_540_536,1,Deepfakes
FaceForensics++_C23/Deepfakes/541_523.mp4,ffpp_Deepfakes_541_523,1,Deepfakes
FaceForensics++_C23/Deepfakes/542_520.mp4,ffpp_Deepfakes_542_520,1,Deepfakes
FaceForensics++_C23/Deepfakes/543_559.mp4,ffpp_Deepfakes_543_559,1,Deepfakes
FaceForensics++_C23/Deepfakes/544_532.mp4,ffpp_Deepfakes_544_532,1,Deepfakes
FaceForensics++_C23/Deepfakes/545_553.mp4,ffpp_Deepfakes_545_553,1,Deepfakes
FaceForensics++_C23/Deepfakes/546_621.mp4,ffpp_Deepfakes_546_621,1,Deepfakes
FaceForensics++_C23/Deepfakes/547_574.mp4,ffpp_Deepfakes_547_574,1,Deepfakes
FaceForensics++_C23/Deepfakes/548_632.mp4,ffpp_Deepfakes_548_632,1,Deepfakes
FaceForensics++_C23/Deepfakes/549_531.mp4,ffpp_Deepfakes_549_531,1,Deepfakes
FaceForensics++_C23/Deepfakes/550_452.mp4,ffpp_Deepfakes_550_452,1,Deepfakes
FaceForensics++_C23/Deepfakes/551_631.mp4,ffpp_Deepfakes_551_631,1,Deepfakes
FaceForensics++_C23/Deepfakes/552_851.mp4,ffpp_Deepfakes_552_851,1,Deepfakes
FaceForensics++_C23/Deepfakes/553_545.mp4,ffpp_Deepfakes_553_545,1,Deepfakes
FaceForensics++_C23/Deepfakes/554_572.mp4,ffpp_Deepfakes_554_572,1,Deepfakes
FaceForensics++_C23/Deepfakes/555_516.mp4,ffpp_Deepfakes_555_516,1,Deepfakes
FaceForensics++_C23/Deepfakes/556_588.mp4,ffpp_Deepfakes_556_588,1,Deepfakes
FaceForensics++_C23/Deepfakes/557_560.mp4,ffpp_Deepfakes_557_560,1,Deepfakes
FaceForensics++_C23/Deepfakes/558_583.mp4,ffpp_Deepfakes_558_583,1,Deepfakes
FaceForensics++_C23/Deepfakes/559_543.mp4,ffpp_Deepfakes_559_543,1,Deepfakes
FaceForensics++_C23/Deepfakes/560_557.mp4,ffpp_Deepfakes_560_557,1,Deepfakes
FaceForensics++_C23/Deepfakes/561_998.mp4,ffpp_Deepfakes_561_998,1,Deepfakes
FaceForensics++_C23/Deepfakes/562_626.mp4,ffpp_Deepfakes_562_626,1,Deepfakes
FaceForensics++_C23/Deepfakes/563_537.mp4,ffpp_Deepfakes_563_537,1,Deepfakes
FaceForensics++_C23/Deepfakes/564_971.mp4,ffpp_Deepfakes_564_971,1,Deepfakes
FaceForensics++_C23/Deepfakes/565_589.mp4,ffpp_Deepfakes_565_589,1,Deepfakes
FaceForensics++_C23/Deepfakes/566_617.mp4,ffpp_Deepfakes_566_617,1,Deepfakes
FaceForensics++_C23/Deepfakes/567_606.mp4,ffpp_Deepfakes_567_606,1,Deepfakes
FaceForensics++_C23/Deepfakes/568_628.mp4,ffpp_Deepfakes_568_628,1,Deepfakes
FaceForensics++_C23/Deepfakes/569_921.mp4,ffpp_Deepfakes_569_921,1,Deepfakes
FaceForensics++_C23/Deepfakes/570_624.mp4,ffpp_Deepfakes_570_624,1,Deepfakes
FaceForensics++_C23/Deepfakes/571_746.mp4,ffpp_Deepfakes_571_746,1,Deepfakes
FaceForensics++_C23/Deepfakes/572_554.mp4,ffpp_Deepfakes_572_554,1,Deepfakes
FaceForensics++_C23/Deepfakes/573_757.mp4,ffpp_Deepfakes_573_757,1,Deepfakes
FaceForensics++_C23/Deepfakes/574_547.mp4,ffpp_Deepfakes_574_547,1,Deepfakes
FaceForensics++_C23/Deepfakes/575_603.mp4,ffpp_Deepfakes_575_603,1,Deepfakes
FaceForensics++_C23/Deepfakes/576_155.mp4,ffpp_Deepfakes_576_155,1,Deepfakes
FaceForensics++_C23/Deepfakes/577_593.mp4,ffpp_Deepfakes_577_593,1,Deepfakes
FaceForensics++_C23/Deepfakes/578_636.mp4,ffpp_Deepfakes_578_636,1,Deepfakes
FaceForensics++_C23/Deepfakes/579_701.mp4,ffpp_Deepfakes_579_701,1,Deepfakes
FaceForensics++_C23/Deepfakes/580_524.mp4,ffpp_Deepfakes_580_524,1,Deepfakes
FaceForensics++_C23/Deepfakes/581_697.mp4,ffpp_Deepfakes_581_697,1,Deepfakes
FaceForensics++_C23/Deepfakes/582_172.mp4,ffpp_Deepfakes_582_172,1,Deepfakes
FaceForensics++_C23/Deepfakes/583_558.mp4,ffpp_Deepfakes_583_558,1,Deepfakes
FaceForensics++_C23/Deepfakes/584_823.mp4,ffpp_Deepfakes_584_823,1,Deepfakes
FaceForensics++_C23/Deepfakes/585_599.mp4,ffpp_Deepfakes_585_599,1,Deepfakes
FaceForensics++_C23/Deepfakes/586_223.mp4,ffpp_Deepfakes_586_223,1,Deepfakes
FaceForensics++_C23/Deepfakes/587_535.mp4,ffpp_Deepfakes_587_535,1,Deepfakes
FaceForensics++_C23/Deepfakes/588_556.mp4,ffpp_Deepfakes_588_556,1,Deepfakes
FaceForensics++_C23/Deepfakes/589_565.mp4,ffpp_Deepfakes_589_565,1,Deepfakes
FaceForensics++_C23/Deepfakes/590_034.mp4,ffpp_Deepfakes_590_034,1,Deepfakes
FaceForensics++_C23/Deepfakes/591_605.mp4,ffpp_Deepfakes_591_605,1,Deepfakes
FaceForensics++_C23/Deepfakes/592_500.mp4,ffpp_Deepfakes_592_500,1,Deepfakes
FaceForensics++_C23/Deepfakes/593_577.mp4,ffpp_Deepfakes_593_577,1,Deepfakes
FaceForensics++_C23/Deepfakes/594_530.mp4,ffpp_Deepfakes_594_530,1,Deepfakes
FaceForensics++_C23/Deepfakes/595_597.mp4,ffpp_Deepfakes_595_597,1,Deepfakes
FaceForensics++_C23/Deepfakes/596_609.mp4,ffpp_Deepfakes_596_609,1,Deepfakes
FaceForensics++_C23/Deepfakes/597_595.mp4,ffpp_Deepfakes_597_595,1,Deepfakes
FaceForensics++_C23/Deepfakes/598_178.mp4,ffpp_Deepfakes_598_178,1,Deepfakes
FaceForensics++_C23/Deepfakes/599_585.mp4,ffpp_Deepfakes_599_585,1,Deepfakes
FaceForensics++_C23/Deepfakes/600_505.mp4,ffpp_Deepfakes_600_505,1,Deepfakes
FaceForensics++_C23/Deepfakes/601_653.mp4,ffpp_Deepfakes_601_653,1,Deepfakes
FaceForensics++_C23/Deepfakes/602_397.mp4,ffpp_Deepfakes_602_397,1,Deepfakes
FaceForensics++_C23/Deepfakes/603_575.mp4,ffpp_Deepfakes_603_575,1,Deepfakes
FaceForensics++_C23/Deepfakes/604_703.mp4,ffpp_Deepfakes_604_703,1,Deepfakes
FaceForensics++_C23/Deepfakes/605_591.mp4,ffpp_Deepfakes_605_591,1,Deepfakes
FaceForensics++_C23/Deepfakes/606_567.mp4,ffpp_Deepfakes_606_567,1,Deepfakes
FaceForensics++_C23/Deepfakes/607_683.mp4,ffpp_Deepfakes_607_683,1,Deepfakes
FaceForensics++_C23/Deepfakes/608_675.mp4,ffpp_Deepfakes_608_675,1,Deepfakes
FaceForensics++_C23/Deepfakes/609_596.mp4,ffpp_Deepfakes_609_596,1,Deepfakes
FaceForensics++_C23/Deepfakes/610_692.mp4,ffpp_Deepfakes_610_692,1,Deepfakes
FaceForensics++_C23/Deepfakes/611_760.mp4,ffpp_Deepfakes_611_760,1,Deepfakes
FaceForensics++_C23/Deepfakes/612_702.mp4,ffpp_Deepfakes_612_702,1,Deepfakes
FaceForensics++_C23/Deepfakes/613_685.mp4,ffpp_Deepfakes_613_685,1,Deepfakes
FaceForensics++_C23/Deepfakes/614_616.mp4,ffpp_Deepfakes_614_616,1,Deepfakes
FaceForensics++_C23/Deepfakes/615_687.mp4,ffpp_Deepfakes_615_687,1,Deepfakes
FaceForensics++_C23/Deepfakes/616_614.mp4,ffpp_Deepfakes_616_614,1,Deepfakes
FaceForensics++_C23/Deepfakes/617_566.mp4,ffpp_Deepfakes_617_566,1,Deepfakes
FaceForensics++_C23/Deepfakes/618_629.mp4,ffpp_Deepfakes_618_629,1,Deepfakes
FaceForensics++_C23/Deepfakes/619_620.mp4,ffpp_Deepfakes_619_620,1,Deepfakes
FaceForensics++_C23/Deepfakes/620_619.mp4,ffpp_Deepfakes_620_619,1,Deepfakes
FaceForensics++_C23/Deepfakes/621_546.mp4,ffpp_Deepfakes_621_546,1,Deepfakes
FaceForensics++_C23/Deepfakes/622_647.mp4,ffpp_Deepfakes_622_647,1,Deepfakes
FaceForensics++_C23/Deepfakes/623_630.mp4,ffpp_Deepfakes_623_630,1,Deepfakes
FaceForensics++_C23/Deepfakes/624_570.mp4,ffpp_Deepfakes_624_570,1,Deepfakes
FaceForensics++_C23/Deepfakes/625_650.mp4,ffpp_Deepfakes_625_650,1,Deepfakes
FaceForensics++_C23/Deepfakes/626_562.mp4,ffpp_Deepfakes_626_562,1,Deepfakes
FaceForensics++_C23/Deepfakes/627_658.mp4,ffpp_Deepfakes_627_658,1,Deepfakes
FaceForensics++_C23/Deepfakes/628_568.mp4,ffpp_Deepfakes_628_568,1,Deepfakes
FaceForensics++_C23/Deepfakes/629_618.mp4,ffpp_Deepfakes_629_618,1,Deepfakes
FaceForensics++_C23/Deepfakes/630_623.mp4,ffpp_Deepfakes_630_623,1,Deepfakes
FaceForensics++_C23/Deepfakes/631_551.mp4,ffpp_Deepfakes_631_551,1,Deepfakes
FaceForensics++_C23/Deepfakes/632_548.mp4,ffpp_Deepfakes_632_548,1,Deepfakes
FaceForensics++_C23/Deepfakes/633_529.mp4,ffpp_Deepfakes_633_529,1,Deepfakes
FaceForensics++_C23/Deepfakes/634_660.mp4,ffpp_Deepfakes_634_660,1,Deepfakes
FaceForensics++_C23/Deepfakes/635_642.mp4,ffpp_Deepfakes_635_642,1,Deepfakes
FaceForensics++_C23/Deepfakes/636_578.mp4,ffpp_Deepfakes_636_578,1,Deepfakes
FaceForensics++_C23/Deepfakes/637_427.mp4,ffpp_Deepfakes_637_427,1,Deepfakes
FaceForensics++_C23/Deepfakes/638_640.mp4,ffpp_Deepfakes_638_640,1,Deepfakes
FaceForensics++_C23/Deepfakes/639_841.mp4,ffpp_Deepfakes_639_841,1,Deepfakes
FaceForensics++_C23/Deepfakes/640_638.mp4,ffpp_Deepfakes_640_638,1,Deepfakes
FaceForensics++_C23/Deepfakes/641_662.mp4,ffpp_Deepfakes_641_662,1,Deepfakes
FaceForensics++_C23/Deepfakes/642_635.mp4,ffpp_Deepfakes_642_635,1,Deepfakes
FaceForensics++_C23/Deepfakes/643_646.mp4,ffpp_Deepfakes_643_646,1,Deepfakes
FaceForensics++_C23/Deepfakes/644_657.mp4,ffpp_Deepfakes_644_657,1,Deepfakes
FaceForensics++_C23/Deepfakes/645_688.mp4,ffpp_Deepfakes_645_688,1,Deepfakes
FaceForensics++_C23/Deepfakes/646_643.mp4,ffpp_Deepfakes_646_643,1,Deepfakes
FaceForensics++_C23/Deepfakes/647_622.mp4,ffpp_Deepfakes_647_622,1,Deepfakes
FaceForensics++_C23/Deepfakes/648_654.mp4,ffpp_Deepfakes_648_654,1,Deepfakes
FaceForensics++_C23/Deepfakes/649_816.mp4,ffpp_Deepfakes_649_816,1,Deepfakes
FaceForensics++_C23/Deepfakes/650_625.mp4,ffpp_Deepfakes_650_625,1,Deepfakes
FaceForensics++_C23/Deepfakes/651_835.mp4,ffpp_Deepfakes_651_835,1,Deepfakes
FaceForensics++_C23/Deepfakes/652_773.mp4,ffpp_Deepfakes_652_773,1,Deepfakes
FaceForensics++_C23/Deepfakes/653_601.mp4,ffpp_Deepfakes_653_601,1,Deepfakes
FaceForensics++_C23/Deepfakes/654_648.mp4,ffpp_Deepfakes_654_648,1,Deepfakes
FaceForensics++_C23/Deepfakes/655_444.mp4,ffpp_Deepfakes_655_444,1,Deepfakes
FaceForensics++_C23/Deepfakes/656_666.mp4,ffpp_Deepfakes_656_666,1,Deepfakes
FaceForensics++_C23/Deepfakes/657_644.mp4,ffpp_Deepfakes_657_644,1,Deepfakes
FaceForensics++_C23/Deepfakes/658_627.mp4,ffpp_Deepfakes_658_627,1,Deepfakes
FaceForensics++_C23/Deepfakes/659_749.mp4,ffpp_Deepfakes_659_749,1,Deepfakes
FaceForensics++_C23/Deepfakes/660_634.mp4,ffpp_Deepfakes_660_634,1,Deepfakes
FaceForensics++_C23/Deepfakes/661_670.mp4,ffpp_Deepfakes_661_670,1,Deepfakes
FaceForensics++_C23/Deepfakes/662_641.mp4,ffpp_Deepfakes_662_641,1,Deepfakes
FaceForensics++_C23/Deepfakes/663_231.mp4,ffpp_Deepfakes_663_231,1,Deepfakes
FaceForensics++_C23/Deepfakes/664_668.mp4,ffpp_Deepfakes_664_668,1,Deepfakes
FaceForensics++_C23/Deepfakes/665_679.mp4,ffpp_Deepfakes_665_679,1,Deepfakes
FaceForensics++_C23/Deepfakes/666_656.mp4,ffpp_Deepfakes_666_656,1,Deepfakes
FaceForensics++_C23/Deepfakes/667_446.mp4,ffpp_Deepfakes_667_446,1,Deepfakes
FaceForensics++_C23/Deepfakes/668_664.mp4,ffpp_Deepfakes_668_664,1,Deepfakes
FaceForensics++_C23/Deepfakes/669_682.mp4,ffpp_Deepfakes_669_682,1,Deepfakes
FaceForensics++_C23/Deepfakes/670_661.mp4,ffpp_Deepfakes_670_661,1,Deepfakes
FaceForensics++_C23/Deepfakes/671_677.mp4,ffpp_Deepfakes_671_677,1,Deepfakes
FaceForensics++_C23/Deepfakes/672_720.mp4,ffpp_Deepfakes_672_720,1,Deepfakes
FaceForensics++_C23/Deepfakes/673_728.mp4,ffpp_Deepfakes_673_728,1,Deepfakes
FaceForensics++_C23/Deepfakes/674_744.mp4,ffpp_Deepfakes_674_744,1,Deepfakes
FaceForensics++_C23/Deepfakes/675_608.mp4,ffpp_Deepfakes_675_608,1,Deepfakes
FaceForensics++_C23/Deepfakes/676_776.mp4,ffpp_Deepfakes_676_776,1,Deepfakes
FaceForensics++_C23/Deepfakes/677_671.mp4,ffpp_Deepfakes_677_671,1,Deepfakes
FaceForensics++_C23/Deepfakes/678_460.mp4,ffpp_Deepfakes_678_460,1,Deepfakes
FaceForensics++_C23/Deepfakes/679_665.mp4,ffpp_Deepfakes_679_665,1,Deepfakes
FaceForensics++_C23/Deepfakes/680_486.mp4,ffpp_Deepfakes_680_486,1,Deepfakes
FaceForensics++_C23/Deepfakes/681_711.mp4,ffpp_Deepfakes_681_711,1,Deepfakes
FaceForensics++_C23/Deepfakes/682_669.mp4,ffpp_Deepfakes_682_669,1,Deepfakes
FaceForensics++_C23/Deepfakes/683_607.mp4,ffpp_Deepfakes_683_607,1,Deepfakes
FaceForensics++_C23/Deepfakes/684_717.mp4,ffpp_Deepfakes_684_717,1,Deepfakes
FaceForensics++_C23/Deepfakes/685_613.mp4,ffpp_Deepfakes_685_613,1,Deepfakes
FaceForensics++_C23/Deepfakes/686_696.mp4,ffpp_Deepfakes_686_696,1,Deepfakes
FaceForensics++_C23/Deepfakes/687_615.mp4,ffpp_Deepfakes_687_615,1,Deepfakes
FaceForensics++_C23/Deepfakes/688_645.mp4,ffpp_Deepfakes_688_645,1,Deepfakes
FaceForensics++_C23/Deepfakes/689_690.mp4,ffpp_Deepfakes_689_690,1,Deepfakes
FaceForensics++_C23/Deepfakes/690_689.mp4,ffpp_Deepfakes_690_689,1,Deepfakes
FaceForensics++_C23/Deepfakes/691_732.mp4,ffpp_Deepfakes_691_732,1,Deepfakes
FaceForensics++_C23/Deepfakes/692_610.mp4,ffpp_Deepfakes_692_610,1,Deepfakes
FaceForensics++_C23/Deepfakes/693_698.mp4,ffpp_Deepfakes_693_698,1,Deepfakes
FaceForensics++_C23/Deepfakes/694_767.mp4,ffpp_Deepfakes_694_767,1,Deepfakes
FaceForensics++_C23/Deepfakes/695_422.mp4,ffpp_Deepfakes_695_422,1,Deepfakes
FaceForensics++_C23/Deepfakes/696_686.mp4,ffpp_Deepfakes_696_686,1,Deepfakes
FaceForensics++_C23/Deepfakes/697_581.mp4,ffpp_Deepfakes_697_581,1,Deepfakes
FaceForensics++_C23/Deepfakes/698_693.mp4,ffpp_Deepfakes_698_693,1,Deepfakes
FaceForensics++_C23/Deepfakes/699_734.mp4,ffpp_Deepfakes_699_734,1,Deepfakes
FaceForensics++_C23/Deepfakes/700_813.mp4,ffpp_Deepfakes_700_813,1,Deepfakes
FaceForensics++_C23/Deepfakes/701_579.mp4,ffpp_Deepfakes_701_579,1,Deepfakes
FaceForensics++_C23/Deepfakes/702_612.mp4,ffpp_Deepfakes_702_612,1,Deepfakes
FaceForensics++_C23/Deepfakes/703_604.mp4,ffpp_Deepfakes_703_604,1,Deepfakes
FaceForensics++_C23/Deepfakes/704_723.mp4,ffpp_Deepfakes_704_723,1,Deepfakes
FaceForensics++_C23/Deepfakes/705_707.mp4,ffpp_Deepfakes_705_707,1,Deepfakes
FaceForensics++_C23/Deepfakes/706_479.mp4,ffpp_Deepfakes_706_479,1,Deepfakes
FaceForensics++_C23/Deepfakes/707_705.mp4,ffpp_Deepfakes_707_705,1,Deepfakes
FaceForensics++_C23/Deepfakes/708_772.mp4,ffpp_Deepfakes_708_772,1,Deepfakes
FaceForensics++_C23/Deepfakes/709_390.mp4,ffpp_Deepfakes_709_390,1,Deepfakes
FaceForensics++_C23/Deepfakes/710_788.mp4,ffpp_Deepfakes_710_788,1,Deepfakes
FaceForensics++_C23/Deepfakes/711_681.mp4,ffpp_Deepfakes_711_681,1,Deepfakes
FaceForensics++_C23/Deepfakes/712_716.mp4,ffpp_Deepfakes_712_716,1,Deepfakes
FaceForensics++_C23/Deepfakes/713_726.mp4,ffpp_Deepfakes_713_726,1,Deepfakes
FaceForensics++_C23/Deepfakes/714_842.mp4,ffpp_Deepfakes_714_842,1,Deepfakes
FaceForensics++_C23/Deepfakes/715_721.mp4,ffpp_Deepfakes_715_721,1,Deepfakes
FaceForensics++_C23/Deepfakes/716_712.mp4,ffpp_Deepfakes_716_712,1,Deepfakes
FaceForensics++_C23/Deepfakes/717_684.mp4,ffpp_Deepfakes_717_684,1,Deepfakes
FaceForensics++_C23/Deepfakes/718_972.mp4,ffpp_Deepfakes_718_972,1,Deepfakes
FaceForensics++_C23/Deepfakes/719_737.mp4,ffpp_Deepfakes_719_737,1,Deepfakes
FaceForensics++_C23/Deepfakes/720_672.mp4,ffpp_Deepfakes_720_672,1,Deepfakes
FaceForensics++_C23/Deepfakes/721_715.mp4,ffpp_Deepfakes_721_715,1,Deepfakes
FaceForensics++_C23/Deepfakes/722_458.mp4,ffpp_Deepfakes_722_458,1,Deepfakes
FaceForensics++_C23/Deepfakes/723_704.mp4,ffpp_Deepfakes_723_704,1,Deepfakes
FaceForensics++_C23/Deepfakes/724_725.mp4,ffpp_Deepfakes_724_725,1,Deepfakes
FaceForensics++_C23/Deepfakes/725_724.mp4,ffpp_Deepfakes_725_724,1,Deepfakes
FaceForensics++_C23/Deepfakes/726_713.mp4,ffpp_Deepfakes_726_713,1,Deepfakes
FaceForensics++_C23/Deepfakes/727_729.mp4,ffpp_Deepfakes_727_729,1,Deepfakes
FaceForensics++_C23/Deepfakes/728_673.mp4,ffpp_Deepfakes_728_673,1,Deepfakes
FaceForensics++_C23/Deepfakes/729_727.mp4,ffpp_Deepfakes_729_727,1,Deepfakes
FaceForensics++_C23/Deepfakes/730_815.mp4,ffpp_Deepfakes_730_815,1,Deepfakes
FaceForensics++_C23/Deepfakes/731_741.mp4,ffpp_Deepfakes_731_741,1,Deepfakes
FaceForensics++_C23/Deepfakes/732_691.mp4,ffpp_Deepfakes_732_691,1,Deepfakes
FaceForensics++_C23/Deepfakes/733_935.mp4,ffpp_Deepfakes_733_935,1,Deepfakes
FaceForensics++_C23/Deepfakes/734_699.mp4,ffpp_Deepfakes_734_699,1,Deepfakes
FaceForensics++_C23/Deepfakes/735_774.mp4,ffpp_Deepfakes_735_774,1,Deepfakes
FaceForensics++_C23/Deepfakes/736_785.mp4,ffpp_Deepfakes_736_785,1,Deepfakes
FaceForensics++_C23/Deepfakes/737_719.mp4,ffpp_Deepfakes_737_719,1,Deepfakes
FaceForensics++_C23/Deepfakes/738_804.mp4,ffpp_Deepfakes_738_804,1,Deepfakes
FaceForensics++_C23/Deepfakes/739_865.mp4,ffpp_Deepfakes_739_865,1,Deepfakes
FaceForensics++_C23/Deepfakes/740_796.mp4,ffpp_Deepfakes_740_796,1,Deepfakes
FaceForensics++_C23/Deepfakes/741_731.mp4,ffpp_Deepfakes_741_731,1,Deepfakes
FaceForensics++_C23/Deepfakes/742_775.mp4,ffpp_Deepfakes_742_775,1,Deepfakes
FaceForensics++_C23/Deepfakes/743_750.mp4,ffpp_Deepfakes_743_750,1,Deepfakes
FaceForensics++_C23/Deepfakes/744_674.mp4,ffpp_Deepfakes_744_674,1,Deepfakes
FaceForensics++_C23/Deepfakes/745_777.mp4,ffpp_Deepfakes_745_777,1,Deepfakes
FaceForensics++_C23/Deepfakes/746_571.mp4,ffpp_Deepfakes_746_571,1,Deepfakes
FaceForensics++_C23/Deepfakes/747_854.mp4,ffpp_Deepfakes_747_854,1,Deepfakes
FaceForensics++_C23/Deepfakes/748_355.mp4,ffpp_Deepfakes_748_355,1,Deepfakes
FaceForensics++_C23/Deepfakes/749_659.mp4,ffpp_Deepfakes_749_659,1,Deepfakes
FaceForensics++_C23/Deepfakes/750_743.mp4,ffpp_Deepfakes_750_743,1,Deepfakes
FaceForensics++_C23/Deepfakes/751_752.mp4,ffpp_Deepfakes_751_752,1,Deepfakes
FaceForensics++_C23/Deepfakes/752_751.mp4,ffpp_Deepfakes_752_751,1,Deepfakes
FaceForensics++_C23/Deepfakes/753_789.mp4,ffpp_Deepfakes_753_789,1,Deepfakes
FaceForensics++_C23/Deepfakes/754_758.mp4,ffpp_Deepfakes_754_758,1,Deepfakes
FaceForensics++_C23/Deepfakes/755_759.mp4,ffpp_Deepfakes_755_759,1,Deepfakes
FaceForensics++_C23/Deepfakes/756_503.mp4,ffpp_Deepfakes_756_503,1,Deepfakes
FaceForensics++_C23/Deepfakes/757_573.mp4,ffpp_Deepfakes_757_573,1,Deepfakes
FaceForensics++_C23/Deepfakes/758_754.mp4,ffpp_Deepfakes_758_754,1,Deepfakes
FaceForensics++_C23/Deepfakes/759_755.mp4,ffpp_Deepfakes_759_755,1,Deepfakes
FaceForensics++_C23/Deepfakes/760_611.mp4,ffpp_Deepfakes_760_611,1,Deepfakes
FaceForensics++_C23/Deepfakes/761_766.mp4,ffpp_Deepfakes_761_766,1,Deepfakes
FaceForensics++_C23/Deepfakes/762_832.mp4,ffpp_Deepfakes_762_832,1,Deepfakes
FaceForensics++_C23/Deepfakes/763_930.mp4,ffpp_Deepfakes_763_930,1,Deepfakes
FaceForensics++_C23/Deepfakes/764_850.mp4,ffpp_Deepfakes_764_850,1,Deepfakes
FaceForensics++_C23/Deepfakes/765_867.mp4,ffpp_Deepfakes_765_867,1,Deepfakes
FaceForensics++_C23/Deepfakes/766_761.mp4,ffpp_Deepfakes_766_761,1,Deepfakes
FaceForensics++_C23/Deepfakes/767_694.mp4,ffpp_Deepfakes_767_694,1,Deepfakes
FaceForensics++_C23/Deepfakes/768_793.mp4,ffpp_Deepfakes_768_793,1,Deepfakes
FaceForensics++_C23/Deepfakes/769_784.mp4,ffpp_Deepfakes_769_784,1,Deepfakes
FaceForensics++_C23/Deepfakes/770_791.mp4,ffpp_Deepfakes_770_791,1,Deepfakes
FaceForensics++_C23/Deepfakes/771_849.mp4,ffpp_Deepfakes_771_849,1,Deepfakes
FaceForensics++_C23/Deepfakes/772_708.mp4,ffpp_Deepfakes_772_708,1,Deepfakes
FaceForensics++_C23/Deepfakes/773_652.mp4,ffpp_Deepfakes_773_652,1,Deepfakes
FaceForensics++_C23/Deepfakes/774_735.mp4,ffpp_Deepfakes_774_735,1,Deepfakes
FaceForensics++_C23/Deepfakes/775_742.mp4,ffpp_Deepfakes_775_742,1,Deepfakes
FaceForensics++_C23/Deepfakes/776_676.mp4,ffpp_Deepfakes_776_676,1,Deepfakes
FaceForensics++_C23/Deepfakes/777_745.mp4,ffpp_Deepfakes_777_745,1,Deepfakes
FaceForensics++_C23/Deepfakes/778_798.mp4,ffpp_Deepfakes_778_798,1,Deepfakes
FaceForensics++_C23/Deepfakes/779_794.mp4,ffpp_Deepfakes_779_794,1,Deepfakes
FaceForensics++_C23/Deepfakes/780_869.mp4,ffpp_Deepfakes_780_869,1,Deepfakes
FaceForensics++_C23/Deepfakes/781_806.mp4,ffpp_Deepfakes_781_806,1,Deepfakes
FaceForensics++_C23/Deepfakes/782_787.mp4,ffpp_Deepfakes_782_787,1,Deepfakes
FaceForensics++_C23/Deepfakes/783_916.mp4,ffpp_Deepfakes_783_916,1,Deepfakes
FaceForensics++_C23/Deepfakes/784_769.mp4,ffpp_Deepfakes_784_769,1,Deepfakes
FaceForensics++_C23/Deepfakes/785_736.mp4,ffpp_Deepfakes_785_736,1,Deepfakes
FaceForensics++_C23/Deepfakes/786_819.mp4,ffpp_Deepfakes_786_819,1,Deepfakes
FaceForensics++_C23/Deepfakes/787_782.mp4,ffpp_Deepfakes_787_782,1,Deepfakes
FaceForensics++_C23/Deepfakes/788_710.mp4,ffpp_Deepfakes_788_710,1,Deepfakes
FaceForensics++_C23/Deepfakes/789_753.mp4,ffpp_Deepfakes_789_753,1,Deepfakes
FaceForensics++_C23/Deepfakes/790_014.mp4,ffpp_Deepfakes_790_014,1,Deepfakes
FaceForensics++_C23/Deepfakes/791_770.mp4,ffpp_Deepfakes_791_770,1,Deepfakes
FaceForensics++_C23/Deepfakes/792_903.mp4,ffpp_Deepfakes_792_903,1,Deepfakes
FaceForensics++_C23/Deepfakes/793_768.mp4,ffpp_Deepfakes_793_768,1,Deepfakes
FaceForensics++_C23/Deepfakes/794_779.mp4,ffpp_Deepfakes_794_779,1,Deepfakes
FaceForensics++_C23/Deepfakes/795_907.mp4,ffpp_Deepfakes_795_907,1,Deepfakes
FaceForensics++_C23/Deepfakes/796_740.mp4,ffpp_Deepfakes_796_740,1,Deepfakes
FaceForensics++_C23/Deepfakes/797_844.mp4,ffpp_Deepfakes_797_844,1,Deepfakes
FaceForensics++_C23/Deepfakes/798_778.mp4,ffpp_Deepfakes_798_778,1,Deepfakes
FaceForensics++_C23/Deepfakes/799_809.mp4,ffpp_Deepfakes_799_809,1,Deepfakes
FaceForensics++_C23/Deepfakes/800_840.mp4,ffpp_Deepfakes_800_840,1,Deepfakes
FaceForensics++_C23/Deepfakes/801_855.mp4,ffpp_Deepfakes_801_855,1,Deepfakes
FaceForensics++_C23/Deepfakes/802_885.mp4,ffpp_Deepfakes_802_885,1,Deepfakes
FaceForensics++_C23/Deepfakes/803_017.mp4,ffpp_Deepfakes_803_017,1,Deepfakes
FaceForensics++_C23/Deepfakes/804_738.mp4,ffpp_Deepfakes_804_738,1,Deepfakes
FaceForensics++_C23/Deepfakes/805_011.mp4,ffpp_Deepfakes_805_011,1,Deepfakes
FaceForensics++_C23/Deepfakes/806_781.mp4,ffpp_Deepfakes_806_781,1,Deepfakes
FaceForensics++_C23/Deepfakes/807_273.mp4,ffpp_Deepfakes_807_273,1,Deepfakes
FaceForensics++_C23/Deepfakes/808_829.mp4,ffpp_Deepfakes_808_829,1,Deepfakes
FaceForensics++_C23/Deepfakes/809_799.mp4,ffpp_Deepfakes_809_799,1,Deepfakes
FaceForensics++_C23/Deepfakes/810_838.mp4,ffpp_Deepfakes_810_838,1,Deepfakes
FaceForensics++_C23/Deepfakes/811_920.mp4,ffpp_Deepfakes_811_920,1,Deepfakes
FaceForensics++_C23/Deepfakes/812_821.mp4,ffpp_Deepfakes_812_821,1,Deepfakes
FaceForensics++_C23/Deepfakes/813_700.mp4,ffpp_Deepfakes_813_700,1,Deepfakes
FaceForensics++_C23/Deepfakes/814_871.mp4,ffpp_Deepfakes_814_871,1,Deepfakes
FaceForensics++_C23/Deepfakes/815_730.mp4,ffpp_Deepfakes_815_730,1,Deepfakes
FaceForensics++_C23/Deepfakes/816_649.mp4,ffpp_Deepfakes_816_649,1,Deepfakes
FaceForensics++_C23/Deepfakes/817_827.mp4,ffpp_Deepfakes_817_827,1,Deepfakes
FaceForensics++_C23/Deepfakes/818_820.mp4,ffpp_Deepfakes_818_820,1,Deepfakes
FaceForensics++_C23/Deepfakes/819_786.mp4,ffpp_Deepfakes_819_786,1,Deepfakes
FaceForensics++_C23/Deepfakes/820_818.mp4,ffpp_Deepfakes_820_818,1,Deepfakes
FaceForensics++_C23/Deepfakes/821_812.mp4,ffpp_Deepfakes_821_812,1,Deepfakes
FaceForensics++_C23/Deepfakes/822_244.mp4,ffpp_Deepfakes_822_244,1,Deepfakes
FaceForensics++_C23/Deepfakes/823_584.mp4,ffpp_Deepfakes_823_584,1,Deepfakes
FaceForensics++_C23/Deepfakes/824_419.mp4,ffpp_Deepfakes_824_419,1,Deepfakes
FaceForensics++_C23/Deepfakes/825_074.mp4,ffpp_Deepfakes_825_074,1,Deepfakes
FaceForensics++_C23/Deepfakes/826_833.mp4,ffpp_Deepfakes_826_833,1,Deepfakes
FaceForensics++_C23/Deepfakes/827_817.mp4,ffpp_Deepfakes_827_817,1,Deepfakes
FaceForensics++_C23/Deepfakes/828_830.mp4,ffpp_Deepfakes_828_830,1,Deepfakes
FaceForensics++_C23/Deepfakes/829_808.mp4,ffpp_Deepfakes_829_808,1,Deepfakes
FaceForensics++_C23/Deepfakes/830_828.mp4,ffpp_Deepfakes_830_828,1,Deepfakes
FaceForensics++_C23/Deepfakes/831_508.mp4,ffpp_Deepfakes_831_508,1,Deepfakes
FaceForensics++_C23/Deepfakes/832_762.mp4,ffpp_Deepfakes_832_762,1,Deepfakes
FaceForensics++_C23/Deepfakes/833_826.mp4,ffpp_Deepfakes_833_826,1,Deepfakes
FaceForensics++_C23/Deepfakes/834_852.mp4,ffpp_Deepfakes_834_852,1,Deepfakes
FaceForensics++_C23/Deepfakes/835_651.mp4,ffpp_Deepfakes_835_651,1,Deepfakes
FaceForensics++_C23/Deepfakes/836_950.mp4,ffpp_Deepfakes_836_950,1,Deepfakes
FaceForensics++_C23/Deepfakes/837_890.mp4,ffpp_Deepfakes_837_890,1,Deepfakes
FaceForensics++_C23/Deepfakes/838_810.mp4,ffpp_Deepfakes_838_810,1,Deepfakes
FaceForensics++_C23/Deepfakes/839_864.mp4,ffpp_Deepfakes_839_864,1,Deepfakes
FaceForensics++_C23/Deepfakes/840_800.mp4,ffpp_Deepfakes_840_800,1,Deepfakes
FaceForensics++_C23/Deepfakes/841_639.mp4,ffpp_Deepfakes_841_639,1,Deepfakes
FaceForensics++_C23/Deepfakes/842_714.mp4,ffpp_Deepfakes_842_714,1,Deepfakes
FaceForensics++_C23/Deepfakes/843_859.mp4,ffpp_Deepfakes_843_859,1,Deepfakes
FaceForensics++_C23/Deepfakes/844_797.mp4,ffpp_Deepfakes_844_797,1,Deepfakes
FaceForensics++_C23/Deepfakes/845_846.mp4,ffpp_Deepfakes_845_846,1,Deepfakes
FaceForensics++_C23/Deepfakes/846_845.mp4,ffpp_Deepfakes_846_845,1,Deepfakes
FaceForensics++_C23/Deepfakes/847_906.mp4,ffpp_Deepfakes_847_906,1,Deepfakes
FaceForensics++_C23/Deepfakes/848_894.mp4,ffpp_Deepfakes_848_894,1,Deepfakes
FaceForensics++_C23/Deepfakes/849_771.mp4,ffpp_Deepfakes_849_771,1,Deepfakes
FaceForensics++_C23/Deepfakes/850_764.mp4,ffpp_Deepfakes_850_764,1,Deepfakes
FaceForensics++_C23/Deepfakes/851_552.mp4,ffpp_Deepfakes_851_552,1,Deepfakes
FaceForensics++_C23/Deepfakes/852_834.mp4,ffpp_Deepfakes_852_834,1,Deepfakes
FaceForensics++_C23/Deepfakes/853_863.mp4,ffpp_Deepfakes_853_863,1,Deepfakes
FaceForensics++_C23/Deepfakes/854_747.mp4,ffpp_Deepfakes_854_747,1,Deepfakes
FaceForensics++_C23/Deepfakes/855_801.mp4,ffpp_Deepfakes_855_801,1,Deepfakes
FaceForensics++_C23/Deepfakes/856_881.mp4,ffpp_Deepfakes_856_881,1,Deepfakes
FaceForensics++_C23/Deepfakes/857_909.mp4,ffpp_Deepfakes_857_909,1,Deepfakes
FaceForensics++_C23/Deepfakes/858_861.mp4,ffpp_Deepfakes_858_861,1,Deepfakes
FaceForensics++_C23/Deepfakes/859_843.mp4,ffpp_Deepfakes_859_843,1,Deepfakes
FaceForensics++_C23/Deepfakes/860_905.mp4,ffpp_Deepfakes_860_905,1,Deepfakes
FaceForensics++_C23/Deepfakes/861_858.mp4,ffpp_Deepfakes_861_858,1,Deepfakes
FaceForensics++_C23/Deepfakes/862_047.mp4,ffpp_Deepfakes_862_047,1,Deepfakes
FaceForensics++_C23/Deepfakes/863_853.mp4,ffpp_Deepfakes_863_853,1,Deepfakes
FaceForensics++_C23/Deepfakes/864_839.mp4,ffpp_Deepfakes_864_839,1,Deepfakes
FaceForensics++_C23/Deepfakes/865_739.mp4,ffpp_Deepfakes_865_739,1,Deepfakes
FaceForensics++_C23/Deepfakes/866_878.mp4,ffpp_Deepfakes_866_878,1,Deepfakes
FaceForensics++_C23/Deepfakes/867_765.mp4,ffpp_Deepfakes_867_765,1,Deepfakes
FaceForensics++_C23/Deepfakes/868_949.mp4,ffpp_Deepfakes_868_949,1,Deepfakes
FaceForensics++_C23/Deepfakes/869_780.mp4,ffpp_Deepfakes_869_780,1,Deepfakes
FaceForensics++_C23/Deepfakes/870_001.mp4,ffpp_Deepfakes_870_001,1,Deepfakes
FaceForensics++_C23/Deepfakes/871_814.mp4,ffpp_Deepfakes_871_814,1,Deepfakes
FaceForensics++_C23/Deepfakes/872_873.mp4,ffpp_Deepfakes_872_873,1,Deepfakes
FaceForensics++_C23/Deepfakes/873_872.mp4,ffpp_Deepfakes_873_872,1,Deepfakes
FaceForensics++_C23/Deepfakes/874_291.mp4,ffpp_Deepfakes_874_291,1,Deepfakes
FaceForensics++_C23/Deepfakes/875_979.mp4,ffpp_Deepfakes_875_979,1,Deepfakes
FaceForensics++_C23/Deepfakes/876_891.mp4,ffpp_Deepfakes_876_891,1,Deepfakes
FaceForensics++_C23/Deepfakes/877_886.mp4,ffpp_Deepfakes_877_886,1,Deepfakes
FaceForensics++_C23/Deepfakes/878_866.mp4,ffpp_Deepfakes_878_866,1,Deepfakes
FaceForensics++_C23/Deepfakes/879_963.mp4,ffpp_Deepfakes_879_963,1,Deepfakes
FaceForensics++_C23/Deepfakes/880_135.mp4,ffpp_Deepfakes_880_135,1,Deepfakes
FaceForensics++_C23/Deepfakes/881_856.mp4,ffpp_Deepfakes_881_856,1,Deepfakes
FaceForensics++_C23/Deepfakes/882_952.mp4,ffpp_Deepfakes_882_952,1,Deepfakes
FaceForensics++_C23/Deepfakes/883_013.mp4,ffpp_Deepfakes_883_013,1,Deepfakes
FaceForensics++_C23/Deepfakes/884_968.mp4,ffpp_Deepfakes_884_968,1,Deepfakes
FaceForensics++_C23/Deepfakes/885_802.mp4,ffpp_Deepfakes_885_802,1,Deepfakes
FaceForensics++_C23/Deepfakes/886_877.mp4,ffpp_Deepfakes_886_877,1,Deepfakes
FaceForensics++_C23/Deepfakes/887_275.mp4,ffpp_Deepfakes_887_275,1,Deepfakes
FaceForensics++_C23/Deepfakes/888_937.mp4,ffpp_Deepfakes_888_937,1,Deepfakes
FaceForensics++_C23/Deepfakes/889_045.mp4,ffpp_Deepfakes_889_045,1,Deepfakes
FaceForensics++_C23/Deepfakes/890_837.mp4,ffpp_Deepfakes_890_837,1,Deepfakes
FaceForensics++_C23/Deepfakes/891_876.mp4,ffpp_Deepfakes_891_876,1,Deepfakes
FaceForensics++_C23/Deepfakes/892_112.mp4,ffpp_Deepfakes_892_112,1,Deepfakes
FaceForensics++_C23/Deepfakes/893_913.mp4,ffpp_Deepfakes_893_913,1,Deepfakes
FaceForensics++_C23/Deepfakes/894_848.mp4,ffpp_Deepfakes_894_848,1,Deepfakes
FaceForensics++_C23/Deepfakes/895_915.mp4,ffpp_Deepfakes_895_915,1,Deepfakes
FaceForensics++_C23/Deepfakes/896_128.mp4,ffpp_Deepfakes_896_128,1,Deepfakes
FaceForensics++_C23/Deepfakes/897_969.mp4,ffpp_Deepfakes_897_969,1,Deepfakes
FaceForensics++_C23/Deepfakes/898_922.mp4,ffpp_Deepfakes_898_922,1,Deepfakes
FaceForensics++_C23/Deepfakes/899_914.mp4,ffpp_Deepfakes_899_914,1,Deepfakes
FaceForensics++_C23/Deepfakes/900_926.mp4,ffpp_Deepfakes_900_926,1,Deepfakes
FaceForensics++_C23/Deepfakes/901_902.mp4,ffpp_Deepfakes_901_902,1,Deepfakes
FaceForensics++_C23/Deepfakes/902_901.mp4,ffpp_Deepfakes_902_901,1,Deepfakes
FaceForensics++_C23/Deepfakes/903_792.mp4,ffpp_Deepfakes_903_792,1,Deepfakes
FaceForensics++_C23/Deepfakes/904_046.mp4,ffpp_Deepfakes_904_046,1,Deepfakes
FaceForensics++_C23/Deepfakes/905_860.mp4,ffpp_Deepfakes_905_860,1,Deepfakes
FaceForensics++_C23/Deepfakes/906_847.mp4,ffpp_Deepfakes_906_847,1,Deepfakes
FaceForensics++_C23/Deepfakes/907_795.mp4,ffpp_Deepfakes_907_795,1,Deepfakes
FaceForensics++_C23/Deepfakes/908_207.mp4,ffpp_Deepfakes_908_207,1,Deepfakes
FaceForensics++_C23/Deepfakes/909_857.mp4,ffpp_Deepfakes_909_857,1,Deepfakes
FaceForensics++_C23/Deepfakes/910_911.mp4,ffpp_Deepfakes_910_911,1,Deepfakes
FaceForensics++_C23/Deepfakes/911_910.mp4,ffpp_Deepfakes_911_910,1,Deepfakes
FaceForensics++_C23/Deepfakes/912_927.mp4,ffpp_Deepfakes_912_927,1,Deepfakes
FaceForensics++_C23/Deepfakes/913_893.mp4,ffpp_Deepfakes_913_893,1,Deepfakes
FaceForensics++_C23/Deepfakes/914_899.mp4,ffpp_Deepfakes_914_899,1,Deepfakes
FaceForensics++_C23/Deepfakes/915_895.mp4,ffpp_Deepfakes_915_895,1,Deepfakes
FaceForensics++_C23/Deepfakes/916_783.mp4,ffpp_Deepfakes_916_783,1,Deepfakes
FaceForensics++_C23/Deepfakes/917_924.mp4,ffpp_Deepfakes_917_924,1,Deepfakes
FaceForensics++_C23/Deepfakes/918_934.mp4,ffpp_Deepfakes_918_934,1,Deepfakes
FaceForensics++_C23/Deepfakes/919_015.mp4,ffpp_Deepfakes_919_015,1,Deepfakes
FaceForensics++_C23/Deepfakes/920_811.mp4,ffpp_Deepfakes_920_811,1,Deepfakes
FaceForensics++_C23/Deepfakes/921_569.mp4,ffpp_Deepfakes_921_569,1,Deepfakes
FaceForensics++_C23/Deepfakes/922_898.mp4,ffpp_Deepfakes_922_898,1,Deepfakes
FaceForensics++_C23/Deepfakes/923_023.mp4,ffpp_Deepfakes_923_023,1,Deepfakes
FaceForensics++_C23/Deepfakes/924_917.mp4,ffpp_Deepfakes_924_917,1,Deepfakes
FaceForensics++_C23/Deepfakes/925_933.mp4,ffpp_Deepfakes_925_933,1,Deepfakes
FaceForensics++_C23/Deepfakes/926_900.mp4,ffpp_Deepfakes_926_900,1,Deepfakes
FaceForensics++_C23/Deepfakes/927_912.mp4,ffpp_Deepfakes_927_912,1,Deepfakes
FaceForensics++_C23/Deepfakes/928_160.mp4,ffpp_Deepfakes_928_160,1,Deepfakes
FaceForensics++_C23/Deepfakes/929_962.mp4,ffpp_Deepfakes_929_962,1,Deepfakes
FaceForensics++_C23/Deepfakes/930_763.mp4,ffpp_Deepfakes_930_763,1,Deepfakes
FaceForensics++_C23/Deepfakes/931_936.mp4,ffpp_Deepfakes_931_936,1,Deepfakes
FaceForensics++_C23/Deepfakes/932_384.mp4,ffpp_Deepfakes_932_384,1,Deepfakes
FaceForensics++_C23/Deepfakes/933_925.mp4,ffpp_Deepfakes_933_925,1,Deepfakes
FaceForensics++_C23/Deepfakes/934_918.mp4,ffpp_Deepfakes_934_918,1,Deepfakes
FaceForensics++_C23/Deepfakes/935_733.mp4,ffpp_Deepfakes_935_733,1,Deepfakes
FaceForensics++_C23/Deepfakes/936_931.mp4,ffpp_Deepfakes_936_931,1,Deepfakes
FaceForensics++_C23/Deepfakes/937_888.mp4,ffpp_Deepfakes_937_888,1,Deepfakes
FaceForensics++_C23/Deepfakes/938_987.mp4,ffpp_Deepfakes_938_987,1,Deepfakes
FaceForensics++_C23/Deepfakes/939_115.mp4,ffpp_Deepfakes_939_115,1,Deepfakes
FaceForensics++_C23/Deepfakes/940_941.mp4,ffpp_Deepfakes_940_941,1,Deepfakes
FaceForensics++_C23/Deepfakes/941_940.mp4,ffpp_Deepfakes_941_940,1,Deepfakes
FaceForensics++_C23/Deepfakes/942_943.mp4,ffpp_Deepfakes_942_943,1,Deepfakes
FaceForensics++_C23/Deepfakes/943_942.mp4,ffpp_Deepfakes_943_942,1,Deepfakes
FaceForensics++_C23/Deepfakes/944_032.mp4,ffpp_Deepfakes_944_032,1,Deepfakes
FaceForensics++_C23/Deepfakes/945_044.mp4,ffpp_Deepfakes_945_044,1,Deepfakes
FaceForensics++_C23/Deepfakes/946_049.mp4,ffpp_Deepfakes_946_049,1,Deepfakes
FaceForensics++_C23/Deepfakes/947_951.mp4,ffpp_Deepfakes_947_951,1,Deepfakes
FaceForensics++_C23/Deepfakes/948_965.mp4,ffpp_Deepfakes_948_965,1,Deepfakes
FaceForensics++_C23/Deepfakes/949_868.mp4,ffpp_Deepfakes_949_868,1,Deepfakes
FaceForensics++_C23/Deepfakes/950_836.mp4,ffpp_Deepfakes_950_836,1,Deepfakes
FaceForensics++_C23/Deepfakes/951_947.mp4,ffpp_Deepfakes_951_947,1,Deepfakes
FaceForensics++_C23/Deepfakes/952_882.mp4,ffpp_Deepfakes_952_882,1,Deepfakes
FaceForensics++_C23/Deepfakes/953_974.mp4,ffpp_Deepfakes_953_974,1,Deepfakes
FaceForensics++_C23/Deepfakes/954_976.mp4,ffpp_Deepfakes_954_976,1,Deepfakes
FaceForensics++_C23/Deepfakes/955_078.mp4,ffpp_Deepfakes_955_078,1,Deepfakes
FaceForensics++_C23/Deepfakes/956_958.mp4,ffpp_Deepfakes_956_958,1,Deepfakes
FaceForensics++_C23/Deepfakes/957_959.mp4,ffpp_Deepfakes_957_959,1,Deepfakes
FaceForensics++_C23/Deepfakes/958_956.mp4,ffpp_Deepfakes_958_956,1,Deepfakes
FaceForensics++_C23/Deepfakes/959_957.mp4,ffpp_Deepfakes_959_957,1,Deepfakes
FaceForensics++_C23/Deepfakes/960_999.mp4,ffpp_Deepfakes_960_999,1,Deepfakes
FaceForensics++_C23/Deepfakes/961_069.mp4,ffpp_Deepfakes_961_069,1,Deepfakes
FaceForensics++_C23/Deepfakes/962_929.mp4,ffpp_Deepfakes_962_929,1,Deepfakes
FaceForensics++_C23/Deepfakes/963_879.mp4,ffpp_Deepfakes_963_879,1,Deepfakes
FaceForensics++_C23/Deepfakes/964_174.mp4,ffpp_Deepfakes_964_174,1,Deepfakes
FaceForensics++_C23/Deepfakes/965_948.mp4,ffpp_Deepfakes_965_948,1,Deepfakes
FaceForensics++_C23/Deepfakes/966_988.mp4,ffpp_Deepfakes_966_988,1,Deepfakes
FaceForensics++_C23/Deepfakes/967_984.mp4,ffpp_Deepfakes_967_984,1,Deepfakes
FaceForensics++_C23/Deepfakes/968_884.mp4,ffpp_Deepfakes_968_884,1,Deepfakes
FaceForensics++_C23/Deepfakes/969_897.mp4,ffpp_Deepfakes_969_897,1,Deepfakes
FaceForensics++_C23/Deepfakes/970_973.mp4,ffpp_Deepfakes_970_973,1,Deepfakes
FaceForensics++_C23/Deepfakes/971_564.mp4,ffpp_Deepfakes_971_564,1,Deepfakes
FaceForensics++_C23/Deepfakes/972_718.mp4,ffpp_Deepfakes_972_718,1,Deepfakes
FaceForensics++_C23/Deepfakes/973_970.mp4,ffpp_Deepfakes_973_970,1,Deepfakes
FaceForensics++_C23/Deepfakes/974_953.mp4,ffpp_Deepfakes_974_953,1,Deepfakes
FaceForensics++_C23/Deepfakes/975_978.mp4,ffpp_Deepfakes_975_978,1,Deepfakes
FaceForensics++_C23/Deepfakes/976_954.mp4,ffpp_Deepfakes_976_954,1,Deepfakes
FaceForensics++_C23/Deepfakes/977_075.mp4,ffpp_Deepfakes_977_075,1,Deepfakes
FaceForensics++_C23/Deepfakes/978_975.mp4,ffpp_Deepfakes_978_975,1,Deepfakes
FaceForensics++_C23/Deepfakes/979_875.mp4,ffpp_Deepfakes_979_875,1,Deepfakes
FaceForensics++_C23/Deepfakes/980_992.mp4,ffpp_Deepfakes_980_992,1,Deepfakes
FaceForensics++_C23/Deepfakes/981_985.mp4,ffpp_Deepfakes_981_985,1,Deepfakes
FaceForensics++_C23/Deepfakes/982_004.mp4,ffpp_Deepfakes_982_004,1,Deepfakes
FaceForensics++_C23/Deepfakes/983_113.mp4,ffpp_Deepfakes_983_113,1,Deepfakes
FaceForensics++_C23/Deepfakes/984_967.mp4,ffpp_Deepfakes_984_967,1,Deepfakes
FaceForensics++_C23/Deepfakes/985_981.mp4,ffpp_Deepfakes_985_981,1,Deepfakes
FaceForensics++_C23/Deepfakes/986_994.mp4,ffpp_Deepfakes_986_994,1,Deepfakes
FaceForensics++_C23/Deepfakes/987_938.mp4,ffpp_Deepfakes_987_938,1,Deepfakes
FaceForensics++_C23/Deepfakes/988_966.mp4,ffpp_Deepfakes_988_966,1,Deepfakes
FaceForensics++_C23/Deepfakes/989_993.mp4,ffpp_Deepfakes_989_993,1,Deepfakes
FaceForensics++_C23/Deepfakes/990_008.mp4,ffpp_Deepfakes_990_008,1,Deepfakes
FaceForensics++_C23/Deepfakes/991_064.mp4,ffpp_Deepfakes_991_064,1,Deepfakes
FaceForensics++_C23/Deepfakes/992_980.mp4,ffpp_Deepfakes_992_980,1,Deepfakes
FaceForensics++_C23/Deepfakes/993_989.mp4,ffpp_Deepfakes_993_989,1,Deepfakes
FaceForensics++_C23/Deepfakes/994_986.mp4,ffpp_Deepfakes_994_986,1,Deepfakes
FaceForensics++_C23/Deepfakes/995_233.mp4,ffpp_Deepfakes_995_233,1,Deepfakes
FaceForensics++_C23/Deepfakes/996_056.mp4,ffpp_Deepfakes_996_056,1,Deepfakes
FaceForensics++_C23/Deepfakes/997_040.mp4,ffpp_Deepfakes_997_040,1,Deepfakes
FaceForensics++_C23/Deepfakes/998_561.mp4,ffpp_Deepfakes_998_561,1,Deepfakes
FaceForensics++_C23/Deepfakes/999_960.mp4,ffpp_Deepfakes_999_960,1,Deepfakes
FaceForensics++_C23/Face2Face/000_003.mp4,ffpp_Face2Face_000_003,1,Face2Face
FaceForensics++_C23/Face2Face/001_870.mp4,ffpp_Face2Face_001_870,1,Face2Face
FaceForensics++_C23/Face2Face/002_006.mp4,ffpp_Face2Face_002_006,1,Face2Face
FaceForensics++_C23/Face2Face/003_000.mp4,ffpp_Face2Face_003_000,1,Face2Face
FaceForensics++_C23/Face2Face/004_982.mp4,ffpp_Face2Face_004_982,1,Face2Face
FaceForensics++_C23/Face2Face/005_010.mp4,ffpp_Face2Face_005_010,1,Face2Face
FaceForensics++_C23/Face2Face/006_002.mp4,ffpp_Face2Face_006_002,1,Face2Face
FaceForensics++_C23/Face2Face/007_132.mp4,ffpp_Face2Face_007_132,1,Face2Face
FaceForensics++_C23/Face2Face/008_990.mp4,ffpp_Face2Face_008_990,1,Face2Face
FaceForensics++_C23/Face2Face/009_027.mp4,ffpp_Face2Face_009_027,1,Face2Face
FaceForensics++_C23/Face2Face/010_005.mp4,ffpp_Face2Face_010_005,1,Face2Face
FaceForensics++_C23/Face2Face/011_805.mp4,ffpp_Face2Face_011_805,1,Face2Face
FaceForensics++_C23/Face2Face/012_026.mp4,ffpp_Face2Face_012_026,1,Face2Face
FaceForensics++_C23/Face2Face/013_883.mp4,ffpp_Face2Face_013_883,1,Face2Face
FaceForensics++_C23/Face2Face/014_790.mp4,ffpp_Face2Face_014_790,1,Face2Face
FaceForensics++_C23/Face2Face/015_919.mp4,ffpp_Face2Face_015_919,1,Face2Face
FaceForensics++_C23/Face2Face/016_209.mp4,ffpp_Face2Face_016_209,1,Face2Face
FaceForensics++_C23/Face2Face/017_803.mp4,ffpp_Face2Face_017_803,1,Face2Face
FaceForensics++_C23/Face2Face/018_019.mp4,ffpp_Face2Face_018_019,1,Face2Face
FaceForensics++_C23/Face2Face/019_018.mp4,ffpp_Face2Face_019_018,1,Face2Face
FaceForensics++_C23/Face2Face/020_344.mp4,ffpp_Face2Face_020_344,1,Face2Face
FaceForensics++_C23/Face2Face/021_312.mp4,ffpp_Face2Face_021_312,1,Face2Face
FaceForensics++_C23/Face2Face/022_489.mp4,ffpp_Face2Face_022_489,1,Face2Face
FaceForensics++_C23/Face2Face/023_923.mp4,ffpp_Face2Face_023_923,1,Face2Face
FaceForensics++_C23/Face2Face/024_073.mp4,ffpp_Face2Face_024_073,1,Face2Face
FaceForensics++_C23/Face2Face/025_067.mp4,ffpp_Face2Face_025_067,1,Face2Face
FaceForensics++_C23/Face2Face/026_012.mp4,ffpp_Face2Face_026_012,1,Face2Face
FaceForensics++_C23/Face2Face/027_009.mp4,ffpp_Face2Face_027_009,1,Face2Face
FaceForensics++_C23/Face2Face/028_068.mp4,ffpp_Face2Face_028_068,1,Face2Face
FaceForensics++_C23/Face2Face/029_048.mp4,ffpp_Face2Face_029_048,1,Face2Face
FaceForensics++_C23/Face2Face/030_193.mp4,ffpp_Face2Face_030_193,1,Face2Face
FaceForensics++_C23/Face2Face/031_163.mp4,ffpp_Face2Face_031_163,1,Face2Face
FaceForensics++_C23/Face2Face/032_944.mp4,ffpp_Face2Face_032_944,1,Face2Face
FaceForensics++_C23/Face2Face/033_097.mp4,ffpp_Face2Face_033_097,1,Face2Face
FaceForensics++_C23/Face2Face/034_590.mp4,ffpp_Face2Face_034_590,1,Face2Face
FaceForensics++_C23/Face2Face/035_036.mp4,ffpp_Face2Face_035_036,1,Face2Face
FaceForensics++_C23/Face2Face/036_035.mp4,ffpp_Face2Face_036_035,1,Face2Face
FaceForensics++_C23/Face2Face/037_072.mp4,ffpp_Face2Face_037_072,1,Face2Face
FaceForensics++_C23/Face2Face/038_125.mp4,ffpp_Face2Face_038_125,1,Face2Face
FaceForensics++_C23/Face2Face/039_058.mp4,ffpp_Face2Face_039_058,1,Face2Face
FaceForensics++_C23/Face2Face/040_997.mp4,ffpp_Face2Face_040_997,1,Face2Face
FaceForensics++_C23/Face2Face/041_063.mp4,ffpp_Face2Face_041_063,1,Face2Face
FaceForensics++_C23/Face2Face/042_084.mp4,ffpp_Face2Face_042_084,1,Face2Face
FaceForensics++_C23/Face2Face/043_110.mp4,ffpp_Face2Face_043_110,1,Face2Face
FaceForensics++_C23/Face2Face/044_945.mp4,ffpp_Face2Face_044_945,1,Face2Face
FaceForensics++_C23/Face2Face/045_889.mp4,ffpp_Face2Face_045_889,1,Face2Face
FaceForensics++_C23/Face2Face/046_904.mp4,ffpp_Face2Face_046_904,1,Face2Face
FaceForensics++_C23/Face2Face/047_862.mp4,ffpp_Face2Face_047_862,1,Face2Face
FaceForensics++_C23/Face2Face/048_029.mp4,ffpp_Face2Face_048_029,1,Face2Face
FaceForensics++_C23/Face2Face/049_946.mp4,ffpp_Face2Face_049_946,1,Face2Face
FaceForensics++_C23/Face2Face/050_059.mp4,ffpp_Face2Face_050_059,1,Face2Face
FaceForensics++_C23/Face2Face/051_332.mp4,ffpp_Face2Face_051_332,1,Face2Face
FaceForensics++_C23/Face2Face/052_108.mp4,ffpp_Face2Face_052_108,1,Face2Face
FaceForensics++_C23/Face2Face/053_095.mp4,ffpp_Face2Face_053_095,1,Face2Face
FaceForensics++_C23/Face2Face/054_071.mp4,ffpp_Face2Face_054_071,1,Face2Face
FaceForensics++_C23/Face2Face/055_147.mp4,ffpp_Face2Face_055_147,1,Face2Face
FaceForensics++_C23/Face2Face/056_996.mp4,ffpp_Face2Face_056_996,1,Face2Face
FaceForensics++_C23/Face2Face/057_070.mp4,ffpp_Face2Face_057_070,1,Face2Face
FaceForensics++_C23/Face2Face/058_039.mp4,ffpp_Face2Face_058_039,1,Face2Face
FaceForensics++_C23/Face2Face/059_050.mp4,ffpp_Face2Face_059_050,1,Face2Face
FaceForensics++_C23/Face2Face/060_088.mp4,ffpp_Face2Face_060_088,1,Face2Face
FaceForensics++_C23/Face2Face/061_080.mp4,ffpp_Face2Face_061_080,1,Face2Face
FaceForensics++_C23/Face2Face/062_066.mp4,ffpp_Face2Face_062_066,1,Face2Face
FaceForensics++_C23/Face2Face/063_041.mp4,ffpp_Face2Face_063_041,1,Face2Face
FaceForensics++_C23/Face2Face/064_991.mp4,ffpp_Face2Face_064_991,1,Face2Face
FaceForensics++_C23/Face2Face/065_089.mp4,ffpp_Face2Face_065_089,1,Face2Face
FaceForensics++_C23/Face2Face/066_062.mp4,ffpp_Face2Face_066_062,1,Face2Face
FaceForensics++_C23/Face2Face/067_025.mp4,ffpp_Face2Face_067_025,1,Face2Face
FaceForensics++_C23/Face2Face/068_028.mp4,ffpp_Face2Face_068_028,1,Face2Face
FaceForensics++_C23/Face2Face/069_961.mp4,ffpp_Face2Face_069_961,1,Face2Face
FaceForensics++_C23/Face2Face/070_057.mp4,ffpp_Face2Face_070_057,1,Face2Face
FaceForensics++_C23/Face2Face/071_054.mp4,ffpp_Face2Face_071_054,1,Face2Face
FaceForensics++_C23/Face2Face/072_037.mp4,ffpp_Face2Face_072_037,1,Face2Face
FaceForensics++_C23/Face2Face/073_024.mp4,ffpp_Face2Face_073_024,1,Face2Face
FaceForensics++_C23/Face2Face/074_825.mp4,ffpp_Face2Face_074_825,1,Face2Face
FaceForensics++_C23/Face2Face/075_977.mp4,ffpp_Face2Face_075_977,1,Face2Face
FaceForensics++_C23/Face2Face/076_079.mp4,ffpp_Face2Face_076_079,1,Face2Face
FaceForensics++_C23/Face2Face/077_100.mp4,ffpp_Face2Face_077_100,1,Face2Face
FaceForensics++_C23/Face2Face/078_955.mp4,ffpp_Face2Face_078_955,1,Face2Face
FaceForensics++_C23/Face2Face/079_076.mp4,ffpp_Face2Face_079_076,1,Face2Face
FaceForensics++_C23/Face2Face/080_061.mp4,ffpp_Face2Face_080_061,1,Face2Face
FaceForensics++_C23/Face2Face/081_087.mp4,ffpp_Face2Face_081_087,1,Face2Face
FaceForensics++_C23/Face2Face/082_103.mp4,ffpp_Face2Face_082_103,1,Face2Face
FaceForensics++_C23/Face2Face/083_213.mp4,ffpp_Face2Face_083_213,1,Face2Face
FaceForensics++_C23/Face2Face/084_042.mp4,ffpp_Face2Face_084_042,1,Face2Face
FaceForensics++_C23/Face2Face/085_124.mp4,ffpp_Face2Face_085_124,1,Face2Face
FaceForensics++_C23/Face2Face/086_090.mp4,ffpp_Face2Face_086_090,1,Face2Face
FaceForensics++_C23/Face2Face/087_081.mp4,ffpp_Face2Face_087_081,1,Face2Face
FaceForensics++_C23/Face2Face/088_060.mp4,ffpp_Face2Face_088_060,1,Face2Face
FaceForensics++_C23/Face2Face/089_065.mp4,ffpp_Face2Face_089_065,1,Face2Face
FaceForensics++_C23/Face2Face/090_086.mp4,ffpp_Face2Face_090_086,1,Face2Face
FaceForensics++_C23/Face2Face/091_116.mp4,ffpp_Face2Face_091_116,1,Face2Face
FaceForensics++_C23/Face2Face/092_098.mp4,ffpp_Face2Face_092_098,1,Face2Face
FaceForensics++_C23/Face2Face/093_121.mp4,ffpp_Face2Face_093_121,1,Face2Face
FaceForensics++_C23/Face2Face/094_111.mp4,ffpp_Face2Face_094_111,1,Face2Face
FaceForensics++_C23/Face2Face/095_053.mp4,ffpp_Face2Face_095_053,1,Face2Face
FaceForensics++_C23/Face2Face/096_101.mp4,ffpp_Face2Face_096_101,1,Face2Face
FaceForensics++_C23/Face2Face/097_033.mp4,ffpp_Face2Face_097_033,1,Face2Face
FaceForensics++_C23/Face2Face/098_092.mp4,ffpp_Face2Face_098_092,1,Face2Face
FaceForensics++_C23/Face2Face/099_295.mp4,ffpp_Face2Face_099_295,1,Face2Face
FaceForensics++_C23/Face2Face/100_077.mp4,ffpp_Face2Face_100_077,1,Face2Face
FaceForensics++_C23/Face2Face/101_096.mp4,ffpp_Face2Face_101_096,1,Face2Face
FaceForensics++_C23/Face2Face/102_114.mp4,ffpp_Face2Face_102_114,1,Face2Face
FaceForensics++_C23/Face2Face/103_082.mp4,ffpp_Face2Face_103_082,1,Face2Face
FaceForensics++_C23/Face2Face/104_126.mp4,ffpp_Face2Face_104_126,1,Face2Face
FaceForensics++_C23/Face2Face/105_180.mp4,ffpp_Face2Face_105_180,1,Face2Face
FaceForensics++_C23/Face2Face/106_198.mp4,ffpp_Face2Face_106_198,1,Face2Face
FaceForensics++_C23/Face2Face/107_109.mp4,ffpp_Face2Face_107_109,1,Face2Face
FaceForensics++_C23/Face2Face/108_052.mp4,ffpp_Face2Face_108_052,1,Face2Face
FaceForensics++_C23/Face2Face/109_107.mp4,ffpp_Face2Face_109_107,1,Face2Face
FaceForensics++_C23/Face2Face/110_043.mp4,ffpp_Face2Face_110_043,1,Face2Face
FaceForensics++_C23/Face2Face/111_094.mp4,ffpp_Face2Face_111_094,1,Face2Face
FaceForensics++_C23/Face2Face/112_892.mp4,ffpp_Face2Face_112_892,1,Face2Face
FaceForensics++_C23/Face2Face/113_983.mp4,ffpp_Face2Face_113_983,1,Face2Face
FaceForensics++_C23/Face2Face/114_102.mp4,ffpp_Face2Face_114_102,1,Face2Face
FaceForensics++_C23/Face2Face/115_939.mp4,ffpp_Face2Face_115_939,1,Face2Face
FaceForensics++_C23/Face2Face/116_091.mp4,ffpp_Face2Face_116_091,1,Face2Face
FaceForensics++_C23/Face2Face/117_217.mp4,ffpp_Face2Face_117_217,1,Face2Face
FaceForensics++_C23/Face2Face/118_120.mp4,ffpp_Face2Face_118_120,1,Face2Face
FaceForensics++_C23/Face2Face/119_123.mp4,ffpp_Face2Face_119_123,1,Face2Face
FaceForensics++_C23/Face2Face/120_118.mp4,ffpp_Face2Face_120_118,1,Face2Face
FaceForensics++_C23/Face2Face/121_093.mp4,ffpp_Face2Face_121_093,1,Face2Face
FaceForensics++_C23/Face2Face/122_144.mp4,ffpp_Face2Face_122_144,1,Face2Face
FaceForensics++_C23/Face2Face/123_119.mp4,ffpp_Face2Face_123_119,1,Face2Face
FaceForensics++_C23/Face2Face/124_085.mp4,ffpp_Face2Face_124_085,1,Face2Face
FaceForensics++_C23/Face2Face/125_038.mp4,ffpp_Face2Face_125_038,1,Face2Face
FaceForensics++_C23/Face2Face/126_104.mp4,ffpp_Face2Face_126_104,1,Face2Face
FaceForensics++_C23/Face2Face/127_129.mp4,ffpp_Face2Face_127_129,1,Face2Face
FaceForensics++_C23/Face2Face/128_896.mp4,ffpp_Face2Face_128_896,1,Face2Face
FaceForensics++_C23/Face2Face/129_127.mp4,ffpp_Face2Face_129_127,1,Face2Face
FaceForensics++_C23/Face2Face/130_139.mp4,ffpp_Face2Face_130_139,1,Face2Face
FaceForensics++_C23/Face2Face/131_518.mp4,ffpp_Face2Face_131_518,1,Face2Face
FaceForensics++_C23/Face2Face/132_007.mp4,ffpp_Face2Face_132_007,1,Face2Face
FaceForensics++_C23/Face2Face/133_148.mp4,ffpp_Face2Face_133_148,1,Face2Face
FaceForensics++_C23/Face2Face/134_192.mp4,ffpp_Face2Face_134_192,1,Face2Face
FaceForensics++_C23/Face2Face/135_880.mp4,ffpp_Face2Face_135_880,1,Face2Face
FaceForensics++_C23/Face2Face/136_285.mp4,ffpp_Face2Face_136_285,1,Face2Face
FaceForensics++_C23/Face2Face/137_165.mp4,ffpp_Face2Face_137_165,1,Face2Face
FaceForensics++_C23/Face2Face/138_142.mp4,ffpp_Face2Face_138_142,1,Face2Face
FaceForensics++_C23/Face2Face/139_130.mp4,ffpp_Face2Face_139_130,1,Face2Face
FaceForensics++_C23/Face2Face/140_143.mp4,ffpp_Face2Face_140_143,1,Face2Face
FaceForensics++_C23/Face2Face/141_161.mp4,ffpp_Face2Face_141_161,1,Face2Face
FaceForensics++_C23/Face2Face/142_138.mp4,ffpp_Face2Face_142_138,1,Face2Face
FaceForensics++_C23/Face2Face/143_140.mp4,ffpp_Face2Face_143_140,1,Face2Face
FaceForensics++_C23/Face2Face/144_122.mp4,ffpp_Face2Face_144_122,1,Face2Face
FaceForensics++_C23/Face2Face/145_299.mp4,ffpp_Face2Face_145_299,1,Face2Face
FaceForensics++_C23/Face2Face/146_256.mp4,ffpp_Face2Face_146_256,1,Face2Face
FaceForensics++_C23/Face2Face/147_055.mp4,ffpp_Face2Face_147_055,1,Face2Face
FaceForensics++_C23/Face2Face/148_133.mp4,ffpp_Face2Face_148_133,1,Face2Face
FaceForensics++_C23/Face2Face/149_152.mp4,ffpp_Face2Face_149_152,1,Face2Face
FaceForensics++_C23/Face2Face/150_153.mp4,ffpp_Face2Face_150_153,1,Face2Face
FaceForensics++_C23/Face2Face/151_225.mp4,ffpp_Face2Face_151_225,1,Face2Face
FaceForensics++_C23/Face2Face/152_149.mp4,ffpp_Face2Face_152_149,1,Face2Face
FaceForensics++_C23/Face2Face/153_150.mp4,ffpp_Face2Face_153_150,1,Face2Face
FaceForensics++_C23/Face2Face/154_386.mp4,ffpp_Face2Face_154_386,1,Face2Face
FaceForensics++_C23/Face2Face/155_576.mp4,ffpp_Face2Face_155_576,1,Face2Face
FaceForensics++_C23/Face2Face/156_243.mp4,ffpp_Face2Face_156_243,1,Face2Face
FaceForensics++_C23/Face2Face/157_245.mp4,ffpp_Face2Face_157_245,1,Face2Face
FaceForensics++_C23/Face2Face/158_379.mp4,ffpp_Face2Face_158_379,1,Face2Face
FaceForensics++_C23/Face2Face/159_175.mp4,ffpp_Face2Face_159_175,1,Face2Face
FaceForensics++_C23/Face2Face/160_928.mp4,ffpp_Face2Face_160_928,1,Face2Face
FaceForensics++_C23/Face2Face/161_141.mp4,ffpp_Face2Face_161_141,1,Face2Face
FaceForensics++_C23/Face2Face/162_330.mp4,ffpp_Face2Face_162_330,1,Face2Face
FaceForensics++_C23/Face2Face/163_031.mp4,ffpp_Face2Face_163_031,1,Face2Face
FaceForensics++_C23/Face2Face/164_216.mp4,ffpp_Face2Face_164_216,1,Face2Face
FaceForensics++_C23/Face2Face/165_137.mp4,ffpp_Face2Face_165_137,1,Face2Face
FaceForensics++_C23/Face2Face/166_167.mp4,ffpp_Face2Face_166_167,1,Face2Face
FaceForensics++_C23/Face2Face/167_166.mp4,ffpp_Face2Face_167_166,1,Face2Face
FaceForensics++_C23/Face2Face/168_222.mp4,ffpp_Face2Face_168_222,1,Face2Face
FaceForensics++_C23/Face2Face/169_227.mp4,ffpp_Face2Face_169_227,1,Face2Face
FaceForensics++_C23/Face2Face/170_186.mp4,ffpp_Face2Face_170_186,1,Face2Face
FaceForensics++_C23/Face2Face/171_173.mp4,ffpp_Face2Face_171_173,1,Face2Face
FaceForensics++_C23/Face2Face/172_582.mp4,ffpp_Face2Face_172_582,1,Face2Face
FaceForensics++_C23/Face2Face/173_171.mp4,ffpp_Face2Face_173_171,1,Face2Face
FaceForensics++_C23/Face2Face/174_964.mp4,ffpp_Face2Face_174_964,1,Face2Face
FaceForensics++_C23/Face2Face/175_159.mp4,ffpp_Face2Face_175_159,1,Face2Face
FaceForensics++_C23/Face2Face/176_190.mp4,ffpp_Face2Face_176_190,1,Face2Face
FaceForensics++_C23/Face2Face/177_211.mp4,ffpp_Face2Face_177_211,1,Face2Face
FaceForensics++_C23/Face2Face/178_598.mp4,ffpp_Face2Face_178_598,1,Face2Face
FaceForensics++_C23/Face2Face/179_212.mp4,ffpp_Face2Face_179_212,1,Face2Face
FaceForensics++_C23/Face2Face/180_105.mp4,ffpp_Face2Face_180_105,1,Face2Face
FaceForensics++_C23/Face2Face/181_199.mp4,ffpp_Face2Face_181_199,1,Face2Face
FaceForensics++_C23/Face2Face/182_242.mp4,ffpp_Face2Face_182_242,1,Face2Face
FaceForensics++_C23/Face2Face/183_253.mp4,ffpp_Face2Face_183_253,1,Face2Face
FaceForensics++_C23/Face2Face/184_205.mp4,ffpp_Face2Face_184_205,1,Face2Face
FaceForensics++_C23/Face2Face/185_276.mp4,ffpp_Face2Face_185_276,1,Face2Face
FaceForensics++_C23/Face2Face/186_170.mp4,ffpp_Face2Face_186_170,1,Face2Face
FaceForensics++_C23/Face2Face/187_234.mp4,ffpp_Face2Face_187_234,1,Face2Face
FaceForensics++_C23/Face2Face/188_191.mp4,ffpp_Face2Face_188_191,1,Face2Face
FaceForensics++_C23/Face2Face/189_200.mp4,ffpp_Face2Face_189_200,1,Face2Face
FaceForensics++_C23/Face2Face/190_176.mp4,ffpp_Face2Face_190_176,1,Face2Face
FaceForensics++_C23/Face2Face/191_188.mp4,ffpp_Face2Face_191_188,1,Face2Face
FaceForensics++_C23/Face2Face/192_134.mp4,ffpp_Face2Face_192_134,1,Face2Face
FaceForensics++_C23/Face2Face/193_030.mp4,ffpp_Face2Face_193_030,1,Face2Face
FaceForensics++_C23/Face2Face/194_235.mp4,ffpp_Face2Face_194_235,1,Face2Face
FaceForensics++_C23/Face2Face/195_442.mp4,ffpp_Face2Face_195_442,1,Face2Face
FaceForensics++_C23/Face2Face/196_310.mp4,ffpp_Face2Face_196_310,1,Face2Face
FaceForensics++_C23/Face2Face/197_224.mp4,ffpp_Face2Face_197_224,1,Face2Face
FaceForensics++_C23/Face2Face/198_106.mp4,ffpp_Face2Face_198_106,1,Face2Face
FaceForensics++_C23/Face2Face/199_181.mp4,ffpp_Face2Face_199_181,1,Face2Face
FaceForensics++_C23/Face2Face/200_189.mp4,ffpp_Face2Face_200_189,1,Face2Face
FaceForensics++_C23/Face2Face/201_203.mp4,ffpp_Face2Face_201_203,1,Face2Face
FaceForensics++_C23/Face2Face/202_348.mp4,ffpp_Face2Face_202_348,1,Face2Face
FaceForensics++_C23/Face2Face/203_201.mp4,ffpp_Face2Face_203_201,1,Face2Face
FaceForensics++_C23/Face2Face/204_230.mp4,ffpp_Face2Face_204_230,1,Face2Face
FaceForensics++_C23/Face2Face/205_184.mp4,ffpp_Face2Face_205_184,1,Face2Face
FaceForensics++_C23/Face2Face/206_221.mp4,ffpp_Face2Face_206_221,1,Face2Face
FaceForensics++_C23/Face2Face/207_908.mp4,ffpp_Face2Face_207_908,1,Face2Face
FaceForensics++_C23/Face2Face/208_215.mp4,ffpp_Face2Face_208_215,1,Face2Face
FaceForensics++_C23/Face2Face/209_016.mp4,ffpp_Face2Face_209_016,1,Face2Face
FaceForensics++_C23/Face2Face/210_241.mp4,ffpp_Face2Face_210_241,1,Face2Face
FaceForensics++_C23/Face2Face/211_177.mp4,ffpp_Face2Face_211_177,1,Face2Face
FaceForensics++_C23/Face2Face/212_179.mp4,ffpp_Face2Face_212_179,1,Face2Face
FaceForensics++_C23/Face2Face/213_083.mp4,ffpp_Face2Face_213_083,1,Face2Face
FaceForensics++_C23/Face2Face/214_255.mp4,ffpp_Face2Face_214_255,1,Face2Face
FaceForensics++_C23/Face2Face/215_208.mp4,ffpp_Face2Face_215_208,1,Face2Face
FaceForensics++_C23/Face2Face/216_164.mp4,ffpp_Face2Face_216_164,1,Face2Face
FaceForensics++_C23/Face2Face/217_117.mp4,ffpp_Face2Face_217_117,1,Face2Face
FaceForensics++_C23/Face2Face/218_239.mp4,ffpp_Face2Face_218_239,1,Face2Face
FaceForensics++_C23/Face2Face/219_220.mp4,ffpp_Face2Face_219_220,1,Face2Face
FaceForensics++_C23/Face2Face/220_219.mp4,ffpp_Face2Face_220_219,1,Face2Face
FaceForensics++_C23/Face2Face/221_206.mp4,ffpp_Face2Face_221_206,1,Face2Face
FaceForensics++_C23/Face2Face/222_168.mp4,ffpp_Face2Face_222_168,1,Face2Face
FaceForensics++_C23/Face2Face/223_586.mp4,ffpp_Face2Face_223_586,1,Face2Face
FaceForensics++_C23/Face2Face/224_197.mp4,ffpp_Face2Face_224_197,1,Face2Face
FaceForensics++_C23/Face2Face/225_151.mp4,ffpp_Face2Face_225_151,1,Face2Face
FaceForensics++_C23/Face2Face/226_491.mp4,ffpp_Face2Face_226_491,1,Face2Face
FaceForensics++_C23/Face2Face/227_169.mp4,ffpp_Face2Face_227_169,1,Face2Face
FaceForensics++_C23/Face2Face/228_289.mp4,ffpp_Face2Face_228_289,1,Face2Face
FaceForensics++_C23/Face2Face/229_247.mp4,ffpp_Face2Face_229_247,1,Face2Face
FaceForensics++_C23/Face2Face/230_204.mp4,ffpp_Face2Face_230_204,1,Face2Face
FaceForensics++_C23/Face2Face/231_663.mp4,ffpp_Face2Face_231_663,1,Face2Face
FaceForensics++_C23/Face2Face/232_248.mp4,ffpp_Face2Face_232_248,1,Face2Face
FaceForensics++_C23/Face2Face/233_995.mp4,ffpp_Face2Face_233_995,1,Face2Face
FaceForensics++_C23/Face2Face/234_187.mp4,ffpp_Face2Face_234_187,1,Face2Face
FaceForensics++_C23/Face2Face/235_194.mp4,ffpp_Face2Face_235_194,1,Face2Face
FaceForensics++_C23/Face2Face/236_237.mp4,ffpp_Face2Face_236_237,1,Face2Face
FaceForensics++_C23/Face2Face/237_236.mp4,ffpp_Face2Face_237_236,1,Face2Face
FaceForensics++_C23/Face2Face/238_282.mp4,ffpp_Face2Face_238_282,1,Face2Face
FaceForensics++_C23/Face2Face/239_218.mp4,ffpp_Face2Face_239_218,1,Face2Face
FaceForensics++_C23/Face2Face/240_290.mp4,ffpp_Face2Face_240_290,1,Face2Face
FaceForensics++_C23/Face2Face/241_210.mp4,ffpp_Face2Face_241_210,1,Face2Face
FaceForensics++_C23/Face2Face/242_182.mp4,ffpp_Face2Face_242_182,1,Face2Face
FaceForensics++_C23/Face2Face/243_156.mp4,ffpp_Face2Face_243_156,1,Face2Face
FaceForensics++_C23/Face2Face/244_822.mp4,ffpp_Face2Face_244_822,1,Face2Face
FaceForensics++_C23/Face2Face/245_157.mp4,ffpp_Face2Face_245_157,1,Face2Face
FaceForensics++_C23/Face2Face/246_258.mp4,ffpp_Face2Face_246_258,1,Face2Face
FaceForensics++_C23/Face2Face/247_229.mp4,ffpp_Face2Face_247_229,1,Face2Face
FaceForensics++_C23/Face2Face/248_232.mp4,ffpp_Face2Face_248_232,1,Face2Face
FaceForensics++_C23/Face2Face/249_280.mp4,ffpp_Face2Face_249_280,1,Face2Face
FaceForensics++_C23/Face2Face/250_461.mp4,ffpp_Face2Face_250_461,1,Face2Face
FaceForensics++_C23/Face2Face/251_375.mp4,ffpp_Face2Face_251_375,1,Face2Face
FaceForensics++_C23/Face2Face/252_266.mp4,ffpp_Face2Face_252_266,1,Face2Face
FaceForensics++_C23/Face2Face/253_183.mp4,ffpp_Face2Face_253_183,1,Face2Face
FaceForensics++_C23/Face2Face/254_261.mp4,ffpp_Face2Face_254_261,1,Face2Face
FaceForensics++_C23/Face2Face/255_214.mp4,ffpp_Face2Face_255_214,1,Face2Face
FaceForensics++_C23/Face2Face/256_146.mp4,ffpp_Face2Face_256_146,1,Face2Face
FaceForensics++_C23/Face2Face/257_420.mp4,ffpp_Face2Face_257_420,1,Face2Face
FaceForensics++_C23/Face2Face/258_246.mp4,ffpp_Face2Face_258_246,1,Face2Face
FaceForensics++_C23/Face2Face/259_345.mp4,ffpp_Face2Face_259_345,1,Face2Face
FaceForensics++_C23/Face2Face/260_331.mp4,ffpp_Face2Face_260_331,1,Face2Face
FaceForensics++_C23/Face2Face/261_254.mp4,ffpp_Face2Face_261_254,1,Face2Face
FaceForensics++_C23/Face2Face/262_301.mp4,ffpp_Face2Face_262_301,1,Face2Face
FaceForensics++_C23/Face2Face/263_284.mp4,ffpp_Face2Face_263_284,1,Face2Face
FaceForensics++_C23/Face2Face/264_271.mp4,ffpp_Face2Face_264_271,1,Face2Face
FaceForensics++_C23/Face2Face/265_475.mp4,ffpp_Face2Face_265_475,1,Face2Face
FaceForensics++_C23/Face2Face/266_252.mp4,ffpp_Face2Face_266_252,1,Face2Face
FaceForensics++_C23/Face2Face/267_286.mp4,ffpp_Face2Face_267_286,1,Face2Face
FaceForensics++_C23/Face2Face/268_269.mp4,ffpp_Face2Face_268_269,1,Face2Face
FaceForensics++_C23/Face2Face/269_268.mp4,ffpp_Face2Face_269_268,1,Face2Face
FaceForensics++_C23/Face2Face/270_297.mp4,ffpp_Face2Face_270_297,1,Face2Face
FaceForensics++_C23/Face2Face/271_264.mp4,ffpp_Face2Face_271_264,1,Face2Face
FaceForensics++_C23/Face2Face/272_396.mp4,ffpp_Face2Face_272_396,1,Face2Face
FaceForensics++_C23/Face2Face/273_807.mp4,ffpp_Face2Face_273_807,1,Face2Face
FaceForensics++_C23/Face2Face/274_412.mp4,ffpp_Face2Face_274_412,1,Face2Face
FaceForensics++_C23/Face2Face/275_887.mp4,ffpp_Face2Face_275_887,1,Face2Face
FaceForensics++_C23/Face2Face/276_185.mp4,ffpp_Face2Face_276_185,1,Face2Face
FaceForensics++_C23/Face2Face/277_335.mp4,ffpp_Face2Face_277_335,1,Face2Face
FaceForensics++_C23/Face2Face/278_306.mp4,ffpp_Face2Face_278_306,1,Face2Face
FaceForensics++_C23/Face2Face/279_298.mp4,ffpp_Face2Face_279_298,1,Face2Face
FaceForensics++_C23/Face2Face/280_249.mp4,ffpp_Face2Face_280_249,1,Face2Face
FaceForensics++_C23/Face2Face/281_474.mp4,ffpp_Face2Face_281_474,1,Face2Face
FaceForensics++_C23/Face2Face/282_238.mp4,ffpp_Face2Face_282_238,1,Face2Face
FaceForensics++_C23/Face2Face/283_313.mp4,ffpp_Face2Face_283_313,1,Face2Face
FaceForensics++_C23/Face2Face/284_263.mp4,ffpp_Face2Face_284_263,1,Face2Face
FaceForensics++_C23/Face2Face/285_136.mp4,ffpp_Face2Face_285_136,1,Face2Face
FaceForensics++_C23/Face2Face/286_267.mp4,ffpp_Face2Face_286_267,1,Face2Face
FaceForensics++_C23/Face2Face/287_426.mp4,ffpp_Face2Face_287_426,1,Face2Face
FaceForensics++_C23/Face2Face/288_321.mp4,ffpp_Face2Face_288_321,1,Face2Face
FaceForensics++_C23/Face2Face/289_228.mp4,ffpp_Face2Face_289_228,1,Face2Face
FaceForensics++_C23/Face2Face/290_240.mp4,ffpp_Face2Face_290_240,1,Face2Face
FaceForensics++_C23/Face2Face/291_874.mp4,ffpp_Face2Face_291_874,1,Face2Face
FaceForensics++_C23/Face2Face/292_294.mp4,ffpp_Face2Face_292_294,1,Face2Face
FaceForensics++_C23/Face2Face/293_296.mp4,ffpp_Face2Face_293_296,1,Face2Face
FaceForensics++_C23/Face2Face/294_292.mp4,ffpp_Face2Face_294_292,1,Face2Face
FaceForensics++_C23/Face2Face/295_099.mp4,ffpp_Face2Face_295_099,1,Face2Face
FaceForensics++_C23/Face2Face/296_293.mp4,ffpp_Face2Face_296_293,1,Face2Face
FaceForensics++_C23/Face2Face/297_270.mp4,ffpp_Face2Face_297_270,1,Face2Face
FaceForensics++_C23/Face2Face/298_279.mp4,ffpp_Face2Face_298_279,1,Face2Face
FaceForensics++_C23/Face2Face/299_145.mp4,ffpp_Face2Face_299_145,1,Face2Face
FaceForensics++_C23/Face2Face/300_304.mp4,ffpp_Face2Face_300_304,1,Face2Face
FaceForensics++_C23/Face2Face/301_262.mp4,ffpp_Face2Face_301_262,1,Face2Face
FaceForensics++_C23/Face2Face/302_323.mp4,ffpp_Face2Face_302_323,1,Face2Face
FaceForensics++_C23/Face2Face/303_309.mp4,ffpp_Face2Face_303_309,1,Face2Face
FaceForensics++_C23/Face2Face/304_300.mp4,ffpp_Face2Face_304_300,1,Face2Face
FaceForensics++_C23/Face2Face/305_513.mp4,ffpp_Face2Face_305_513,1,Face2Face
FaceForensics++_C23/Face2Face/306_278.mp4,ffpp_Face2Face_306_278,1,Face2Face
FaceForensics++_C23/Face2Face/307_365.mp4,ffpp_Face2Face_307_365,1,Face2Face
FaceForensics++_C23/Face2Face/308_388.mp4,ffpp_Face2Face_308_388,1,Face2Face
FaceForensics++_C23/Face2Face/309_303.mp4,ffpp_Face2Face_309_303,1,Face2Face
FaceForensics++_C23/Face2Face/310_196.mp4,ffpp_Face2Face_310_196,1,Face2Face
FaceForensics++_C23/Face2Face/311_387.mp4,ffpp_Face2Face_311_387,1,Face2Face
FaceForensics++_C23/Face2Face/312_021.mp4,ffpp_Face2Face_312_021,1,Face2Face
FaceForensics++_C23/Face2Face/313_283.mp4,ffpp_Face2Face_313_283,1,Face2Face
FaceForensics++_C23/Face2Face/314_347.mp4,ffpp_Face2Face_314_347,1,Face2Face
FaceForensics++_C23/Face2Face/315_322.mp4,ffpp_Face2Face_315_322,1,Face2Face
FaceForensics++_C23/Face2Face/316_369.mp4,ffpp_Face2Face_316_369,1,Face2Face
FaceForensics++_C23/Face2Face/317_359.mp4,ffpp_Face2Face_317_359,1,Face2Face
FaceForensics++_C23/Face2Face/318_334.mp4,ffpp_Face2Face_318_334,1,Face2Face
FaceForensics++_C23/Face2Face/319_352.mp4,ffpp_Face2Face_319_352,1,Face2Face
FaceForensics++_C23/Face2Face/320_328.mp4,ffpp_Face2Face_320_328,1,Face2Face
FaceForensics++_C23/Face2Face/321_288.mp4,ffpp_Face2Face_321_288,1,Face2Face
FaceForensics++_C23/Face2Face/322_315.mp4,ffpp_Face2Face_322_315,1,Face2Face
FaceForensics++_C23/Face2Face/323_302.mp4,ffpp_Face2Face_323_302,1,Face2Face
FaceForensics++_C23/Face2Face/324_356.mp4,ffpp_Face2Face_324_356,1,Face2Face
FaceForensics++_C23/Face2Face/325_492.mp4,ffpp_Face2Face_325_492,1,Face2Face
FaceForensics++_C23/Face2Face/326_501.mp4,ffpp_Face2Face_326_501,1,Face2Face
FaceForensics++_C23/Face2Face/327_329.mp4,ffpp_Face2Face_327_329,1,Face2Face
FaceForensics++_C23/Face2Face/328_320.mp4,ffpp_Face2Face_328_320,1,Face2Face
FaceForensics++_C23/Face2Face/329_327.mp4,ffpp_Face2Face_329_327,1,Face2Face
FaceForensics++_C23/Face2Face/330_162.mp4,ffpp_Face2Face_330_162,1,Face2Face
FaceForensics++_C23/Face2Face/331_260.mp4,ffpp_Face2Face_331_260,1,Face2Face
FaceForensics++_C23/Face2Face/332_051.mp4,ffpp_Face2Face_332_051,1,Face2Face
FaceForensics++_C23/Face2Face/333_377.mp4,ffpp_Face2Face_333_377,1,Face2Face
FaceForensics++_C23/Face2Face/334_318.mp4,ffpp_Face2Face_334_318,1,Face2Face
FaceForensics++_C23/Face2Face/335_277.mp4,ffpp_Face2Face_335_277,1,Face2Face
FaceForensics++_C23/Face2Face/336_338.mp4,ffpp_Face2Face_336_338,1,Face2Face
FaceForensics++_C23/Face2Face/337_522.mp4,ffpp_Face2Face_337_522,1,Face2Face
FaceForensics++_C23/Face2Face/338_336.mp4,ffpp_Face2Face_338_336,1,Face2Face
FaceForensics++_C23/Face2Face/339_392.mp4,ffpp_Face2Face_339_392,1,Face2Face
FaceForensics++_C23/Face2Face/340_341.mp4,ffpp_Face2Face_340_341,1,Face2Face
FaceForensics++_C23/Face2Face/341_340.mp4,ffpp_Face2Face_341_340,1,Face2Face
FaceForensics++_C23/Face2Face/342_416.mp4,ffpp_Face2Face_342_416,1,Face2Face
FaceForensics++_C23/Face2Face/343_363.mp4,ffpp_Face2Face_343_363,1,Face2Face
FaceForensics++_C23/Face2Face/344_020.mp4,ffpp_Face2Face_344_020,1,Face2Face
FaceForensics++_C23/Face2Face/345_259.mp4,ffpp_Face2Face_345_259,1,Face2Face
FaceForensics++_C23/Face2Face/346_351.mp4,ffpp_Face2Face_346_351,1,Face2Face
FaceForensics++_C23/Face2Face/347_314.mp4,ffpp_Face2Face_347_314,1,Face2Face
FaceForensics++_C23/Face2Face/348_202.mp4,ffpp_Face2Face_348_202,1,Face2Face
FaceForensics++_C23/Face2Face/349_350.mp4,ffpp_Face2Face_349_350,1,Face2Face
FaceForensics++_C23/Face2Face/350_349.mp4,ffpp_Face2Face_350_349,1,Face2Face
FaceForensics++_C23/Face2Face/351_346.mp4,ffpp_Face2Face_351_346,1,Face2Face
FaceForensics++_C23/Face2Face/352_319.mp4,ffpp_Face2Face_352_319,1,Face2Face
FaceForensics++_C23/Face2Face/353_383.mp4,ffpp_Face2Face_353_383,1,Face2Face
FaceForensics++_C23/Face2Face/354_362.mp4,ffpp_Face2Face_354_362,1,Face2Face
FaceForensics++_C23/Face2Face/355_748.mp4,ffpp_Face2Face_355_748,1,Face2Face
FaceForensics++_C23/Face2Face/356_324.mp4,ffpp_Face2Face_356_324,1,Face2Face
FaceForensics++_C23/Face2Face/357_432.mp4,ffpp_Face2Face_357_432,1,Face2Face
FaceForensics++_C23/Face2Face/358_380.mp4,ffpp_Face2Face_358_380,1,Face2Face
FaceForensics++_C23/Face2Face/359_317.mp4,ffpp_Face2Face_359_317,1,Face2Face
FaceForensics++_C23/Face2Face/360_437.mp4,ffpp_Face2Face_360_437,1,Face2Face
FaceForensics++_C23/Face2Face/361_448.mp4,ffpp_Face2Face_361_448,1,Face2Face
FaceForensics++_C23/Face2Face/362_354.mp4,ffpp_Face2Face_362_354,1,Face2Face
FaceForensics++_C23/Face2Face/363_343.mp4,ffpp_Face2Face_363_343,1,Face2Face
FaceForensics++_C23/Face2Face/364_440.mp4,ffpp_Face2Face_364_440,1,Face2Face
FaceForensics++_C23/Face2Face/365_307.mp4,ffpp_Face2Face_365_307,1,Face2Face
FaceForensics++_C23/Face2Face/366_473.mp4,ffpp_Face2Face_366_473,1,Face2Face
FaceForensics++_C23/Face2Face/367_371.mp4,ffpp_Face2Face_367_371,1,Face2Face
FaceForensics++_C23/Face2Face/368_378.mp4,ffpp_Face2Face_368_378,1,Face2Face
FaceForensics++_C23/Face2Face/369_316.mp4,ffpp_Face2Face_369_316,1,Face2Face
FaceForensics++_C23/Face2Face/370_483.mp4,ffpp_Face2Face_370_483,1,Face2Face
FaceForensics++_C23/Face2Face/371_367.mp4,ffpp_Face2Face_371_367,1,Face2Face
FaceForensics++_C23/Face2Face/372_413.mp4,ffpp_Face2Face_372_413,1,Face2Face
FaceForensics++_C23/Face2Face/373_394.mp4,ffpp_Face2Face_373_394,1,Face2Face
FaceForensics++_C23/Face2Face/374_407.mp4,ffpp_Face2Face_374_407,1,Face2Face
FaceForensics++_C23/Face2Face/375_251.mp4,ffpp_Face2Face_375_251,1,Face2Face
FaceForensics++_C23/Face2Face/376_381.mp4,ffpp_Face2Face_376_381,1,Face2Face
FaceForensics++_C23/Face2Face/377_333.mp4,ffpp_Face2Face_377_333,1,Face2Face
FaceForensics++_C23/Face2Face/378_368.mp4,ffpp_Face2Face_378_368,1,Face2Face
FaceForensics++_C23/Face2Face/379_158.mp4,ffpp_Face2Face_379_158,1,Face2Face
FaceForensics++_C23/Face2Face/380_358.mp4,ffpp_Face2Face_380_358,1,Face2Face
FaceForensics++_C23/Face2Face/381_376.mp4,ffpp_Face2Face_381_376,1,Face2Face
FaceForensics++_C23/Face2Face/382_409.mp4,ffpp_Face2Face_382_409,1,Face2Face
FaceForensics++_C23/Face2Face/383_353.mp4,ffpp_Face2Face_383_353,1,Face2Face
FaceForensics++_C23/Face2Face/384_932.mp4,ffpp_Face2Face_384_932,1,Face2Face
FaceForensics++_C23/Face2Face/385_414.mp4,ffpp_Face2Face_385_414,1,Face2Face
FaceForensics++_C23/Face2Face/386_154.mp4,ffpp_Face2Face_386_154,1,Face2Face
FaceForensics++_C23/Face2Face/387_311.mp4,ffpp_Face2Face_387_311,1,Face2Face
FaceForensics++_C23/Face2Face/388_308.mp4,ffpp_Face2Face_388_308,1,Face2Face
FaceForensics++_C23/Face2Face/389_480.mp4,ffpp_Face2Face_389_480,1,Face2Face
FaceForensics++_C23/Face2Face/390_709.mp4,ffpp_Face2Face_390_709,1,Face2Face
FaceForensics++_C23/Face2Face/391_406.mp4,ffpp_Face2Face_391_406,1,Face2Face
FaceForensics++_C23/Face2Face/392_339.mp4,ffpp_Face2Face_392_339,1,Face2Face
FaceForensics++_C23/Face2Face/393_405.mp4,ffpp_Face2Face_393_405,1,Face2Face
FaceForensics++_C23/Face2Face/394_373.mp4,ffpp_Face2Face_394_373,1,Face2Face
FaceForensics++_C23/Face2Face/395_401.mp4,ffpp_Face2Face_395_401,1,Face2Face
FaceForensics++_C23/Face2Face/396_272.mp4,ffpp_Face2Face_396_272,1,Face2Face
FaceForensics++_C23/Face2Face/397_602.mp4,ffpp_Face2Face_397_602,1,Face2Face
FaceForensics++_C23/Face2Face/398_457.mp4,ffpp_Face2Face_398_457,1,Face2Face
FaceForensics++_C23/Face2Face/399_488.mp4,ffpp_Face2Face_399_488,1,Face2Face
FaceForensics++_C23/Face2Face/400_476.mp4,ffpp_Face2Face_400_476,1,Face2Face
FaceForensics++_C23/Face2Face/401_395.mp4,ffpp_Face2Face_401_395,1,Face2Face
FaceForensics++_C23/Face2Face/402_453.mp4,ffpp_Face2Face_402_453,1,Face2Face
FaceForensics++_C23/Face2Face/403_497.mp4,ffpp_Face2Face_403_497,1,Face2Face
FaceForensics++_C23/Face2Face/404_429.mp4,ffpp_Face2Face_404_429,1,Face2Face
FaceForensics++_C23/Face2Face/405_393.mp4,ffpp_Face2Face_405_393,1,Face2Face
FaceForensics++_C23/Face2Face/406_391.mp4,ffpp_Face2Face_406_391,1,Face2Face
FaceForensics++_C23/Face2Face/407_374.mp4,ffpp_Face2Face_407_374,1,Face2Face
FaceForensics++_C23/Face2Face/408_424.mp4,ffpp_Face2Face_408_424,1,Face2Face
FaceForensics++_C23/Face2Face/409_382.mp4,ffpp_Face2Face_409_382,1,Face2Face
FaceForensics++_C23/Face2Face/410_411.mp4,ffpp_Face2Face_410_411,1,Face2Face
FaceForensics++_C23/Face2Face/411_410.mp4,ffpp_Face2Face_411_410,1,Face2Face
FaceForensics++_C23/Face2Face/412_274.mp4,ffpp_Face2Face_412_274,1,Face2Face
FaceForensics++_C23/Face2Face/413_372.mp4,ffpp_Face2Face_413_372,1,Face2Face
FaceForensics++_C23/Face2Face/414_385.mp4,ffpp_Face2Face_414_385,1,Face2Face
FaceForensics++_C23/Face2Face/415_484.mp4,ffpp_Face2Face_415_484,1,Face2Face
FaceForensics++_C23/Face2Face/416_342.mp4,ffpp_Face2Face_416_342,1,Face2Face
FaceForensics++_C23/Face2Face/417_496.mp4,ffpp_Face2Face_417_496,1,Face2Face
FaceForensics++_C23/Face2Face/418_507.mp4,ffpp_Face2Face_418_507,1,Face2Face
FaceForensics++_C23/Face2Face/419_824.mp4,ffpp_Face2Face_419_824,1,Face2Face
FaceForensics++_C23/Face2Face/420_257.mp4,ffpp_Face2Face_420_257,1,Face2Face
FaceForensics++_C23/Face2Face/421_423.mp4,ffpp_Face2Face_421_423,1,Face2Face
FaceForensics++_C23/Face2Face/422_695.mp4,ffpp_Face2Face_422_695,1,Face2Face
FaceForensics++_C23/Face2Face/423_421.mp4,ffpp_Face2Face_423_421,1,Face2Face
FaceForensics++_C23/Face2Face/424_408.mp4,ffpp_Face2Face_424_408,1,Face2Face
FaceForensics++_C23/Face2Face/425_485.mp4,ffpp_Face2Face_425_485,1,Face2Face
FaceForensics++_C23/Face2Face/426_287.mp4,ffpp_Face2Face_426_287,1,Face2Face
FaceForensics++_C23/Face2Face/427_637.mp4,ffpp_Face2Face_427_637,1,Face2Face
FaceForensics++_C23/Face2Face/428_466.mp4,ffpp_Face2Face_428_466,1,Face2Face
FaceForensics++_C23/Face2Face/429_404.mp4,ffpp_Face2Face_429_404,1,Face2Face
FaceForensics++_C23/Face2Face/430_459.mp4,ffpp_Face2Face_430_459,1,Face2Face
FaceForensics++_C23/Face2Face/431_447.mp4,ffpp_Face2Face_431_447,1,Face2Face
FaceForensics++_C23/Face2Face/432_357.mp4,ffpp_Face2Face_432_357,1,Face2Face
FaceForensics++_C23/Face2Face/433_498.mp4,ffpp_Face2Face_433_498,1,Face2Face
FaceForensics++_C23/Face2Face/434_438.mp4,ffpp_Face2Face_434_438,1,Face2Face
FaceForensics++_C23/Face2Face/435_456.mp4,ffpp_Face2Face_435_456,1,Face2Face
FaceForensics++_C23/Face2Face/436_526.mp4,ffpp_Face2Face_436_526,1,Face2Face
FaceForensics++_C23/Face2Face/437_360.mp4,ffpp_Face2Face_437_360,1,Face2Face
FaceForensics++_C23/Face2Face/438_434.mp4,ffpp_Face2Face_438_434,1,Face2Face
FaceForensics++_C23/Face2Face/439_441.mp4,ffpp_Face2Face_439_441,1,Face2Face
FaceForensics++_C23/Face2Face/440_364.mp4,ffpp_Face2Face_440_364,1,Face2Face
FaceForensics++_C23/Face2Face/441_439.mp4,ffpp_Face2Face_441_439,1,Face2Face
FaceForensics++_C23/Face2Face/442_195.mp4,ffpp_Face2Face_442_195,1,Face2Face
FaceForensics++_C23/Face2Face/443_514.mp4,ffpp_Face2Face_443_514,1,Face2Face
FaceForensics++_C23/Face2Face/444_655.mp4,ffpp_Face2Face_444_655,1,Face2Face
FaceForensics++_C23/Face2Face/445_494.mp4,ffpp_Face2Face_445_494,1,Face2Face
FaceForensics++_C23/Face2Face/446_667.mp4,ffpp_Face2Face_446_667,1,Face2Face
FaceForensics++_C23/Face2Face/447_431.mp4,ffpp_Face2Face_447_431,1,Face2Face
FaceForensics++_C23/Face2Face/448_361.mp4,ffpp_Face2Face_448_361,1,Face2Face
FaceForensics++_C23/Face2Face/449_451.mp4,ffpp_Face2Face_449_451,1,Face2Face
FaceForensics++_C23/Face2Face/450_533.mp4,ffpp_Face2Face_450_533,1,Face2Face
FaceForensics++_C23/Face2Face/451_449.mp4,ffpp_Face2Face_451_449,1,Face2Face
FaceForensics++_C23/Face2Face/452_550.mp4,ffpp_Face2Face_452_550,1,Face2Face
FaceForensics++_C23/Face2Face/453_402.mp4,ffpp_Face2Face_453_402,1,Face2Face
FaceForensics++_C23/Face2Face/454_527.mp4,ffpp_Face2Face_454_527,1,Face2Face
FaceForensics++_C23/Face2Face/455_471.mp4,ffpp_Face2Face_455_471,1,Face2Face
FaceForensics++_C23/Face2Face/456_435.mp4,ffpp_Face2Face_456_435,1,Face2Face
FaceForensics++_C23/Face2Face/457_398.mp4,ffpp_Face2Face_457_398,1,Face2Face
FaceForensics++_C23/Face2Face/458_722.mp4,ffpp_Face2Face_458_722,1,Face2Face
FaceForensics++_C23/Face2Face/459_430.mp4,ffpp_Face2Face_459_430,1,Face2Face
FaceForensics++_C23/Face2Face/460_678.mp4,ffpp_Face2Face_460_678,1,Face2Face
FaceForensics++_C23/Face2Face/461_250.mp4,ffpp_Face2Face_461_250,1,Face2Face
FaceForensics++_C23/Face2Face/462_467.mp4,ffpp_Face2Face_462_467,1,Face2Face
FaceForensics++_C23/Face2Face/463_464.mp4,ffpp_Face2Face_463_464,1,Face2Face
FaceForensics++_C23/Face2Face/464_463.mp4,ffpp_Face2Face_464_463,1,Face2Face
FaceForensics++_C23/Face2Face/465_482.mp4,ffpp_Face2Face_465_482,1,Face2Face
FaceForensics++_C23/Face2Face/466_428.mp4,ffpp_Face2Face_466_428,1,Face2Face
FaceForensics++_C23/Face2Face/467_462.mp4,ffpp_Face2Face_467_462,1,Face2Face
FaceForensics++_C23/Face2Face/468_470.mp4,ffpp_Face2Face_468_470,1,Face2Face
FaceForensics++_C23/Face2Face/469_481.mp4,ffpp_Face2Face_469_481,1,Face2Face
FaceForensics++_C23/Face2Face/470_468.mp4,ffpp_Face2Face_470_468,1,Face2Face
FaceForensics++_C23/Face2Face/471_455.mp4,ffpp_Face2Face_471_455,1,Face2Face
FaceForensics++_C23/Face2Face/472_511.mp4,ffpp_Face2Face_472_511,1,Face2Face
FaceForensics++_C23/Face2Face/473_366.mp4,ffpp_Face2Face_473_366,1,Face2Face
FaceForensics++_C23/Face2Face/474_281.mp4,ffpp_Face2Face_474_281,1,Face2Face
FaceForensics++_C23/Face2Face/475_265.mp4,ffpp_Face2Face_475_265,1,Face2Face
FaceForensics++_C23/Face2Face/476_400.mp4,ffpp_Face2Face_476_400,1,Face2Face
FaceForensics++_C23/Face2Face/477_487.mp4,ffpp_Face2Face_477_487,1,Face2Face
FaceForensics++_C23/Face2Face/478_506.mp4,ffpp_Face2Face_478_506,1,Face2Face
FaceForensics++_C23/Face2Face/479_706.mp4,ffpp_Face2Face_479_706,1,Face2Face
FaceForensics++_C23/Face2Face/480_389.mp4,ffpp_Face2Face_480_389,1,Face2Face
FaceForensics++_C23/Face2Face/481_469.mp4,ffpp_Face2Face_481_469,1,Face2Face
FaceForensics++_C23/Face2Face/482_465.mp4,ffpp_Face2Face_482_465,1,Face2Face
FaceForensics++_C23/Face2Face/483_370.mp4,ffpp_Face2Face_483_370,1,Face2Face
FaceForensics++_C23/Face2Face/484_415.mp4,ffpp_Face2Face_484_415,1,Face2Face
FaceForensics++_C23/Face2Face/485_425.mp4,ffpp_Face2Face_485_425,1,Face2Face
FaceForensics++_C23/Face2Face/486_680.mp4,ffpp_Face2Face_486_680,1,Face2Face
FaceForensics++_C23/Face2Face/487_477.mp4,ffpp_Face2Face_487_477,1,Face2Face
FaceForensics++_C23/Face2Face/488_399.mp4,ffpp_Face2Face_488_399,1,Face2Face
FaceForensics++_C23/Face2Face/489_022.mp4,ffpp_Face2Face_489_022,1,Face2Face
FaceForensics++_C23/Face2Face/490_534.mp4,ffpp_Face2Face_490_534,1,Face2Face
FaceForensics++_C23/Face2Face/491_226.mp4,ffpp_Face2Face_491_226,1,Face2Face
FaceForensics++_C23/Face2Face/492_325.mp4,ffpp_Face2Face_492_325,1,Face2Face
FaceForensics++_C23/Face2Face/493_538.mp4,ffpp_Face2Face_493_538,1,Face2Face
FaceForensics++_C23/Face2Face/494_445.mp4,ffpp_Face2Face_494_445,1,Face2Face
FaceForensics++_C23/Face2Face/495_512.mp4,ffpp_Face2Face_495_512,1,Face2Face
FaceForensics++_C23/Face2Face/496_417.mp4,ffpp_Face2Face_496_417,1,Face2Face
FaceForensics++_C23/Face2Face/497_403.mp4,ffpp_Face2Face_497_403,1,Face2Face
FaceForensics++_C23/Face2Face/498_433.mp4,ffpp_Face2Face_498_433,1,Face2Face
FaceForensics++_C23/Face2Face/499_539.mp4,ffpp_Face2Face_499_539,1,Face2Face
FaceForensics++_C23/Face2Face/500_592.mp4,ffpp_Face2Face_500_592,1,Face2Face
FaceForensics++_C23/Face2Face/501_326.mp4,ffpp_Face2Face_501_326,1,Face2Face
FaceForensics++_C23/Face2Face/502_504.mp4,ffpp_Face2Face_502_504,1,Face2Face
FaceForensics++_C23/Face2Face/503_756.mp4,ffpp_Face2Face_503_756,1,Face2Face
FaceForensics++_C23/Face2Face/504_502.mp4,ffpp_Face2Face_504_502,1,Face2Face
FaceForensics++_C23/Face2Face/505_600.mp4,ffpp_Face2Face_505_600,1,Face2Face
FaceForensics++_C23/Face2Face/506_478.mp4,ffpp_Face2Face_506_478,1,Face2Face
FaceForensics++_C23/Face2Face/507_418.mp4,ffpp_Face2Face_507_418,1,Face2Face
FaceForensics++_C23/Face2Face/508_831.mp4,ffpp_Face2Face_508_831,1,Face2Face
FaceForensics++_C23/Face2Face/509_525.mp4,ffpp_Face2Face_509_525,1,Face2Face
FaceForensics++_C23/Face2Face/510_528.mp4,ffpp_Face2Face_510_528,1,Face2Face
FaceForensics++_C23/Face2Face/511_472.mp4,ffpp_Face2Face_511_472,1,Face2Face
FaceForensics++_C23/Face2Face/512_495.mp4,ffpp_Face2Face_512_495,1,Face2Face
FaceForensics++_C23/Face2Face/513_305.mp4,ffpp_Face2Face_513_305,1,Face2Face
FaceForensics++_C23/Face2Face/514_443.mp4,ffpp_Face2Face_514_443,1,Face2Face
FaceForensics++_C23/Face2Face/515_519.mp4,ffpp_Face2Face_515_519,1,Face2Face
FaceForensics++_C23/Face2Face/516_555.mp4,ffpp_Face2Face_516_555,1,Face2Face
FaceForensics++_C23/Face2Face/517_521.mp4,ffpp_Face2Face_517_521,1,Face2Face
FaceForensics++_C23/Face2Face/518_131.mp4,ffpp_Face2Face_518_131,1,Face2Face
FaceForensics++_C23/Face2Face/519_515.mp4,ffpp_Face2Face_519_515,1,Face2Face
FaceForensics++_C23/Face2Face/520_542.mp4,ffpp_Face2Face_520_542,1,Face2Face
FaceForensics++_C23/Face2Face/521_517.mp4,ffpp_Face2Face_521_517,1,Face2Face
FaceForensics++_C23/Face2Face/522_337.mp4,ffpp_Face2Face_522_337,1,Face2Face
FaceForensics++_C23/Face2Face/523_541.mp4,ffpp_Face2Face_523_541,1,Face2Face
FaceForensics++_C23/Face2Face/524_580.mp4,ffpp_Face2Face_524_580,1,Face2Face
FaceForensics++_C23/Face2Face/525_509.mp4,ffpp_Face2Face_525_509,1,Face2Face
FaceForensics++_C23/Face2Face/526_436.mp4,ffpp_Face2Face_526_436,1,Face2Face
FaceForensics++_C23/Face2Face/527_454.mp4,ffpp_Face2Face_527_454,1,Face2Face
FaceForensics++_C23/Face2Face/528_510.mp4,ffpp_Face2Face_528_510,1,Face2Face
FaceForensics++_C23/Face2Face/529_633.mp4,ffpp_Face2Face_529_633,1,Face2Face
FaceForensics++_C23/Face2Face/530_594.mp4,ffpp_Face2Face_530_594,1,Face2Face
FaceForensics++_C23/Face2Face/531_549.mp4,ffpp_Face2Face_531_549,1,Face2Face
FaceForensics++_C23/Face2Face/532_544.mp4,ffpp_Face2Face_532_544,1,Face2Face
FaceForensics++_C23/Face2Face/533_450.mp4,ffpp_Face2Face_533_450,1,Face2Face
FaceForensics++_C23/Face2Face/534_490.mp4,ffpp_Face2Face_534_490,1,Face2Face
FaceForensics++_C23/Face2Face/535_587.mp4,ffpp_Face2Face_535_587,1,Face2Face
FaceForensics++_C23/Face2Face/536_540.mp4,ffpp_Face2Face_536_540,1,Face2Face
FaceForensics++_C23/Face2Face/537_563.mp4,ffpp_Face2Face_537_563,1,Face2Face
FaceForensics++_C23/Face2Face/538_493.mp4,ffpp_Face2Face_538_493,1,Face2Face
FaceForensics++_C23/Face2Face/539_499.mp4,ffpp_Face2Face_539_499,1,Face2Face
FaceForensics++_C23/Face2Face/540_536.mp4,ffpp_Face2Face_540_536,1,Face2Face
FaceForensics++_C23/Face2Face/541_523.mp4,ffpp_Face2Face_541_523,1,Face2Face
FaceForensics++_C23/Face2Face/542_520.mp4,ffpp_Face2Face_542_520,1,Face2Face
FaceForensics++_C23/Face2Face/543_559.mp4,ffpp_Face2Face_543_559,1,Face2Face
FaceForensics++_C23/Face2Face/544_532.mp4,ffpp_Face2Face_544_532,1,Face2Face
FaceForensics++_C23/Face2Face/545_553.mp4,ffpp_Face2Face_545_553,1,Face2Face
FaceForensics++_C23/Face2Face/546_621.mp4,ffpp_Face2Face_546_621,1,Face2Face
FaceForensics++_C23/Face2Face/547_574.mp4,ffpp_Face2Face_547_574,1,Face2Face
FaceForensics++_C23/Face2Face/548_632.mp4,ffpp_Face2Face_548_632,1,Face2Face
FaceForensics++_C23/Face2Face/549_531.mp4,ffpp_Face2Face_549_531,1,Face2Face
FaceForensics++_C23/Face2Face/550_452.mp4,ffpp_Face2Face_550_452,1,Face2Face
FaceForensics++_C23/Face2Face/551_631.mp4,ffpp_Face2Face_551_631,1,Face2Face
FaceForensics++_C23/Face2Face/552_851.mp4,ffpp_Face2Face_552_851,1,Face2Face
FaceForensics++_C23/Face2Face/553_545.mp4,ffpp_Face2Face_553_545,1,Face2Face
FaceForensics++_C23/Face2Face/554_572.mp4,ffpp_Face2Face_554_572,1,Face2Face
FaceForensics++_C23/Face2Face/555_516.mp4,ffpp_Face2Face_555_516,1,Face2Face
FaceForensics++_C23/Face2Face/556_588.mp4,ffpp_Face2Face_556_588,1,Face2Face
FaceForensics++_C23/Face2Face/557_560.mp4,ffpp_Face2Face_557_560,1,Face2Face
FaceForensics++_C23/Face2Face/558_583.mp4,ffpp_Face2Face_558_583,1,Face2Face
FaceForensics++_C23/Face2Face/559_543.mp4,ffpp_Face2Face_559_543,1,Face2Face
FaceForensics++_C23/Face2Face/560_557.mp4,ffpp_Face2Face_560_557,1,Face2Face
FaceForensics++_C23/Face2Face/561_998.mp4,ffpp_Face2Face_561_998,1,Face2Face
FaceForensics++_C23/Face2Face/562_626.mp4,ffpp_Face2Face_562_626,1,Face2Face
FaceForensics++_C23/Face2Face/563_537.mp4,ffpp_Face2Face_563_537,1,Face2Face
FaceForensics++_C23/Face2Face/564_971.mp4,ffpp_Face2Face_564_971,1,Face2Face
FaceForensics++_C23/Face2Face/565_589.mp4,ffpp_Face2Face_565_589,1,Face2Face
FaceForensics++_C23/Face2Face/566_617.mp4,ffpp_Face2Face_566_617,1,Face2Face
FaceForensics++_C23/Face2Face/567_606.mp4,ffpp_Face2Face_567_606,1,Face2Face
FaceForensics++_C23/Face2Face/568_628.mp4,ffpp_Face2Face_568_628,1,Face2Face
FaceForensics++_C23/Face2Face/569_921.mp4,ffpp_Face2Face_569_921,1,Face2Face
FaceForensics++_C23/Face2Face/570_624.mp4,ffpp_Face2Face_570_624,1,Face2Face
FaceForensics++_C23/Face2Face/571_746.mp4,ffpp_Face2Face_571_746,1,Face2Face
FaceForensics++_C23/Face2Face/572_554.mp4,ffpp_Face2Face_572_554,1,Face2Face
FaceForensics++_C23/Face2Face/573_757.mp4,ffpp_Face2Face_573_757,1,Face2Face
FaceForensics++_C23/Face2Face/574_547.mp4,ffpp_Face2Face_574_547,1,Face2Face
FaceForensics++_C23/Face2Face/575_603.mp4,ffpp_Face2Face_575_603,1,Face2Face
FaceForensics++_C23/Face2Face/576_155.mp4,ffpp_Face2Face_576_155,1,Face2Face
FaceForensics++_C23/Face2Face/577_593.mp4,ffpp_Face2Face_577_593,1,Face2Face
FaceForensics++_C23/Face2Face/578_636.mp4,ffpp_Face2Face_578_636,1,Face2Face
FaceForensics++_C23/Face2Face/579_701.mp4,ffpp_Face2Face_579_701,1,Face2Face
FaceForensics++_C23/Face2Face/580_524.mp4,ffpp_Face2Face_580_524,1,Face2Face
FaceForensics++_C23/Face2Face/581_697.mp4,ffpp_Face2Face_581_697,1,Face2Face
FaceForensics++_C23/Face2Face/582_172.mp4,ffpp_Face2Face_582_172,1,Face2Face
FaceForensics++_C23/Face2Face/583_558.mp4,ffpp_Face2Face_583_558,1,Face2Face
FaceForensics++_C23/Face2Face/584_823.mp4,ffpp_Face2Face_584_823,1,Face2Face
FaceForensics++_C23/Face2Face/585_599.mp4,ffpp_Face2Face_585_599,1,Face2Face
FaceForensics++_C23/Face2Face/586_223.mp4,ffpp_Face2Face_586_223,1,Face2Face
FaceForensics++_C23/Face2Face/587_535.mp4,ffpp_Face2Face_587_535,1,Face2Face
FaceForensics++_C23/Face2Face/588_556.mp4,ffpp_Face2Face_588_556,1,Face2Face
FaceForensics++_C23/Face2Face/589_565.mp4,ffpp_Face2Face_589_565,1,Face2Face
FaceForensics++_C23/Face2Face/590_034.mp4,ffpp_Face2Face_590_034,1,Face2Face
FaceForensics++_C23/Face2Face/591_605.mp4,ffpp_Face2Face_591_605,1,Face2Face
FaceForensics++_C23/Face2Face/592_500.mp4,ffpp_Face2Face_592_500,1,Face2Face
FaceForensics++_C23/Face2Face/593_577.mp4,ffpp_Face2Face_593_577,1,Face2Face
FaceForensics++_C23/Face2Face/594_530.mp4,ffpp_Face2Face_594_530,1,Face2Face
FaceForensics++_C23/Face2Face/595_597.mp4,ffpp_Face2Face_595_597,1,Face2Face
FaceForensics++_C23/Face2Face/596_609.mp4,ffpp_Face2Face_596_609,1,Face2Face
FaceForensics++_C23/Face2Face/597_595.mp4,ffpp_Face2Face_597_595,1,Face2Face
FaceForensics++_C23/Face2Face/598_178.mp4,ffpp_Face2Face_598_178,1,Face2Face
FaceForensics++_C23/Face2Face/599_585.mp4,ffpp_Face2Face_599_585,1,Face2Face
FaceForensics++_C23/Face2Face/600_505.mp4,ffpp_Face2Face_600_505,1,Face2Face
FaceForensics++_C23/Face2Face/601_653.mp4,ffpp_Face2Face_601_653,1,Face2Face
FaceForensics++_C23/Face2Face/602_397.mp4,ffpp_Face2Face_602_397,1,Face2Face
FaceForensics++_C23/Face2Face/603_575.mp4,ffpp_Face2Face_603_575,1,Face2Face
FaceForensics++_C23/Face2Face/604_703.mp4,ffpp_Face2Face_604_703,1,Face2Face
FaceForensics++_C23/Face2Face/605_591.mp4,ffpp_Face2Face_605_591,1,Face2Face
FaceForensics++_C23/Face2Face/606_567.mp4,ffpp_Face2Face_606_567,1,Face2Face
FaceForensics++_C23/Face2Face/607_683.mp4,ffpp_Face2Face_607_683,1,Face2Face
FaceForensics++_C23/Face2Face/608_675.mp4,ffpp_Face2Face_608_675,1,Face2Face
FaceForensics++_C23/Face2Face/609_596.mp4,ffpp_Face2Face_609_596,1,Face2Face
FaceForensics++_C23/Face2Face/610_692.mp4,ffpp_Face2Face_610_692,1,Face2Face
FaceForensics++_C23/Face2Face/611_760.mp4,ffpp_Face2Face_611_760,1,Face2Face
FaceForensics++_C23/Face2Face/612_702.mp4,ffpp_Face2Face_612_702,1,Face2Face
FaceForensics++_C23/Face2Face/613_685.mp4,ffpp_Face2Face_613_685,1,Face2Face
FaceForensics++_C23/Face2Face/614_616.mp4,ffpp_Face2Face_614_616,1,Face2Face
FaceForensics++_C23/Face2Face/615_687.mp4,ffpp_Face2Face_615_687,1,Face2Face
FaceForensics++_C23/Face2Face/616_614.mp4,ffpp_Face2Face_616_614,1,Face2Face
FaceForensics++_C23/Face2Face/617_566.mp4,ffpp_Face2Face_617_566,1,Face2Face
FaceForensics++_C23/Face2Face/618_629.mp4,ffpp_Face2Face_618_629,1,Face2Face
FaceForensics++_C23/Face2Face/619_620.mp4,ffpp_Face2Face_619_620,1,Face2Face
FaceForensics++_C23/Face2Face/620_619.mp4,ffpp_Face2Face_620_619,1,Face2Face
FaceForensics++_C23/Face2Face/621_546.mp4,ffpp_Face2Face_621_546,1,Face2Face
FaceForensics++_C23/Face2Face/622_647.mp4,ffpp_Face2Face_622_647,1,Face2Face
FaceForensics++_C23/Face2Face/623_630.mp4,ffpp_Face2Face_623_630,1,Face2Face
FaceForensics++_C23/Face2Face/624_570.mp4,ffpp_Face2Face_624_570,1,Face2Face
FaceForensics++_C23/Face2Face/625_650.mp4,ffpp_Face2Face_625_650,1,Face2Face
FaceForensics++_C23/Face2Face/626_562.mp4,ffpp_Face2Face_626_562,1,Face2Face
FaceForensics++_C23/Face2Face/627_658.mp4,ffpp_Face2Face_627_658,1,Face2Face
FaceForensics++_C23/Face2Face/628_568.mp4,ffpp_Face2Face_628_568,1,Face2Face
FaceForensics++_C23/Face2Face/629_618.mp4,ffpp_Face2Face_629_618,1,Face2Face
FaceForensics++_C23/Face2Face/630_623.mp4,ffpp_Face2Face_630_623,1,Face2Face
FaceForensics++_C23/Face2Face/631_551.mp4,ffpp_Face2Face_631_551,1,Face2Face
FaceForensics++_C23/Face2Face/632_548.mp4,ffpp_Face2Face_632_548,1,Face2Face
FaceForensics++_C23/Face2Face/633_529.mp4,ffpp_Face2Face_633_529,1,Face2Face
FaceForensics++_C23/Face2Face/634_660.mp4,ffpp_Face2Face_634_660,1,Face2Face
FaceForensics++_C23/Face2Face/635_642.mp4,ffpp_Face2Face_635_642,1,Face2Face
FaceForensics++_C23/Face2Face/636_578.mp4,ffpp_Face2Face_636_578,1,Face2Face
FaceForensics++_C23/Face2Face/637_427.mp4,ffpp_Face2Face_637_427,1,Face2Face
FaceForensics++_C23/Face2Face/638_640.mp4,ffpp_Face2Face_638_640,1,Face2Face
FaceForensics++_C23/Face2Face/639_841.mp4,ffpp_Face2Face_639_841,1,Face2Face
FaceForensics++_C23/Face2Face/640_638.mp4,ffpp_Face2Face_640_638,1,Face2Face
FaceForensics++_C23/Face2Face/641_662.mp4,ffpp_Face2Face_641_662,1,Face2Face
FaceForensics++_C23/Face2Face/642_635.mp4,ffpp_Face2Face_642_635,1,Face2Face
FaceForensics++_C23/Face2Face/643_646.mp4,ffpp_Face2Face_643_646,1,Face2Face
FaceForensics++_C23/Face2Face/644_657.mp4,ffpp_Face2Face_644_657,1,Face2Face
FaceForensics++_C23/Face2Face/645_688.mp4,ffpp_Face2Face_645_688,1,Face2Face
FaceForensics++_C23/Face2Face/646_643.mp4,ffpp_Face2Face_646_643,1,Face2Face
FaceForensics++_C23/Face2Face/647_622.mp4,ffpp_Face2Face_647_622,1,Face2Face
FaceForensics++_C23/Face2Face/648_654.mp4,ffpp_Face2Face_648_654,1,Face2Face
FaceForensics++_C23/Face2Face/649_816.mp4,ffpp_Face2Face_649_816,1,Face2Face
FaceForensics++_C23/Face2Face/650_625.mp4,ffpp_Face2Face_650_625,1,Face2Face
FaceForensics++_C23/Face2Face/651_835.mp4,ffpp_Face2Face_651_835,1,Face2Face
FaceForensics++_C23/Face2Face/652_773.mp4,ffpp_Face2Face_652_773,1,Face2Face
FaceForensics++_C23/Face2Face/653_601.mp4,ffpp_Face2Face_653_601,1,Face2Face
FaceForensics++_C23/Face2Face/654_648.mp4,ffpp_Face2Face_654_648,1,Face2Face
FaceForensics++_C23/Face2Face/655_444.mp4,ffpp_Face2Face_655_444,1,Face2Face
FaceForensics++_C23/Face2Face/656_666.mp4,ffpp_Face2Face_656_666,1,Face2Face
FaceForensics++_C23/Face2Face/657_644.mp4,ffpp_Face2Face_657_644,1,Face2Face
FaceForensics++_C23/Face2Face/658_627.mp4,ffpp_Face2Face_658_627,1,Face2Face
FaceForensics++_C23/Face2Face/659_749.mp4,ffpp_Face2Face_659_749,1,Face2Face
FaceForensics++_C23/Face2Face/660_634.mp4,ffpp_Face2Face_660_634,1,Face2Face
FaceForensics++_C23/Face2Face/661_670.mp4,ffpp_Face2Face_661_670,1,Face2Face
FaceForensics++_C23/Face2Face/662_641.mp4,ffpp_Face2Face_662_641,1,Face2Face
FaceForensics++_C23/Face2Face/663_231.mp4,ffpp_Face2Face_663_231,1,Face2Face
FaceForensics++_C23/Face2Face/664_668.mp4,ffpp_Face2Face_664_668,1,Face2Face
FaceForensics++_C23/Face2Face/665_679.mp4,ffpp_Face2Face_665_679,1,Face2Face
FaceForensics++_C23/Face2Face/666_656.mp4,ffpp_Face2Face_666_656,1,Face2Face
FaceForensics++_C23/Face2Face/667_446.mp4,ffpp_Face2Face_667_446,1,Face2Face
FaceForensics++_C23/Face2Face/668_664.mp4,ffpp_Face2Face_668_664,1,Face2Face
FaceForensics++_C23/Face2Face/669_682.mp4,ffpp_Face2Face_669_682,1,Face2Face
FaceForensics++_C23/Face2Face/670_661.mp4,ffpp_Face2Face_670_661,1,Face2Face
FaceForensics++_C23/Face2Face/671_677.mp4,ffpp_Face2Face_671_677,1,Face2Face
FaceForensics++_C23/Face2Face/672_720.mp4,ffpp_Face2Face_672_720,1,Face2Face
FaceForensics++_C23/Face2Face/673_728.mp4,ffpp_Face2Face_673_728,1,Face2Face
FaceForensics++_C23/Face2Face/674_744.mp4,ffpp_Face2Face_674_744,1,Face2Face
FaceForensics++_C23/Face2Face/675_608.mp4,ffpp_Face2Face_675_608,1,Face2Face
FaceForensics++_C23/Face2Face/676_776.mp4,ffpp_Face2Face_676_776,1,Face2Face
FaceForensics++_C23/Face2Face/677_671.mp4,ffpp_Face2Face_677_671,1,Face2Face
FaceForensics++_C23/Face2Face/678_460.mp4,ffpp_Face2Face_678_460,1,Face2Face
FaceForensics++_C23/Face2Face/679_665.mp4,ffpp_Face2Face_679_665,1,Face2Face
FaceForensics++_C23/Face2Face/680_486.mp4,ffpp_Face2Face_680_486,1,Face2Face
FaceForensics++_C23/Face2Face/681_711.mp4,ffpp_Face2Face_681_711,1,Face2Face
FaceForensics++_C23/Face2Face/682_669.mp4,ffpp_Face2Face_682_669,1,Face2Face
FaceForensics++_C23/Face2Face/683_607.mp4,ffpp_Face2Face_683_607,1,Face2Face
FaceForensics++_C23/Face2Face/684_717.mp4,ffpp_Face2Face_684_717,1,Face2Face
FaceForensics++_C23/Face2Face/685_613.mp4,ffpp_Face2Face_685_613,1,Face2Face
FaceForensics++_C23/Face2Face/686_696.mp4,ffpp_Face2Face_686_696,1,Face2Face
FaceForensics++_C23/Face2Face/687_615.mp4,ffpp_Face2Face_687_615,1,Face2Face
FaceForensics++_C23/Face2Face/688_645.mp4,ffpp_Face2Face_688_645,1,Face2Face
FaceForensics++_C23/Face2Face/689_690.mp4,ffpp_Face2Face_689_690,1,Face2Face
FaceForensics++_C23/Face2Face/690_689.mp4,ffpp_Face2Face_690_689,1,Face2Face
FaceForensics++_C23/Face2Face/691_732.mp4,ffpp_Face2Face_691_732,1,Face2Face
FaceForensics++_C23/Face2Face/692_610.mp4,ffpp_Face2Face_692_610,1,Face2Face
FaceForensics++_C23/Face2Face/693_698.mp4,ffpp_Face2Face_693_698,1,Face2Face
FaceForensics++_C23/Face2Face/694_767.mp4,ffpp_Face2Face_694_767,1,Face2Face
FaceForensics++_C23/Face2Face/695_422.mp4,ffpp_Face2Face_695_422,1,Face2Face
FaceForensics++_C23/Face2Face/696_686.mp4,ffpp_Face2Face_696_686,1,Face2Face
FaceForensics++_C23/Face2Face/697_581.mp4,ffpp_Face2Face_697_581,1,Face2Face
FaceForensics++_C23/Face2Face/698_693.mp4,ffpp_Face2Face_698_693,1,Face2Face
FaceForensics++_C23/Face2Face/699_734.mp4,ffpp_Face2Face_699_734,1,Face2Face
FaceForensics++_C23/Face2Face/700_813.mp4,ffpp_Face2Face_700_813,1,Face2Face
FaceForensics++_C23/Face2Face/701_579.mp4,ffpp_Face2Face_701_579,1,Face2Face
FaceForensics++_C23/Face2Face/702_612.mp4,ffpp_Face2Face_702_612,1,Face2Face
FaceForensics++_C23/Face2Face/703_604.mp4,ffpp_Face2Face_703_604,1,Face2Face
FaceForensics++_C23/Face2Face/704_723.mp4,ffpp_Face2Face_704_723,1,Face2Face
FaceForensics++_C23/Face2Face/705_707.mp4,ffpp_Face2Face_705_707,1,Face2Face
FaceForensics++_C23/Face2Face/706_479.mp4,ffpp_Face2Face_706_479,1,Face2Face
FaceForensics++_C23/Face2Face/707_705.mp4,ffpp_Face2Face_707_705,1,Face2Face
FaceForensics++_C23/Face2Face/708_772.mp4,ffpp_Face2Face_708_772,1,Face2Face
FaceForensics++_C23/Face2Face/709_390.mp4,ffpp_Face2Face_709_390,1,Face2Face
FaceForensics++_C23/Face2Face/710_788.mp4,ffpp_Face2Face_710_788,1,Face2Face
FaceForensics++_C23/Face2Face/711_681.mp4,ffpp_Face2Face_711_681,1,Face2Face
FaceForensics++_C23/Face2Face/712_716.mp4,ffpp_Face2Face_712_716,1,Face2Face
FaceForensics++_C23/Face2Face/713_726.mp4,ffpp_Face2Face_713_726,1,Face2Face
FaceForensics++_C23/Face2Face/714_842.mp4,ffpp_Face2Face_714_842,1,Face2Face
FaceForensics++_C23/Face2Face/715_721.mp4,ffpp_Face2Face_715_721,1,Face2Face
FaceForensics++_C23/Face2Face/716_712.mp4,ffpp_Face2Face_716_712,1,Face2Face
FaceForensics++_C23/Face2Face/717_684.mp4,ffpp_Face2Face_717_684,1,Face2Face
FaceForensics++_C23/Face2Face/718_972.mp4,ffpp_Face2Face_718_972,1,Face2Face
FaceForensics++_C23/Face2Face/719_737.mp4,ffpp_Face2Face_719_737,1,Face2Face
FaceForensics++_C23/Face2Face/720_672.mp4,ffpp_Face2Face_720_672,1,Face2Face
FaceForensics++_C23/Face2Face/721_715.mp4,ffpp_Face2Face_721_715,1,Face2Face
FaceForensics++_C23/Face2Face/722_458.mp4,ffpp_Face2Face_722_458,1,Face2Face
FaceForensics++_C23/Face2Face/723_704.mp4,ffpp_Face2Face_723_704,1,Face2Face
FaceForensics++_C23/Face2Face/724_725.mp4,ffpp_Face2Face_724_725,1,Face2Face
FaceForensics++_C23/Face2Face/725_724.mp4,ffpp_Face2Face_725_724,1,Face2Face
FaceForensics++_C23/Face2Face/726_713.mp4,ffpp_Face2Face_726_713,1,Face2Face
FaceForensics++_C23/Face2Face/727_729.mp4,ffpp_Face2Face_727_729,1,Face2Face
FaceForensics++_C23/Face2Face/728_673.mp4,ffpp_Face2Face_728_673,1,Face2Face
FaceForensics++_C23/Face2Face/729_727.mp4,ffpp_Face2Face_729_727,1,Face2Face
FaceForensics++_C23/Face2Face/730_815.mp4,ffpp_Face2Face_730_815,1,Face2Face
FaceForensics++_C23/Face2Face/731_741.mp4,ffpp_Face2Face_731_741,1,Face2Face
FaceForensics++_C23/Face2Face/732_691.mp4,ffpp_Face2Face_732_691,1,Face2Face
FaceForensics++_C23/Face2Face/733_935.mp4,ffpp_Face2Face_733_935,1,Face2Face
FaceForensics++_C23/Face2Face/734_699.mp4,ffpp_Face2Face_734_699,1,Face2Face
FaceForensics++_C23/Face2Face/735_774.mp4,ffpp_Face2Face_735_774,1,Face2Face
FaceForensics++_C23/Face2Face/736_785.mp4,ffpp_Face2Face_736_785,1,Face2Face
FaceForensics++_C23/Face2Face/737_719.mp4,ffpp_Face2Face_737_719,1,Face2Face
FaceForensics++_C23/Face2Face/738_804.mp4,ffpp_Face2Face_738_804,1,Face2Face
FaceForensics++_C23/Face2Face/739_865.mp4,ffpp_Face2Face_739_865,1,Face2Face
FaceForensics++_C23/Face2Face/740_796.mp4,ffpp_Face2Face_740_796,1,Face2Face
FaceForensics++_C23/Face2Face/741_731.mp4,ffpp_Face2Face_741_731,1,Face2Face
FaceForensics++_C23/Face2Face/742_775.mp4,ffpp_Face2Face_742_775,1,Face2Face
FaceForensics++_C23/Face2Face/743_750.mp4,ffpp_Face2Face_743_750,1,Face2Face
FaceForensics++_C23/Face2Face/744_674.mp4,ffpp_Face2Face_744_674,1,Face2Face
FaceForensics++_C23/Face2Face/745_777.mp4,ffpp_Face2Face_745_777,1,Face2Face
FaceForensics++_C23/Face2Face/746_571.mp4,ffpp_Face2Face_746_571,1,Face2Face
FaceForensics++_C23/Face2Face/747_854.mp4,ffpp_Face2Face_747_854,1,Face2Face
FaceForensics++_C23/Face2Face/748_355.mp4,ffpp_Face2Face_748_355,1,Face2Face
FaceForensics++_C23/Face2Face/749_659.mp4,ffpp_Face2Face_749_659,1,Face2Face
FaceForensics++_C23/Face2Face/750_743.mp4,ffpp_Face2Face_750_743,1,Face2Face
FaceForensics++_C23/Face2Face/751_752.mp4,ffpp_Face2Face_751_752,1,Face2Face
FaceForensics++_C23/Face2Face/752_751.mp4,ffpp_Face2Face_752_751,1,Face2Face
FaceForensics++_C23/Face2Face/753_789.mp4,ffpp_Face2Face_753_789,1,Face2Face
FaceForensics++_C23/Face2Face/754_758.mp4,ffpp_Face2Face_754_758,1,Face2Face
FaceForensics++_C23/Face2Face/755_759.mp4,ffpp_Face2Face_755_759,1,Face2Face
FaceForensics++_C23/Face2Face/756_503.mp4,ffpp_Face2Face_756_503,1,Face2Face
FaceForensics++_C23/Face2Face/757_573.mp4,ffpp_Face2Face_757_573,1,Face2Face
FaceForensics++_C23/Face2Face/758_754.mp4,ffpp_Face2Face_758_754,1,Face2Face
FaceForensics++_C23/Face2Face/759_755.mp4,ffpp_Face2Face_759_755,1,Face2Face
FaceForensics++_C23/Face2Face/760_611.mp4,ffpp_Face2Face_760_611,1,Face2Face
FaceForensics++_C23/Face2Face/761_766.mp4,ffpp_Face2Face_761_766,1,Face2Face
FaceForensics++_C23/Face2Face/762_832.mp4,ffpp_Face2Face_762_832,1,Face2Face
FaceForensics++_C23/Face2Face/763_930.mp4,ffpp_Face2Face_763_930,1,Face2Face
FaceForensics++_C23/Face2Face/764_850.mp4,ffpp_Face2Face_764_850,1,Face2Face
FaceForensics++_C23/Face2Face/765_867.mp4,ffpp_Face2Face_765_867,1,Face2Face
FaceForensics++_C23/Face2Face/766_761.mp4,ffpp_Face2Face_766_761,1,Face2Face
FaceForensics++_C23/Face2Face/767_694.mp4,ffpp_Face2Face_767_694,1,Face2Face
FaceForensics++_C23/Face2Face/768_793.mp4,ffpp_Face2Face_768_793,1,Face2Face
FaceForensics++_C23/Face2Face/769_784.mp4,ffpp_Face2Face_769_784,1,Face2Face
FaceForensics++_C23/Face2Face/770_791.mp4,ffpp_Face2Face_770_791,1,Face2Face
FaceForensics++_C23/Face2Face/771_849.mp4,ffpp_Face2Face_771_849,1,Face2Face
FaceForensics++_C23/Face2Face/772_708.mp4,ffpp_Face2Face_772_708,1,Face2Face
FaceForensics++_C23/Face2Face/773_652.mp4,ffpp_Face2Face_773_652,1,Face2Face
FaceForensics++_C23/Face2Face/774_735.mp4,ffpp_Face2Face_774_735,1,Face2Face
FaceForensics++_C23/Face2Face/775_742.mp4,ffpp_Face2Face_775_742,1,Face2Face
FaceForensics++_C23/Face2Face/776_676.mp4,ffpp_Face2Face_776_676,1,Face2Face
FaceForensics++_C23/Face2Face/777_745.mp4,ffpp_Face2Face_777_745,1,Face2Face
FaceForensics++_C23/Face2Face/778_798.mp4,ffpp_Face2Face_778_798,1,Face2Face
FaceForensics++_C23/Face2Face/779_794.mp4,ffpp_Face2Face_779_794,1,Face2Face
FaceForensics++_C23/Face2Face/780_869.mp4,ffpp_Face2Face_780_869,1,Face2Face
FaceForensics++_C23/Face2Face/781_806.mp4,ffpp_Face2Face_781_806,1,Face2Face
FaceForensics++_C23/Face2Face/782_787.mp4,ffpp_Face2Face_782_787,1,Face2Face
FaceForensics++_C23/Face2Face/783_916.mp4,ffpp_Face2Face_783_916,1,Face2Face
FaceForensics++_C23/Face2Face/784_769.mp4,ffpp_Face2Face_784_769,1,Face2Face
FaceForensics++_C23/Face2Face/785_736.mp4,ffpp_Face2Face_785_736,1,Face2Face
FaceForensics++_C23/Face2Face/786_819.mp4,ffpp_Face2Face_786_819,1,Face2Face
FaceForensics++_C23/Face2Face/787_782.mp4,ffpp_Face2Face_787_782,1,Face2Face
FaceForensics++_C23/Face2Face/788_710.mp4,ffpp_Face2Face_788_710,1,Face2Face
FaceForensics++_C23/Face2Face/789_753.mp4,ffpp_Face2Face_789_753,1,Face2Face
FaceForensics++_C23/Face2Face/790_014.mp4,ffpp_Face2Face_790_014,1,Face2Face
FaceForensics++_C23/Face2Face/791_770.mp4,ffpp_Face2Face_791_770,1,Face2Face
FaceForensics++_C23/Face2Face/792_903.mp4,ffpp_Face2Face_792_903,1,Face2Face
FaceForensics++_C23/Face2Face/793_768.mp4,ffpp_Face2Face_793_768,1,Face2Face
FaceForensics++_C23/Face2Face/794_779.mp4,ffpp_Face2Face_794_779,1,Face2Face
FaceForensics++_C23/Face2Face/795_907.mp4,ffpp_Face2Face_795_907,1,Face2Face
FaceForensics++_C23/Face2Face/796_740.mp4,ffpp_Face2Face_796_740,1,Face2Face
FaceForensics++_C23/Face2Face/797_844.mp4,ffpp_Face2Face_797_844,1,Face2Face
FaceForensics++_C23/Face2Face/798_778.mp4,ffpp_Face2Face_798_778,1,Face2Face
FaceForensics++_C23/Face2Face/799_809.mp4,ffpp_Face2Face_799_809,1,Face2Face
FaceForensics++_C23/Face2Face/800_840.mp4,ffpp_Face2Face_800_840,1,Face2Face
FaceForensics++_C23/Face2Face/801_855.mp4,ffpp_Face2Face_801_855,1,Face2Face
FaceForensics++_C23/Face2Face/802_885.mp4,ffpp_Face2Face_802_885,1,Face2Face
FaceForensics++_C23/Face2Face/803_017.mp4,ffpp_Face2Face_803_017,1,Face2Face
FaceForensics++_C23/Face2Face/804_738.mp4,ffpp_Face2Face_804_738,1,Face2Face
FaceForensics++_C23/Face2Face/805_011.mp4,ffpp_Face2Face_805_011,1,Face2Face
FaceForensics++_C23/Face2Face/806_781.mp4,ffpp_Face2Face_806_781,1,Face2Face
FaceForensics++_C23/Face2Face/807_273.mp4,ffpp_Face2Face_807_273,1,Face2Face
FaceForensics++_C23/Face2Face/808_829.mp4,ffpp_Face2Face_808_829,1,Face2Face
FaceForensics++_C23/Face2Face/809_799.mp4,ffpp_Face2Face_809_799,1,Face2Face
FaceForensics++_C23/Face2Face/810_838.mp4,ffpp_Face2Face_810_838,1,Face2Face
FaceForensics++_C23/Face2Face/811_920.mp4,ffpp_Face2Face_811_920,1,Face2Face
FaceForensics++_C23/Face2Face/812_821.mp4,ffpp_Face2Face_812_821,1,Face2Face
FaceForensics++_C23/Face2Face/813_700.mp4,ffpp_Face2Face_813_700,1,Face2Face
FaceForensics++_C23/Face2Face/814_871.mp4,ffpp_Face2Face_814_871,1,Face2Face
FaceForensics++_C23/Face2Face/815_730.mp4,ffpp_Face2Face_815_730,1,Face2Face
FaceForensics++_C23/Face2Face/816_649.mp4,ffpp_Face2Face_816_649,1,Face2Face
FaceForensics++_C23/Face2Face/817_827.mp4,ffpp_Face2Face_817_827,1,Face2Face
FaceForensics++_C23/Face2Face/818_820.mp4,ffpp_Face2Face_818_820,1,Face2Face
FaceForensics++_C23/Face2Face/819_786.mp4,ffpp_Face2Face_819_786,1,Face2Face
FaceForensics++_C23/Face2Face/820_818.mp4,ffpp_Face2Face_820_818,1,Face2Face
FaceForensics++_C23/Face2Face/821_812.mp4,ffpp_Face2Face_821_812,1,Face2Face
FaceForensics++_C23/Face2Face/822_244.mp4,ffpp_Face2Face_822_244,1,Face2Face
FaceForensics++_C23/Face2Face/823_584.mp4,ffpp_Face2Face_823_584,1,Face2Face
FaceForensics++_C23/Face2Face/824_419.mp4,ffpp_Face2Face_824_419,1,Face2Face
FaceForensics++_C23/Face2Face/825_074.mp4,ffpp_Face2Face_825_074,1,Face2Face
FaceForensics++_C23/Face2Face/826_833.mp4,ffpp_Face2Face_826_833,1,Face2Face
FaceForensics++_C23/Face2Face/827_817.mp4,ffpp_Face2Face_827_817,1,Face2Face
FaceForensics++_C23/Face2Face/828_830.mp4,ffpp_Face2Face_828_830,1,Face2Face
FaceForensics++_C23/Face2Face/829_808.mp4,ffpp_Face2Face_829_808,1,Face2Face
FaceForensics++_C23/Face2Face/830_828.mp4,ffpp_Face2Face_830_828,1,Face2Face
FaceForensics++_C23/Face2Face/831_508.mp4,ffpp_Face2Face_831_508,1,Face2Face
FaceForensics++_C23/Face2Face/832_762.mp4,ffpp_Face2Face_832_762,1,Face2Face
FaceForensics++_C23/Face2Face/833_826.mp4,ffpp_Face2Face_833_826,1,Face2Face
FaceForensics++_C23/Face2Face/834_852.mp4,ffpp_Face2Face_834_852,1,Face2Face
FaceForensics++_C23/Face2Face/835_651.mp4,ffpp_Face2Face_835_651,1,Face2Face
FaceForensics++_C23/Face2Face/836_950.mp4,ffpp_Face2Face_836_950,1,Face2Face
FaceForensics++_C23/Face2Face/837_890.mp4,ffpp_Face2Face_837_890,1,Face2Face
FaceForensics++_C23/Face2Face/838_810.mp4,ffpp_Face2Face_838_810,1,Face2Face
FaceForensics++_C23/Face2Face/839_864.mp4,ffpp_Face2Face_839_864,1,Face2Face
FaceForensics++_C23/Face2Face/840_800.mp4,ffpp_Face2Face_840_800,1,Face2Face
FaceForensics++_C23/Face2Face/841_639.mp4,ffpp_Face2Face_841_639,1,Face2Face
FaceForensics++_C23/Face2Face/842_714.mp4,ffpp_Face2Face_842_714,1,Face2Face
FaceForensics++_C23/Face2Face/843_859.mp4,ffpp_Face2Face_843_859,1,Face2Face
FaceForensics++_C23/Face2Face/844_797.mp4,ffpp_Face2Face_844_797,1,Face2Face
FaceForensics++_C23/Face2Face/845_846.mp4,ffpp_Face2Face_845_846,1,Face2Face
FaceForensics++_C23/Face2Face/846_845.mp4,ffpp_Face2Face_846_845,1,Face2Face
FaceForensics++_C23/Face2Face/847_906.mp4,ffpp_Face2Face_847_906,1,Face2Face
FaceForensics++_C23/Face2Face/848_894.mp4,ffpp_Face2Face_848_894,1,Face2Face
FaceForensics++_C23/Face2Face/849_771.mp4,ffpp_Face2Face_849_771,1,Face2Face
FaceForensics++_C23/Face2Face/850_764.mp4,ffpp_Face2Face_850_764,1,Face2Face
FaceForensics++_C23/Face2Face/851_552.mp4,ffpp_Face2Face_851_552,1,Face2Face
FaceForensics++_C23/Face2Face/852_834.mp4,ffpp_Face2Face_852_834,1,Face2Face
FaceForensics++_C23/Face2Face/853_863.mp4,ffpp_Face2Face_853_863,1,Face2Face
FaceForensics++_C23/Face2Face/854_747.mp4,ffpp_Face2Face_854_747,1,Face2Face
FaceForensics++_C23/Face2Face/855_801.mp4,ffpp_Face2Face_855_801,1,Face2Face
FaceForensics++_C23/Face2Face/856_881.mp4,ffpp_Face2Face_856_881,1,Face2Face
FaceForensics++_C23/Face2Face/857_909.mp4,ffpp_Face2Face_857_909,1,Face2Face
FaceForensics++_C23/Face2Face/858_861.mp4,ffpp_Face2Face_858_861,1,Face2Face
FaceForensics++_C23/Face2Face/859_843.mp4,ffpp_Face2Face_859_843,1,Face2Face
FaceForensics++_C23/Face2Face/860_905.mp4,ffpp_Face2Face_860_905,1,Face2Face
FaceForensics++_C23/Face2Face/861_858.mp4,ffpp_Face2Face_861_858,1,Face2Face
FaceForensics++_C23/Face2Face/862_047.mp4,ffpp_Face2Face_862_047,1,Face2Face
FaceForensics++_C23/Face2Face/863_853.mp4,ffpp_Face2Face_863_853,1,Face2Face
FaceForensics++_C23/Face2Face/864_839.mp4,ffpp_Face2Face_864_839,1,Face2Face
FaceForensics++_C23/Face2Face/865_739.mp4,ffpp_Face2Face_865_739,1,Face2Face
FaceForensics++_C23/Face2Face/866_878.mp4,ffpp_Face2Face_866_878,1,Face2Face
FaceForensics++_C23/Face2Face/867_765.mp4,ffpp_Face2Face_867_765,1,Face2Face
FaceForensics++_C23/Face2Face/868_949.mp4,ffpp_Face2Face_868_949,1,Face2Face
FaceForensics++_C23/Face2Face/869_780.mp4,ffpp_Face2Face_869_780,1,Face2Face
FaceForensics++_C23/Face2Face/870_001.mp4,ffpp_Face2Face_870_001,1,Face2Face
FaceForensics++_C23/Face2Face/871_814.mp4,ffpp_Face2Face_871_814,1,Face2Face
FaceForensics++_C23/Face2Face/872_873.mp4,ffpp_Face2Face_872_873,1,Face2Face
FaceForensics++_C23/Face2Face/873_872.mp4,ffpp_Face2Face_873_872,1,Face2Face
FaceForensics++_C23/Face2Face/874_291.mp4,ffpp_Face2Face_874_291,1,Face2Face
FaceForensics++_C23/Face2Face/875_979.mp4,ffpp_Face2Face_875_979,1,Face2Face
FaceForensics++_C23/Face2Face/876_891.mp4,ffpp_Face2Face_876_891,1,Face2Face
FaceForensics++_C23/Face2Face/877_886.mp4,ffpp_Face2Face_877_886,1,Face2Face
FaceForensics++_C23/Face2Face/878_866.mp4,ffpp_Face2Face_878_866,1,Face2Face
FaceForensics++_C23/Face2Face/879_963.mp4,ffpp_Face2Face_879_963,1,Face2Face
FaceForensics++_C23/Face2Face/880_135.mp4,ffpp_Face2Face_880_135,1,Face2Face
FaceForensics++_C23/Face2Face/881_856.mp4,ffpp_Face2Face_881_856,1,Face2Face
FaceForensics++_C23/Face2Face/882_952.mp4,ffpp_Face2Face_882_952,1,Face2Face
FaceForensics++_C23/Face2Face/883_013.mp4,ffpp_Face2Face_883_013,1,Face2Face
FaceForensics++_C23/Face2Face/884_968.mp4,ffpp_Face2Face_884_968,1,Face2Face
FaceForensics++_C23/Face2Face/885_802.mp4,ffpp_Face2Face_885_802,1,Face2Face
FaceForensics++_C23/Face2Face/886_877.mp4,ffpp_Face2Face_886_877,1,Face2Face
FaceForensics++_C23/Face2Face/887_275.mp4,ffpp_Face2Face_887_275,1,Face2Face
FaceForensics++_C23/Face2Face/888_937.mp4,ffpp_Face2Face_888_937,1,Face2Face
FaceForensics++_C23/Face2Face/889_045.mp4,ffpp_Face2Face_889_045,1,Face2Face
FaceForensics++_C23/Face2Face/890_837.mp4,ffpp_Face2Face_890_837,1,Face2Face
FaceForensics++_C23/Face2Face/891_876.mp4,ffpp_Face2Face_891_876,1,Face2Face
FaceForensics++_C23/Face2Face/892_112.mp4,ffpp_Face2Face_892_112,1,Face2Face
FaceForensics++_C23/Face2Face/893_913.mp4,ffpp_Face2Face_893_913,1,Face2Face
FaceForensics++_C23/Face2Face/894_848.mp4,ffpp_Face2Face_894_848,1,Face2Face
FaceForensics++_C23/Face2Face/895_915.mp4,ffpp_Face2Face_895_915,1,Face2Face
FaceForensics++_C23/Face2Face/896_128.mp4,ffpp_Face2Face_896_128,1,Face2Face
FaceForensics++_C23/Face2Face/897_969.mp4,ffpp_Face2Face_897_969,1,Face2Face
FaceForensics++_C23/Face2Face/898_922.mp4,ffpp_Face2Face_898_922,1,Face2Face
FaceForensics++_C23/Face2Face/899_914.mp4,ffpp_Face2Face_899_914,1,Face2Face
FaceForensics++_C23/Face2Face/900_926.mp4,ffpp_Face2Face_900_926,1,Face2Face
FaceForensics++_C23/Face2Face/901_902.mp4,ffpp_Face2Face_901_902,1,Face2Face
FaceForensics++_C23/Face2Face/902_901.mp4,ffpp_Face2Face_902_901,1,Face2Face
FaceForensics++_C23/Face2Face/903_792.mp4,ffpp_Face2Face_903_792,1,Face2Face
FaceForensics++_C23/Face2Face/904_046.mp4,ffpp_Face2Face_904_046,1,Face2Face
FaceForensics++_C23/Face2Face/905_860.mp4,ffpp_Face2Face_905_860,1,Face2Face
FaceForensics++_C23/Face2Face/906_847.mp4,ffpp_Face2Face_906_847,1,Face2Face
FaceForensics++_C23/Face2Face/907_795.mp4,ffpp_Face2Face_907_795,1,Face2Face
FaceForensics++_C23/Face2Face/908_207.mp4,ffpp_Face2Face_908_207,1,Face2Face
FaceForensics++_C23/Face2Face/909_857.mp4,ffpp_Face2Face_909_857,1,Face2Face
FaceForensics++_C23/Face2Face/910_911.mp4,ffpp_Face2Face_910_911,1,Face2Face
FaceForensics++_C23/Face2Face/911_910.mp4,ffpp_Face2Face_911_910,1,Face2Face
FaceForensics++_C23/Face2Face/912_927.mp4,ffpp_Face2Face_912_927,1,Face2Face
FaceForensics++_C23/Face2Face/913_893.mp4,ffpp_Face2Face_913_893,1,Face2Face
FaceForensics++_C23/Face2Face/914_899.mp4,ffpp_Face2Face_914_899,1,Face2Face
FaceForensics++_C23/Face2Face/915_895.mp4,ffpp_Face2Face_915_895,1,Face2Face
FaceForensics++_C23/Face2Face/916_783.mp4,ffpp_Face2Face_916_783,1,Face2Face
FaceForensics++_C23/Face2Face/917_924.mp4,ffpp_Face2Face_917_924,1,Face2Face
FaceForensics++_C23/Face2Face/918_934.mp4,ffpp_Face2Face_918_934,1,Face2Face
FaceForensics++_C23/Face2Face/919_015.mp4,ffpp_Face2Face_919_015,1,Face2Face
FaceForensics++_C23/Face2Face/920_811.mp4,ffpp_Face2Face_920_811,1,Face2Face
FaceForensics++_C23/Face2Face/921_569.mp4,ffpp_Face2Face_921_569,1,Face2Face
FaceForensics++_C23/Face2Face/922_898.mp4,ffpp_Face2Face_922_898,1,Face2Face
FaceForensics++_C23/Face2Face/923_023.mp4,ffpp_Face2Face_923_023,1,Face2Face
FaceForensics++_C23/Face2Face/924_917.mp4,ffpp_Face2Face_924_917,1,Face2Face
FaceForensics++_C23/Face2Face/925_933.mp4,ffpp_Face2Face_925_933,1,Face2Face
FaceForensics++_C23/Face2Face/926_900.mp4,ffpp_Face2Face_926_900,1,Face2Face
FaceForensics++_C23/Face2Face/927_912.mp4,ffpp_Face2Face_927_912,1,Face2Face
FaceForensics++_C23/Face2Face/928_160.mp4,ffpp_Face2Face_928_160,1,Face2Face
FaceForensics++_C23/Face2Face/929_962.mp4,ffpp_Face2Face_929_962,1,Face2Face
FaceForensics++_C23/Face2Face/930_763.mp4,ffpp_Face2Face_930_763,1,Face2Face
FaceForensics++_C23/Face2Face/931_936.mp4,ffpp_Face2Face_931_936,1,Face2Face
FaceForensics++_C23/Face2Face/932_384.mp4,ffpp_Face2Face_932_384,1,Face2Face
FaceForensics++_C23/Face2Face/933_925.mp4,ffpp_Face2Face_933_925,1,Face2Face
FaceForensics++_C23/Face2Face/934_918.mp4,ffpp_Face2Face_934_918,1,Face2Face
FaceForensics++_C23/Face2Face/935_733.mp4,ffpp_Face2Face_935_733,1,Face2Face
FaceForensics++_C23/Face2Face/936_931.mp4,ffpp_Face2Face_936_931,1,Face2Face
FaceForensics++_C23/Face2Face/937_888.mp4,ffpp_Face2Face_937_888,1,Face2Face
FaceForensics++_C23/Face2Face/938_987.mp4,ffpp_Face2Face_938_987,1,Face2Face
FaceForensics++_C23/Face2Face/939_115.mp4,ffpp_Face2Face_939_115,1,Face2Face
FaceForensics++_C23/Face2Face/940_941.mp4,ffpp_Face2Face_940_941,1,Face2Face
FaceForensics++_C23/Face2Face/941_940.mp4,ffpp_Face2Face_941_940,1,Face2Face
FaceForensics++_C23/Face2Face/942_943.mp4,ffpp_Face2Face_942_943,1,Face2Face
FaceForensics++_C23/Face2Face/943_942.mp4,ffpp_Face2Face_943_942,1,Face2Face
FaceForensics++_C23/Face2Face/944_032.mp4,ffpp_Face2Face_944_032,1,Face2Face
FaceForensics++_C23/Face2Face/945_044.mp4,ffpp_Face2Face_945_044,1,Face2Face
FaceForensics++_C23/Face2Face/946_049.mp4,ffpp_Face2Face_946_049,1,Face2Face
FaceForensics++_C23/Face2Face/947_951.mp4,ffpp_Face2Face_947_951,1,Face2Face
FaceForensics++_C23/Face2Face/948_965.mp4,ffpp_Face2Face_948_965,1,Face2Face
FaceForensics++_C23/Face2Face/949_868.mp4,ffpp_Face2Face_949_868,1,Face2Face
FaceForensics++_C23/Face2Face/950_836.mp4,ffpp_Face2Face_950_836,1,Face2Face
FaceForensics++_C23/Face2Face/951_947.mp4,ffpp_Face2Face_951_947,1,Face2Face
FaceForensics++_C23/Face2Face/952_882.mp4,ffpp_Face2Face_952_882,1,Face2Face
FaceForensics++_C23/Face2Face/953_974.mp4,ffpp_Face2Face_953_974,1,Face2Face
FaceForensics++_C23/Face2Face/954_976.mp4,ffpp_Face2Face_954_976,1,Face2Face
FaceForensics++_C23/Face2Face/955_078.mp4,ffpp_Face2Face_955_078,1,Face2Face
FaceForensics++_C23/Face2Face/956_958.mp4,ffpp_Face2Face_956_958,1,Face2Face
FaceForensics++_C23/Face2Face/957_959.mp4,ffpp_Face2Face_957_959,1,Face2Face
FaceForensics++_C23/Face2Face/958_956.mp4,ffpp_Face2Face_958_956,1,Face2Face
FaceForensics++_C23/Face2Face/959_957.mp4,ffpp_Face2Face_959_957,1,Face2Face
FaceForensics++_C23/Face2Face/960_999.mp4,ffpp_Face2Face_960_999,1,Face2Face
FaceForensics++_C23/Face2Face/961_069.mp4,ffpp_Face2Face_961_069,1,Face2Face
FaceForensics++_C23/Face2Face/962_929.mp4,ffpp_Face2Face_962_929,1,Face2Face
FaceForensics++_C23/Face2Face/963_879.mp4,ffpp_Face2Face_963_879,1,Face2Face
FaceForensics++_C23/Face2Face/964_174.mp4,ffpp_Face2Face_964_174,1,Face2Face
FaceForensics++_C23/Face2Face/965_948.mp4,ffpp_Face2Face_965_948,1,Face2Face
FaceForensics++_C23/Face2Face/966_988.mp4,ffpp_Face2Face_966_988,1,Face2Face
FaceForensics++_C23/Face2Face/967_984.mp4,ffpp_Face2Face_967_984,1,Face2Face
FaceForensics++_C23/Face2Face/968_884.mp4,ffpp_Face2Face_968_884,1,Face2Face
FaceForensics++_C23/Face2Face/969_897.mp4,ffpp_Face2Face_969_897,1,Face2Face
FaceForensics++_C23/Face2Face/970_973.mp4,ffpp_Face2Face_970_973,1,Face2Face
FaceForensics++_C23/Face2Face/971_564.mp4,ffpp_Face2Face_971_564,1,Face2Face
FaceForensics++_C23/Face2Face/972_718.mp4,ffpp_Face2Face_972_718,1,Face2Face
FaceForensics++_C23/Face2Face/973_970.mp4,ffpp_Face2Face_973_970,1,Face2Face
FaceForensics++_C23/Face2Face/974_953.mp4,ffpp_Face2Face_974_953,1,Face2Face
FaceForensics++_C23/Face2Face/975_978.mp4,ffpp_Face2Face_975_978,1,Face2Face
FaceForensics++_C23/Face2Face/976_954.mp4,ffpp_Face2Face_976_954,1,Face2Face
FaceForensics++_C23/Face2Face/977_075.mp4,ffpp_Face2Face_977_075,1,Face2Face
FaceForensics++_C23/Face2Face/978_975.mp4,ffpp_Face2Face_978_975,1,Face2Face
FaceForensics++_C23/Face2Face/979_875.mp4,ffpp_Face2Face_979_875,1,Face2Face
FaceForensics++_C23/Face2Face/980_992.mp4,ffpp_Face2Face_980_992,1,Face2Face
FaceForensics++_C23/Face2Face/981_985.mp4,ffpp_Face2Face_981_985,1,Face2Face
FaceForensics++_C23/Face2Face/982_004.mp4,ffpp_Face2Face_982_004,1,Face2Face
FaceForensics++_C23/Face2Face/983_113.mp4,ffpp_Face2Face_983_113,1,Face2Face
FaceForensics++_C23/Face2Face/984_967.mp4,ffpp_Face2Face_984_967,1,Face2Face
FaceForensics++_C23/Face2Face/985_981.mp4,ffpp_Face2Face_985_981,1,Face2Face
FaceForensics++_C23/Face2Face/986_994.mp4,ffpp_Face2Face_986_994,1,Face2Face
FaceForensics++_C23/Face2Face/987_938.mp4,ffpp_Face2Face_987_938,1,Face2Face
FaceForensics++_C23/Face2Face/988_966.mp4,ffpp_Face2Face_988_966,1,Face2Face
FaceForensics++_C23/Face2Face/989_993.mp4,ffpp_Face2Face_989_993,1,Face2Face
FaceForensics++_C23/Face2Face/990_008.mp4,ffpp_Face2Face_990_008,1,Face2Face
FaceForensics++_C23/Face2Face/991_064.mp4,ffpp_Face2Face_991_064,1,Face2Face
FaceForensics++_C23/Face2Face/992_980.mp4,ffpp_Face2Face_992_980,1,Face2Face
FaceForensics++_C23/Face2Face/993_989.mp4,ffpp_Face2Face_993_989,1,Face2Face
FaceForensics++_C23/Face2Face/994_986.mp4,ffpp_Face2Face_994_986,1,Face2Face
FaceForensics++_C23/Face2Face/995_233.mp4,ffpp_Face2Face_995_233,1,Face2Face
FaceForensics++_C23/Face2Face/996_056.mp4,ffpp_Face2Face_996_056,1,Face2Face
FaceForensics++_C23/Face2Face/997_040.mp4,ffpp_Face2Face_997_040,1,Face2Face
FaceForensics++_C23/Face2Face/998_561.mp4,ffpp_Face2Face_998_561,1,Face2Face
FaceForensics++_C23/Face2Face/999_960.mp4,ffpp_Face2Face_999_960,1,Face2Face
FaceForensics++_C23/FaceShifter/000_003.mp4,ffpp_FaceShifter_000_003,1,FaceShifter
FaceForensics++_C23/FaceShifter/001_870.mp4,ffpp_FaceShifter_001_870,1,FaceShifter
FaceForensics++_C23/FaceShifter/002_006.mp4,ffpp_FaceShifter_002_006,1,FaceShifter
FaceForensics++_C23/FaceShifter/003_000.mp4,ffpp_FaceShifter_003_000,1,FaceShifter
FaceForensics++_C23/FaceShifter/004_982.mp4,ffpp_FaceShifter_004_982,1,FaceShifter
FaceForensics++_C23/FaceShifter/005_010.mp4,ffpp_FaceShifter_005_010,1,FaceShifter
FaceForensics++_C23/FaceShifter/006_002.mp4,ffpp_FaceShifter_006_002,1,FaceShifter
FaceForensics++_C23/FaceShifter/007_132.mp4,ffpp_FaceShifter_007_132,1,FaceShifter
FaceForensics++_C23/FaceShifter/008_990.mp4,ffpp_FaceShifter_008_990,1,FaceShifter
FaceForensics++_C23/FaceShifter/009_027.mp4,ffpp_FaceShifter_009_027,1,FaceShifter
FaceForensics++_C23/FaceShifter/010_005.mp4,ffpp_FaceShifter_010_005,1,FaceShifter
FaceForensics++_C23/FaceShifter/011_805.mp4,ffpp_FaceShifter_011_805,1,FaceShifter
FaceForensics++_C23/FaceShifter/012_026.mp4,ffpp_FaceShifter_012_026,1,FaceShifter
FaceForensics++_C23/FaceShifter/013_883.mp4,ffpp_FaceShifter_013_883,1,FaceShifter
FaceForensics++_C23/FaceShifter/014_790.mp4,ffpp_FaceShifter_014_790,1,FaceShifter
FaceForensics++_C23/FaceShifter/015_919.mp4,ffpp_FaceShifter_015_919,1,FaceShifter
FaceForensics++_C23/FaceShifter/016_209.mp4,ffpp_FaceShifter_016_209,1,FaceShifter
FaceForensics++_C23/FaceShifter/017_803.mp4,ffpp_FaceShifter_017_803,1,FaceShifter
FaceForensics++_C23/FaceShifter/018_019.mp4,ffpp_FaceShifter_018_019,1,FaceShifter
FaceForensics++_C23/FaceShifter/019_018.mp4,ffpp_FaceShifter_019_018,1,FaceShifter
FaceForensics++_C23/FaceShifter/020_344.mp4,ffpp_FaceShifter_020_344,1,FaceShifter
FaceForensics++_C23/FaceShifter/021_312.mp4,ffpp_FaceShifter_021_312,1,FaceShifter
FaceForensics++_C23/FaceShifter/022_489.mp4,ffpp_FaceShifter_022_489,1,FaceShifter
FaceForensics++_C23/FaceShifter/023_923.mp4,ffpp_FaceShifter_023_923,1,FaceShifter
FaceForensics++_C23/FaceShifter/024_073.mp4,ffpp_FaceShifter_024_073,1,FaceShifter
FaceForensics++_C23/FaceShifter/025_067.mp4,ffpp_FaceShifter_025_067,1,FaceShifter
FaceForensics++_C23/FaceShifter/026_012.mp4,ffpp_FaceShifter_026_012,1,FaceShifter
FaceForensics++_C23/FaceShifter/027_009.mp4,ffpp_FaceShifter_027_009,1,FaceShifter
FaceForensics++_C23/FaceShifter/028_068.mp4,ffpp_FaceShifter_028_068,1,FaceShifter
FaceForensics++_C23/FaceShifter/029_048.mp4,ffpp_FaceShifter_029_048,1,FaceShifter
FaceForensics++_C23/FaceShifter/030_193.mp4,ffpp_FaceShifter_030_193,1,FaceShifter
FaceForensics++_C23/FaceShifter/031_163.mp4,ffpp_FaceShifter_031_163,1,FaceShifter
FaceForensics++_C23/FaceShifter/032_944.mp4,ffpp_FaceShifter_032_944,1,FaceShifter
FaceForensics++_C23/FaceShifter/033_097.mp4,ffpp_FaceShifter_033_097,1,FaceShifter
FaceForensics++_C23/FaceShifter/034_590.mp4,ffpp_FaceShifter_034_590,1,FaceShifter
FaceForensics++_C23/FaceShifter/035_036.mp4,ffpp_FaceShifter_035_036,1,FaceShifter
FaceForensics++_C23/FaceShifter/036_035.mp4,ffpp_FaceShifter_036_035,1,FaceShifter
FaceForensics++_C23/FaceShifter/037_072.mp4,ffpp_FaceShifter_037_072,1,FaceShifter
FaceForensics++_C23/FaceShifter/038_125.mp4,ffpp_FaceShifter_038_125,1,FaceShifter
FaceForensics++_C23/FaceShifter/039_058.mp4,ffpp_FaceShifter_039_058,1,FaceShifter
FaceForensics++_C23/FaceShifter/040_997.mp4,ffpp_FaceShifter_040_997,1,FaceShifter
FaceForensics++_C23/FaceShifter/041_063.mp4,ffpp_FaceShifter_041_063,1,FaceShifter
FaceForensics++_C23/FaceShifter/042_084.mp4,ffpp_FaceShifter_042_084,1,FaceShifter
FaceForensics++_C23/FaceShifter/043_110.mp4,ffpp_FaceShifter_043_110,1,FaceShifter
FaceForensics++_C23/FaceShifter/044_945.mp4,ffpp_FaceShifter_044_945,1,FaceShifter
FaceForensics++_C23/FaceShifter/045_889.mp4,ffpp_FaceShifter_045_889,1,FaceShifter
FaceForensics++_C23/FaceShifter/046_904.mp4,ffpp_FaceShifter_046_904,1,FaceShifter
FaceForensics++_C23/FaceShifter/047_862.mp4,ffpp_FaceShifter_047_862,1,FaceShifter
FaceForensics++_C23/FaceShifter/048_029.mp4,ffpp_FaceShifter_048_029,1,FaceShifter
FaceForensics++_C23/FaceShifter/049_946.mp4,ffpp_FaceShifter_049_946,1,FaceShifter
FaceForensics++_C23/FaceShifter/050_059.mp4,ffpp_FaceShifter_050_059,1,FaceShifter
FaceForensics++_C23/FaceShifter/051_332.mp4,ffpp_FaceShifter_051_332,1,FaceShifter
FaceForensics++_C23/FaceShifter/052_108.mp4,ffpp_FaceShifter_052_108,1,FaceShifter
FaceForensics++_C23/FaceShifter/053_095.mp4,ffpp_FaceShifter_053_095,1,FaceShifter
FaceForensics++_C23/FaceShifter/054_071.mp4,ffpp_FaceShifter_054_071,1,FaceShifter
FaceForensics++_C23/FaceShifter/055_147.mp4,ffpp_FaceShifter_055_147,1,FaceShifter
FaceForensics++_C23/FaceShifter/056_996.mp4,ffpp_FaceShifter_056_996,1,FaceShifter
FaceForensics++_C23/FaceShifter/057_070.mp4,ffpp_FaceShifter_057_070,1,FaceShifter
FaceForensics++_C23/FaceShifter/058_039.mp4,ffpp_FaceShifter_058_039,1,FaceShifter
FaceForensics++_C23/FaceShifter/059_050.mp4,ffpp_FaceShifter_059_050,1,FaceShifter
FaceForensics++_C23/FaceShifter/060_088.mp4,ffpp_FaceShifter_060_088,1,FaceShifter
FaceForensics++_C23/FaceShifter/061_080.mp4,ffpp_FaceShifter_061_080,1,FaceShifter
FaceForensics++_C23/FaceShifter/062_066.mp4,ffpp_FaceShifter_062_066,1,FaceShifter
FaceForensics++_C23/FaceShifter/063_041.mp4,ffpp_FaceShifter_063_041,1,FaceShifter
FaceForensics++_C23/FaceShifter/064_991.mp4,ffpp_FaceShifter_064_991,1,FaceShifter
FaceForensics++_C23/FaceShifter/065_089.mp4,ffpp_FaceShifter_065_089,1,FaceShifter
FaceForensics++_C23/FaceShifter/066_062.mp4,ffpp_FaceShifter_066_062,1,FaceShifter
FaceForensics++_C23/FaceShifter/067_025.mp4,ffpp_FaceShifter_067_025,1,FaceShifter
FaceForensics++_C23/FaceShifter/068_028.mp4,ffpp_FaceShifter_068_028,1,FaceShifter
FaceForensics++_C23/FaceShifter/069_961.mp4,ffpp_FaceShifter_069_961,1,FaceShifter
FaceForensics++_C23/FaceShifter/070_057.mp4,ffpp_FaceShifter_070_057,1,FaceShifter
FaceForensics++_C23/FaceShifter/071_054.mp4,ffpp_FaceShifter_071_054,1,FaceShifter
FaceForensics++_C23/FaceShifter/072_037.mp4,ffpp_FaceShifter_072_037,1,FaceShifter
FaceForensics++_C23/FaceShifter/073_024.mp4,ffpp_FaceShifter_073_024,1,FaceShifter
FaceForensics++_C23/FaceShifter/074_825.mp4,ffpp_FaceShifter_074_825,1,FaceShifter
FaceForensics++_C23/FaceShifter/075_977.mp4,ffpp_FaceShifter_075_977,1,FaceShifter
FaceForensics++_C23/FaceShifter/076_079.mp4,ffpp_FaceShifter_076_079,1,FaceShifter
FaceForensics++_C23/FaceShifter/077_100.mp4,ffpp_FaceShifter_077_100,1,FaceShifter
FaceForensics++_C23/FaceShifter/078_955.mp4,ffpp_FaceShifter_078_955,1,FaceShifter
FaceForensics++_C23/FaceShifter/079_076.mp4,ffpp_FaceShifter_079_076,1,FaceShifter
FaceForensics++_C23/FaceShifter/080_061.mp4,ffpp_FaceShifter_080_061,1,FaceShifter
FaceForensics++_C23/FaceShifter/081_087.mp4,ffpp_FaceShifter_081_087,1,FaceShifter
FaceForensics++_C23/FaceShifter/082_103.mp4,ffpp_FaceShifter_082_103,1,FaceShifter
FaceForensics++_C23/FaceShifter/083_213.mp4,ffpp_FaceShifter_083_213,1,FaceShifter
FaceForensics++_C23/FaceShifter/084_042.mp4,ffpp_FaceShifter_084_042,1,FaceShifter
FaceForensics++_C23/FaceShifter/085_124.mp4,ffpp_FaceShifter_085_124,1,FaceShifter
FaceForensics++_C23/FaceShifter/086_090.mp4,ffpp_FaceShifter_086_090,1,FaceShifter
FaceForensics++_C23/FaceShifter/087_081.mp4,ffpp_FaceShifter_087_081,1,FaceShifter
FaceForensics++_C23/FaceShifter/088_060.mp4,ffpp_FaceShifter_088_060,1,FaceShifter
FaceForensics++_C23/FaceShifter/089_065.mp4,ffpp_FaceShifter_089_065,1,FaceShifter
FaceForensics++_C23/FaceShifter/090_086.mp4,ffpp_FaceShifter_090_086,1,FaceShifter
FaceForensics++_C23/FaceShifter/091_116.mp4,ffpp_FaceShifter_091_116,1,FaceShifter
FaceForensics++_C23/FaceShifter/092_098.mp4,ffpp_FaceShifter_092_098,1,FaceShifter
FaceForensics++_C23/FaceShifter/093_121.mp4,ffpp_FaceShifter_093_121,1,FaceShifter
FaceForensics++_C23/FaceShifter/094_111.mp4,ffpp_FaceShifter_094_111,1,FaceShifter
FaceForensics++_C23/FaceShifter/095_053.mp4,ffpp_FaceShifter_095_053,1,FaceShifter
FaceForensics++_C23/FaceShifter/096_101.mp4,ffpp_FaceShifter_096_101,1,FaceShifter
FaceForensics++_C23/FaceShifter/097_033.mp4,ffpp_FaceShifter_097_033,1,FaceShifter
FaceForensics++_C23/FaceShifter/098_092.mp4,ffpp_FaceShifter_098_092,1,FaceShifter
FaceForensics++_C23/FaceShifter/099_295.mp4,ffpp_FaceShifter_099_295,1,FaceShifter
FaceForensics++_C23/FaceShifter/100_077.mp4,ffpp_FaceShifter_100_077,1,FaceShifter
FaceForensics++_C23/FaceShifter/101_096.mp4,ffpp_FaceShifter_101_096,1,FaceShifter
FaceForensics++_C23/FaceShifter/102_114.mp4,ffpp_FaceShifter_102_114,1,FaceShifter
FaceForensics++_C23/FaceShifter/103_082.mp4,ffpp_FaceShifter_103_082,1,FaceShifter
FaceForensics++_C23/FaceShifter/104_126.mp4,ffpp_FaceShifter_104_126,1,FaceShifter
FaceForensics++_C23/FaceShifter/105_180.mp4,ffpp_FaceShifter_105_180,1,FaceShifter
FaceForensics++_C23/FaceShifter/106_198.mp4,ffpp_FaceShifter_106_198,1,FaceShifter
FaceForensics++_C23/FaceShifter/107_109.mp4,ffpp_FaceShifter_107_109,1,FaceShifter
FaceForensics++_C23/FaceShifter/108_052.mp4,ffpp_FaceShifter_108_052,1,FaceShifter
FaceForensics++_C23/FaceShifter/109_107.mp4,ffpp_FaceShifter_109_107,1,FaceShifter
FaceForensics++_C23/FaceShifter/110_043.mp4,ffpp_FaceShifter_110_043,1,FaceShifter
FaceForensics++_C23/FaceShifter/111_094.mp4,ffpp_FaceShifter_111_094,1,FaceShifter
FaceForensics++_C23/FaceShifter/112_892.mp4,ffpp_FaceShifter_112_892,1,FaceShifter
FaceForensics++_C23/FaceShifter/113_983.mp4,ffpp_FaceShifter_113_983,1,FaceShifter
FaceForensics++_C23/FaceShifter/114_102.mp4,ffpp_FaceShifter_114_102,1,FaceShifter
FaceForensics++_C23/FaceShifter/115_939.mp4,ffpp_FaceShifter_115_939,1,FaceShifter
FaceForensics++_C23/FaceShifter/116_091.mp4,ffpp_FaceShifter_116_091,1,FaceShifter
FaceForensics++_C23/FaceShifter/117_217.mp4,ffpp_FaceShifter_117_217,1,FaceShifter
FaceForensics++_C23/FaceShifter/118_120.mp4,ffpp_FaceShifter_118_120,1,FaceShifter
FaceForensics++_C23/FaceShifter/119_123.mp4,ffpp_FaceShifter_119_123,1,FaceShifter
FaceForensics++_C23/FaceShifter/120_118.mp4,ffpp_FaceShifter_120_118,1,FaceShifter
FaceForensics++_C23/FaceShifter/121_093.mp4,ffpp_FaceShifter_121_093,1,FaceShifter
FaceForensics++_C23/FaceShifter/122_144.mp4,ffpp_FaceShifter_122_144,1,FaceShifter
FaceForensics++_C23/FaceShifter/123_119.mp4,ffpp_FaceShifter_123_119,1,FaceShifter
FaceForensics++_C23/FaceShifter/124_085.mp4,ffpp_FaceShifter_124_085,1,FaceShifter
FaceForensics++_C23/FaceShifter/125_038.mp4,ffpp_FaceShifter_125_038,1,FaceShifter
FaceForensics++_C23/FaceShifter/126_104.mp4,ffpp_FaceShifter_126_104,1,FaceShifter
FaceForensics++_C23/FaceShifter/127_129.mp4,ffpp_FaceShifter_127_129,1,FaceShifter
FaceForensics++_C23/FaceShifter/128_896.mp4,ffpp_FaceShifter_128_896,1,FaceShifter
FaceForensics++_C23/FaceShifter/129_127.mp4,ffpp_FaceShifter_129_127,1,FaceShifter
FaceForensics++_C23/FaceShifter/130_139.mp4,ffpp_FaceShifter_130_139,1,FaceShifter
FaceForensics++_C23/FaceShifter/131_518.mp4,ffpp_FaceShifter_131_518,1,FaceShifter
FaceForensics++_C23/FaceShifter/132_007.mp4,ffpp_FaceShifter_132_007,1,FaceShifter
FaceForensics++_C23/FaceShifter/133_148.mp4,ffpp_FaceShifter_133_148,1,FaceShifter
FaceForensics++_C23/FaceShifter/134_192.mp4,ffpp_FaceShifter_134_192,1,FaceShifter
FaceForensics++_C23/FaceShifter/135_880.mp4,ffpp_FaceShifter_135_880,1,FaceShifter
FaceForensics++_C23/FaceShifter/136_285.mp4,ffpp_FaceShifter_136_285,1,FaceShifter
FaceForensics++_C23/FaceShifter/137_165.mp4,ffpp_FaceShifter_137_165,1,FaceShifter
FaceForensics++_C23/FaceShifter/138_142.mp4,ffpp_FaceShifter_138_142,1,FaceShifter
FaceForensics++_C23/FaceShifter/139_130.mp4,ffpp_FaceShifter_139_130,1,FaceShifter
FaceForensics++_C23/FaceShifter/140_143.mp4,ffpp_FaceShifter_140_143,1,FaceShifter
FaceForensics++_C23/FaceShifter/141_161.mp4,ffpp_FaceShifter_141_161,1,FaceShifter
FaceForensics++_C23/FaceShifter/142_138.mp4,ffpp_FaceShifter_142_138,1,FaceShifter
FaceForensics++_C23/FaceShifter/143_140.mp4,ffpp_FaceShifter_143_140,1,FaceShifter
FaceForensics++_C23/FaceShifter/144_122.mp4,ffpp_FaceShifter_144_122,1,FaceShifter
FaceForensics++_C23/FaceShifter/145_299.mp4,ffpp_FaceShifter_145_299,1,FaceShifter
FaceForensics++_C23/FaceShifter/146_256.mp4,ffpp_FaceShifter_146_256,1,FaceShifter
FaceForensics++_C23/FaceShifter/147_055.mp4,ffpp_FaceShifter_147_055,1,FaceShifter
FaceForensics++_C23/FaceShifter/148_133.mp4,ffpp_FaceShifter_148_133,1,FaceShifter
FaceForensics++_C23/FaceShifter/149_152.mp4,ffpp_FaceShifter_149_152,1,FaceShifter
FaceForensics++_C23/FaceShifter/150_153.mp4,ffpp_FaceShifter_150_153,1,FaceShifter
FaceForensics++_C23/FaceShifter/151_225.mp4,ffpp_FaceShifter_151_225,1,FaceShifter
FaceForensics++_C23/FaceShifter/152_149.mp4,ffpp_FaceShifter_152_149,1,FaceShifter
FaceForensics++_C23/FaceShifter/153_150.mp4,ffpp_FaceShifter_153_150,1,FaceShifter
FaceForensics++_C23/FaceShifter/154_386.mp4,ffpp_FaceShifter_154_386,1,FaceShifter
FaceForensics++_C23/FaceShifter/155_576.mp4,ffpp_FaceShifter_155_576,1,FaceShifter
FaceForensics++_C23/FaceShifter/156_243.mp4,ffpp_FaceShifter_156_243,1,FaceShifter
FaceForensics++_C23/FaceShifter/157_245.mp4,ffpp_FaceShifter_157_245,1,FaceShifter
FaceForensics++_C23/FaceShifter/158_379.mp4,ffpp_FaceShifter_158_379,1,FaceShifter
FaceForensics++_C23/FaceShifter/159_175.mp4,ffpp_FaceShifter_159_175,1,FaceShifter
FaceForensics++_C23/FaceShifter/160_928.mp4,ffpp_FaceShifter_160_928,1,FaceShifter
FaceForensics++_C23/FaceShifter/161_141.mp4,ffpp_FaceShifter_161_141,1,FaceShifter
FaceForensics++_C23/FaceShifter/162_330.mp4,ffpp_FaceShifter_162_330,1,FaceShifter
FaceForensics++_C23/FaceShifter/163_031.mp4,ffpp_FaceShifter_163_031,1,FaceShifter
FaceForensics++_C23/FaceShifter/164_216.mp4,ffpp_FaceShifter_164_216,1,FaceShifter
FaceForensics++_C23/FaceShifter/165_137.mp4,ffpp_FaceShifter_165_137,1,FaceShifter
FaceForensics++_C23/FaceShifter/166_167.mp4,ffpp_FaceShifter_166_167,1,FaceShifter
FaceForensics++_C23/FaceShifter/167_166.mp4,ffpp_FaceShifter_167_166,1,FaceShifter
FaceForensics++_C23/FaceShifter/168_222.mp4,ffpp_FaceShifter_168_222,1,FaceShifter
FaceForensics++_C23/FaceShifter/169_227.mp4,ffpp_FaceShifter_169_227,1,FaceShifter
FaceForensics++_C23/FaceShifter/170_186.mp4,ffpp_FaceShifter_170_186,1,FaceShifter
FaceForensics++_C23/FaceShifter/171_173.mp4,ffpp_FaceShifter_171_173,1,FaceShifter
FaceForensics++_C23/FaceShifter/172_582.mp4,ffpp_FaceShifter_172_582,1,FaceShifter
FaceForensics++_C23/FaceShifter/173_171.mp4,ffpp_FaceShifter_173_171,1,FaceShifter
FaceForensics++_C23/FaceShifter/174_964.mp4,ffpp_FaceShifter_174_964,1,FaceShifter
FaceForensics++_C23/FaceShifter/175_159.mp4,ffpp_FaceShifter_175_159,1,FaceShifter
FaceForensics++_C23/FaceShifter/176_190.mp4,ffpp_FaceShifter_176_190,1,FaceShifter
FaceForensics++_C23/FaceShifter/177_211.mp4,ffpp_FaceShifter_177_211,1,FaceShifter
FaceForensics++_C23/FaceShifter/178_598.mp4,ffpp_FaceShifter_178_598,1,FaceShifter
FaceForensics++_C23/FaceShifter/179_212.mp4,ffpp_FaceShifter_179_212,1,FaceShifter
FaceForensics++_C23/FaceShifter/180_105.mp4,ffpp_FaceShifter_180_105,1,FaceShifter
FaceForensics++_C23/FaceShifter/181_199.mp4,ffpp_FaceShifter_181_199,1,FaceShifter
FaceForensics++_C23/FaceShifter/182_242.mp4,ffpp_FaceShifter_182_242,1,FaceShifter
FaceForensics++_C23/FaceShifter/183_253.mp4,ffpp_FaceShifter_183_253,1,FaceShifter
FaceForensics++_C23/FaceShifter/184_205.mp4,ffpp_FaceShifter_184_205,1,FaceShifter
FaceForensics++_C23/FaceShifter/185_276.mp4,ffpp_FaceShifter_185_276,1,FaceShifter
FaceForensics++_C23/FaceShifter/186_170.mp4,ffpp_FaceShifter_186_170,1,FaceShifter
FaceForensics++_C23/FaceShifter/187_234.mp4,ffpp_FaceShifter_187_234,1,FaceShifter
FaceForensics++_C23/FaceShifter/188_191.mp4,ffpp_FaceShifter_188_191,1,FaceShifter
FaceForensics++_C23/FaceShifter/189_200.mp4,ffpp_FaceShifter_189_200,1,FaceShifter
FaceForensics++_C23/FaceShifter/190_176.mp4,ffpp_FaceShifter_190_176,1,FaceShifter
FaceForensics++_C23/FaceShifter/191_188.mp4,ffpp_FaceShifter_191_188,1,FaceShifter
FaceForensics++_C23/FaceShifter/192_134.mp4,ffpp_FaceShifter_192_134,1,FaceShifter
FaceForensics++_C23/FaceShifter/193_030.mp4,ffpp_FaceShifter_193_030,1,FaceShifter
FaceForensics++_C23/FaceShifter/194_235.mp4,ffpp_FaceShifter_194_235,1,FaceShifter
FaceForensics++_C23/FaceShifter/195_442.mp4,ffpp_FaceShifter_195_442,1,FaceShifter
FaceForensics++_C23/FaceShifter/196_310.mp4,ffpp_FaceShifter_196_310,1,FaceShifter
FaceForensics++_C23/FaceShifter/197_224.mp4,ffpp_FaceShifter_197_224,1,FaceShifter
FaceForensics++_C23/FaceShifter/198_106.mp4,ffpp_FaceShifter_198_106,1,FaceShifter
FaceForensics++_C23/FaceShifter/199_181.mp4,ffpp_FaceShifter_199_181,1,FaceShifter
FaceForensics++_C23/FaceShifter/200_189.mp4,ffpp_FaceShifter_200_189,1,FaceShifter
FaceForensics++_C23/FaceShifter/201_203.mp4,ffpp_FaceShifter_201_203,1,FaceShifter
FaceForensics++_C23/FaceShifter/202_348.mp4,ffpp_FaceShifter_202_348,1,FaceShifter
FaceForensics++_C23/FaceShifter/203_201.mp4,ffpp_FaceShifter_203_201,1,FaceShifter
FaceForensics++_C23/FaceShifter/204_230.mp4,ffpp_FaceShifter_204_230,1,FaceShifter
FaceForensics++_C23/FaceShifter/205_184.mp4,ffpp_FaceShifter_205_184,1,FaceShifter
FaceForensics++_C23/FaceShifter/206_221.mp4,ffpp_FaceShifter_206_221,1,FaceShifter
FaceForensics++_C23/FaceShifter/207_908.mp4,ffpp_FaceShifter_207_908,1,FaceShifter
FaceForensics++_C23/FaceShifter/208_215.mp4,ffpp_FaceShifter_208_215,1,FaceShifter
FaceForensics++_C23/FaceShifter/209_016.mp4,ffpp_FaceShifter_209_016,1,FaceShifter
FaceForensics++_C23/FaceShifter/210_241.mp4,ffpp_FaceShifter_210_241,1,FaceShifter
FaceForensics++_C23/FaceShifter/211_177.mp4,ffpp_FaceShifter_211_177,1,FaceShifter
FaceForensics++_C23/FaceShifter/212_179.mp4,ffpp_FaceShifter_212_179,1,FaceShifter
FaceForensics++_C23/FaceShifter/213_083.mp4,ffpp_FaceShifter_213_083,1,FaceShifter
FaceForensics++_C23/FaceShifter/214_255.mp4,ffpp_FaceShifter_214_255,1,FaceShifter
FaceForensics++_C23/FaceShifter/215_208.mp4,ffpp_FaceShifter_215_208,1,FaceShifter
FaceForensics++_C23/FaceShifter/216_164.mp4,ffpp_FaceShifter_216_164,1,FaceShifter
FaceForensics++_C23/FaceShifter/217_117.mp4,ffpp_FaceShifter_217_117,1,FaceShifter
FaceForensics++_C23/FaceShifter/218_239.mp4,ffpp_FaceShifter_218_239,1,FaceShifter
FaceForensics++_C23/FaceShifter/219_220.mp4,ffpp_FaceShifter_219_220,1,FaceShifter
FaceForensics++_C23/FaceShifter/220_219.mp4,ffpp_FaceShifter_220_219,1,FaceShifter
FaceForensics++_C23/FaceShifter/221_206.mp4,ffpp_FaceShifter_221_206,1,FaceShifter
FaceForensics++_C23/FaceShifter/222_168.mp4,ffpp_FaceShifter_222_168,1,FaceShifter
FaceForensics++_C23/FaceShifter/223_586.mp4,ffpp_FaceShifter_223_586,1,FaceShifter
FaceForensics++_C23/FaceShifter/224_197.mp4,ffpp_FaceShifter_224_197,1,FaceShifter
FaceForensics++_C23/FaceShifter/225_151.mp4,ffpp_FaceShifter_225_151,1,FaceShifter
FaceForensics++_C23/FaceShifter/226_491.mp4,ffpp_FaceShifter_226_491,1,FaceShifter
FaceForensics++_C23/FaceShifter/227_169.mp4,ffpp_FaceShifter_227_169,1,FaceShifter
FaceForensics++_C23/FaceShifter/228_289.mp4,ffpp_FaceShifter_228_289,1,FaceShifter
FaceForensics++_C23/FaceShifter/229_247.mp4,ffpp_FaceShifter_229_247,1,FaceShifter
FaceForensics++_C23/FaceShifter/230_204.mp4,ffpp_FaceShifter_230_204,1,FaceShifter
FaceForensics++_C23/FaceShifter/231_663.mp4,ffpp_FaceShifter_231_663,1,FaceShifter
FaceForensics++_C23/FaceShifter/232_248.mp4,ffpp_FaceShifter_232_248,1,FaceShifter
FaceForensics++_C23/FaceShifter/233_995.mp4,ffpp_FaceShifter_233_995,1,FaceShifter
FaceForensics++_C23/FaceShifter/234_187.mp4,ffpp_FaceShifter_234_187,1,FaceShifter
FaceForensics++_C23/FaceShifter/235_194.mp4,ffpp_FaceShifter_235_194,1,FaceShifter
FaceForensics++_C23/FaceShifter/236_237.mp4,ffpp_FaceShifter_236_237,1,FaceShifter
FaceForensics++_C23/FaceShifter/237_236.mp4,ffpp_FaceShifter_237_236,1,FaceShifter
FaceForensics++_C23/FaceShifter/238_282.mp4,ffpp_FaceShifter_238_282,1,FaceShifter
FaceForensics++_C23/FaceShifter/239_218.mp4,ffpp_FaceShifter_239_218,1,FaceShifter
FaceForensics++_C23/FaceShifter/240_290.mp4,ffpp_FaceShifter_240_290,1,FaceShifter
FaceForensics++_C23/FaceShifter/241_210.mp4,ffpp_FaceShifter_241_210,1,FaceShifter
FaceForensics++_C23/FaceShifter/242_182.mp4,ffpp_FaceShifter_242_182,1,FaceShifter
FaceForensics++_C23/FaceShifter/243_156.mp4,ffpp_FaceShifter_243_156,1,FaceShifter
FaceForensics++_C23/FaceShifter/244_822.mp4,ffpp_FaceShifter_244_822,1,FaceShifter
FaceForensics++_C23/FaceShifter/245_157.mp4,ffpp_FaceShifter_245_157,1,FaceShifter
FaceForensics++_C23/FaceShifter/246_258.mp4,ffpp_FaceShifter_246_258,1,FaceShifter
FaceForensics++_C23/FaceShifter/247_229.mp4,ffpp_FaceShifter_247_229,1,FaceShifter
FaceForensics++_C23/FaceShifter/248_232.mp4,ffpp_FaceShifter_248_232,1,FaceShifter
FaceForensics++_C23/FaceShifter/249_280.mp4,ffpp_FaceShifter_249_280,1,FaceShifter
FaceForensics++_C23/FaceShifter/250_461.mp4,ffpp_FaceShifter_250_461,1,FaceShifter
FaceForensics++_C23/FaceShifter/251_375.mp4,ffpp_FaceShifter_251_375,1,FaceShifter
FaceForensics++_C23/FaceShifter/252_266.mp4,ffpp_FaceShifter_252_266,1,FaceShifter
FaceForensics++_C23/FaceShifter/253_183.mp4,ffpp_FaceShifter_253_183,1,FaceShifter
FaceForensics++_C23/FaceShifter/254_261.mp4,ffpp_FaceShifter_254_261,1,FaceShifter
FaceForensics++_C23/FaceShifter/255_214.mp4,ffpp_FaceShifter_255_214,1,FaceShifter
FaceForensics++_C23/FaceShifter/256_146.mp4,ffpp_FaceShifter_256_146,1,FaceShifter
FaceForensics++_C23/FaceShifter/257_420.mp4,ffpp_FaceShifter_257_420,1,FaceShifter
FaceForensics++_C23/FaceShifter/258_246.mp4,ffpp_FaceShifter_258_246,1,FaceShifter
FaceForensics++_C23/FaceShifter/259_345.mp4,ffpp_FaceShifter_259_345,1,FaceShifter
FaceForensics++_C23/FaceShifter/260_331.mp4,ffpp_FaceShifter_260_331,1,FaceShifter
FaceForensics++_C23/FaceShifter/261_254.mp4,ffpp_FaceShifter_261_254,1,FaceShifter
FaceForensics++_C23/FaceShifter/262_301.mp4,ffpp_FaceShifter_262_301,1,FaceShifter
FaceForensics++_C23/FaceShifter/263_284.mp4,ffpp_FaceShifter_263_284,1,FaceShifter
FaceForensics++_C23/FaceShifter/264_271.mp4,ffpp_FaceShifter_264_271,1,FaceShifter
FaceForensics++_C23/FaceShifter/265_475.mp4,ffpp_FaceShifter_265_475,1,FaceShifter
FaceForensics++_C23/FaceShifter/266_252.mp4,ffpp_FaceShifter_266_252,1,FaceShifter
FaceForensics++_C23/FaceShifter/267_286.mp4,ffpp_FaceShifter_267_286,1,FaceShifter
FaceForensics++_C23/FaceShifter/268_269.mp4,ffpp_FaceShifter_268_269,1,FaceShifter
FaceForensics++_C23/FaceShifter/269_268.mp4,ffpp_FaceShifter_269_268,1,FaceShifter
FaceForensics++_C23/FaceShifter/270_297.mp4,ffpp_FaceShifter_270_297,1,FaceShifter
FaceForensics++_C23/FaceShifter/271_264.mp4,ffpp_FaceShifter_271_264,1,FaceShifter
FaceForensics++_C23/FaceShifter/272_396.mp4,ffpp_FaceShifter_272_396,1,FaceShifter
FaceForensics++_C23/FaceShifter/273_807.mp4,ffpp_FaceShifter_273_807,1,FaceShifter
FaceForensics++_C23/FaceShifter/274_412.mp4,ffpp_FaceShifter_274_412,1,FaceShifter
FaceForensics++_C23/FaceShifter/275_887.mp4,ffpp_FaceShifter_275_887,1,FaceShifter
FaceForensics++_C23/FaceShifter/276_185.mp4,ffpp_FaceShifter_276_185,1,FaceShifter
FaceForensics++_C23/FaceShifter/277_335.mp4,ffpp_FaceShifter_277_335,1,FaceShifter
FaceForensics++_C23/FaceShifter/278_306.mp4,ffpp_FaceShifter_278_306,1,FaceShifter
FaceForensics++_C23/FaceShifter/279_298.mp4,ffpp_FaceShifter_279_298,1,FaceShifter
FaceForensics++_C23/FaceShifter/280_249.mp4,ffpp_FaceShifter_280_249,1,FaceShifter
FaceForensics++_C23/FaceShifter/281_474.mp4,ffpp_FaceShifter_281_474,1,FaceShifter
FaceForensics++_C23/FaceShifter/282_238.mp4,ffpp_FaceShifter_282_238,1,FaceShifter
FaceForensics++_C23/FaceShifter/283_313.mp4,ffpp_FaceShifter_283_313,1,FaceShifter
FaceForensics++_C23/FaceShifter/284_263.mp4,ffpp_FaceShifter_284_263,1,FaceShifter
FaceForensics++_C23/FaceShifter/285_136.mp4,ffpp_FaceShifter_285_136,1,FaceShifter
FaceForensics++_C23/FaceShifter/286_267.mp4,ffpp_FaceShifter_286_267,1,FaceShifter
FaceForensics++_C23/FaceShifter/287_426.mp4,ffpp_FaceShifter_287_426,1,FaceShifter
FaceForensics++_C23/FaceShifter/288_321.mp4,ffpp_FaceShifter_288_321,1,FaceShifter
FaceForensics++_C23/FaceShifter/289_228.mp4,ffpp_FaceShifter_289_228,1,FaceShifter
FaceForensics++_C23/FaceShifter/290_240.mp4,ffpp_FaceShifter_290_240,1,FaceShifter
FaceForensics++_C23/FaceShifter/291_874.mp4,ffpp_FaceShifter_291_874,1,FaceShifter
FaceForensics++_C23/FaceShifter/292_294.mp4,ffpp_FaceShifter_292_294,1,FaceShifter
FaceForensics++_C23/FaceShifter/293_296.mp4,ffpp_FaceShifter_293_296,1,FaceShifter
FaceForensics++_C23/FaceShifter/294_292.mp4,ffpp_FaceShifter_294_292,1,FaceShifter
FaceForensics++_C23/FaceShifter/295_099.mp4,ffpp_FaceShifter_295_099,1,FaceShifter
FaceForensics++_C23/FaceShifter/296_293.mp4,ffpp_FaceShifter_296_293,1,FaceShifter
FaceForensics++_C23/FaceShifter/297_270.mp4,ffpp_FaceShifter_297_270,1,FaceShifter
FaceForensics++_C23/FaceShifter/298_279.mp4,ffpp_FaceShifter_298_279,1,FaceShifter
FaceForensics++_C23/FaceShifter/299_145.mp4,ffpp_FaceShifter_299_145,1,FaceShifter
FaceForensics++_C23/FaceShifter/300_304.mp4,ffpp_FaceShifter_300_304,1,FaceShifter
FaceForensics++_C23/FaceShifter/301_262.mp4,ffpp_FaceShifter_301_262,1,FaceShifter
FaceForensics++_C23/FaceShifter/302_323.mp4,ffpp_FaceShifter_302_323,1,FaceShifter
FaceForensics++_C23/FaceShifter/303_309.mp4,ffpp_FaceShifter_303_309,1,FaceShifter
FaceForensics++_C23/FaceShifter/304_300.mp4,ffpp_FaceShifter_304_300,1,FaceShifter
FaceForensics++_C23/FaceShifter/305_513.mp4,ffpp_FaceShifter_305_513,1,FaceShifter
FaceForensics++_C23/FaceShifter/306_278.mp4,ffpp_FaceShifter_306_278,1,FaceShifter
FaceForensics++_C23/FaceShifter/307_365.mp4,ffpp_FaceShifter_307_365,1,FaceShifter
FaceForensics++_C23/FaceShifter/308_388.mp4,ffpp_FaceShifter_308_388,1,FaceShifter
FaceForensics++_C23/FaceShifter/309_303.mp4,ffpp_FaceShifter_309_303,1,FaceShifter
FaceForensics++_C23/FaceShifter/310_196.mp4,ffpp_FaceShifter_310_196,1,FaceShifter
FaceForensics++_C23/FaceShifter/311_387.mp4,ffpp_FaceShifter_311_387,1,FaceShifter
FaceForensics++_C23/FaceShifter/312_021.mp4,ffpp_FaceShifter_312_021,1,FaceShifter
FaceForensics++_C23/FaceShifter/313_283.mp4,ffpp_FaceShifter_313_283,1,FaceShifter
FaceForensics++_C23/FaceShifter/314_347.mp4,ffpp_FaceShifter_314_347,1,FaceShifter
FaceForensics++_C23/FaceShifter/315_322.mp4,ffpp_FaceShifter_315_322,1,FaceShifter
FaceForensics++_C23/FaceShifter/316_369.mp4,ffpp_FaceShifter_316_369,1,FaceShifter
FaceForensics++_C23/FaceShifter/317_359.mp4,ffpp_FaceShifter_317_359,1,FaceShifter
FaceForensics++_C23/FaceShifter/318_334.mp4,ffpp_FaceShifter_318_334,1,FaceShifter
FaceForensics++_C23/FaceShifter/319_352.mp4,ffpp_FaceShifter_319_352,1,FaceShifter
FaceForensics++_C23/FaceShifter/320_328.mp4,ffpp_FaceShifter_320_328,1,FaceShifter
FaceForensics++_C23/FaceShifter/321_288.mp4,ffpp_FaceShifter_321_288,1,FaceShifter
FaceForensics++_C23/FaceShifter/322_315.mp4,ffpp_FaceShifter_322_315,1,FaceShifter
FaceForensics++_C23/FaceShifter/323_302.mp4,ffpp_FaceShifter_323_302,1,FaceShifter
FaceForensics++_C23/FaceShifter/324_356.mp4,ffpp_FaceShifter_324_356,1,FaceShifter
FaceForensics++_C23/FaceShifter/325_492.mp4,ffpp_FaceShifter_325_492,1,FaceShifter
FaceForensics++_C23/FaceShifter/326_501.mp4,ffpp_FaceShifter_326_501,1,FaceShifter
FaceForensics++_C23/FaceShifter/327_329.mp4,ffpp_FaceShifter_327_329,1,FaceShifter
FaceForensics++_C23/FaceShifter/328_320.mp4,ffpp_FaceShifter_328_320,1,FaceShifter
FaceForensics++_C23/FaceShifter/329_327.mp4,ffpp_FaceShifter_329_327,1,FaceShifter
FaceForensics++_C23/FaceShifter/330_162.mp4,ffpp_FaceShifter_330_162,1,FaceShifter
FaceForensics++_C23/FaceShifter/331_260.mp4,ffpp_FaceShifter_331_260,1,FaceShifter
FaceForensics++_C23/FaceShifter/332_051.mp4,ffpp_FaceShifter_332_051,1,FaceShifter
FaceForensics++_C23/FaceShifter/333_377.mp4,ffpp_FaceShifter_333_377,1,FaceShifter
FaceForensics++_C23/FaceShifter/334_318.mp4,ffpp_FaceShifter_334_318,1,FaceShifter
FaceForensics++_C23/FaceShifter/335_277.mp4,ffpp_FaceShifter_335_277,1,FaceShifter
FaceForensics++_C23/FaceShifter/336_338.mp4,ffpp_FaceShifter_336_338,1,FaceShifter
FaceForensics++_C23/FaceShifter/337_522.mp4,ffpp_FaceShifter_337_522,1,FaceShifter
FaceForensics++_C23/FaceShifter/338_336.mp4,ffpp_FaceShifter_338_336,1,FaceShifter
FaceForensics++_C23/FaceShifter/339_392.mp4,ffpp_FaceShifter_339_392,1,FaceShifter
FaceForensics++_C23/FaceShifter/340_341.mp4,ffpp_FaceShifter_340_341,1,FaceShifter
FaceForensics++_C23/FaceShifter/341_340.mp4,ffpp_FaceShifter_341_340,1,FaceShifter
FaceForensics++_C23/FaceShifter/342_416.mp4,ffpp_FaceShifter_342_416,1,FaceShifter
FaceForensics++_C23/FaceShifter/343_363.mp4,ffpp_FaceShifter_343_363,1,FaceShifter
FaceForensics++_C23/FaceShifter/344_020.mp4,ffpp_FaceShifter_344_020,1,FaceShifter
FaceForensics++_C23/FaceShifter/345_259.mp4,ffpp_FaceShifter_345_259,1,FaceShifter
FaceForensics++_C23/FaceShifter/346_351.mp4,ffpp_FaceShifter_346_351,1,FaceShifter
FaceForensics++_C23/FaceShifter/347_314.mp4,ffpp_FaceShifter_347_314,1,FaceShifter
FaceForensics++_C23/FaceShifter/348_202.mp4,ffpp_FaceShifter_348_202,1,FaceShifter
FaceForensics++_C23/FaceShifter/349_350.mp4,ffpp_FaceShifter_349_350,1,FaceShifter
FaceForensics++_C23/FaceShifter/350_349.mp4,ffpp_FaceShifter_350_349,1,FaceShifter
FaceForensics++_C23/FaceShifter/351_346.mp4,ffpp_FaceShifter_351_346,1,FaceShifter
FaceForensics++_C23/FaceShifter/352_319.mp4,ffpp_FaceShifter_352_319,1,FaceShifter
FaceForensics++_C23/FaceShifter/353_383.mp4,ffpp_FaceShifter_353_383,1,FaceShifter
FaceForensics++_C23/FaceShifter/354_362.mp4,ffpp_FaceShifter_354_362,1,FaceShifter
FaceForensics++_C23/FaceShifter/355_748.mp4,ffpp_FaceShifter_355_748,1,FaceShifter
FaceForensics++_C23/FaceShifter/356_324.mp4,ffpp_FaceShifter_356_324,1,FaceShifter
FaceForensics++_C23/FaceShifter/357_432.mp4,ffpp_FaceShifter_357_432,1,FaceShifter
FaceForensics++_C23/FaceShifter/358_380.mp4,ffpp_FaceShifter_358_380,1,FaceShifter
FaceForensics++_C23/FaceShifter/359_317.mp4,ffpp_FaceShifter_359_317,1,FaceShifter
FaceForensics++_C23/FaceShifter/360_437.mp4,ffpp_FaceShifter_360_437,1,FaceShifter
FaceForensics++_C23/FaceShifter/361_448.mp4,ffpp_FaceShifter_361_448,1,FaceShifter
FaceForensics++_C23/FaceShifter/362_354.mp4,ffpp_FaceShifter_362_354,1,FaceShifter
FaceForensics++_C23/FaceShifter/363_343.mp4,ffpp_FaceShifter_363_343,1,FaceShifter
FaceForensics++_C23/FaceShifter/364_440.mp4,ffpp_FaceShifter_364_440,1,FaceShifter
FaceForensics++_C23/FaceShifter/365_307.mp4,ffpp_FaceShifter_365_307,1,FaceShifter
FaceForensics++_C23/FaceShifter/366_473.mp4,ffpp_FaceShifter_366_473,1,FaceShifter
FaceForensics++_C23/FaceShifter/367_371.mp4,ffpp_FaceShifter_367_371,1,FaceShifter
FaceForensics++_C23/FaceShifter/368_378.mp4,ffpp_FaceShifter_368_378,1,FaceShifter
FaceForensics++_C23/FaceShifter/369_316.mp4,ffpp_FaceShifter_369_316,1,FaceShifter
FaceForensics++_C23/FaceShifter/370_483.mp4,ffpp_FaceShifter_370_483,1,FaceShifter
FaceForensics++_C23/FaceShifter/371_367.mp4,ffpp_FaceShifter_371_367,1,FaceShifter
FaceForensics++_C23/FaceShifter/372_413.mp4,ffpp_FaceShifter_372_413,1,FaceShifter
FaceForensics++_C23/FaceShifter/373_394.mp4,ffpp_FaceShifter_373_394,1,FaceShifter
FaceForensics++_C23/FaceShifter/374_407.mp4,ffpp_FaceShifter_374_407,1,FaceShifter
FaceForensics++_C23/FaceShifter/375_251.mp4,ffpp_FaceShifter_375_251,1,FaceShifter
FaceForensics++_C23/FaceShifter/376_381.mp4,ffpp_FaceShifter_376_381,1,FaceShifter
FaceForensics++_C23/FaceShifter/377_333.mp4,ffpp_FaceShifter_377_333,1,FaceShifter
FaceForensics++_C23/FaceShifter/378_368.mp4,ffpp_FaceShifter_378_368,1,FaceShifter
FaceForensics++_C23/FaceShifter/379_158.mp4,ffpp_FaceShifter_379_158,1,FaceShifter
FaceForensics++_C23/FaceShifter/380_358.mp4,ffpp_FaceShifter_380_358,1,FaceShifter
FaceForensics++_C23/FaceShifter/381_376.mp4,ffpp_FaceShifter_381_376,1,FaceShifter
FaceForensics++_C23/FaceShifter/382_409.mp4,ffpp_FaceShifter_382_409,1,FaceShifter
FaceForensics++_C23/FaceShifter/383_353.mp4,ffpp_FaceShifter_383_353,1,FaceShifter
FaceForensics++_C23/FaceShifter/384_932.mp4,ffpp_FaceShifter_384_932,1,FaceShifter
FaceForensics++_C23/FaceShifter/385_414.mp4,ffpp_FaceShifter_385_414,1,FaceShifter
FaceForensics++_C23/FaceShifter/386_154.mp4,ffpp_FaceShifter_386_154,1,FaceShifter
FaceForensics++_C23/FaceShifter/387_311.mp4,ffpp_FaceShifter_387_311,1,FaceShifter
FaceForensics++_C23/FaceShifter/388_308.mp4,ffpp_FaceShifter_388_308,1,FaceShifter
FaceForensics++_C23/FaceShifter/389_480.mp4,ffpp_FaceShifter_389_480,1,FaceShifter
FaceForensics++_C23/FaceShifter/390_709.mp4,ffpp_FaceShifter_390_709,1,FaceShifter
FaceForensics++_C23/FaceShifter/391_406.mp4,ffpp_FaceShifter_391_406,1,FaceShifter
FaceForensics++_C23/FaceShifter/392_339.mp4,ffpp_FaceShifter_392_339,1,FaceShifter
FaceForensics++_C23/FaceShifter/393_405.mp4,ffpp_FaceShifter_393_405,1,FaceShifter
FaceForensics++_C23/FaceShifter/394_373.mp4,ffpp_FaceShifter_394_373,1,FaceShifter
FaceForensics++_C23/FaceShifter/395_401.mp4,ffpp_FaceShifter_395_401,1,FaceShifter
FaceForensics++_C23/FaceShifter/396_272.mp4,ffpp_FaceShifter_396_272,1,FaceShifter
FaceForensics++_C23/FaceShifter/397_602.mp4,ffpp_FaceShifter_397_602,1,FaceShifter
FaceForensics++_C23/FaceShifter/398_457.mp4,ffpp_FaceShifter_398_457,1,FaceShifter
FaceForensics++_C23/FaceShifter/399_488.mp4,ffpp_FaceShifter_399_488,1,FaceShifter
FaceForensics++_C23/FaceShifter/400_476.mp4,ffpp_FaceShifter_400_476,1,FaceShifter
FaceForensics++_C23/FaceShifter/401_395.mp4,ffpp_FaceShifter_401_395,1,FaceShifter
FaceForensics++_C23/FaceShifter/402_453.mp4,ffpp_FaceShifter_402_453,1,FaceShifter
FaceForensics++_C23/FaceShifter/403_497.mp4,ffpp_FaceShifter_403_497,1,FaceShifter
FaceForensics++_C23/FaceShifter/404_429.mp4,ffpp_FaceShifter_404_429,1,FaceShifter
FaceForensics++_C23/FaceShifter/405_393.mp4,ffpp_FaceShifter_405_393,1,FaceShifter
FaceForensics++_C23/FaceShifter/406_391.mp4,ffpp_FaceShifter_406_391,1,FaceShifter
FaceForensics++_C23/FaceShifter/407_374.mp4,ffpp_FaceShifter_407_374,1,FaceShifter
FaceForensics++_C23/FaceShifter/408_424.mp4,ffpp_FaceShifter_408_424,1,FaceShifter
FaceForensics++_C23/FaceShifter/409_382.mp4,ffpp_FaceShifter_409_382,1,FaceShifter
FaceForensics++_C23/FaceShifter/410_411.mp4,ffpp_FaceShifter_410_411,1,FaceShifter
FaceForensics++_C23/FaceShifter/411_410.mp4,ffpp_FaceShifter_411_410,1,FaceShifter
FaceForensics++_C23/FaceShifter/412_274.mp4,ffpp_FaceShifter_412_274,1,FaceShifter
FaceForensics++_C23/FaceShifter/413_372.mp4,ffpp_FaceShifter_413_372,1,FaceShifter
FaceForensics++_C23/FaceShifter/414_385.mp4,ffpp_FaceShifter_414_385,1,FaceShifter
FaceForensics++_C23/FaceShifter/415_484.mp4,ffpp_FaceShifter_415_484,1,FaceShifter
FaceForensics++_C23/FaceShifter/416_342.mp4,ffpp_FaceShifter_416_342,1,FaceShifter
FaceForensics++_C23/FaceShifter/417_496.mp4,ffpp_FaceShifter_417_496,1,FaceShifter
FaceForensics++_C23/FaceShifter/418_507.mp4,ffpp_FaceShifter_418_507,1,FaceShifter
FaceForensics++_C23/FaceShifter/419_824.mp4,ffpp_FaceShifter_419_824,1,FaceShifter
FaceForensics++_C23/FaceShifter/420_257.mp4,ffpp_FaceShifter_420_257,1,FaceShifter
FaceForensics++_C23/FaceShifter/421_423.mp4,ffpp_FaceShifter_421_423,1,FaceShifter
FaceForensics++_C23/FaceShifter/422_695.mp4,ffpp_FaceShifter_422_695,1,FaceShifter
FaceForensics++_C23/FaceShifter/423_421.mp4,ffpp_FaceShifter_423_421,1,FaceShifter
FaceForensics++_C23/FaceShifter/424_408.mp4,ffpp_FaceShifter_424_408,1,FaceShifter
FaceForensics++_C23/FaceShifter/425_485.mp4,ffpp_FaceShifter_425_485,1,FaceShifter
FaceForensics++_C23/FaceShifter/426_287.mp4,ffpp_FaceShifter_426_287,1,FaceShifter
FaceForensics++_C23/FaceShifter/427_637.mp4,ffpp_FaceShifter_427_637,1,FaceShifter
FaceForensics++_C23/FaceShifter/428_466.mp4,ffpp_FaceShifter_428_466,1,FaceShifter
FaceForensics++_C23/FaceShifter/429_404.mp4,ffpp_FaceShifter_429_404,1,FaceShifter
FaceForensics++_C23/FaceShifter/430_459.mp4,ffpp_FaceShifter_430_459,1,FaceShifter
FaceForensics++_C23/FaceShifter/431_447.mp4,ffpp_FaceShifter_431_447,1,FaceShifter
FaceForensics++_C23/FaceShifter/432_357.mp4,ffpp_FaceShifter_432_357,1,FaceShifter
FaceForensics++_C23/FaceShifter/433_498.mp4,ffpp_FaceShifter_433_498,1,FaceShifter
FaceForensics++_C23/FaceShifter/434_438.mp4,ffpp_FaceShifter_434_438,1,FaceShifter
FaceForensics++_C23/FaceShifter/435_456.mp4,ffpp_FaceShifter_435_456,1,FaceShifter
FaceForensics++_C23/FaceShifter/436_526.mp4,ffpp_FaceShifter_436_526,1,FaceShifter
FaceForensics++_C23/FaceShifter/437_360.mp4,ffpp_FaceShifter_437_360,1,FaceShifter
FaceForensics++_C23/FaceShifter/438_434.mp4,ffpp_FaceShifter_438_434,1,FaceShifter
FaceForensics++_C23/FaceShifter/439_441.mp4,ffpp_FaceShifter_439_441,1,FaceShifter
FaceForensics++_C23/FaceShifter/440_364.mp4,ffpp_FaceShifter_440_364,1,FaceShifter
FaceForensics++_C23/FaceShifter/441_439.mp4,ffpp_FaceShifter_441_439,1,FaceShifter
FaceForensics++_C23/FaceShifter/442_195.mp4,ffpp_FaceShifter_442_195,1,FaceShifter
FaceForensics++_C23/FaceShifter/443_514.mp4,ffpp_FaceShifter_443_514,1,FaceShifter
FaceForensics++_C23/FaceShifter/444_655.mp4,ffpp_FaceShifter_444_655,1,FaceShifter
FaceForensics++_C23/FaceShifter/445_494.mp4,ffpp_FaceShifter_445_494,1,FaceShifter
FaceForensics++_C23/FaceShifter/446_667.mp4,ffpp_FaceShifter_446_667,1,FaceShifter
FaceForensics++_C23/FaceShifter/447_431.mp4,ffpp_FaceShifter_447_431,1,FaceShifter
FaceForensics++_C23/FaceShifter/448_361.mp4,ffpp_FaceShifter_448_361,1,FaceShifter
FaceForensics++_C23/FaceShifter/449_451.mp4,ffpp_FaceShifter_449_451,1,FaceShifter
FaceForensics++_C23/FaceShifter/450_533.mp4,ffpp_FaceShifter_450_533,1,FaceShifter
FaceForensics++_C23/FaceShifter/451_449.mp4,ffpp_FaceShifter_451_449,1,FaceShifter
FaceForensics++_C23/FaceShifter/452_550.mp4,ffpp_FaceShifter_452_550,1,FaceShifter
FaceForensics++_C23/FaceShifter/453_402.mp4,ffpp_FaceShifter_453_402,1,FaceShifter
FaceForensics++_C23/FaceShifter/454_527.mp4,ffpp_FaceShifter_454_527,1,FaceShifter
FaceForensics++_C23/FaceShifter/455_471.mp4,ffpp_FaceShifter_455_471,1,FaceShifter
FaceForensics++_C23/FaceShifter/456_435.mp4,ffpp_FaceShifter_456_435,1,FaceShifter
FaceForensics++_C23/FaceShifter/457_398.mp4,ffpp_FaceShifter_457_398,1,FaceShifter
FaceForensics++_C23/FaceShifter/458_722.mp4,ffpp_FaceShifter_458_722,1,FaceShifter
FaceForensics++_C23/FaceShifter/459_430.mp4,ffpp_FaceShifter_459_430,1,FaceShifter
FaceForensics++_C23/FaceShifter/460_678.mp4,ffpp_FaceShifter_460_678,1,FaceShifter
FaceForensics++_C23/FaceShifter/461_250.mp4,ffpp_FaceShifter_461_250,1,FaceShifter
FaceForensics++_C23/FaceShifter/462_467.mp4,ffpp_FaceShifter_462_467,1,FaceShifter
FaceForensics++_C23/FaceShifter/463_464.mp4,ffpp_FaceShifter_463_464,1,FaceShifter
FaceForensics++_C23/FaceShifter/464_463.mp4,ffpp_FaceShifter_464_463,1,FaceShifter
FaceForensics++_C23/FaceShifter/465_482.mp4,ffpp_FaceShifter_465_482,1,FaceShifter
FaceForensics++_C23/FaceShifter/466_428.mp4,ffpp_FaceShifter_466_428,1,FaceShifter
FaceForensics++_C23/FaceShifter/467_462.mp4,ffpp_FaceShifter_467_462,1,FaceShifter
FaceForensics++_C23/FaceShifter/468_470.mp4,ffpp_FaceShifter_468_470,1,FaceShifter
FaceForensics++_C23/FaceShifter/469_481.mp4,ffpp_FaceShifter_469_481,1,FaceShifter
FaceForensics++_C23/FaceShifter/470_468.mp4,ffpp_FaceShifter_470_468,1,FaceShifter
FaceForensics++_C23/FaceShifter/471_455.mp4,ffpp_FaceShifter_471_455,1,FaceShifter
FaceForensics++_C23/FaceShifter/472_511.mp4,ffpp_FaceShifter_472_511,1,FaceShifter
FaceForensics++_C23/FaceShifter/473_366.mp4,ffpp_FaceShifter_473_366,1,FaceShifter
FaceForensics++_C23/FaceShifter/474_281.mp4,ffpp_FaceShifter_474_281,1,FaceShifter
FaceForensics++_C23/FaceShifter/475_265.mp4,ffpp_FaceShifter_475_265,1,FaceShifter
FaceForensics++_C23/FaceShifter/476_400.mp4,ffpp_FaceShifter_476_400,1,FaceShifter
FaceForensics++_C23/FaceShifter/477_487.mp4,ffpp_FaceShifter_477_487,1,FaceShifter
FaceForensics++_C23/FaceShifter/478_506.mp4,ffpp_FaceShifter_478_506,1,FaceShifter
FaceForensics++_C23/FaceShifter/479_706.mp4,ffpp_FaceShifter_479_706,1,FaceShifter
FaceForensics++_C23/FaceShifter/480_389.mp4,ffpp_FaceShifter_480_389,1,FaceShifter
FaceForensics++_C23/FaceShifter/481_469.mp4,ffpp_FaceShifter_481_469,1,FaceShifter
FaceForensics++_C23/FaceShifter/482_465.mp4,ffpp_FaceShifter_482_465,1,FaceShifter
FaceForensics++_C23/FaceShifter/483_370.mp4,ffpp_FaceShifter_483_370,1,FaceShifter
FaceForensics++_C23/FaceShifter/484_415.mp4,ffpp_FaceShifter_484_415,1,FaceShifter
FaceForensics++_C23/FaceShifter/485_425.mp4,ffpp_FaceShifter_485_425,1,FaceShifter
FaceForensics++_C23/FaceShifter/486_680.mp4,ffpp_FaceShifter_486_680,1,FaceShifter
FaceForensics++_C23/FaceShifter/487_477.mp4,ffpp_FaceShifter_487_477,1,FaceShifter
FaceForensics++_C23/FaceShifter/488_399.mp4,ffpp_FaceShifter_488_399,1,FaceShifter
FaceForensics++_C23/FaceShifter/489_022.mp4,ffpp_FaceShifter_489_022,1,FaceShifter
FaceForensics++_C23/FaceShifter/490_534.mp4,ffpp_FaceShifter_490_534,1,FaceShifter
FaceForensics++_C23/FaceShifter/491_226.mp4,ffpp_FaceShifter_491_226,1,FaceShifter
FaceForensics++_C23/FaceShifter/492_325.mp4,ffpp_FaceShifter_492_325,1,FaceShifter
FaceForensics++_C23/FaceShifter/493_538.mp4,ffpp_FaceShifter_493_538,1,FaceShifter
FaceForensics++_C23/FaceShifter/494_445.mp4,ffpp_FaceShifter_494_445,1,FaceShifter
FaceForensics++_C23/FaceShifter/495_512.mp4,ffpp_FaceShifter_495_512,1,FaceShifter
FaceForensics++_C23/FaceShifter/496_417.mp4,ffpp_FaceShifter_496_417,1,FaceShifter
FaceForensics++_C23/FaceShifter/497_403.mp4,ffpp_FaceShifter_497_403,1,FaceShifter
FaceForensics++_C23/FaceShifter/498_433.mp4,ffpp_FaceShifter_498_433,1,FaceShifter
FaceForensics++_C23/FaceShifter/499_539.mp4,ffpp_FaceShifter_499_539,1,FaceShifter
FaceForensics++_C23/FaceShifter/500_592.mp4,ffpp_FaceShifter_500_592,1,FaceShifter
FaceForensics++_C23/FaceShifter/501_326.mp4,ffpp_FaceShifter_501_326,1,FaceShifter
FaceForensics++_C23/FaceShifter/502_504.mp4,ffpp_FaceShifter_502_504,1,FaceShifter
FaceForensics++_C23/FaceShifter/503_756.mp4,ffpp_FaceShifter_503_756,1,FaceShifter
FaceForensics++_C23/FaceShifter/504_502.mp4,ffpp_FaceShifter_504_502,1,FaceShifter
FaceForensics++_C23/FaceShifter/505_600.mp4,ffpp_FaceShifter_505_600,1,FaceShifter
FaceForensics++_C23/FaceShifter/506_478.mp4,ffpp_FaceShifter_506_478,1,FaceShifter
FaceForensics++_C23/FaceShifter/507_418.mp4,ffpp_FaceShifter_507_418,1,FaceShifter
FaceForensics++_C23/FaceShifter/508_831.mp4,ffpp_FaceShifter_508_831,1,FaceShifter
FaceForensics++_C23/FaceShifter/509_525.mp4,ffpp_FaceShifter_509_525,1,FaceShifter
FaceForensics++_C23/FaceShifter/510_528.mp4,ffpp_FaceShifter_510_528,1,FaceShifter
FaceForensics++_C23/FaceShifter/511_472.mp4,ffpp_FaceShifter_511_472,1,FaceShifter
FaceForensics++_C23/FaceShifter/512_495.mp4,ffpp_FaceShifter_512_495,1,FaceShifter
FaceForensics++_C23/FaceShifter/513_305.mp4,ffpp_FaceShifter_513_305,1,FaceShifter
FaceForensics++_C23/FaceShifter/514_443.mp4,ffpp_FaceShifter_514_443,1,FaceShifter
FaceForensics++_C23/FaceShifter/515_519.mp4,ffpp_FaceShifter_515_519,1,FaceShifter
FaceForensics++_C23/FaceShifter/516_555.mp4,ffpp_FaceShifter_516_555,1,FaceShifter
FaceForensics++_C23/FaceShifter/517_521.mp4,ffpp_FaceShifter_517_521,1,FaceShifter
FaceForensics++_C23/FaceShifter/518_131.mp4,ffpp_FaceShifter_518_131,1,FaceShifter
FaceForensics++_C23/FaceShifter/519_515.mp4,ffpp_FaceShifter_519_515,1,FaceShifter
FaceForensics++_C23/FaceShifter/520_542.mp4,ffpp_FaceShifter_520_542,1,FaceShifter
FaceForensics++_C23/FaceShifter/521_517.mp4,ffpp_FaceShifter_521_517,1,FaceShifter
FaceForensics++_C23/FaceShifter/522_337.mp4,ffpp_FaceShifter_522_337,1,FaceShifter
FaceForensics++_C23/FaceShifter/523_541.mp4,ffpp_FaceShifter_523_541,1,FaceShifter
FaceForensics++_C23/FaceShifter/524_580.mp4,ffpp_FaceShifter_524_580,1,FaceShifter
FaceForensics++_C23/FaceShifter/525_509.mp4,ffpp_FaceShifter_525_509,1,FaceShifter
FaceForensics++_C23/FaceShifter/526_436.mp4,ffpp_FaceShifter_526_436,1,FaceShifter
FaceForensics++_C23/FaceShifter/527_454.mp4,ffpp_FaceShifter_527_454,1,FaceShifter
FaceForensics++_C23/FaceShifter/528_510.mp4,ffpp_FaceShifter_528_510,1,FaceShifter
FaceForensics++_C23/FaceShifter/529_633.mp4,ffpp_FaceShifter_529_633,1,FaceShifter
FaceForensics++_C23/FaceShifter/530_594.mp4,ffpp_FaceShifter_530_594,1,FaceShifter
FaceForensics++_C23/FaceShifter/531_549.mp4,ffpp_FaceShifter_531_549,1,FaceShifter
FaceForensics++_C23/FaceShifter/532_544.mp4,ffpp_FaceShifter_532_544,1,FaceShifter
FaceForensics++_C23/FaceShifter/533_450.mp4,ffpp_FaceShifter_533_450,1,FaceShifter
FaceForensics++_C23/FaceShifter/534_490.mp4,ffpp_FaceShifter_534_490,1,FaceShifter
FaceForensics++_C23/FaceShifter/535_587.mp4,ffpp_FaceShifter_535_587,1,FaceShifter
FaceForensics++_C23/FaceShifter/536_540.mp4,ffpp_FaceShifter_536_540,1,FaceShifter
FaceForensics++_C23/FaceShifter/537_563.mp4,ffpp_FaceShifter_537_563,1,FaceShifter
FaceForensics++_C23/FaceShifter/538_493.mp4,ffpp_FaceShifter_538_493,1,FaceShifter
FaceForensics++_C23/FaceShifter/539_499.mp4,ffpp_FaceShifter_539_499,1,FaceShifter
FaceForensics++_C23/FaceShifter/540_536.mp4,ffpp_FaceShifter_540_536,1,FaceShifter
FaceForensics++_C23/FaceShifter/541_523.mp4,ffpp_FaceShifter_541_523,1,FaceShifter
FaceForensics++_C23/FaceShifter/542_520.mp4,ffpp_FaceShifter_542_520,1,FaceShifter
FaceForensics++_C23/FaceShifter/543_559.mp4,ffpp_FaceShifter_543_559,1,FaceShifter
FaceForensics++_C23/FaceShifter/544_532.mp4,ffpp_FaceShifter_544_532,1,FaceShifter
FaceForensics++_C23/FaceShifter/545_553.mp4,ffpp_FaceShifter_545_553,1,FaceShifter
FaceForensics++_C23/FaceShifter/546_621.mp4,ffpp_FaceShifter_546_621,1,FaceShifter
FaceForensics++_C23/FaceShifter/547_574.mp4,ffpp_FaceShifter_547_574,1,FaceShifter
FaceForensics++_C23/FaceShifter/548_632.mp4,ffpp_FaceShifter_548_632,1,FaceShifter
FaceForensics++_C23/FaceShifter/549_531.mp4,ffpp_FaceShifter_549_531,1,FaceShifter
FaceForensics++_C23/FaceShifter/550_452.mp4,ffpp_FaceShifter_550_452,1,FaceShifter
FaceForensics++_C23/FaceShifter/551_631.mp4,ffpp_FaceShifter_551_631,1,FaceShifter
FaceForensics++_C23/FaceShifter/552_851.mp4,ffpp_FaceShifter_552_851,1,FaceShifter
FaceForensics++_C23/FaceShifter/553_545.mp4,ffpp_FaceShifter_553_545,1,FaceShifter
FaceForensics++_C23/FaceShifter/554_572.mp4,ffpp_FaceShifter_554_572,1,FaceShifter
FaceForensics++_C23/FaceShifter/555_516.mp4,ffpp_FaceShifter_555_516,1,FaceShifter
FaceForensics++_C23/FaceShifter/556_588.mp4,ffpp_FaceShifter_556_588,1,FaceShifter
FaceForensics++_C23/FaceShifter/557_560.mp4,ffpp_FaceShifter_557_560,1,FaceShifter
FaceForensics++_C23/FaceShifter/558_583.mp4,ffpp_FaceShifter_558_583,1,FaceShifter
FaceForensics++_C23/FaceShifter/559_543.mp4,ffpp_FaceShifter_559_543,1,FaceShifter
FaceForensics++_C23/FaceShifter/560_557.mp4,ffpp_FaceShifter_560_557,1,FaceShifter
FaceForensics++_C23/FaceShifter/561_998.mp4,ffpp_FaceShifter_561_998,1,FaceShifter
FaceForensics++_C23/FaceShifter/562_626.mp4,ffpp_FaceShifter_562_626,1,FaceShifter
FaceForensics++_C23/FaceShifter/563_537.mp4,ffpp_FaceShifter_563_537,1,FaceShifter
FaceForensics++_C23/FaceShifter/564_971.mp4,ffpp_FaceShifter_564_971,1,FaceShifter
FaceForensics++_C23/FaceShifter/565_589.mp4,ffpp_FaceShifter_565_589,1,FaceShifter
FaceForensics++_C23/FaceShifter/566_617.mp4,ffpp_FaceShifter_566_617,1,FaceShifter
FaceForensics++_C23/FaceShifter/567_606.mp4,ffpp_FaceShifter_567_606,1,FaceShifter
FaceForensics++_C23/FaceShifter/568_628.mp4,ffpp_FaceShifter_568_628,1,FaceShifter
FaceForensics++_C23/FaceShifter/569_921.mp4,ffpp_FaceShifter_569_921,1,FaceShifter
FaceForensics++_C23/FaceShifter/570_624.mp4,ffpp_FaceShifter_570_624,1,FaceShifter
FaceForensics++_C23/FaceShifter/571_746.mp4,ffpp_FaceShifter_571_746,1,FaceShifter
FaceForensics++_C23/FaceShifter/572_554.mp4,ffpp_FaceShifter_572_554,1,FaceShifter
FaceForensics++_C23/FaceShifter/573_757.mp4,ffpp_FaceShifter_573_757,1,FaceShifter
FaceForensics++_C23/FaceShifter/574_547.mp4,ffpp_FaceShifter_574_547,1,FaceShifter
FaceForensics++_C23/FaceShifter/575_603.mp4,ffpp_FaceShifter_575_603,1,FaceShifter
FaceForensics++_C23/FaceShifter/576_155.mp4,ffpp_FaceShifter_576_155,1,FaceShifter
FaceForensics++_C23/FaceShifter/577_593.mp4,ffpp_FaceShifter_577_593,1,FaceShifter
FaceForensics++_C23/FaceShifter/578_636.mp4,ffpp_FaceShifter_578_636,1,FaceShifter
FaceForensics++_C23/FaceShifter/579_701.mp4,ffpp_FaceShifter_579_701,1,FaceShifter
FaceForensics++_C23/FaceShifter/580_524.mp4,ffpp_FaceShifter_580_524,1,FaceShifter
FaceForensics++_C23/FaceShifter/581_697.mp4,ffpp_FaceShifter_581_697,1,FaceShifter
FaceForensics++_C23/FaceShifter/582_172.mp4,ffpp_FaceShifter_582_172,1,FaceShifter
FaceForensics++_C23/FaceShifter/583_558.mp4,ffpp_FaceShifter_583_558,1,FaceShifter
FaceForensics++_C23/FaceShifter/584_823.mp4,ffpp_FaceShifter_584_823,1,FaceShifter
FaceForensics++_C23/FaceShifter/585_599.mp4,ffpp_FaceShifter_585_599,1,FaceShifter
FaceForensics++_C23/FaceShifter/586_223.mp4,ffpp_FaceShifter_586_223,1,FaceShifter
FaceForensics++_C23/FaceShifter/587_535.mp4,ffpp_FaceShifter_587_535,1,FaceShifter
FaceForensics++_C23/FaceShifter/588_556.mp4,ffpp_FaceShifter_588_556,1,FaceShifter
FaceForensics++_C23/FaceShifter/589_565.mp4,ffpp_FaceShifter_589_565,1,FaceShifter
FaceForensics++_C23/FaceShifter/590_034.mp4,ffpp_FaceShifter_590_034,1,FaceShifter
FaceForensics++_C23/FaceShifter/591_605.mp4,ffpp_FaceShifter_591_605,1,FaceShifter
FaceForensics++_C23/FaceShifter/592_500.mp4,ffpp_FaceShifter_592_500,1,FaceShifter
FaceForensics++_C23/FaceShifter/593_577.mp4,ffpp_FaceShifter_593_577,1,FaceShifter
FaceForensics++_C23/FaceShifter/594_530.mp4,ffpp_FaceShifter_594_530,1,FaceShifter
FaceForensics++_C23/FaceShifter/595_597.mp4,ffpp_FaceShifter_595_597,1,FaceShifter
FaceForensics++_C23/FaceShifter/596_609.mp4,ffpp_FaceShifter_596_609,1,FaceShifter
FaceForensics++_C23/FaceShifter/597_595.mp4,ffpp_FaceShifter_597_595,1,FaceShifter
FaceForensics++_C23/FaceShifter/598_178.mp4,ffpp_FaceShifter_598_178,1,FaceShifter
FaceForensics++_C23/FaceShifter/599_585.mp4,ffpp_FaceShifter_599_585,1,FaceShifter
FaceForensics++_C23/FaceShifter/600_505.mp4,ffpp_FaceShifter_600_505,1,FaceShifter
FaceForensics++_C23/FaceShifter/601_653.mp4,ffpp_FaceShifter_601_653,1,FaceShifter
FaceForensics++_C23/FaceShifter/602_397.mp4,ffpp_FaceShifter_602_397,1,FaceShifter
FaceForensics++_C23/FaceShifter/603_575.mp4,ffpp_FaceShifter_603_575,1,FaceShifter
FaceForensics++_C23/FaceShifter/604_703.mp4,ffpp_FaceShifter_604_703,1,FaceShifter
FaceForensics++_C23/FaceShifter/605_591.mp4,ffpp_FaceShifter_605_591,1,FaceShifter
FaceForensics++_C23/FaceShifter/606_567.mp4,ffpp_FaceShifter_606_567,1,FaceShifter
FaceForensics++_C23/FaceShifter/607_683.mp4,ffpp_FaceShifter_607_683,1,FaceShifter
FaceForensics++_C23/FaceShifter/608_675.mp4,ffpp_FaceShifter_608_675,1,FaceShifter
FaceForensics++_C23/FaceShifter/609_596.mp4,ffpp_FaceShifter_609_596,1,FaceShifter
FaceForensics++_C23/FaceShifter/610_692.mp4,ffpp_FaceShifter_610_692,1,FaceShifter
FaceForensics++_C23/FaceShifter/611_760.mp4,ffpp_FaceShifter_611_760,1,FaceShifter
FaceForensics++_C23/FaceShifter/612_702.mp4,ffpp_FaceShifter_612_702,1,FaceShifter
FaceForensics++_C23/FaceShifter/613_685.mp4,ffpp_FaceShifter_613_685,1,FaceShifter
FaceForensics++_C23/FaceShifter/614_616.mp4,ffpp_FaceShifter_614_616,1,FaceShifter
FaceForensics++_C23/FaceShifter/615_687.mp4,ffpp_FaceShifter_615_687,1,FaceShifter
FaceForensics++_C23/FaceShifter/616_614.mp4,ffpp_FaceShifter_616_614,1,FaceShifter
FaceForensics++_C23/FaceShifter/617_566.mp4,ffpp_FaceShifter_617_566,1,FaceShifter
FaceForensics++_C23/FaceShifter/618_629.mp4,ffpp_FaceShifter_618_629,1,FaceShifter
FaceForensics++_C23/FaceShifter/619_620.mp4,ffpp_FaceShifter_619_620,1,FaceShifter
FaceForensics++_C23/FaceShifter/620_619.mp4,ffpp_FaceShifter_620_619,1,FaceShifter
FaceForensics++_C23/FaceShifter/621_546.mp4,ffpp_FaceShifter_621_546,1,FaceShifter
FaceForensics++_C23/FaceShifter/622_647.mp4,ffpp_FaceShifter_622_647,1,FaceShifter
FaceForensics++_C23/FaceShifter/623_630.mp4,ffpp_FaceShifter_623_630,1,FaceShifter
FaceForensics++_C23/FaceShifter/624_570.mp4,ffpp_FaceShifter_624_570,1,FaceShifter
FaceForensics++_C23/FaceShifter/625_650.mp4,ffpp_FaceShifter_625_650,1,FaceShifter
FaceForensics++_C23/FaceShifter/626_562.mp4,ffpp_FaceShifter_626_562,1,FaceShifter
FaceForensics++_C23/FaceShifter/627_658.mp4,ffpp_FaceShifter_627_658,1,FaceShifter
FaceForensics++_C23/FaceShifter/628_568.mp4,ffpp_FaceShifter_628_568,1,FaceShifter
FaceForensics++_C23/FaceShifter/629_618.mp4,ffpp_FaceShifter_629_618,1,FaceShifter
FaceForensics++_C23/FaceShifter/630_623.mp4,ffpp_FaceShifter_630_623,1,FaceShifter
FaceForensics++_C23/FaceShifter/631_551.mp4,ffpp_FaceShifter_631_551,1,FaceShifter
FaceForensics++_C23/FaceShifter/632_548.mp4,ffpp_FaceShifter_632_548,1,FaceShifter
FaceForensics++_C23/FaceShifter/633_529.mp4,ffpp_FaceShifter_633_529,1,FaceShifter
FaceForensics++_C23/FaceShifter/634_660.mp4,ffpp_FaceShifter_634_660,1,FaceShifter
FaceForensics++_C23/FaceShifter/635_642.mp4,ffpp_FaceShifter_635_642,1,FaceShifter
FaceForensics++_C23/FaceShifter/636_578.mp4,ffpp_FaceShifter_636_578,1,FaceShifter
FaceForensics++_C23/FaceShifter/637_427.mp4,ffpp_FaceShifter_637_427,1,FaceShifter
FaceForensics++_C23/FaceShifter/638_640.mp4,ffpp_FaceShifter_638_640,1,FaceShifter
FaceForensics++_C23/FaceShifter/639_841.mp4,ffpp_FaceShifter_639_841,1,FaceShifter
FaceForensics++_C23/FaceShifter/640_638.mp4,ffpp_FaceShifter_640_638,1,FaceShifter
FaceForensics++_C23/FaceShifter/641_662.mp4,ffpp_FaceShifter_641_662,1,FaceShifter
FaceForensics++_C23/FaceShifter/642_635.mp4,ffpp_FaceShifter_642_635,1,FaceShifter
FaceForensics++_C23/FaceShifter/643_646.mp4,ffpp_FaceShifter_643_646,1,FaceShifter
FaceForensics++_C23/FaceShifter/644_657.mp4,ffpp_FaceShifter_644_657,1,FaceShifter
FaceForensics++_C23/FaceShifter/645_688.mp4,ffpp_FaceShifter_645_688,1,FaceShifter
FaceForensics++_C23/FaceShifter/646_643.mp4,ffpp_FaceShifter_646_643,1,FaceShifter
FaceForensics++_C23/FaceShifter/647_622.mp4,ffpp_FaceShifter_647_622,1,FaceShifter
FaceForensics++_C23/FaceShifter/648_654.mp4,ffpp_FaceShifter_648_654,1,FaceShifter
FaceForensics++_C23/FaceShifter/649_816.mp4,ffpp_FaceShifter_649_816,1,FaceShifter
FaceForensics++_C23/FaceShifter/650_625.mp4,ffpp_FaceShifter_650_625,1,FaceShifter
FaceForensics++_C23/FaceShifter/651_835.mp4,ffpp_FaceShifter_651_835,1,FaceShifter
FaceForensics++_C23/FaceShifter/652_773.mp4,ffpp_FaceShifter_652_773,1,FaceShifter
FaceForensics++_C23/FaceShifter/653_601.mp4,ffpp_FaceShifter_653_601,1,FaceShifter
FaceForensics++_C23/FaceShifter/654_648.mp4,ffpp_FaceShifter_654_648,1,FaceShifter
FaceForensics++_C23/FaceShifter/655_444.mp4,ffpp_FaceShifter_655_444,1,FaceShifter
FaceForensics++_C23/FaceShifter/656_666.mp4,ffpp_FaceShifter_656_666,1,FaceShifter
FaceForensics++_C23/FaceShifter/657_644.mp4,ffpp_FaceShifter_657_644,1,FaceShifter
FaceForensics++_C23/FaceShifter/658_627.mp4,ffpp_FaceShifter_658_627,1,FaceShifter
FaceForensics++_C23/FaceShifter/659_749.mp4,ffpp_FaceShifter_659_749,1,FaceShifter
FaceForensics++_C23/FaceShifter/660_634.mp4,ffpp_FaceShifter_660_634,1,FaceShifter
FaceForensics++_C23/FaceShifter/661_670.mp4,ffpp_FaceShifter_661_670,1,FaceShifter
FaceForensics++_C23/FaceShifter/662_641.mp4,ffpp_FaceShifter_662_641,1,FaceShifter
FaceForensics++_C23/FaceShifter/663_231.mp4,ffpp_FaceShifter_663_231,1,FaceShifter
FaceForensics++_C23/FaceShifter/664_668.mp4,ffpp_FaceShifter_664_668,1,FaceShifter
FaceForensics++_C23/FaceShifter/665_679.mp4,ffpp_FaceShifter_665_679,1,FaceShifter
FaceForensics++_C23/FaceShifter/666_656.mp4,ffpp_FaceShifter_666_656,1,FaceShifter
FaceForensics++_C23/FaceShifter/667_446.mp4,ffpp_FaceShifter_667_446,1,FaceShifter
FaceForensics++_C23/FaceShifter/668_664.mp4,ffpp_FaceShifter_668_664,1,FaceShifter
FaceForensics++_C23/FaceShifter/669_682.mp4,ffpp_FaceShifter_669_682,1,FaceShifter
FaceForensics++_C23/FaceShifter/670_661.mp4,ffpp_FaceShifter_670_661,1,FaceShifter
FaceForensics++_C23/FaceShifter/671_677.mp4,ffpp_FaceShifter_671_677,1,FaceShifter
FaceForensics++_C23/FaceShifter/672_720.mp4,ffpp_FaceShifter_672_720,1,FaceShifter
FaceForensics++_C23/FaceShifter/673_728.mp4,ffpp_FaceShifter_673_728,1,FaceShifter
FaceForensics++_C23/FaceShifter/674_744.mp4,ffpp_FaceShifter_674_744,1,FaceShifter
FaceForensics++_C23/FaceShifter/675_608.mp4,ffpp_FaceShifter_675_608,1,FaceShifter
FaceForensics++_C23/FaceShifter/676_776.mp4,ffpp_FaceShifter_676_776,1,FaceShifter
FaceForensics++_C23/FaceShifter/677_671.mp4,ffpp_FaceShifter_677_671,1,FaceShifter
FaceForensics++_C23/FaceShifter/678_460.mp4,ffpp_FaceShifter_678_460,1,FaceShifter
FaceForensics++_C23/FaceShifter/679_665.mp4,ffpp_FaceShifter_679_665,1,FaceShifter
FaceForensics++_C23/FaceShifter/680_486.mp4,ffpp_FaceShifter_680_486,1,FaceShifter
FaceForensics++_C23/FaceShifter/681_711.mp4,ffpp_FaceShifter_681_711,1,FaceShifter
FaceForensics++_C23/FaceShifter/682_669.mp4,ffpp_FaceShifter_682_669,1,FaceShifter
FaceForensics++_C23/FaceShifter/683_607.mp4,ffpp_FaceShifter_683_607,1,FaceShifter
FaceForensics++_C23/FaceShifter/684_717.mp4,ffpp_FaceShifter_684_717,1,FaceShifter
FaceForensics++_C23/FaceShifter/685_613.mp4,ffpp_FaceShifter_685_613,1,FaceShifter
FaceForensics++_C23/FaceShifter/686_696.mp4,ffpp_FaceShifter_686_696,1,FaceShifter
FaceForensics++_C23/FaceShifter/687_615.mp4,ffpp_FaceShifter_687_615,1,FaceShifter
FaceForensics++_C23/FaceShifter/688_645.mp4,ffpp_FaceShifter_688_645,1,FaceShifter
FaceForensics++_C23/FaceShifter/689_690.mp4,ffpp_FaceShifter_689_690,1,FaceShifter
FaceForensics++_C23/FaceShifter/690_689.mp4,ffpp_FaceShifter_690_689,1,FaceShifter
FaceForensics++_C23/FaceShifter/691_732.mp4,ffpp_FaceShifter_691_732,1,FaceShifter
FaceForensics++_C23/FaceShifter/692_610.mp4,ffpp_FaceShifter_692_610,1,FaceShifter
FaceForensics++_C23/FaceShifter/693_698.mp4,ffpp_FaceShifter_693_698,1,FaceShifter
FaceForensics++_C23/FaceShifter/694_767.mp4,ffpp_FaceShifter_694_767,1,FaceShifter
FaceForensics++_C23/FaceShifter/695_422.mp4,ffpp_FaceShifter_695_422,1,FaceShifter
FaceForensics++_C23/FaceShifter/696_686.mp4,ffpp_FaceShifter_696_686,1,FaceShifter
FaceForensics++_C23/FaceShifter/697_581.mp4,ffpp_FaceShifter_697_581,1,FaceShifter
FaceForensics++_C23/FaceShifter/698_693.mp4,ffpp_FaceShifter_698_693,1,FaceShifter
FaceForensics++_C23/FaceShifter/699_734.mp4,ffpp_FaceShifter_699_734,1,FaceShifter
FaceForensics++_C23/FaceShifter/700_813.mp4,ffpp_FaceShifter_700_813,1,FaceShifter
FaceForensics++_C23/FaceShifter/701_579.mp4,ffpp_FaceShifter_701_579,1,FaceShifter
FaceForensics++_C23/FaceShifter/702_612.mp4,ffpp_FaceShifter_702_612,1,FaceShifter
FaceForensics++_C23/FaceShifter/703_604.mp4,ffpp_FaceShifter_703_604,1,FaceShifter
FaceForensics++_C23/FaceShifter/704_723.mp4,ffpp_FaceShifter_704_723,1,FaceShifter
FaceForensics++_C23/FaceShifter/705_707.mp4,ffpp_FaceShifter_705_707,1,FaceShifter
FaceForensics++_C23/FaceShifter/706_479.mp4,ffpp_FaceShifter_706_479,1,FaceShifter
FaceForensics++_C23/FaceShifter/707_705.mp4,ffpp_FaceShifter_707_705,1,FaceShifter
FaceForensics++_C23/FaceShifter/708_772.mp4,ffpp_FaceShifter_708_772,1,FaceShifter
FaceForensics++_C23/FaceShifter/709_390.mp4,ffpp_FaceShifter_709_390,1,FaceShifter
FaceForensics++_C23/FaceShifter/710_788.mp4,ffpp_FaceShifter_710_788,1,FaceShifter
FaceForensics++_C23/FaceShifter/711_681.mp4,ffpp_FaceShifter_711_681,1,FaceShifter
FaceForensics++_C23/FaceShifter/712_716.mp4,ffpp_FaceShifter_712_716,1,FaceShifter
FaceForensics++_C23/FaceShifter/713_726.mp4,ffpp_FaceShifter_713_726,1,FaceShifter
FaceForensics++_C23/FaceShifter/714_842.mp4,ffpp_FaceShifter_714_842,1,FaceShifter
FaceForensics++_C23/FaceShifter/715_721.mp4,ffpp_FaceShifter_715_721,1,FaceShifter
FaceForensics++_C23/FaceShifter/716_712.mp4,ffpp_FaceShifter_716_712,1,FaceShifter
FaceForensics++_C23/FaceShifter/717_684.mp4,ffpp_FaceShifter_717_684,1,FaceShifter
FaceForensics++_C23/FaceShifter/718_972.mp4,ffpp_FaceShifter_718_972,1,FaceShifter
FaceForensics++_C23/FaceShifter/719_737.mp4,ffpp_FaceShifter_719_737,1,FaceShifter
FaceForensics++_C23/FaceShifter/720_672.mp4,ffpp_FaceShifter_720_672,1,FaceShifter
FaceForensics++_C23/FaceShifter/721_715.mp4,ffpp_FaceShifter_721_715,1,FaceShifter
FaceForensics++_C23/FaceShifter/722_458.mp4,ffpp_FaceShifter_722_458,1,FaceShifter
FaceForensics++_C23/FaceShifter/723_704.mp4,ffpp_FaceShifter_723_704,1,FaceShifter
FaceForensics++_C23/FaceShifter/724_725.mp4,ffpp_FaceShifter_724_725,1,FaceShifter
FaceForensics++_C23/FaceShifter/725_724.mp4,ffpp_FaceShifter_725_724,1,FaceShifter
FaceForensics++_C23/FaceShifter/726_713.mp4,ffpp_FaceShifter_726_713,1,FaceShifter
FaceForensics++_C23/FaceShifter/727_729.mp4,ffpp_FaceShifter_727_729,1,FaceShifter
FaceForensics++_C23/FaceShifter/728_673.mp4,ffpp_FaceShifter_728_673,1,FaceShifter
FaceForensics++_C23/FaceShifter/729_727.mp4,ffpp_FaceShifter_729_727,1,FaceShifter
FaceForensics++_C23/FaceShifter/730_815.mp4,ffpp_FaceShifter_730_815,1,FaceShifter
FaceForensics++_C23/FaceShifter/731_741.mp4,ffpp_FaceShifter_731_741,1,FaceShifter
FaceForensics++_C23/FaceShifter/732_691.mp4,ffpp_FaceShifter_732_691,1,FaceShifter
FaceForensics++_C23/FaceShifter/733_935.mp4,ffpp_FaceShifter_733_935,1,FaceShifter
FaceForensics++_C23/FaceShifter/734_699.mp4,ffpp_FaceShifter_734_699,1,FaceShifter
FaceForensics++_C23/FaceShifter/735_774.mp4,ffpp_FaceShifter_735_774,1,FaceShifter
FaceForensics++_C23/FaceShifter/736_785.mp4,ffpp_FaceShifter_736_785,1,FaceShifter
FaceForensics++_C23/FaceShifter/737_719.mp4,ffpp_FaceShifter_737_719,1,FaceShifter
FaceForensics++_C23/FaceShifter/738_804.mp4,ffpp_FaceShifter_738_804,1,FaceShifter
FaceForensics++_C23/FaceShifter/739_865.mp4,ffpp_FaceShifter_739_865,1,FaceShifter
FaceForensics++_C23/FaceShifter/740_796.mp4,ffpp_FaceShifter_740_796,1,FaceShifter
FaceForensics++_C23/FaceShifter/741_731.mp4,ffpp_FaceShifter_741_731,1,FaceShifter
FaceForensics++_C23/FaceShifter/742_775.mp4,ffpp_FaceShifter_742_775,1,FaceShifter
FaceForensics++_C23/FaceShifter/743_750.mp4,ffpp_FaceShifter_743_750,1,FaceShifter
FaceForensics++_C23/FaceShifter/744_674.mp4,ffpp_FaceShifter_744_674,1,FaceShifter
FaceForensics++_C23/FaceShifter/745_777.mp4,ffpp_FaceShifter_745_777,1,FaceShifter
FaceForensics++_C23/FaceShifter/746_571.mp4,ffpp_FaceShifter_746_571,1,FaceShifter
FaceForensics++_C23/FaceShifter/747_854.mp4,ffpp_FaceShifter_747_854,1,FaceShifter
FaceForensics++_C23/FaceShifter/748_355.mp4,ffpp_FaceShifter_748_355,1,FaceShifter
FaceForensics++_C23/FaceShifter/749_659.mp4,ffpp_FaceShifter_749_659,1,FaceShifter
FaceForensics++_C23/FaceShifter/750_743.mp4,ffpp_FaceShifter_750_743,1,FaceShifter
FaceForensics++_C23/FaceShifter/751_752.mp4,ffpp_FaceShifter_751_752,1,FaceShifter
FaceForensics++_C23/FaceShifter/752_751.mp4,ffpp_FaceShifter_752_751,1,FaceShifter
FaceForensics++_C23/FaceShifter/753_789.mp4,ffpp_FaceShifter_753_789,1,FaceShifter
FaceForensics++_C23/FaceShifter/754_758.mp4,ffpp_FaceShifter_754_758,1,FaceShifter
FaceForensics++_C23/FaceShifter/755_759.mp4,ffpp_FaceShifter_755_759,1,FaceShifter
FaceForensics++_C23/FaceShifter/756_503.mp4,ffpp_FaceShifter_756_503,1,FaceShifter
FaceForensics++_C23/FaceShifter/757_573.mp4,ffpp_FaceShifter_757_573,1,FaceShifter
FaceForensics++_C23/FaceShifter/758_754.mp4,ffpp_FaceShifter_758_754,1,FaceShifter
FaceForensics++_C23/FaceShifter/759_755.mp4,ffpp_FaceShifter_759_755,1,FaceShifter
FaceForensics++_C23/FaceShifter/760_611.mp4,ffpp_FaceShifter_760_611,1,FaceShifter
FaceForensics++_C23/FaceShifter/761_766.mp4,ffpp_FaceShifter_761_766,1,FaceShifter
FaceForensics++_C23/FaceShifter/762_832.mp4,ffpp_FaceShifter_762_832,1,FaceShifter
FaceForensics++_C23/FaceShifter/763_930.mp4,ffpp_FaceShifter_763_930,1,FaceShifter
FaceForensics++_C23/FaceShifter/764_850.mp4,ffpp_FaceShifter_764_850,1,FaceShifter
FaceForensics++_C23/FaceShifter/765_867.mp4,ffpp_FaceShifter_765_867,1,FaceShifter
FaceForensics++_C23/FaceShifter/766_761.mp4,ffpp_FaceShifter_766_761,1,FaceShifter
FaceForensics++_C23/FaceShifter/767_694.mp4,ffpp_FaceShifter_767_694,1,FaceShifter
FaceForensics++_C23/FaceShifter/768_793.mp4,ffpp_FaceShifter_768_793,1,FaceShifter
FaceForensics++_C23/FaceShifter/769_784.mp4,ffpp_FaceShifter_769_784,1,FaceShifter
FaceForensics++_C23/FaceShifter/770_791.mp4,ffpp_FaceShifter_770_791,1,FaceShifter
FaceForensics++_C23/FaceShifter/771_849.mp4,ffpp_FaceShifter_771_849,1,FaceShifter
FaceForensics++_C23/FaceShifter/772_708.mp4,ffpp_FaceShifter_772_708,1,FaceShifter
FaceForensics++_C23/FaceShifter/773_652.mp4,ffpp_FaceShifter_773_652,1,FaceShifter
FaceForensics++_C23/FaceShifter/774_735.mp4,ffpp_FaceShifter_774_735,1,FaceShifter
FaceForensics++_C23/FaceShifter/775_742.mp4,ffpp_FaceShifter_775_742,1,FaceShifter
FaceForensics++_C23/FaceShifter/776_676.mp4,ffpp_FaceShifter_776_676,1,FaceShifter
FaceForensics++_C23/FaceShifter/777_745.mp4,ffpp_FaceShifter_777_745,1,FaceShifter
FaceForensics++_C23/FaceShifter/778_798.mp4,ffpp_FaceShifter_778_798,1,FaceShifter
FaceForensics++_C23/FaceShifter/779_794.mp4,ffpp_FaceShifter_779_794,1,FaceShifter
FaceForensics++_C23/FaceShifter/780_869.mp4,ffpp_FaceShifter_780_869,1,FaceShifter
FaceForensics++_C23/FaceShifter/781_806.mp4,ffpp_FaceShifter_781_806,1,FaceShifter
FaceForensics++_C23/FaceShifter/782_787.mp4,ffpp_FaceShifter_782_787,1,FaceShifter
FaceForensics++_C23/FaceShifter/783_916.mp4,ffpp_FaceShifter_783_916,1,FaceShifter
FaceForensics++_C23/FaceShifter/784_769.mp4,ffpp_FaceShifter_784_769,1,FaceShifter
FaceForensics++_C23/FaceShifter/785_736.mp4,ffpp_FaceShifter_785_736,1,FaceShifter
FaceForensics++_C23/FaceShifter/786_819.mp4,ffpp_FaceShifter_786_819,1,FaceShifter
FaceForensics++_C23/FaceShifter/787_782.mp4,ffpp_FaceShifter_787_782,1,FaceShifter
FaceForensics++_C23/FaceShifter/788_710.mp4,ffpp_FaceShifter_788_710,1,FaceShifter
FaceForensics++_C23/FaceShifter/789_753.mp4,ffpp_FaceShifter_789_753,1,FaceShifter
FaceForensics++_C23/FaceShifter/790_014.mp4,ffpp_FaceShifter_790_014,1,FaceShifter
FaceForensics++_C23/FaceShifter/791_770.mp4,ffpp_FaceShifter_791_770,1,FaceShifter
FaceForensics++_C23/FaceShifter/792_903.mp4,ffpp_FaceShifter_792_903,1,FaceShifter
FaceForensics++_C23/FaceShifter/793_768.mp4,ffpp_FaceShifter_793_768,1,FaceShifter
FaceForensics++_C23/FaceShifter/794_779.mp4,ffpp_FaceShifter_794_779,1,FaceShifter
FaceForensics++_C23/FaceShifter/795_907.mp4,ffpp_FaceShifter_795_907,1,FaceShifter
FaceForensics++_C23/FaceShifter/796_740.mp4,ffpp_FaceShifter_796_740,1,FaceShifter
FaceForensics++_C23/FaceShifter/797_844.mp4,ffpp_FaceShifter_797_844,1,FaceShifter
FaceForensics++_C23/FaceShifter/798_778.mp4,ffpp_FaceShifter_798_778,1,FaceShifter
FaceForensics++_C23/FaceShifter/799_809.mp4,ffpp_FaceShifter_799_809,1,FaceShifter
FaceForensics++_C23/FaceShifter/800_840.mp4,ffpp_FaceShifter_800_840,1,FaceShifter
FaceForensics++_C23/FaceShifter/801_855.mp4,ffpp_FaceShifter_801_855,1,FaceShifter
FaceForensics++_C23/FaceShifter/802_885.mp4,ffpp_FaceShifter_802_885,1,FaceShifter
FaceForensics++_C23/FaceShifter/803_017.mp4,ffpp_FaceShifter_803_017,1,FaceShifter
FaceForensics++_C23/FaceShifter/804_738.mp4,ffpp_FaceShifter_804_738,1,FaceShifter
FaceForensics++_C23/FaceShifter/805_011.mp4,ffpp_FaceShifter_805_011,1,FaceShifter
FaceForensics++_C23/FaceShifter/806_781.mp4,ffpp_FaceShifter_806_781,1,FaceShifter
FaceForensics++_C23/FaceShifter/807_273.mp4,ffpp_FaceShifter_807_273,1,FaceShifter
FaceForensics++_C23/FaceShifter/808_829.mp4,ffpp_FaceShifter_808_829,1,FaceShifter
FaceForensics++_C23/FaceShifter/809_799.mp4,ffpp_FaceShifter_809_799,1,FaceShifter
FaceForensics++_C23/FaceShifter/810_838.mp4,ffpp_FaceShifter_810_838,1,FaceShifter
FaceForensics++_C23/FaceShifter/811_920.mp4,ffpp_FaceShifter_811_920,1,FaceShifter
FaceForensics++_C23/FaceShifter/812_821.mp4,ffpp_FaceShifter_812_821,1,FaceShifter
FaceForensics++_C23/FaceShifter/813_700.mp4,ffpp_FaceShifter_813_700,1,FaceShifter
FaceForensics++_C23/FaceShifter/814_871.mp4,ffpp_FaceShifter_814_871,1,FaceShifter
FaceForensics++_C23/FaceShifter/815_730.mp4,ffpp_FaceShifter_815_730,1,FaceShifter
FaceForensics++_C23/FaceShifter/816_649.mp4,ffpp_FaceShifter_816_649,1,FaceShifter
FaceForensics++_C23/FaceShifter/817_827.mp4,ffpp_FaceShifter_817_827,1,FaceShifter
FaceForensics++_C23/FaceShifter/818_820.mp4,ffpp_FaceShifter_818_820,1,FaceShifter
FaceForensics++_C23/FaceShifter/819_786.mp4,ffpp_FaceShifter_819_786,1,FaceShifter
FaceForensics++_C23/FaceShifter/820_818.mp4,ffpp_FaceShifter_820_818,1,FaceShifter
FaceForensics++_C23/FaceShifter/821_812.mp4,ffpp_FaceShifter_821_812,1,FaceShifter
FaceForensics++_C23/FaceShifter/822_244.mp4,ffpp_FaceShifter_822_244,1,FaceShifter
FaceForensics++_C23/FaceShifter/823_584.mp4,ffpp_FaceShifter_823_584,1,FaceShifter
FaceForensics++_C23/FaceShifter/824_419.mp4,ffpp_FaceShifter_824_419,1,FaceShifter
FaceForensics++_C23/FaceShifter/825_074.mp4,ffpp_FaceShifter_825_074,1,FaceShifter
FaceForensics++_C23/FaceShifter/826_833.mp4,ffpp_FaceShifter_826_833,1,FaceShifter
FaceForensics++_C23/FaceShifter/827_817.mp4,ffpp_FaceShifter_827_817,1,FaceShifter
FaceForensics++_C23/FaceShifter/828_830.mp4,ffpp_FaceShifter_828_830,1,FaceShifter
FaceForensics++_C23/FaceShifter/829_808.mp4,ffpp_FaceShifter_829_808,1,FaceShifter
FaceForensics++_C23/FaceShifter/830_828.mp4,ffpp_FaceShifter_830_828,1,FaceShifter
FaceForensics++_C23/FaceShifter/831_508.mp4,ffpp_FaceShifter_831_508,1,FaceShifter
FaceForensics++_C23/FaceShifter/832_762.mp4,ffpp_FaceShifter_832_762,1,FaceShifter
FaceForensics++_C23/FaceShifter/833_826.mp4,ffpp_FaceShifter_833_826,1,FaceShifter
FaceForensics++_C23/FaceShifter/834_852.mp4,ffpp_FaceShifter_834_852,1,FaceShifter
FaceForensics++_C23/FaceShifter/835_651.mp4,ffpp_FaceShifter_835_651,1,FaceShifter
FaceForensics++_C23/FaceShifter/836_950.mp4,ffpp_FaceShifter_836_950,1,FaceShifter
FaceForensics++_C23/FaceShifter/837_890.mp4,ffpp_FaceShifter_837_890,1,FaceShifter
FaceForensics++_C23/FaceShifter/838_810.mp4,ffpp_FaceShifter_838_810,1,FaceShifter
FaceForensics++_C23/FaceShifter/839_864.mp4,ffpp_FaceShifter_839_864,1,FaceShifter
FaceForensics++_C23/FaceShifter/840_800.mp4,ffpp_FaceShifter_840_800,1,FaceShifter
FaceForensics++_C23/FaceShifter/841_639.mp4,ffpp_FaceShifter_841_639,1,FaceShifter
FaceForensics++_C23/FaceShifter/842_714.mp4,ffpp_FaceShifter_842_714,1,FaceShifter
FaceForensics++_C23/FaceShifter/843_859.mp4,ffpp_FaceShifter_843_859,1,FaceShifter
FaceForensics++_C23/FaceShifter/844_797.mp4,ffpp_FaceShifter_844_797,1,FaceShifter
FaceForensics++_C23/FaceShifter/845_846.mp4,ffpp_FaceShifter_845_846,1,FaceShifter
FaceForensics++_C23/FaceShifter/846_845.mp4,ffpp_FaceShifter_846_845,1,FaceShifter
FaceForensics++_C23/FaceShifter/847_906.mp4,ffpp_FaceShifter_847_906,1,FaceShifter
FaceForensics++_C23/FaceShifter/848_894.mp4,ffpp_FaceShifter_848_894,1,FaceShifter
FaceForensics++_C23/FaceShifter/849_771.mp4,ffpp_FaceShifter_849_771,1,FaceShifter
FaceForensics++_C23/FaceShifter/850_764.mp4,ffpp_FaceShifter_850_764,1,FaceShifter
FaceForensics++_C23/FaceShifter/851_552.mp4,ffpp_FaceShifter_851_552,1,FaceShifter
FaceForensics++_C23/FaceShifter/852_834.mp4,ffpp_FaceShifter_852_834,1,FaceShifter
FaceForensics++_C23/FaceShifter/853_863.mp4,ffpp_FaceShifter_853_863,1,FaceShifter
FaceForensics++_C23/FaceShifter/854_747.mp4,ffpp_FaceShifter_854_747,1,FaceShifter
FaceForensics++_C23/FaceShifter/855_801.mp4,ffpp_FaceShifter_855_801,1,FaceShifter
FaceForensics++_C23/FaceShifter/856_881.mp4,ffpp_FaceShifter_856_881,1,FaceShifter
FaceForensics++_C23/FaceShifter/857_909.mp4,ffpp_FaceShifter_857_909,1,FaceShifter
FaceForensics++_C23/FaceShifter/858_861.mp4,ffpp_FaceShifter_858_861,1,FaceShifter
FaceForensics++_C23/FaceShifter/859_843.mp4,ffpp_FaceShifter_859_843,1,FaceShifter
FaceForensics++_C23/FaceShifter/860_905.mp4,ffpp_FaceShifter_860_905,1,FaceShifter
FaceForensics++_C23/FaceShifter/861_858.mp4,ffpp_FaceShifter_861_858,1,FaceShifter
FaceForensics++_C23/FaceShifter/862_047.mp4,ffpp_FaceShifter_862_047,1,FaceShifter
FaceForensics++_C23/FaceShifter/863_853.mp4,ffpp_FaceShifter_863_853,1,FaceShifter
FaceForensics++_C23/FaceShifter/864_839.mp4,ffpp_FaceShifter_864_839,1,FaceShifter
FaceForensics++_C23/FaceShifter/865_739.mp4,ffpp_FaceShifter_865_739,1,FaceShifter
FaceForensics++_C23/FaceShifter/866_878.mp4,ffpp_FaceShifter_866_878,1,FaceShifter
FaceForensics++_C23/FaceShifter/867_765.mp4,ffpp_FaceShifter_867_765,1,FaceShifter
FaceForensics++_C23/FaceShifter/868_949.mp4,ffpp_FaceShifter_868_949,1,FaceShifter
FaceForensics++_C23/FaceShifter/869_780.mp4,ffpp_FaceShifter_869_780,1,FaceShifter
FaceForensics++_C23/FaceShifter/870_001.mp4,ffpp_FaceShifter_870_001,1,FaceShifter
FaceForensics++_C23/FaceShifter/871_814.mp4,ffpp_FaceShifter_871_814,1,FaceShifter
FaceForensics++_C23/FaceShifter/872_873.mp4,ffpp_FaceShifter_872_873,1,FaceShifter
FaceForensics++_C23/FaceShifter/873_872.mp4,ffpp_FaceShifter_873_872,1,FaceShifter
FaceForensics++_C23/FaceShifter/874_291.mp4,ffpp_FaceShifter_874_291,1,FaceShifter
FaceForensics++_C23/FaceShifter/875_979.mp4,ffpp_FaceShifter_875_979,1,FaceShifter
FaceForensics++_C23/FaceShifter/876_891.mp4,ffpp_FaceShifter_876_891,1,FaceShifter
FaceForensics++_C23/FaceShifter/877_886.mp4,ffpp_FaceShifter_877_886,1,FaceShifter
FaceForensics++_C23/FaceShifter/878_866.mp4,ffpp_FaceShifter_878_866,1,FaceShifter
FaceForensics++_C23/FaceShifter/879_963.mp4,ffpp_FaceShifter_879_963,1,FaceShifter
FaceForensics++_C23/FaceShifter/880_135.mp4,ffpp_FaceShifter_880_135,1,FaceShifter
FaceForensics++_C23/FaceShifter/881_856.mp4,ffpp_FaceShifter_881_856,1,FaceShifter
FaceForensics++_C23/FaceShifter/882_952.mp4,ffpp_FaceShifter_882_952,1,FaceShifter
FaceForensics++_C23/FaceShifter/883_013.mp4,ffpp_FaceShifter_883_013,1,FaceShifter
FaceForensics++_C23/FaceShifter/884_968.mp4,ffpp_FaceShifter_884_968,1,FaceShifter
FaceForensics++_C23/FaceShifter/885_802.mp4,ffpp_FaceShifter_885_802,1,FaceShifter
FaceForensics++_C23/FaceShifter/886_877.mp4,ffpp_FaceShifter_886_877,1,FaceShifter
FaceForensics++_C23/FaceShifter/887_275.mp4,ffpp_FaceShifter_887_275,1,FaceShifter
FaceForensics++_C23/FaceShifter/888_937.mp4,ffpp_FaceShifter_888_937,1,FaceShifter
FaceForensics++_C23/FaceShifter/889_045.mp4,ffpp_FaceShifter_889_045,1,FaceShifter
FaceForensics++_C23/FaceShifter/890_837.mp4,ffpp_FaceShifter_890_837,1,FaceShifter
FaceForensics++_C23/FaceShifter/891_876.mp4,ffpp_FaceShifter_891_876,1,FaceShifter
FaceForensics++_C23/FaceShifter/892_112.mp4,ffpp_FaceShifter_892_112,1,FaceShifter
FaceForensics++_C23/FaceShifter/893_913.mp4,ffpp_FaceShifter_893_913,1,FaceShifter
FaceForensics++_C23/FaceShifter/894_848.mp4,ffpp_FaceShifter_894_848,1,FaceShifter
FaceForensics++_C23/FaceShifter/895_915.mp4,ffpp_FaceShifter_895_915,1,FaceShifter
FaceForensics++_C23/FaceShifter/896_128.mp4,ffpp_FaceShifter_896_128,1,FaceShifter
FaceForensics++_C23/FaceShifter/897_969.mp4,ffpp_FaceShifter_897_969,1,FaceShifter
FaceForensics++_C23/FaceShifter/898_922.mp4,ffpp_FaceShifter_898_922,1,FaceShifter
FaceForensics++_C23/FaceShifter/899_914.mp4,ffpp_FaceShifter_899_914,1,FaceShifter
FaceForensics++_C23/FaceShifter/900_926.mp4,ffpp_FaceShifter_900_926,1,FaceShifter
FaceForensics++_C23/FaceShifter/901_902.mp4,ffpp_FaceShifter_901_902,1,FaceShifter
FaceForensics++_C23/FaceShifter/902_901.mp4,ffpp_FaceShifter_902_901,1,FaceShifter
FaceForensics++_C23/FaceShifter/903_792.mp4,ffpp_FaceShifter_903_792,1,FaceShifter
FaceForensics++_C23/FaceShifter/904_046.mp4,ffpp_FaceShifter_904_046,1,FaceShifter
FaceForensics++_C23/FaceShifter/905_860.mp4,ffpp_FaceShifter_905_860,1,FaceShifter
FaceForensics++_C23/FaceShifter/906_847.mp4,ffpp_FaceShifter_906_847,1,FaceShifter
FaceForensics++_C23/FaceShifter/907_795.mp4,ffpp_FaceShifter_907_795,1,FaceShifter
FaceForensics++_C23/FaceShifter/908_207.mp4,ffpp_FaceShifter_908_207,1,FaceShifter
FaceForensics++_C23/FaceShifter/909_857.mp4,ffpp_FaceShifter_909_857,1,FaceShifter
FaceForensics++_C23/FaceShifter/910_911.mp4,ffpp_FaceShifter_910_911,1,FaceShifter
FaceForensics++_C23/FaceShifter/911_910.mp4,ffpp_FaceShifter_911_910,1,FaceShifter
FaceForensics++_C23/FaceShifter/912_927.mp4,ffpp_FaceShifter_912_927,1,FaceShifter
FaceForensics++_C23/FaceShifter/913_893.mp4,ffpp_FaceShifter_913_893,1,FaceShifter
FaceForensics++_C23/FaceShifter/914_899.mp4,ffpp_FaceShifter_914_899,1,FaceShifter
FaceForensics++_C23/FaceShifter/915_895.mp4,ffpp_FaceShifter_915_895,1,FaceShifter
FaceForensics++_C23/FaceShifter/916_783.mp4,ffpp_FaceShifter_916_783,1,FaceShifter
FaceForensics++_C23/FaceShifter/917_924.mp4,ffpp_FaceShifter_917_924,1,FaceShifter
FaceForensics++_C23/FaceShifter/918_934.mp4,ffpp_FaceShifter_918_934,1,FaceShifter
FaceForensics++_C23/FaceShifter/919_015.mp4,ffpp_FaceShifter_919_015,1,FaceShifter
FaceForensics++_C23/FaceShifter/920_811.mp4,ffpp_FaceShifter_920_811,1,FaceShifter
FaceForensics++_C23/FaceShifter/921_569.mp4,ffpp_FaceShifter_921_569,1,FaceShifter
FaceForensics++_C23/FaceShifter/922_898.mp4,ffpp_FaceShifter_922_898,1,FaceShifter
FaceForensics++_C23/FaceShifter/923_023.mp4,ffpp_FaceShifter_923_023,1,FaceShifter
FaceForensics++_C23/FaceShifter/924_917.mp4,ffpp_FaceShifter_924_917,1,FaceShifter
FaceForensics++_C23/FaceShifter/925_933.mp4,ffpp_FaceShifter_925_933,1,FaceShifter
FaceForensics++_C23/FaceShifter/926_900.mp4,ffpp_FaceShifter_926_900,1,FaceShifter
FaceForensics++_C23/FaceShifter/927_912.mp4,ffpp_FaceShifter_927_912,1,FaceShifter
FaceForensics++_C23/FaceShifter/928_160.mp4,ffpp_FaceShifter_928_160,1,FaceShifter
FaceForensics++_C23/FaceShifter/929_962.mp4,ffpp_FaceShifter_929_962,1,FaceShifter
FaceForensics++_C23/FaceShifter/930_763.mp4,ffpp_FaceShifter_930_763,1,FaceShifter
FaceForensics++_C23/FaceShifter/931_936.mp4,ffpp_FaceShifter_931_936,1,FaceShifter
FaceForensics++_C23/FaceShifter/932_384.mp4,ffpp_FaceShifter_932_384,1,FaceShifter
FaceForensics++_C23/FaceShifter/933_925.mp4,ffpp_FaceShifter_933_925,1,FaceShifter
FaceForensics++_C23/FaceShifter/934_918.mp4,ffpp_FaceShifter_934_918,1,FaceShifter
FaceForensics++_C23/FaceShifter/935_733.mp4,ffpp_FaceShifter_935_733,1,FaceShifter
FaceForensics++_C23/FaceShifter/936_931.mp4,ffpp_FaceShifter_936_931,1,FaceShifter
FaceForensics++_C23/FaceShifter/937_888.mp4,ffpp_FaceShifter_937_888,1,FaceShifter
FaceForensics++_C23/FaceShifter/938_987.mp4,ffpp_FaceShifter_938_987,1,FaceShifter
FaceForensics++_C23/FaceShifter/939_115.mp4,ffpp_FaceShifter_939_115,1,FaceShifter
FaceForensics++_C23/FaceShifter/940_941.mp4,ffpp_FaceShifter_940_941,1,FaceShifter
FaceForensics++_C23/FaceShifter/941_940.mp4,ffpp_FaceShifter_941_940,1,FaceShifter
FaceForensics++_C23/FaceShifter/942_943.mp4,ffpp_FaceShifter_942_943,1,FaceShifter
FaceForensics++_C23/FaceShifter/943_942.mp4,ffpp_FaceShifter_943_942,1,FaceShifter
FaceForensics++_C23/FaceShifter/944_032.mp4,ffpp_FaceShifter_944_032,1,FaceShifter
FaceForensics++_C23/FaceShifter/945_044.mp4,ffpp_FaceShifter_945_044,1,FaceShifter
FaceForensics++_C23/FaceShifter/946_049.mp4,ffpp_FaceShifter_946_049,1,FaceShifter
FaceForensics++_C23/FaceShifter/947_951.mp4,ffpp_FaceShifter_947_951,1,FaceShifter
FaceForensics++_C23/FaceShifter/948_965.mp4,ffpp_FaceShifter_948_965,1,FaceShifter
FaceForensics++_C23/FaceShifter/949_868.mp4,ffpp_FaceShifter_949_868,1,FaceShifter
FaceForensics++_C23/FaceShifter/950_836.mp4,ffpp_FaceShifter_950_836,1,FaceShifter
FaceForensics++_C23/FaceShifter/951_947.mp4,ffpp_FaceShifter_951_947,1,FaceShifter
FaceForensics++_C23/FaceShifter/952_882.mp4,ffpp_FaceShifter_952_882,1,FaceShifter
FaceForensics++_C23/FaceShifter/953_974.mp4,ffpp_FaceShifter_953_974,1,FaceShifter
FaceForensics++_C23/FaceShifter/954_976.mp4,ffpp_FaceShifter_954_976,1,FaceShifter
FaceForensics++_C23/FaceShifter/955_078.mp4,ffpp_FaceShifter_955_078,1,FaceShifter
FaceForensics++_C23/FaceShifter/956_958.mp4,ffpp_FaceShifter_956_958,1,FaceShifter
FaceForensics++_C23/FaceShifter/957_959.mp4,ffpp_FaceShifter_957_959,1,FaceShifter
FaceForensics++_C23/FaceShifter/958_956.mp4,ffpp_FaceShifter_958_956,1,FaceShifter
FaceForensics++_C23/FaceShifter/959_957.mp4,ffpp_FaceShifter_959_957,1,FaceShifter
FaceForensics++_C23/FaceShifter/960_999.mp4,ffpp_FaceShifter_960_999,1,FaceShifter
FaceForensics++_C23/FaceShifter/961_069.mp4,ffpp_FaceShifter_961_069,1,FaceShifter
FaceForensics++_C23/FaceShifter/962_929.mp4,ffpp_FaceShifter_962_929,1,FaceShifter
FaceForensics++_C23/FaceShifter/963_879.mp4,ffpp_FaceShifter_963_879,1,FaceShifter
FaceForensics++_C23/FaceShifter/964_174.mp4,ffpp_FaceShifter_964_174,1,FaceShifter
FaceForensics++_C23/FaceShifter/965_948.mp4,ffpp_FaceShifter_965_948,1,FaceShifter
FaceForensics++_C23/FaceShifter/966_988.mp4,ffpp_FaceShifter_966_988,1,FaceShifter
FaceForensics++_C23/FaceShifter/967_984.mp4,ffpp_FaceShifter_967_984,1,FaceShifter
FaceForensics++_C23/FaceShifter/968_884.mp4,ffpp_FaceShifter_968_884,1,FaceShifter
FaceForensics++_C23/FaceShifter/969_897.mp4,ffpp_FaceShifter_969_897,1,FaceShifter
FaceForensics++_C23/FaceShifter/970_973.mp4,ffpp_FaceShifter_970_973,1,FaceShifter
FaceForensics++_C23/FaceShifter/971_564.mp4,ffpp_FaceShifter_971_564,1,FaceShifter
FaceForensics++_C23/FaceShifter/972_718.mp4,ffpp_FaceShifter_972_718,1,FaceShifter
FaceForensics++_C23/FaceShifter/973_970.mp4,ffpp_FaceShifter_973_970,1,FaceShifter
FaceForensics++_C23/FaceShifter/974_953.mp4,ffpp_FaceShifter_974_953,1,FaceShifter
FaceForensics++_C23/FaceShifter/975_978.mp4,ffpp_FaceShifter_975_978,1,FaceShifter
FaceForensics++_C23/FaceShifter/976_954.mp4,ffpp_FaceShifter_976_954,1,FaceShifter
FaceForensics++_C23/FaceShifter/977_075.mp4,ffpp_FaceShifter_977_075,1,FaceShifter
FaceForensics++_C23/FaceShifter/978_975.mp4,ffpp_FaceShifter_978_975,1,FaceShifter
FaceForensics++_C23/FaceShifter/979_875.mp4,ffpp_FaceShifter_979_875,1,FaceShifter
FaceForensics++_C23/FaceShifter/980_992.mp4,ffpp_FaceShifter_980_992,1,FaceShifter
FaceForensics++_C23/FaceShifter/981_985.mp4,ffpp_FaceShifter_981_985,1,FaceShifter
FaceForensics++_C23/FaceShifter/982_004.mp4,ffpp_FaceShifter_982_004,1,FaceShifter
FaceForensics++_C23/FaceShifter/983_113.mp4,ffpp_FaceShifter_983_113,1,FaceShifter
FaceForensics++_C23/FaceShifter/984_967.mp4,ffpp_FaceShifter_984_967,1,FaceShifter
FaceForensics++_C23/FaceShifter/985_981.mp4,ffpp_FaceShifter_985_981,1,FaceShifter
FaceForensics++_C23/FaceShifter/986_994.mp4,ffpp_FaceShifter_986_994,1,FaceShifter
FaceForensics++_C23/FaceShifter/987_938.mp4,ffpp_FaceShifter_987_938,1,FaceShifter
FaceForensics++_C23/FaceShifter/988_966.mp4,ffpp_FaceShifter_988_966,1,FaceShifter
FaceForensics++_C23/FaceShifter/989_993.mp4,ffpp_FaceShifter_989_993,1,FaceShifter
FaceForensics++_C23/FaceShifter/990_008.mp4,ffpp_FaceShifter_990_008,1,FaceShifter
FaceForensics++_C23/FaceShifter/991_064.mp4,ffpp_FaceShifter_991_064,1,FaceShifter
FaceForensics++_C23/FaceShifter/992_980.mp4,ffpp_FaceShifter_992_980,1,FaceShifter
FaceForensics++_C23/FaceShifter/993_989.mp4,ffpp_FaceShifter_993_989,1,FaceShifter
FaceForensics++_C23/FaceShifter/994_986.mp4,ffpp_FaceShifter_994_986,1,FaceShifter
FaceForensics++_C23/FaceShifter/995_233.mp4,ffpp_FaceShifter_995_233,1,FaceShifter
FaceForensics++_C23/FaceShifter/996_056.mp4,ffpp_FaceShifter_996_056,1,FaceShifter
FaceForensics++_C23/FaceShifter/997_040.mp4,ffpp_FaceShifter_997_040,1,FaceShifter
FaceForensics++_C23/FaceShifter/998_561.mp4,ffpp_FaceShifter_998_561,1,FaceShifter
FaceForensics++_C23/FaceShifter/999_960.mp4,ffpp_FaceShifter_999_960,1,FaceShifter
FaceForensics++_C23/FaceSwap/000_003.mp4,ffpp_FaceSwap_000_003,1,FaceSwap
FaceForensics++_C23/FaceSwap/001_870.mp4,ffpp_FaceSwap_001_870,1,FaceSwap
FaceForensics++_C23/FaceSwap/002_006.mp4,ffpp_FaceSwap_002_006,1,FaceSwap
FaceForensics++_C23/FaceSwap/003_000.mp4,ffpp_FaceSwap_003_000,1,FaceSwap
FaceForensics++_C23/FaceSwap/004_982.mp4,ffpp_FaceSwap_004_982,1,FaceSwap
FaceForensics++_C23/FaceSwap/005_010.mp4,ffpp_FaceSwap_005_010,1,FaceSwap
FaceForensics++_C23/FaceSwap/006_002.mp4,ffpp_FaceSwap_006_002,1,FaceSwap
FaceForensics++_C23/FaceSwap/007_132.mp4,ffpp_FaceSwap_007_132,1,FaceSwap
FaceForensics++_C23/FaceSwap/008_990.mp4,ffpp_FaceSwap_008_990,1,FaceSwap
FaceForensics++_C23/FaceSwap/009_027.mp4,ffpp_FaceSwap_009_027,1,FaceSwap
FaceForensics++_C23/FaceSwap/010_005.mp4,ffpp_FaceSwap_010_005,1,FaceSwap
FaceForensics++_C23/FaceSwap/011_805.mp4,ffpp_FaceSwap_011_805,1,FaceSwap
FaceForensics++_C23/FaceSwap/012_026.mp4,ffpp_FaceSwap_012_026,1,FaceSwap
FaceForensics++_C23/FaceSwap/013_883.mp4,ffpp_FaceSwap_013_883,1,FaceSwap
FaceForensics++_C23/FaceSwap/014_790.mp4,ffpp_FaceSwap_014_790,1,FaceSwap
FaceForensics++_C23/FaceSwap/015_919.mp4,ffpp_FaceSwap_015_919,1,FaceSwap
FaceForensics++_C23/FaceSwap/016_209.mp4,ffpp_FaceSwap_016_209,1,FaceSwap
FaceForensics++_C23/FaceSwap/017_803.mp4,ffpp_FaceSwap_017_803,1,FaceSwap
FaceForensics++_C23/FaceSwap/018_019.mp4,ffpp_FaceSwap_018_019,1,FaceSwap
FaceForensics++_C23/FaceSwap/019_018.mp4,ffpp_FaceSwap_019_018,1,FaceSwap
FaceForensics++_C23/FaceSwap/020_344.mp4,ffpp_FaceSwap_020_344,1,FaceSwap
FaceForensics++_C23/FaceSwap/021_312.mp4,ffpp_FaceSwap_021_312,1,FaceSwap
FaceForensics++_C23/FaceSwap/022_489.mp4,ffpp_FaceSwap_022_489,1,FaceSwap
FaceForensics++_C23/FaceSwap/023_923.mp4,ffpp_FaceSwap_023_923,1,FaceSwap
FaceForensics++_C23/FaceSwap/024_073.mp4,ffpp_FaceSwap_024_073,1,FaceSwap
FaceForensics++_C23/FaceSwap/025_067.mp4,ffpp_FaceSwap_025_067,1,FaceSwap
FaceForensics++_C23/FaceSwap/026_012.mp4,ffpp_FaceSwap_026_012,1,FaceSwap
FaceForensics++_C23/FaceSwap/027_009.mp4,ffpp_FaceSwap_027_009,1,FaceSwap
FaceForensics++_C23/FaceSwap/028_068.mp4,ffpp_FaceSwap_028_068,1,FaceSwap
FaceForensics++_C23/FaceSwap/029_048.mp4,ffpp_FaceSwap_029_048,1,FaceSwap
FaceForensics++_C23/FaceSwap/030_193.mp4,ffpp_FaceSwap_030_193,1,FaceSwap
FaceForensics++_C23/FaceSwap/031_163.mp4,ffpp_FaceSwap_031_163,1,FaceSwap
FaceForensics++_C23/FaceSwap/032_944.mp4,ffpp_FaceSwap_032_944,1,FaceSwap
FaceForensics++_C23/FaceSwap/033_097.mp4,ffpp_FaceSwap_033_097,1,FaceSwap
FaceForensics++_C23/FaceSwap/034_590.mp4,ffpp_FaceSwap_034_590,1,FaceSwap
FaceForensics++_C23/FaceSwap/035_036.mp4,ffpp_FaceSwap_035_036,1,FaceSwap
FaceForensics++_C23/FaceSwap/036_035.mp4,ffpp_FaceSwap_036_035,1,FaceSwap
FaceForensics++_C23/FaceSwap/037_072.mp4,ffpp_FaceSwap_037_072,1,FaceSwap
FaceForensics++_C23/FaceSwap/038_125.mp4,ffpp_FaceSwap_038_125,1,FaceSwap
FaceForensics++_C23/FaceSwap/039_058.mp4,ffpp_FaceSwap_039_058,1,FaceSwap
FaceForensics++_C23/FaceSwap/040_997.mp4,ffpp_FaceSwap_040_997,1,FaceSwap
FaceForensics++_C23/FaceSwap/041_063.mp4,ffpp_FaceSwap_041_063,1,FaceSwap
FaceForensics++_C23/FaceSwap/042_084.mp4,ffpp_FaceSwap_042_084,1,FaceSwap
FaceForensics++_C23/FaceSwap/043_110.mp4,ffpp_FaceSwap_043_110,1,FaceSwap
FaceForensics++_C23/FaceSwap/044_945.mp4,ffpp_FaceSwap_044_945,1,FaceSwap
FaceForensics++_C23/FaceSwap/045_889.mp4,ffpp_FaceSwap_045_889,1,FaceSwap
FaceForensics++_C23/FaceSwap/046_904.mp4,ffpp_FaceSwap_046_904,1,FaceSwap
FaceForensics++_C23/FaceSwap/047_862.mp4,ffpp_FaceSwap_047_862,1,FaceSwap
FaceForensics++_C23/FaceSwap/048_029.mp4,ffpp_FaceSwap_048_029,1,FaceSwap
FaceForensics++_C23/FaceSwap/049_946.mp4,ffpp_FaceSwap_049_946,1,FaceSwap
FaceForensics++_C23/FaceSwap/050_059.mp4,ffpp_FaceSwap_050_059,1,FaceSwap
FaceForensics++_C23/FaceSwap/051_332.mp4,ffpp_FaceSwap_051_332,1,FaceSwap
FaceForensics++_C23/FaceSwap/052_108.mp4,ffpp_FaceSwap_052_108,1,FaceSwap
FaceForensics++_C23/FaceSwap/053_095.mp4,ffpp_FaceSwap_053_095,1,FaceSwap
FaceForensics++_C23/FaceSwap/054_071.mp4,ffpp_FaceSwap_054_071,1,FaceSwap
FaceForensics++_C23/FaceSwap/055_147.mp4,ffpp_FaceSwap_055_147,1,FaceSwap
FaceForensics++_C23/FaceSwap/056_996.mp4,ffpp_FaceSwap_056_996,1,FaceSwap
FaceForensics++_C23/FaceSwap/057_070.mp4,ffpp_FaceSwap_057_070,1,FaceSwap
FaceForensics++_C23/FaceSwap/058_039.mp4,ffpp_FaceSwap_058_039,1,FaceSwap
FaceForensics++_C23/FaceSwap/059_050.mp4,ffpp_FaceSwap_059_050,1,FaceSwap
FaceForensics++_C23/FaceSwap/060_088.mp4,ffpp_FaceSwap_060_088,1,FaceSwap
FaceForensics++_C23/FaceSwap/061_080.mp4,ffpp_FaceSwap_061_080,1,FaceSwap
FaceForensics++_C23/FaceSwap/062_066.mp4,ffpp_FaceSwap_062_066,1,FaceSwap
FaceForensics++_C23/FaceSwap/063_041.mp4,ffpp_FaceSwap_063_041,1,FaceSwap
FaceForensics++_C23/FaceSwap/064_991.mp4,ffpp_FaceSwap_064_991,1,FaceSwap
FaceForensics++_C23/FaceSwap/065_089.mp4,ffpp_FaceSwap_065_089,1,FaceSwap
FaceForensics++_C23/FaceSwap/066_062.mp4,ffpp_FaceSwap_066_062,1,FaceSwap
FaceForensics++_C23/FaceSwap/067_025.mp4,ffpp_FaceSwap_067_025,1,FaceSwap
FaceForensics++_C23/FaceSwap/068_028.mp4,ffpp_FaceSwap_068_028,1,FaceSwap
FaceForensics++_C23/FaceSwap/069_961.mp4,ffpp_FaceSwap_069_961,1,FaceSwap
FaceForensics++_C23/FaceSwap/070_057.mp4,ffpp_FaceSwap_070_057,1,FaceSwap
FaceForensics++_C23/FaceSwap/071_054.mp4,ffpp_FaceSwap_071_054,1,FaceSwap
FaceForensics++_C23/FaceSwap/072_037.mp4,ffpp_FaceSwap_072_037,1,FaceSwap
FaceForensics++_C23/FaceSwap/073_024.mp4,ffpp_FaceSwap_073_024,1,FaceSwap
FaceForensics++_C23/FaceSwap/074_825.mp4,ffpp_FaceSwap_074_825,1,FaceSwap
FaceForensics++_C23/FaceSwap/075_977.mp4,ffpp_FaceSwap_075_977,1,FaceSwap
FaceForensics++_C23/FaceSwap/076_079.mp4,ffpp_FaceSwap_076_079,1,FaceSwap
FaceForensics++_C23/FaceSwap/077_100.mp4,ffpp_FaceSwap_077_100,1,FaceSwap
FaceForensics++_C23/FaceSwap/078_955.mp4,ffpp_FaceSwap_078_955,1,FaceSwap
FaceForensics++_C23/FaceSwap/079_076.mp4,ffpp_FaceSwap_079_076,1,FaceSwap
FaceForensics++_C23/FaceSwap/080_061.mp4,ffpp_FaceSwap_080_061,1,FaceSwap
FaceForensics++_C23/FaceSwap/081_087.mp4,ffpp_FaceSwap_081_087,1,FaceSwap
FaceForensics++_C23/FaceSwap/082_103.mp4,ffpp_FaceSwap_082_103,1,FaceSwap
FaceForensics++_C23/FaceSwap/083_213.mp4,ffpp_FaceSwap_083_213,1,FaceSwap
FaceForensics++_C23/FaceSwap/084_042.mp4,ffpp_FaceSwap_084_042,1,FaceSwap
FaceForensics++_C23/FaceSwap/085_124.mp4,ffpp_FaceSwap_085_124,1,FaceSwap
FaceForensics++_C23/FaceSwap/086_090.mp4,ffpp_FaceSwap_086_090,1,FaceSwap
FaceForensics++_C23/FaceSwap/087_081.mp4,ffpp_FaceSwap_087_081,1,FaceSwap
FaceForensics++_C23/FaceSwap/088_060.mp4,ffpp_FaceSwap_088_060,1,FaceSwap
FaceForensics++_C23/FaceSwap/089_065.mp4,ffpp_FaceSwap_089_065,1,FaceSwap
FaceForensics++_C23/FaceSwap/090_086.mp4,ffpp_FaceSwap_090_086,1,FaceSwap
FaceForensics++_C23/FaceSwap/091_116.mp4,ffpp_FaceSwap_091_116,1,FaceSwap
FaceForensics++_C23/FaceSwap/092_098.mp4,ffpp_FaceSwap_092_098,1,FaceSwap
FaceForensics++_C23/FaceSwap/093_121.mp4,ffpp_FaceSwap_093_121,1,FaceSwap
FaceForensics++_C23/FaceSwap/094_111.mp4,ffpp_FaceSwap_094_111,1,FaceSwap
FaceForensics++_C23/FaceSwap/095_053.mp4,ffpp_FaceSwap_095_053,1,FaceSwap
FaceForensics++_C23/FaceSwap/096_101.mp4,ffpp_FaceSwap_096_101,1,FaceSwap
FaceForensics++_C23/FaceSwap/097_033.mp4,ffpp_FaceSwap_097_033,1,FaceSwap
FaceForensics++_C23/FaceSwap/098_092.mp4,ffpp_FaceSwap_098_092,1,FaceSwap
FaceForensics++_C23/FaceSwap/099_295.mp4,ffpp_FaceSwap_099_295,1,FaceSwap
FaceForensics++_C23/FaceSwap/100_077.mp4,ffpp_FaceSwap_100_077,1,FaceSwap
FaceForensics++_C23/FaceSwap/101_096.mp4,ffpp_FaceSwap_101_096,1,FaceSwap
FaceForensics++_C23/FaceSwap/102_114.mp4,ffpp_FaceSwap_102_114,1,FaceSwap
FaceForensics++_C23/FaceSwap/103_082.mp4,ffpp_FaceSwap_103_082,1,FaceSwap
FaceForensics++_C23/FaceSwap/104_126.mp4,ffpp_FaceSwap_104_126,1,FaceSwap
FaceForensics++_C23/FaceSwap/105_180.mp4,ffpp_FaceSwap_105_180,1,FaceSwap
FaceForensics++_C23/FaceSwap/106_198.mp4,ffpp_FaceSwap_106_198,1,FaceSwap
FaceForensics++_C23/FaceSwap/107_109.mp4,ffpp_FaceSwap_107_109,1,FaceSwap
FaceForensics++_C23/FaceSwap/108_052.mp4,ffpp_FaceSwap_108_052,1,FaceSwap
FaceForensics++_C23/FaceSwap/109_107.mp4,ffpp_FaceSwap_109_107,1,FaceSwap
FaceForensics++_C23/FaceSwap/110_043.mp4,ffpp_FaceSwap_110_043,1,FaceSwap
FaceForensics++_C23/FaceSwap/111_094.mp4,ffpp_FaceSwap_111_094,1,FaceSwap
FaceForensics++_C23/FaceSwap/112_892.mp4,ffpp_FaceSwap_112_892,1,FaceSwap
FaceForensics++_C23/FaceSwap/113_983.mp4,ffpp_FaceSwap_113_983,1,FaceSwap
FaceForensics++_C23/FaceSwap/114_102.mp4,ffpp_FaceSwap_114_102,1,FaceSwap
FaceForensics++_C23/FaceSwap/115_939.mp4,ffpp_FaceSwap_115_939,1,FaceSwap
FaceForensics++_C23/FaceSwap/116_091.mp4,ffpp_FaceSwap_116_091,1,FaceSwap
FaceForensics++_C23/FaceSwap/117_217.mp4,ffpp_FaceSwap_117_217,1,FaceSwap
FaceForensics++_C23/FaceSwap/118_120.mp4,ffpp_FaceSwap_118_120,1,FaceSwap
FaceForensics++_C23/FaceSwap/119_123.mp4,ffpp_FaceSwap_119_123,1,FaceSwap
FaceForensics++_C23/FaceSwap/120_118.mp4,ffpp_FaceSwap_120_118,1,FaceSwap
FaceForensics++_C23/FaceSwap/121_093.mp4,ffpp_FaceSwap_121_093,1,FaceSwap
FaceForensics++_C23/FaceSwap/122_144.mp4,ffpp_FaceSwap_122_144,1,FaceSwap
FaceForensics++_C23/FaceSwap/123_119.mp4,ffpp_FaceSwap_123_119,1,FaceSwap
FaceForensics++_C23/FaceSwap/124_085.mp4,ffpp_FaceSwap_124_085,1,FaceSwap
FaceForensics++_C23/FaceSwap/125_038.mp4,ffpp_FaceSwap_125_038,1,FaceSwap
FaceForensics++_C23/FaceSwap/126_104.mp4,ffpp_FaceSwap_126_104,1,FaceSwap
FaceForensics++_C23/FaceSwap/127_129.mp4,ffpp_FaceSwap_127_129,1,FaceSwap
FaceForensics++_C23/FaceSwap/128_896.mp4,ffpp_FaceSwap_128_896,1,FaceSwap
FaceForensics++_C23/FaceSwap/129_127.mp4,ffpp_FaceSwap_129_127,1,FaceSwap
FaceForensics++_C23/FaceSwap/130_139.mp4,ffpp_FaceSwap_130_139,1,FaceSwap
FaceForensics++_C23/FaceSwap/131_518.mp4,ffpp_FaceSwap_131_518,1,FaceSwap
FaceForensics++_C23/FaceSwap/132_007.mp4,ffpp_FaceSwap_132_007,1,FaceSwap
FaceForensics++_C23/FaceSwap/133_148.mp4,ffpp_FaceSwap_133_148,1,FaceSwap
FaceForensics++_C23/FaceSwap/134_192.mp4,ffpp_FaceSwap_134_192,1,FaceSwap
FaceForensics++_C23/FaceSwap/135_880.mp4,ffpp_FaceSwap_135_880,1,FaceSwap
FaceForensics++_C23/FaceSwap/136_285.mp4,ffpp_FaceSwap_136_285,1,FaceSwap
FaceForensics++_C23/FaceSwap/137_165.mp4,ffpp_FaceSwap_137_165,1,FaceSwap
FaceForensics++_C23/FaceSwap/138_142.mp4,ffpp_FaceSwap_138_142,1,FaceSwap
FaceForensics++_C23/FaceSwap/139_130.mp4,ffpp_FaceSwap_139_130,1,FaceSwap
FaceForensics++_C23/FaceSwap/140_143.mp4,ffpp_FaceSwap_140_143,1,FaceSwap
FaceForensics++_C23/FaceSwap/141_161.mp4,ffpp_FaceSwap_141_161,1,FaceSwap
FaceForensics++_C23/FaceSwap/142_138.mp4,ffpp_FaceSwap_142_138,1,FaceSwap
FaceForensics++_C23/FaceSwap/143_140.mp4,ffpp_FaceSwap_143_140,1,FaceSwap
FaceForensics++_C23/FaceSwap/144_122.mp4,ffpp_FaceSwap_144_122,1,FaceSwap
FaceForensics++_C23/FaceSwap/145_299.mp4,ffpp_FaceSwap_145_299,1,FaceSwap
FaceForensics++_C23/FaceSwap/146_256.mp4,ffpp_FaceSwap_146_256,1,FaceSwap
FaceForensics++_C23/FaceSwap/147_055.mp4,ffpp_FaceSwap_147_055,1,FaceSwap
FaceForensics++_C23/FaceSwap/148_133.mp4,ffpp_FaceSwap_148_133,1,FaceSwap
FaceForensics++_C23/FaceSwap/149_152.mp4,ffpp_FaceSwap_149_152,1,FaceSwap
FaceForensics++_C23/FaceSwap/150_153.mp4,ffpp_FaceSwap_150_153,1,FaceSwap
FaceForensics++_C23/FaceSwap/151_225.mp4,ffpp_FaceSwap_151_225,1,FaceSwap
FaceForensics++_C23/FaceSwap/152_149.mp4,ffpp_FaceSwap_152_149,1,FaceSwap
FaceForensics++_C23/FaceSwap/153_150.mp4,ffpp_FaceSwap_153_150,1,FaceSwap
FaceForensics++_C23/FaceSwap/154_386.mp4,ffpp_FaceSwap_154_386,1,FaceSwap
FaceForensics++_C23/FaceSwap/155_576.mp4,ffpp_FaceSwap_155_576,1,FaceSwap
FaceForensics++_C23/FaceSwap/156_243.mp4,ffpp_FaceSwap_156_243,1,FaceSwap
FaceForensics++_C23/FaceSwap/157_245.mp4,ffpp_FaceSwap_157_245,1,FaceSwap
FaceForensics++_C23/FaceSwap/158_379.mp4,ffpp_FaceSwap_158_379,1,FaceSwap
FaceForensics++_C23/FaceSwap/159_175.mp4,ffpp_FaceSwap_159_175,1,FaceSwap
FaceForensics++_C23/FaceSwap/160_928.mp4,ffpp_FaceSwap_160_928,1,FaceSwap
FaceForensics++_C23/FaceSwap/161_141.mp4,ffpp_FaceSwap_161_141,1,FaceSwap
FaceForensics++_C23/FaceSwap/162_330.mp4,ffpp_FaceSwap_162_330,1,FaceSwap
FaceForensics++_C23/FaceSwap/163_031.mp4,ffpp_FaceSwap_163_031,1,FaceSwap
FaceForensics++_C23/FaceSwap/164_216.mp4,ffpp_FaceSwap_164_216,1,FaceSwap
FaceForensics++_C23/FaceSwap/165_137.mp4,ffpp_FaceSwap_165_137,1,FaceSwap
FaceForensics++_C23/FaceSwap/166_167.mp4,ffpp_FaceSwap_166_167,1,FaceSwap
FaceForensics++_C23/FaceSwap/167_166.mp4,ffpp_FaceSwap_167_166,1,FaceSwap
FaceForensics++_C23/FaceSwap/168_222.mp4,ffpp_FaceSwap_168_222,1,FaceSwap
FaceForensics++_C23/FaceSwap/169_227.mp4,ffpp_FaceSwap_169_227,1,FaceSwap
FaceForensics++_C23/FaceSwap/170_186.mp4,ffpp_FaceSwap_170_186,1,FaceSwap
FaceForensics++_C23/FaceSwap/171_173.mp4,ffpp_FaceSwap_171_173,1,FaceSwap
FaceForensics++_C23/FaceSwap/172_582.mp4,ffpp_FaceSwap_172_582,1,FaceSwap
FaceForensics++_C23/FaceSwap/173_171.mp4,ffpp_FaceSwap_173_171,1,FaceSwap
FaceForensics++_C23/FaceSwap/174_964.mp4,ffpp_FaceSwap_174_964,1,FaceSwap
FaceForensics++_C23/FaceSwap/175_159.mp4,ffpp_FaceSwap_175_159,1,FaceSwap
FaceForensics++_C23/FaceSwap/176_190.mp4,ffpp_FaceSwap_176_190,1,FaceSwap
FaceForensics++_C23/FaceSwap/177_211.mp4,ffpp_FaceSwap_177_211,1,FaceSwap
FaceForensics++_C23/FaceSwap/178_598.mp4,ffpp_FaceSwap_178_598,1,FaceSwap
FaceForensics++_C23/FaceSwap/179_212.mp4,ffpp_FaceSwap_179_212,1,FaceSwap
FaceForensics++_C23/FaceSwap/180_105.mp4,ffpp_FaceSwap_180_105,1,FaceSwap
FaceForensics++_C23/FaceSwap/181_199.mp4,ffpp_FaceSwap_181_199,1,FaceSwap
FaceForensics++_C23/FaceSwap/182_242.mp4,ffpp_FaceSwap_182_242,1,FaceSwap
FaceForensics++_C23/FaceSwap/183_253.mp4,ffpp_FaceSwap_183_253,1,FaceSwap
FaceForensics++_C23/FaceSwap/184_205.mp4,ffpp_FaceSwap_184_205,1,FaceSwap
FaceForensics++_C23/FaceSwap/185_276.mp4,ffpp_FaceSwap_185_276,1,FaceSwap
FaceForensics++_C23/FaceSwap/186_170.mp4,ffpp_FaceSwap_186_170,1,FaceSwap
FaceForensics++_C23/FaceSwap/187_234.mp4,ffpp_FaceSwap_187_234,1,FaceSwap
FaceForensics++_C23/FaceSwap/188_191.mp4,ffpp_FaceSwap_188_191,1,FaceSwap
FaceForensics++_C23/FaceSwap/189_200.mp4,ffpp_FaceSwap_189_200,1,FaceSwap
FaceForensics++_C23/FaceSwap/190_176.mp4,ffpp_FaceSwap_190_176,1,FaceSwap
FaceForensics++_C23/FaceSwap/191_188.mp4,ffpp_FaceSwap_191_188,1,FaceSwap
FaceForensics++_C23/FaceSwap/192_134.mp4,ffpp_FaceSwap_192_134,1,FaceSwap
FaceForensics++_C23/FaceSwap/193_030.mp4,ffpp_FaceSwap_193_030,1,FaceSwap
FaceForensics++_C23/FaceSwap/194_235.mp4,ffpp_FaceSwap_194_235,1,FaceSwap
FaceForensics++_C23/FaceSwap/195_442.mp4,ffpp_FaceSwap_195_442,1,FaceSwap
FaceForensics++_C23/FaceSwap/196_310.mp4,ffpp_FaceSwap_196_310,1,FaceSwap
FaceForensics++_C23/FaceSwap/197_224.mp4,ffpp_FaceSwap_197_224,1,FaceSwap
FaceForensics++_C23/FaceSwap/198_106.mp4,ffpp_FaceSwap_198_106,1,FaceSwap
FaceForensics++_C23/FaceSwap/199_181.mp4,ffpp_FaceSwap_199_181,1,FaceSwap
FaceForensics++_C23/FaceSwap/200_189.mp4,ffpp_FaceSwap_200_189,1,FaceSwap
FaceForensics++_C23/FaceSwap/201_203.mp4,ffpp_FaceSwap_201_203,1,FaceSwap
FaceForensics++_C23/FaceSwap/202_348.mp4,ffpp_FaceSwap_202_348,1,FaceSwap
FaceForensics++_C23/FaceSwap/203_201.mp4,ffpp_FaceSwap_203_201,1,FaceSwap
FaceForensics++_C23/FaceSwap/204_230.mp4,ffpp_FaceSwap_204_230,1,FaceSwap
FaceForensics++_C23/FaceSwap/205_184.mp4,ffpp_FaceSwap_205_184,1,FaceSwap
FaceForensics++_C23/FaceSwap/206_221.mp4,ffpp_FaceSwap_206_221,1,FaceSwap
FaceForensics++_C23/FaceSwap/207_908.mp4,ffpp_FaceSwap_207_908,1,FaceSwap
FaceForensics++_C23/FaceSwap/208_215.mp4,ffpp_FaceSwap_208_215,1,FaceSwap
FaceForensics++_C23/FaceSwap/209_016.mp4,ffpp_FaceSwap_209_016,1,FaceSwap
FaceForensics++_C23/FaceSwap/210_241.mp4,ffpp_FaceSwap_210_241,1,FaceSwap
FaceForensics++_C23/FaceSwap/211_177.mp4,ffpp_FaceSwap_211_177,1,FaceSwap
FaceForensics++_C23/FaceSwap/212_179.mp4,ffpp_FaceSwap_212_179,1,FaceSwap
FaceForensics++_C23/FaceSwap/213_083.mp4,ffpp_FaceSwap_213_083,1,FaceSwap
FaceForensics++_C23/FaceSwap/214_255.mp4,ffpp_FaceSwap_214_255,1,FaceSwap
FaceForensics++_C23/FaceSwap/215_208.mp4,ffpp_FaceSwap_215_208,1,FaceSwap
FaceForensics++_C23/FaceSwap/216_164.mp4,ffpp_FaceSwap_216_164,1,FaceSwap
FaceForensics++_C23/FaceSwap/217_117.mp4,ffpp_FaceSwap_217_117,1,FaceSwap
FaceForensics++_C23/FaceSwap/218_239.mp4,ffpp_FaceSwap_218_239,1,FaceSwap
FaceForensics++_C23/FaceSwap/219_220.mp4,ffpp_FaceSwap_219_220,1,FaceSwap
FaceForensics++_C23/FaceSwap/220_219.mp4,ffpp_FaceSwap_220_219,1,FaceSwap
FaceForensics++_C23/FaceSwap/221_206.mp4,ffpp_FaceSwap_221_206,1,FaceSwap
FaceForensics++_C23/FaceSwap/222_168.mp4,ffpp_FaceSwap_222_168,1,FaceSwap
FaceForensics++_C23/FaceSwap/223_586.mp4,ffpp_FaceSwap_223_586,1,FaceSwap
FaceForensics++_C23/FaceSwap/224_197.mp4,ffpp_FaceSwap_224_197,1,FaceSwap
FaceForensics++_C23/FaceSwap/225_151.mp4,ffpp_FaceSwap_225_151,1,FaceSwap
FaceForensics++_C23/FaceSwap/226_491.mp4,ffpp_FaceSwap_226_491,1,FaceSwap
FaceForensics++_C23/FaceSwap/227_169.mp4,ffpp_FaceSwap_227_169,1,FaceSwap
FaceForensics++_C23/FaceSwap/228_289.mp4,ffpp_FaceSwap_228_289,1,FaceSwap
FaceForensics++_C23/FaceSwap/229_247.mp4,ffpp_FaceSwap_229_247,1,FaceSwap
FaceForensics++_C23/FaceSwap/230_204.mp4,ffpp_FaceSwap_230_204,1,FaceSwap
FaceForensics++_C23/FaceSwap/231_663.mp4,ffpp_FaceSwap_231_663,1,FaceSwap
FaceForensics++_C23/FaceSwap/232_248.mp4,ffpp_FaceSwap_232_248,1,FaceSwap
FaceForensics++_C23/FaceSwap/233_995.mp4,ffpp_FaceSwap_233_995,1,FaceSwap
FaceForensics++_C23/FaceSwap/234_187.mp4,ffpp_FaceSwap_234_187,1,FaceSwap
FaceForensics++_C23/FaceSwap/235_194.mp4,ffpp_FaceSwap_235_194,1,FaceSwap
FaceForensics++_C23/FaceSwap/236_237.mp4,ffpp_FaceSwap_236_237,1,FaceSwap
FaceForensics++_C23/FaceSwap/237_236.mp4,ffpp_FaceSwap_237_236,1,FaceSwap
FaceForensics++_C23/FaceSwap/238_282.mp4,ffpp_FaceSwap_238_282,1,FaceSwap
FaceForensics++_C23/FaceSwap/239_218.mp4,ffpp_FaceSwap_239_218,1,FaceSwap
FaceForensics++_C23/FaceSwap/240_290.mp4,ffpp_FaceSwap_240_290,1,FaceSwap
FaceForensics++_C23/FaceSwap/241_210.mp4,ffpp_FaceSwap_241_210,1,FaceSwap
FaceForensics++_C23/FaceSwap/242_182.mp4,ffpp_FaceSwap_242_182,1,FaceSwap
FaceForensics++_C23/FaceSwap/243_156.mp4,ffpp_FaceSwap_243_156,1,FaceSwap
FaceForensics++_C23/FaceSwap/244_822.mp4,ffpp_FaceSwap_244_822,1,FaceSwap
FaceForensics++_C23/FaceSwap/245_157.mp4,ffpp_FaceSwap_245_157,1,FaceSwap
FaceForensics++_C23/FaceSwap/246_258.mp4,ffpp_FaceSwap_246_258,1,FaceSwap
FaceForensics++_C23/FaceSwap/247_229.mp4,ffpp_FaceSwap_247_229,1,FaceSwap
FaceForensics++_C23/FaceSwap/248_232.mp4,ffpp_FaceSwap_248_232,1,FaceSwap
FaceForensics++_C23/FaceSwap/249_280.mp4,ffpp_FaceSwap_249_280,1,FaceSwap
FaceForensics++_C23/FaceSwap/250_461.mp4,ffpp_FaceSwap_250_461,1,FaceSwap
FaceForensics++_C23/FaceSwap/251_375.mp4,ffpp_FaceSwap_251_375,1,FaceSwap
FaceForensics++_C23/FaceSwap/252_266.mp4,ffpp_FaceSwap_252_266,1,FaceSwap
FaceForensics++_C23/FaceSwap/253_183.mp4,ffpp_FaceSwap_253_183,1,FaceSwap
FaceForensics++_C23/FaceSwap/254_261.mp4,ffpp_FaceSwap_254_261,1,FaceSwap
FaceForensics++_C23/FaceSwap/255_214.mp4,ffpp_FaceSwap_255_214,1,FaceSwap
FaceForensics++_C23/FaceSwap/256_146.mp4,ffpp_FaceSwap_256_146,1,FaceSwap
FaceForensics++_C23/FaceSwap/257_420.mp4,ffpp_FaceSwap_257_420,1,FaceSwap
FaceForensics++_C23/FaceSwap/258_246.mp4,ffpp_FaceSwap_258_246,1,FaceSwap
FaceForensics++_C23/FaceSwap/259_345.mp4,ffpp_FaceSwap_259_345,1,FaceSwap
FaceForensics++_C23/FaceSwap/260_331.mp4,ffpp_FaceSwap_260_331,1,FaceSwap
FaceForensics++_C23/FaceSwap/261_254.mp4,ffpp_FaceSwap_261_254,1,FaceSwap
FaceForensics++_C23/FaceSwap/262_301.mp4,ffpp_FaceSwap_262_301,1,FaceSwap
FaceForensics++_C23/FaceSwap/263_284.mp4,ffpp_FaceSwap_263_284,1,FaceSwap
FaceForensics++_C23/FaceSwap/264_271.mp4,ffpp_FaceSwap_264_271,1,FaceSwap
FaceForensics++_C23/FaceSwap/265_475.mp4,ffpp_FaceSwap_265_475,1,FaceSwap
FaceForensics++_C23/FaceSwap/266_252.mp4,ffpp_FaceSwap_266_252,1,FaceSwap
FaceForensics++_C23/FaceSwap/267_286.mp4,ffpp_FaceSwap_267_286,1,FaceSwap
FaceForensics++_C23/FaceSwap/268_269.mp4,ffpp_FaceSwap_268_269,1,FaceSwap
FaceForensics++_C23/FaceSwap/269_268.mp4,ffpp_FaceSwap_269_268,1,FaceSwap
FaceForensics++_C23/FaceSwap/270_297.mp4,ffpp_FaceSwap_270_297,1,FaceSwap
FaceForensics++_C23/FaceSwap/271_264.mp4,ffpp_FaceSwap_271_264,1,FaceSwap
FaceForensics++_C23/FaceSwap/272_396.mp4,ffpp_FaceSwap_272_396,1,FaceSwap
FaceForensics++_C23/FaceSwap/273_807.mp4,ffpp_FaceSwap_273_807,1,FaceSwap
FaceForensics++_C23/FaceSwap/274_412.mp4,ffpp_FaceSwap_274_412,1,FaceSwap
FaceForensics++_C23/FaceSwap/275_887.mp4,ffpp_FaceSwap_275_887,1,FaceSwap
FaceForensics++_C23/FaceSwap/276_185.mp4,ffpp_FaceSwap_276_185,1,FaceSwap
FaceForensics++_C23/FaceSwap/277_335.mp4,ffpp_FaceSwap_277_335,1,FaceSwap
FaceForensics++_C23/FaceSwap/278_306.mp4,ffpp_FaceSwap_278_306,1,FaceSwap
FaceForensics++_C23/FaceSwap/279_298.mp4,ffpp_FaceSwap_279_298,1,FaceSwap
FaceForensics++_C23/FaceSwap/280_249.mp4,ffpp_FaceSwap_280_249,1,FaceSwap
FaceForensics++_C23/FaceSwap/281_474.mp4,ffpp_FaceSwap_281_474,1,FaceSwap
FaceForensics++_C23/FaceSwap/282_238.mp4,ffpp_FaceSwap_282_238,1,FaceSwap
FaceForensics++_C23/FaceSwap/283_313.mp4,ffpp_FaceSwap_283_313,1,FaceSwap
FaceForensics++_C23/FaceSwap/284_263.mp4,ffpp_FaceSwap_284_263,1,FaceSwap
FaceForensics++_C23/FaceSwap/285_136.mp4,ffpp_FaceSwap_285_136,1,FaceSwap
FaceForensics++_C23/FaceSwap/286_267.mp4,ffpp_FaceSwap_286_267,1,FaceSwap
FaceForensics++_C23/FaceSwap/287_426.mp4,ffpp_FaceSwap_287_426,1,FaceSwap
FaceForensics++_C23/FaceSwap/288_321.mp4,ffpp_FaceSwap_288_321,1,FaceSwap
FaceForensics++_C23/FaceSwap/289_228.mp4,ffpp_FaceSwap_289_228,1,FaceSwap
FaceForensics++_C23/FaceSwap/290_240.mp4,ffpp_FaceSwap_290_240,1,FaceSwap
FaceForensics++_C23/FaceSwap/291_874.mp4,ffpp_FaceSwap_291_874,1,FaceSwap
FaceForensics++_C23/FaceSwap/292_294.mp4,ffpp_FaceSwap_292_294,1,FaceSwap
FaceForensics++_C23/FaceSwap/293_296.mp4,ffpp_FaceSwap_293_296,1,FaceSwap
FaceForensics++_C23/FaceSwap/294_292.mp4,ffpp_FaceSwap_294_292,1,FaceSwap
FaceForensics++_C23/FaceSwap/295_099.mp4,ffpp_FaceSwap_295_099,1,FaceSwap
FaceForensics++_C23/FaceSwap/296_293.mp4,ffpp_FaceSwap_296_293,1,FaceSwap
FaceForensics++_C23/FaceSwap/297_270.mp4,ffpp_FaceSwap_297_270,1,FaceSwap
FaceForensics++_C23/FaceSwap/298_279.mp4,ffpp_FaceSwap_298_279,1,FaceSwap
FaceForensics++_C23/FaceSwap/299_145.mp4,ffpp_FaceSwap_299_145,1,FaceSwap
FaceForensics++_C23/FaceSwap/300_304.mp4,ffpp_FaceSwap_300_304,1,FaceSwap
FaceForensics++_C23/FaceSwap/301_262.mp4,ffpp_FaceSwap_301_262,1,FaceSwap
FaceForensics++_C23/FaceSwap/302_323.mp4,ffpp_FaceSwap_302_323,1,FaceSwap
FaceForensics++_C23/FaceSwap/303_309.mp4,ffpp_FaceSwap_303_309,1,FaceSwap
FaceForensics++_C23/FaceSwap/304_300.mp4,ffpp_FaceSwap_304_300,1,FaceSwap
FaceForensics++_C23/FaceSwap/305_513.mp4,ffpp_FaceSwap_305_513,1,FaceSwap
FaceForensics++_C23/FaceSwap/306_278.mp4,ffpp_FaceSwap_306_278,1,FaceSwap
FaceForensics++_C23/FaceSwap/307_365.mp4,ffpp_FaceSwap_307_365,1,FaceSwap
FaceForensics++_C23/FaceSwap/308_388.mp4,ffpp_FaceSwap_308_388,1,FaceSwap
FaceForensics++_C23/FaceSwap/309_303.mp4,ffpp_FaceSwap_309_303,1,FaceSwap
FaceForensics++_C23/FaceSwap/310_196.mp4,ffpp_FaceSwap_310_196,1,FaceSwap
FaceForensics++_C23/FaceSwap/311_387.mp4,ffpp_FaceSwap_311_387,1,FaceSwap
FaceForensics++_C23/FaceSwap/312_021.mp4,ffpp_FaceSwap_312_021,1,FaceSwap
FaceForensics++_C23/FaceSwap/313_283.mp4,ffpp_FaceSwap_313_283,1,FaceSwap
FaceForensics++_C23/FaceSwap/314_347.mp4,ffpp_FaceSwap_314_347,1,FaceSwap
FaceForensics++_C23/FaceSwap/315_322.mp4,ffpp_FaceSwap_315_322,1,FaceSwap
FaceForensics++_C23/FaceSwap/316_369.mp4,ffpp_FaceSwap_316_369,1,FaceSwap
FaceForensics++_C23/FaceSwap/317_359.mp4,ffpp_FaceSwap_317_359,1,FaceSwap
FaceForensics++_C23/FaceSwap/318_334.mp4,ffpp_FaceSwap_318_334,1,FaceSwap
FaceForensics++_C23/FaceSwap/319_352.mp4,ffpp_FaceSwap_319_352,1,FaceSwap
FaceForensics++_C23/FaceSwap/320_328.mp4,ffpp_FaceSwap_320_328,1,FaceSwap
FaceForensics++_C23/FaceSwap/321_288.mp4,ffpp_FaceSwap_321_288,1,FaceSwap
FaceForensics++_C23/FaceSwap/322_315.mp4,ffpp_FaceSwap_322_315,1,FaceSwap
FaceForensics++_C23/FaceSwap/323_302.mp4,ffpp_FaceSwap_323_302,1,FaceSwap
FaceForensics++_C23/FaceSwap/324_356.mp4,ffpp_FaceSwap_324_356,1,FaceSwap
FaceForensics++_C23/FaceSwap/325_492.mp4,ffpp_FaceSwap_325_492,1,FaceSwap
FaceForensics++_C23/FaceSwap/326_501.mp4,ffpp_FaceSwap_326_501,1,FaceSwap
FaceForensics++_C23/FaceSwap/327_329.mp4,ffpp_FaceSwap_327_329,1,FaceSwap
FaceForensics++_C23/FaceSwap/328_320.mp4,ffpp_FaceSwap_328_320,1,FaceSwap
FaceForensics++_C23/FaceSwap/329_327.mp4,ffpp_FaceSwap_329_327,1,FaceSwap
FaceForensics++_C23/FaceSwap/330_162.mp4,ffpp_FaceSwap_330_162,1,FaceSwap
FaceForensics++_C23/FaceSwap/331_260.mp4,ffpp_FaceSwap_331_260,1,FaceSwap
FaceForensics++_C23/FaceSwap/332_051.mp4,ffpp_FaceSwap_332_051,1,FaceSwap
FaceForensics++_C23/FaceSwap/333_377.mp4,ffpp_FaceSwap_333_377,1,FaceSwap
FaceForensics++_C23/FaceSwap/334_318.mp4,ffpp_FaceSwap_334_318,1,FaceSwap
FaceForensics++_C23/FaceSwap/335_277.mp4,ffpp_FaceSwap_335_277,1,FaceSwap
FaceForensics++_C23/FaceSwap/336_338.mp4,ffpp_FaceSwap_336_338,1,FaceSwap
FaceForensics++_C23/FaceSwap/337_522.mp4,ffpp_FaceSwap_337_522,1,FaceSwap
FaceForensics++_C23/FaceSwap/338_336.mp4,ffpp_FaceSwap_338_336,1,FaceSwap
FaceForensics++_C23/FaceSwap/339_392.mp4,ffpp_FaceSwap_339_392,1,FaceSwap
FaceForensics++_C23/FaceSwap/340_341.mp4,ffpp_FaceSwap_340_341,1,FaceSwap
FaceForensics++_C23/FaceSwap/341_340.mp4,ffpp_FaceSwap_341_340,1,FaceSwap
FaceForensics++_C23/FaceSwap/342_416.mp4,ffpp_FaceSwap_342_416,1,FaceSwap
FaceForensics++_C23/FaceSwap/343_363.mp4,ffpp_FaceSwap_343_363,1,FaceSwap
FaceForensics++_C23/FaceSwap/344_020.mp4,ffpp_FaceSwap_344_020,1,FaceSwap
FaceForensics++_C23/FaceSwap/345_259.mp4,ffpp_FaceSwap_345_259,1,FaceSwap
FaceForensics++_C23/FaceSwap/346_351.mp4,ffpp_FaceSwap_346_351,1,FaceSwap
FaceForensics++_C23/FaceSwap/347_314.mp4,ffpp_FaceSwap_347_314,1,FaceSwap
FaceForensics++_C23/FaceSwap/348_202.mp4,ffpp_FaceSwap_348_202,1,FaceSwap
FaceForensics++_C23/FaceSwap/349_350.mp4,ffpp_FaceSwap_349_350,1,FaceSwap
FaceForensics++_C23/FaceSwap/350_349.mp4,ffpp_FaceSwap_350_349,1,FaceSwap
FaceForensics++_C23/FaceSwap/351_346.mp4,ffpp_FaceSwap_351_346,1,FaceSwap
FaceForensics++_C23/FaceSwap/352_319.mp4,ffpp_FaceSwap_352_319,1,FaceSwap
FaceForensics++_C23/FaceSwap/353_383.mp4,ffpp_FaceSwap_353_383,1,FaceSwap
FaceForensics++_C23/FaceSwap/354_362.mp4,ffpp_FaceSwap_354_362,1,FaceSwap
FaceForensics++_C23/FaceSwap/355_748.mp4,ffpp_FaceSwap_355_748,1,FaceSwap
FaceForensics++_C23/FaceSwap/356_324.mp4,ffpp_FaceSwap_356_324,1,FaceSwap
FaceForensics++_C23/FaceSwap/357_432.mp4,ffpp_FaceSwap_357_432,1,FaceSwap
FaceForensics++_C23/FaceSwap/358_380.mp4,ffpp_FaceSwap_358_380,1,FaceSwap
FaceForensics++_C23/FaceSwap/359_317.mp4,ffpp_FaceSwap_359_317,1,FaceSwap
FaceForensics++_C23/FaceSwap/360_437.mp4,ffpp_FaceSwap_360_437,1,FaceSwap
FaceForensics++_C23/FaceSwap/361_448.mp4,ffpp_FaceSwap_361_448,1,FaceSwap
FaceForensics++_C23/FaceSwap/362_354.mp4,ffpp_FaceSwap_362_354,1,FaceSwap
FaceForensics++_C23/FaceSwap/363_343.mp4,ffpp_FaceSwap_363_343,1,FaceSwap
FaceForensics++_C23/FaceSwap/364_440.mp4,ffpp_FaceSwap_364_440,1,FaceSwap
FaceForensics++_C23/FaceSwap/365_307.mp4,ffpp_FaceSwap_365_307,1,FaceSwap
FaceForensics++_C23/FaceSwap/366_473.mp4,ffpp_FaceSwap_366_473,1,FaceSwap
FaceForensics++_C23/FaceSwap/367_371.mp4,ffpp_FaceSwap_367_371,1,FaceSwap
FaceForensics++_C23/FaceSwap/368_378.mp4,ffpp_FaceSwap_368_378,1,FaceSwap
FaceForensics++_C23/FaceSwap/369_316.mp4,ffpp_FaceSwap_369_316,1,FaceSwap
FaceForensics++_C23/FaceSwap/370_483.mp4,ffpp_FaceSwap_370_483,1,FaceSwap
FaceForensics++_C23/FaceSwap/371_367.mp4,ffpp_FaceSwap_371_367,1,FaceSwap
FaceForensics++_C23/FaceSwap/372_413.mp4,ffpp_FaceSwap_372_413,1,FaceSwap
FaceForensics++_C23/FaceSwap/373_394.mp4,ffpp_FaceSwap_373_394,1,FaceSwap
FaceForensics++_C23/FaceSwap/374_407.mp4,ffpp_FaceSwap_374_407,1,FaceSwap
FaceForensics++_C23/FaceSwap/375_251.mp4,ffpp_FaceSwap_375_251,1,FaceSwap
FaceForensics++_C23/FaceSwap/376_381.mp4,ffpp_FaceSwap_376_381,1,FaceSwap
FaceForensics++_C23/FaceSwap/377_333.mp4,ffpp_FaceSwap_377_333,1,FaceSwap
FaceForensics++_C23/FaceSwap/378_368.mp4,ffpp_FaceSwap_378_368,1,FaceSwap
FaceForensics++_C23/FaceSwap/379_158.mp4,ffpp_FaceSwap_379_158,1,FaceSwap
FaceForensics++_C23/FaceSwap/380_358.mp4,ffpp_FaceSwap_380_358,1,FaceSwap
FaceForensics++_C23/FaceSwap/381_376.mp4,ffpp_FaceSwap_381_376,1,FaceSwap
FaceForensics++_C23/FaceSwap/382_409.mp4,ffpp_FaceSwap_382_409,1,FaceSwap
FaceForensics++_C23/FaceSwap/383_353.mp4,ffpp_FaceSwap_383_353,1,FaceSwap
FaceForensics++_C23/FaceSwap/384_932.mp4,ffpp_FaceSwap_384_932,1,FaceSwap
FaceForensics++_C23/FaceSwap/385_414.mp4,ffpp_FaceSwap_385_414,1,FaceSwap
FaceForensics++_C23/FaceSwap/386_154.mp4,ffpp_FaceSwap_386_154,1,FaceSwap
FaceForensics++_C23/FaceSwap/387_311.mp4,ffpp_FaceSwap_387_311,1,FaceSwap
FaceForensics++_C23/FaceSwap/388_308.mp4,ffpp_FaceSwap_388_308,1,FaceSwap
FaceForensics++_C23/FaceSwap/389_480.mp4,ffpp_FaceSwap_389_480,1,FaceSwap
FaceForensics++_C23/FaceSwap/390_709.mp4,ffpp_FaceSwap_390_709,1,FaceSwap
FaceForensics++_C23/FaceSwap/391_406.mp4,ffpp_FaceSwap_391_406,1,FaceSwap
FaceForensics++_C23/FaceSwap/392_339.mp4,ffpp_FaceSwap_392_339,1,FaceSwap
FaceForensics++_C23/FaceSwap/393_405.mp4,ffpp_FaceSwap_393_405,1,FaceSwap
FaceForensics++_C23/FaceSwap/394_373.mp4,ffpp_FaceSwap_394_373,1,FaceSwap
FaceForensics++_C23/FaceSwap/395_401.mp4,ffpp_FaceSwap_395_401,1,FaceSwap
FaceForensics++_C23/FaceSwap/396_272.mp4,ffpp_FaceSwap_396_272,1,FaceSwap
FaceForensics++_C23/FaceSwap/397_602.mp4,ffpp_FaceSwap_397_602,1,FaceSwap
FaceForensics++_C23/FaceSwap/398_457.mp4,ffpp_FaceSwap_398_457,1,FaceSwap
FaceForensics++_C23/FaceSwap/399_488.mp4,ffpp_FaceSwap_399_488,1,FaceSwap
FaceForensics++_C23/FaceSwap/400_476.mp4,ffpp_FaceSwap_400_476,1,FaceSwap
FaceForensics++_C23/FaceSwap/401_395.mp4,ffpp_FaceSwap_401_395,1,FaceSwap
FaceForensics++_C23/FaceSwap/402_453.mp4,ffpp_FaceSwap_402_453,1,FaceSwap
FaceForensics++_C23/FaceSwap/403_497.mp4,ffpp_FaceSwap_403_497,1,FaceSwap
FaceForensics++_C23/FaceSwap/404_429.mp4,ffpp_FaceSwap_404_429,1,FaceSwap
FaceForensics++_C23/FaceSwap/405_393.mp4,ffpp_FaceSwap_405_393,1,FaceSwap
FaceForensics++_C23/FaceSwap/406_391.mp4,ffpp_FaceSwap_406_391,1,FaceSwap
FaceForensics++_C23/FaceSwap/407_374.mp4,ffpp_FaceSwap_407_374,1,FaceSwap
FaceForensics++_C23/FaceSwap/408_424.mp4,ffpp_FaceSwap_408_424,1,FaceSwap
FaceForensics++_C23/FaceSwap/409_382.mp4,ffpp_FaceSwap_409_382,1,FaceSwap
FaceForensics++_C23/FaceSwap/410_411.mp4,ffpp_FaceSwap_410_411,1,FaceSwap
FaceForensics++_C23/FaceSwap/411_410.mp4,ffpp_FaceSwap_411_410,1,FaceSwap
FaceForensics++_C23/FaceSwap/412_274.mp4,ffpp_FaceSwap_412_274,1,FaceSwap
FaceForensics++_C23/FaceSwap/413_372.mp4,ffpp_FaceSwap_413_372,1,FaceSwap
FaceForensics++_C23/FaceSwap/414_385.mp4,ffpp_FaceSwap_414_385,1,FaceSwap
FaceForensics++_C23/FaceSwap/415_484.mp4,ffpp_FaceSwap_415_484,1,FaceSwap
FaceForensics++_C23/FaceSwap/416_342.mp4,ffpp_FaceSwap_416_342,1,FaceSwap
FaceForensics++_C23/FaceSwap/417_496.mp4,ffpp_FaceSwap_417_496,1,FaceSwap
FaceForensics++_C23/FaceSwap/418_507.mp4,ffpp_FaceSwap_418_507,1,FaceSwap
FaceForensics++_C23/FaceSwap/419_824.mp4,ffpp_FaceSwap_419_824,1,FaceSwap
FaceForensics++_C23/FaceSwap/420_257.mp4,ffpp_FaceSwap_420_257,1,FaceSwap
FaceForensics++_C23/FaceSwap/421_423.mp4,ffpp_FaceSwap_421_423,1,FaceSwap
FaceForensics++_C23/FaceSwap/422_695.mp4,ffpp_FaceSwap_422_695,1,FaceSwap
FaceForensics++_C23/FaceSwap/423_421.mp4,ffpp_FaceSwap_423_421,1,FaceSwap
FaceForensics++_C23/FaceSwap/424_408.mp4,ffpp_FaceSwap_424_408,1,FaceSwap
FaceForensics++_C23/FaceSwap/425_485.mp4,ffpp_FaceSwap_425_485,1,FaceSwap
FaceForensics++_C23/FaceSwap/426_287.mp4,ffpp_FaceSwap_426_287,1,FaceSwap
FaceForensics++_C23/FaceSwap/427_637.mp4,ffpp_FaceSwap_427_637,1,FaceSwap
FaceForensics++_C23/FaceSwap/428_466.mp4,ffpp_FaceSwap_428_466,1,FaceSwap
FaceForensics++_C23/FaceSwap/429_404.mp4,ffpp_FaceSwap_429_404,1,FaceSwap
FaceForensics++_C23/FaceSwap/430_459.mp4,ffpp_FaceSwap_430_459,1,FaceSwap
FaceForensics++_C23/FaceSwap/431_447.mp4,ffpp_FaceSwap_431_447,1,FaceSwap
FaceForensics++_C23/FaceSwap/432_357.mp4,ffpp_FaceSwap_432_357,1,FaceSwap
FaceForensics++_C23/FaceSwap/433_498.mp4,ffpp_FaceSwap_433_498,1,FaceSwap
FaceForensics++_C23/FaceSwap/434_438.mp4,ffpp_FaceSwap_434_438,1,FaceSwap
FaceForensics++_C23/FaceSwap/435_456.mp4,ffpp_FaceSwap_435_456,1,FaceSwap
FaceForensics++_C23/FaceSwap/436_526.mp4,ffpp_FaceSwap_436_526,1,FaceSwap
FaceForensics++_C23/FaceSwap/437_360.mp4,ffpp_FaceSwap_437_360,1,FaceSwap
FaceForensics++_C23/FaceSwap/438_434.mp4,ffpp_FaceSwap_438_434,1,FaceSwap
FaceForensics++_C23/FaceSwap/439_441.mp4,ffpp_FaceSwap_439_441,1,FaceSwap
FaceForensics++_C23/FaceSwap/440_364.mp4,ffpp_FaceSwap_440_364,1,FaceSwap
FaceForensics++_C23/FaceSwap/441_439.mp4,ffpp_FaceSwap_441_439,1,FaceSwap
FaceForensics++_C23/FaceSwap/442_195.mp4,ffpp_FaceSwap_442_195,1,FaceSwap
FaceForensics++_C23/FaceSwap/443_514.mp4,ffpp_FaceSwap_443_514,1,FaceSwap
FaceForensics++_C23/FaceSwap/444_655.mp4,ffpp_FaceSwap_444_655,1,FaceSwap
FaceForensics++_C23/FaceSwap/445_494.mp4,ffpp_FaceSwap_445_494,1,FaceSwap
FaceForensics++_C23/FaceSwap/446_667.mp4,ffpp_FaceSwap_446_667,1,FaceSwap
FaceForensics++_C23/FaceSwap/447_431.mp4,ffpp_FaceSwap_447_431,1,FaceSwap
FaceForensics++_C23/FaceSwap/448_361.mp4,ffpp_FaceSwap_448_361,1,FaceSwap
FaceForensics++_C23/FaceSwap/449_451.mp4,ffpp_FaceSwap_449_451,1,FaceSwap
FaceForensics++_C23/FaceSwap/450_533.mp4,ffpp_FaceSwap_450_533,1,FaceSwap
FaceForensics++_C23/FaceSwap/451_449.mp4,ffpp_FaceSwap_451_449,1,FaceSwap
FaceForensics++_C23/FaceSwap/452_550.mp4,ffpp_FaceSwap_452_550,1,FaceSwap
FaceForensics++_C23/FaceSwap/453_402.mp4,ffpp_FaceSwap_453_402,1,FaceSwap
FaceForensics++_C23/FaceSwap/454_527.mp4,ffpp_FaceSwap_454_527,1,FaceSwap
FaceForensics++_C23/FaceSwap/455_471.mp4,ffpp_FaceSwap_455_471,1,FaceSwap
FaceForensics++_C23/FaceSwap/456_435.mp4,ffpp_FaceSwap_456_435,1,FaceSwap
FaceForensics++_C23/FaceSwap/457_398.mp4,ffpp_FaceSwap_457_398,1,FaceSwap
FaceForensics++_C23/FaceSwap/458_722.mp4,ffpp_FaceSwap_458_722,1,FaceSwap
FaceForensics++_C23/FaceSwap/459_430.mp4,ffpp_FaceSwap_459_430,1,FaceSwap
FaceForensics++_C23/FaceSwap/460_678.mp4,ffpp_FaceSwap_460_678,1,FaceSwap
FaceForensics++_C23/FaceSwap/461_250.mp4,ffpp_FaceSwap_461_250,1,FaceSwap
FaceForensics++_C23/FaceSwap/462_467.mp4,ffpp_FaceSwap_462_467,1,FaceSwap
FaceForensics++_C23/FaceSwap/463_464.mp4,ffpp_FaceSwap_463_464,1,FaceSwap
FaceForensics++_C23/FaceSwap/464_463.mp4,ffpp_FaceSwap_464_463,1,FaceSwap
FaceForensics++_C23/FaceSwap/465_482.mp4,ffpp_FaceSwap_465_482,1,FaceSwap
FaceForensics++_C23/FaceSwap/466_428.mp4,ffpp_FaceSwap_466_428,1,FaceSwap
FaceForensics++_C23/FaceSwap/467_462.mp4,ffpp_FaceSwap_467_462,1,FaceSwap
FaceForensics++_C23/FaceSwap/468_470.mp4,ffpp_FaceSwap_468_470,1,FaceSwap
FaceForensics++_C23/FaceSwap/469_481.mp4,ffpp_FaceSwap_469_481,1,FaceSwap
FaceForensics++_C23/FaceSwap/470_468.mp4,ffpp_FaceSwap_470_468,1,FaceSwap
FaceForensics++_C23/FaceSwap/471_455.mp4,ffpp_FaceSwap_471_455,1,FaceSwap
FaceForensics++_C23/FaceSwap/472_511.mp4,ffpp_FaceSwap_472_511,1,FaceSwap
FaceForensics++_C23/FaceSwap/473_366.mp4,ffpp_FaceSwap_473_366,1,FaceSwap
FaceForensics++_C23/FaceSwap/474_281.mp4,ffpp_FaceSwap_474_281,1,FaceSwap
FaceForensics++_C23/FaceSwap/475_265.mp4,ffpp_FaceSwap_475_265,1,FaceSwap
FaceForensics++_C23/FaceSwap/476_400.mp4,ffpp_FaceSwap_476_400,1,FaceSwap
FaceForensics++_C23/FaceSwap/477_487.mp4,ffpp_FaceSwap_477_487,1,FaceSwap
FaceForensics++_C23/FaceSwap/478_506.mp4,ffpp_FaceSwap_478_506,1,FaceSwap
FaceForensics++_C23/FaceSwap/479_706.mp4,ffpp_FaceSwap_479_706,1,FaceSwap
FaceForensics++_C23/FaceSwap/480_389.mp4,ffpp_FaceSwap_480_389,1,FaceSwap
FaceForensics++_C23/FaceSwap/481_469.mp4,ffpp_FaceSwap_481_469,1,FaceSwap
FaceForensics++_C23/FaceSwap/482_465.mp4,ffpp_FaceSwap_482_465,1,FaceSwap
FaceForensics++_C23/FaceSwap/483_370.mp4,ffpp_FaceSwap_483_370,1,FaceSwap
FaceForensics++_C23/FaceSwap/484_415.mp4,ffpp_FaceSwap_484_415,1,FaceSwap
FaceForensics++_C23/FaceSwap/485_425.mp4,ffpp_FaceSwap_485_425,1,FaceSwap
FaceForensics++_C23/FaceSwap/486_680.mp4,ffpp_FaceSwap_486_680,1,FaceSwap
FaceForensics++_C23/FaceSwap/487_477.mp4,ffpp_FaceSwap_487_477,1,FaceSwap
FaceForensics++_C23/FaceSwap/488_399.mp4,ffpp_FaceSwap_488_399,1,FaceSwap
FaceForensics++_C23/FaceSwap/489_022.mp4,ffpp_FaceSwap_489_022,1,FaceSwap
FaceForensics++_C23/FaceSwap/490_534.mp4,ffpp_FaceSwap_490_534,1,FaceSwap
FaceForensics++_C23/FaceSwap/491_226.mp4,ffpp_FaceSwap_491_226,1,FaceSwap
FaceForensics++_C23/FaceSwap/492_325.mp4,ffpp_FaceSwap_492_325,1,FaceSwap
FaceForensics++_C23/FaceSwap/493_538.mp4,ffpp_FaceSwap_493_538,1,FaceSwap
FaceForensics++_C23/FaceSwap/494_445.mp4,ffpp_FaceSwap_494_445,1,FaceSwap
FaceForensics++_C23/FaceSwap/495_512.mp4,ffpp_FaceSwap_495_512,1,FaceSwap
FaceForensics++_C23/FaceSwap/496_417.mp4,ffpp_FaceSwap_496_417,1,FaceSwap
FaceForensics++_C23/FaceSwap/497_403.mp4,ffpp_FaceSwap_497_403,1,FaceSwap
FaceForensics++_C23/FaceSwap/498_433.mp4,ffpp_FaceSwap_498_433,1,FaceSwap
FaceForensics++_C23/FaceSwap/499_539.mp4,ffpp_FaceSwap_499_539,1,FaceSwap
FaceForensics++_C23/FaceSwap/500_592.mp4,ffpp_FaceSwap_500_592,1,FaceSwap
FaceForensics++_C23/FaceSwap/501_326.mp4,ffpp_FaceSwap_501_326,1,FaceSwap
FaceForensics++_C23/FaceSwap/502_504.mp4,ffpp_FaceSwap_502_504,1,FaceSwap
FaceForensics++_C23/FaceSwap/503_756.mp4,ffpp_FaceSwap_503_756,1,FaceSwap
FaceForensics++_C23/FaceSwap/504_502.mp4,ffpp_FaceSwap_504_502,1,FaceSwap
FaceForensics++_C23/FaceSwap/505_600.mp4,ffpp_FaceSwap_505_600,1,FaceSwap
FaceForensics++_C23/FaceSwap/506_478.mp4,ffpp_FaceSwap_506_478,1,FaceSwap
FaceForensics++_C23/FaceSwap/507_418.mp4,ffpp_FaceSwap_507_418,1,FaceSwap
FaceForensics++_C23/FaceSwap/508_831.mp4,ffpp_FaceSwap_508_831,1,FaceSwap
FaceForensics++_C23/FaceSwap/509_525.mp4,ffpp_FaceSwap_509_525,1,FaceSwap
FaceForensics++_C23/FaceSwap/510_528.mp4,ffpp_FaceSwap_510_528,1,FaceSwap
FaceForensics++_C23/FaceSwap/511_472.mp4,ffpp_FaceSwap_511_472,1,FaceSwap
FaceForensics++_C23/FaceSwap/512_495.mp4,ffpp_FaceSwap_512_495,1,FaceSwap
FaceForensics++_C23/FaceSwap/513_305.mp4,ffpp_FaceSwap_513_305,1,FaceSwap
FaceForensics++_C23/FaceSwap/514_443.mp4,ffpp_FaceSwap_514_443,1,FaceSwap
FaceForensics++_C23/FaceSwap/515_519.mp4,ffpp_FaceSwap_515_519,1,FaceSwap
FaceForensics++_C23/FaceSwap/516_555.mp4,ffpp_FaceSwap_516_555,1,FaceSwap
FaceForensics++_C23/FaceSwap/517_521.mp4,ffpp_FaceSwap_517_521,1,FaceSwap
FaceForensics++_C23/FaceSwap/518_131.mp4,ffpp_FaceSwap_518_131,1,FaceSwap
FaceForensics++_C23/FaceSwap/519_515.mp4,ffpp_FaceSwap_519_515,1,FaceSwap
FaceForensics++_C23/FaceSwap/520_542.mp4,ffpp_FaceSwap_520_542,1,FaceSwap
FaceForensics++_C23/FaceSwap/521_517.mp4,ffpp_FaceSwap_521_517,1,FaceSwap
FaceForensics++_C23/FaceSwap/522_337.mp4,ffpp_FaceSwap_522_337,1,FaceSwap
FaceForensics++_C23/FaceSwap/523_541.mp4,ffpp_FaceSwap_523_541,1,FaceSwap
FaceForensics++_C23/FaceSwap/524_580.mp4,ffpp_FaceSwap_524_580,1,FaceSwap
FaceForensics++_C23/FaceSwap/525_509.mp4,ffpp_FaceSwap_525_509,1,FaceSwap
FaceForensics++_C23/FaceSwap/526_436.mp4,ffpp_FaceSwap_526_436,1,FaceSwap
FaceForensics++_C23/FaceSwap/527_454.mp4,ffpp_FaceSwap_527_454,1,FaceSwap
FaceForensics++_C23/FaceSwap/528_510.mp4,ffpp_FaceSwap_528_510,1,FaceSwap
FaceForensics++_C23/FaceSwap/529_633.mp4,ffpp_FaceSwap_529_633,1,FaceSwap
FaceForensics++_C23/FaceSwap/530_594.mp4,ffpp_FaceSwap_530_594,1,FaceSwap
FaceForensics++_C23/FaceSwap/531_549.mp4,ffpp_FaceSwap_531_549,1,FaceSwap
FaceForensics++_C23/FaceSwap/532_544.mp4,ffpp_FaceSwap_532_544,1,FaceSwap
FaceForensics++_C23/FaceSwap/533_450.mp4,ffpp_FaceSwap_533_450,1,FaceSwap
FaceForensics++_C23/FaceSwap/534_490.mp4,ffpp_FaceSwap_534_490,1,FaceSwap
FaceForensics++_C23/FaceSwap/535_587.mp4,ffpp_FaceSwap_535_587,1,FaceSwap
FaceForensics++_C23/FaceSwap/536_540.mp4,ffpp_FaceSwap_536_540,1,FaceSwap
FaceForensics++_C23/FaceSwap/537_563.mp4,ffpp_FaceSwap_537_563,1,FaceSwap
FaceForensics++_C23/FaceSwap/538_493.mp4,ffpp_FaceSwap_538_493,1,FaceSwap
FaceForensics++_C23/FaceSwap/539_499.mp4,ffpp_FaceSwap_539_499,1,FaceSwap
FaceForensics++_C23/FaceSwap/540_536.mp4,ffpp_FaceSwap_540_536,1,FaceSwap
FaceForensics++_C23/FaceSwap/541_523.mp4,ffpp_FaceSwap_541_523,1,FaceSwap
FaceForensics++_C23/FaceSwap/542_520.mp4,ffpp_FaceSwap_542_520,1,FaceSwap
FaceForensics++_C23/FaceSwap/543_559.mp4,ffpp_FaceSwap_543_559,1,FaceSwap
FaceForensics++_C23/FaceSwap/544_532.mp4,ffpp_FaceSwap_544_532,1,FaceSwap
FaceForensics++_C23/FaceSwap/545_553.mp4,ffpp_FaceSwap_545_553,1,FaceSwap
FaceForensics++_C23/FaceSwap/546_621.mp4,ffpp_FaceSwap_546_621,1,FaceSwap
FaceForensics++_C23/FaceSwap/547_574.mp4,ffpp_FaceSwap_547_574,1,FaceSwap
FaceForensics++_C23/FaceSwap/548_632.mp4,ffpp_FaceSwap_548_632,1,FaceSwap
FaceForensics++_C23/FaceSwap/549_531.mp4,ffpp_FaceSwap_549_531,1,FaceSwap
FaceForensics++_C23/FaceSwap/550_452.mp4,ffpp_FaceSwap_550_452,1,FaceSwap
FaceForensics++_C23/FaceSwap/551_631.mp4,ffpp_FaceSwap_551_631,1,FaceSwap
FaceForensics++_C23/FaceSwap/552_851.mp4,ffpp_FaceSwap_552_851,1,FaceSwap
FaceForensics++_C23/FaceSwap/553_545.mp4,ffpp_FaceSwap_553_545,1,FaceSwap
FaceForensics++_C23/FaceSwap/554_572.mp4,ffpp_FaceSwap_554_572,1,FaceSwap
FaceForensics++_C23/FaceSwap/555_516.mp4,ffpp_FaceSwap_555_516,1,FaceSwap
FaceForensics++_C23/FaceSwap/556_588.mp4,ffpp_FaceSwap_556_588,1,FaceSwap
FaceForensics++_C23/FaceSwap/557_560.mp4,ffpp_FaceSwap_557_560,1,FaceSwap
FaceForensics++_C23/FaceSwap/558_583.mp4,ffpp_FaceSwap_558_583,1,FaceSwap
FaceForensics++_C23/FaceSwap/559_543.mp4,ffpp_FaceSwap_559_543,1,FaceSwap
FaceForensics++_C23/FaceSwap/560_557.mp4,ffpp_FaceSwap_560_557,1,FaceSwap
FaceForensics++_C23/FaceSwap/561_998.mp4,ffpp_FaceSwap_561_998,1,FaceSwap
FaceForensics++_C23/FaceSwap/562_626.mp4,ffpp_FaceSwap_562_626,1,FaceSwap
FaceForensics++_C23/FaceSwap/563_537.mp4,ffpp_FaceSwap_563_537,1,FaceSwap
FaceForensics++_C23/FaceSwap/564_971.mp4,ffpp_FaceSwap_564_971,1,FaceSwap
FaceForensics++_C23/FaceSwap/565_589.mp4,ffpp_FaceSwap_565_589,1,FaceSwap
FaceForensics++_C23/FaceSwap/566_617.mp4,ffpp_FaceSwap_566_617,1,FaceSwap
FaceForensics++_C23/FaceSwap/567_606.mp4,ffpp_FaceSwap_567_606,1,FaceSwap
FaceForensics++_C23/FaceSwap/568_628.mp4,ffpp_FaceSwap_568_628,1,FaceSwap
FaceForensics++_C23/FaceSwap/569_921.mp4,ffpp_FaceSwap_569_921,1,FaceSwap
FaceForensics++_C23/FaceSwap/570_624.mp4,ffpp_FaceSwap_570_624,1,FaceSwap
FaceForensics++_C23/FaceSwap/571_746.mp4,ffpp_FaceSwap_571_746,1,FaceSwap
FaceForensics++_C23/FaceSwap/572_554.mp4,ffpp_FaceSwap_572_554,1,FaceSwap
FaceForensics++_C23/FaceSwap/573_757.mp4,ffpp_FaceSwap_573_757,1,FaceSwap
FaceForensics++_C23/FaceSwap/574_547.mp4,ffpp_FaceSwap_574_547,1,FaceSwap
FaceForensics++_C23/FaceSwap/575_603.mp4,ffpp_FaceSwap_575_603,1,FaceSwap
FaceForensics++_C23/FaceSwap/576_155.mp4,ffpp_FaceSwap_576_155,1,FaceSwap
FaceForensics++_C23/FaceSwap/577_593.mp4,ffpp_FaceSwap_577_593,1,FaceSwap
FaceForensics++_C23/FaceSwap/578_636.mp4,ffpp_FaceSwap_578_636,1,FaceSwap
FaceForensics++_C23/FaceSwap/579_701.mp4,ffpp_FaceSwap_579_701,1,FaceSwap
FaceForensics++_C23/FaceSwap/580_524.mp4,ffpp_FaceSwap_580_524,1,FaceSwap
FaceForensics++_C23/FaceSwap/581_697.mp4,ffpp_FaceSwap_581_697,1,FaceSwap
FaceForensics++_C23/FaceSwap/582_172.mp4,ffpp_FaceSwap_582_172,1,FaceSwap
FaceForensics++_C23/FaceSwap/583_558.mp4,ffpp_FaceSwap_583_558,1,FaceSwap
FaceForensics++_C23/FaceSwap/584_823.mp4,ffpp_FaceSwap_584_823,1,FaceSwap
FaceForensics++_C23/FaceSwap/585_599.mp4,ffpp_FaceSwap_585_599,1,FaceSwap
FaceForensics++_C23/FaceSwap/586_223.mp4,ffpp_FaceSwap_586_223,1,FaceSwap
FaceForensics++_C23/FaceSwap/587_535.mp4,ffpp_FaceSwap_587_535,1,FaceSwap
FaceForensics++_C23/FaceSwap/588_556.mp4,ffpp_FaceSwap_588_556,1,FaceSwap
FaceForensics++_C23/FaceSwap/589_565.mp4,ffpp_FaceSwap_589_565,1,FaceSwap
FaceForensics++_C23/FaceSwap/590_034.mp4,ffpp_FaceSwap_590_034,1,FaceSwap
FaceForensics++_C23/FaceSwap/591_605.mp4,ffpp_FaceSwap_591_605,1,FaceSwap
FaceForensics++_C23/FaceSwap/592_500.mp4,ffpp_FaceSwap_592_500,1,FaceSwap
FaceForensics++_C23/FaceSwap/593_577.mp4,ffpp_FaceSwap_593_577,1,FaceSwap
FaceForensics++_C23/FaceSwap/594_530.mp4,ffpp_FaceSwap_594_530,1,FaceSwap
FaceForensics++_C23/FaceSwap/595_597.mp4,ffpp_FaceSwap_595_597,1,FaceSwap
FaceForensics++_C23/FaceSwap/596_609.mp4,ffpp_FaceSwap_596_609,1,FaceSwap
FaceForensics++_C23/FaceSwap/597_595.mp4,ffpp_FaceSwap_597_595,1,FaceSwap
FaceForensics++_C23/FaceSwap/598_178.mp4,ffpp_FaceSwap_598_178,1,FaceSwap
FaceForensics++_C23/FaceSwap/599_585.mp4,ffpp_FaceSwap_599_585,1,FaceSwap
FaceForensics++_C23/FaceSwap/600_505.mp4,ffpp_FaceSwap_600_505,1,FaceSwap
FaceForensics++_C23/FaceSwap/601_653.mp4,ffpp_FaceSwap_601_653,1,FaceSwap
FaceForensics++_C23/FaceSwap/602_397.mp4,ffpp_FaceSwap_602_397,1,FaceSwap
FaceForensics++_C23/FaceSwap/603_575.mp4,ffpp_FaceSwap_603_575,1,FaceSwap
FaceForensics++_C23/FaceSwap/604_703.mp4,ffpp_FaceSwap_604_703,1,FaceSwap
FaceForensics++_C23/FaceSwap/605_591.mp4,ffpp_FaceSwap_605_591,1,FaceSwap
FaceForensics++_C23/FaceSwap/606_567.mp4,ffpp_FaceSwap_606_567,1,FaceSwap
FaceForensics++_C23/FaceSwap/607_683.mp4,ffpp_FaceSwap_607_683,1,FaceSwap
FaceForensics++_C23/FaceSwap/608_675.mp4,ffpp_FaceSwap_608_675,1,FaceSwap
FaceForensics++_C23/FaceSwap/609_596.mp4,ffpp_FaceSwap_609_596,1,FaceSwap
FaceForensics++_C23/FaceSwap/610_692.mp4,ffpp_FaceSwap_610_692,1,FaceSwap
FaceForensics++_C23/FaceSwap/611_760.mp4,ffpp_FaceSwap_611_760,1,FaceSwap
FaceForensics++_C23/FaceSwap/612_702.mp4,ffpp_FaceSwap_612_702,1,FaceSwap
FaceForensics++_C23/FaceSwap/613_685.mp4,ffpp_FaceSwap_613_685,1,FaceSwap
FaceForensics++_C23/FaceSwap/614_616.mp4,ffpp_FaceSwap_614_616,1,FaceSwap
FaceForensics++_C23/FaceSwap/615_687.mp4,ffpp_FaceSwap_615_687,1,FaceSwap
FaceForensics++_C23/FaceSwap/616_614.mp4,ffpp_FaceSwap_616_614,1,FaceSwap
FaceForensics++_C23/FaceSwap/617_566.mp4,ffpp_FaceSwap_617_566,1,FaceSwap
FaceForensics++_C23/FaceSwap/618_629.mp4,ffpp_FaceSwap_618_629,1,FaceSwap
FaceForensics++_C23/FaceSwap/619_620.mp4,ffpp_FaceSwap_619_620,1,FaceSwap
FaceForensics++_C23/FaceSwap/620_619.mp4,ffpp_FaceSwap_620_619,1,FaceSwap
FaceForensics++_C23/FaceSwap/621_546.mp4,ffpp_FaceSwap_621_546,1,FaceSwap
FaceForensics++_C23/FaceSwap/622_647.mp4,ffpp_FaceSwap_622_647,1,FaceSwap
FaceForensics++_C23/FaceSwap/623_630.mp4,ffpp_FaceSwap_623_630,1,FaceSwap
FaceForensics++_C23/FaceSwap/624_570.mp4,ffpp_FaceSwap_624_570,1,FaceSwap
FaceForensics++_C23/FaceSwap/625_650.mp4,ffpp_FaceSwap_625_650,1,FaceSwap
FaceForensics++_C23/FaceSwap/626_562.mp4,ffpp_FaceSwap_626_562,1,FaceSwap
FaceForensics++_C23/FaceSwap/627_658.mp4,ffpp_FaceSwap_627_658,1,FaceSwap
FaceForensics++_C23/FaceSwap/628_568.mp4,ffpp_FaceSwap_628_568,1,FaceSwap
FaceForensics++_C23/FaceSwap/629_618.mp4,ffpp_FaceSwap_629_618,1,FaceSwap
FaceForensics++_C23/FaceSwap/630_623.mp4,ffpp_FaceSwap_630_623,1,FaceSwap
FaceForensics++_C23/FaceSwap/631_551.mp4,ffpp_FaceSwap_631_551,1,FaceSwap
FaceForensics++_C23/FaceSwap/632_548.mp4,ffpp_FaceSwap_632_548,1,FaceSwap
FaceForensics++_C23/FaceSwap/633_529.mp4,ffpp_FaceSwap_633_529,1,FaceSwap
FaceForensics++_C23/FaceSwap/634_660.mp4,ffpp_FaceSwap_634_660,1,FaceSwap
FaceForensics++_C23/FaceSwap/635_642.mp4,ffpp_FaceSwap_635_642,1,FaceSwap
FaceForensics++_C23/FaceSwap/636_578.mp4,ffpp_FaceSwap_636_578,1,FaceSwap
FaceForensics++_C23/FaceSwap/637_427.mp4,ffpp_FaceSwap_637_427,1,FaceSwap
FaceForensics++_C23/FaceSwap/638_640.mp4,ffpp_FaceSwap_638_640,1,FaceSwap
FaceForensics++_C23/FaceSwap/639_841.mp4,ffpp_FaceSwap_639_841,1,FaceSwap
FaceForensics++_C23/FaceSwap/640_638.mp4,ffpp_FaceSwap_640_638,1,FaceSwap
FaceForensics++_C23/FaceSwap/641_662.mp4,ffpp_FaceSwap_641_662,1,FaceSwap
FaceForensics++_C23/FaceSwap/642_635.mp4,ffpp_FaceSwap_642_635,1,FaceSwap
FaceForensics++_C23/FaceSwap/643_646.mp4,ffpp_FaceSwap_643_646,1,FaceSwap
FaceForensics++_C23/FaceSwap/644_657.mp4,ffpp_FaceSwap_644_657,1,FaceSwap
FaceForensics++_C23/FaceSwap/645_688.mp4,ffpp_FaceSwap_645_688,1,FaceSwap
FaceForensics++_C23/FaceSwap/646_643.mp4,ffpp_FaceSwap_646_643,1,FaceSwap
FaceForensics++_C23/FaceSwap/647_622.mp4,ffpp_FaceSwap_647_622,1,FaceSwap
FaceForensics++_C23/FaceSwap/648_654.mp4,ffpp_FaceSwap_648_654,1,FaceSwap
FaceForensics++_C23/FaceSwap/649_816.mp4,ffpp_FaceSwap_649_816,1,FaceSwap
FaceForensics++_C23/FaceSwap/650_625.mp4,ffpp_FaceSwap_650_625,1,FaceSwap
FaceForensics++_C23/FaceSwap/651_835.mp4,ffpp_FaceSwap_651_835,1,FaceSwap
FaceForensics++_C23/FaceSwap/652_773.mp4,ffpp_FaceSwap_652_773,1,FaceSwap
FaceForensics++_C23/FaceSwap/653_601.mp4,ffpp_FaceSwap_653_601,1,FaceSwap
FaceForensics++_C23/FaceSwap/654_648.mp4,ffpp_FaceSwap_654_648,1,FaceSwap
FaceForensics++_C23/FaceSwap/655_444.mp4,ffpp_FaceSwap_655_444,1,FaceSwap
FaceForensics++_C23/FaceSwap/656_666.mp4,ffpp_FaceSwap_656_666,1,FaceSwap
FaceForensics++_C23/FaceSwap/657_644.mp4,ffpp_FaceSwap_657_644,1,FaceSwap
FaceForensics++_C23/FaceSwap/658_627.mp4,ffpp_FaceSwap_658_627,1,FaceSwap
FaceForensics++_C23/FaceSwap/659_749.mp4,ffpp_FaceSwap_659_749,1,FaceSwap
FaceForensics++_C23/FaceSwap/660_634.mp4,ffpp_FaceSwap_660_634,1,FaceSwap
FaceForensics++_C23/FaceSwap/661_670.mp4,ffpp_FaceSwap_661_670,1,FaceSwap
FaceForensics++_C23/FaceSwap/662_641.mp4,ffpp_FaceSwap_662_641,1,FaceSwap
FaceForensics++_C23/FaceSwap/663_231.mp4,ffpp_FaceSwap_663_231,1,FaceSwap
FaceForensics++_C23/FaceSwap/664_668.mp4,ffpp_FaceSwap_664_668,1,FaceSwap
FaceForensics++_C23/FaceSwap/665_679.mp4,ffpp_FaceSwap_665_679,1,FaceSwap
FaceForensics++_C23/FaceSwap/666_656.mp4,ffpp_FaceSwap_666_656,1,FaceSwap
FaceForensics++_C23/FaceSwap/667_446.mp4,ffpp_FaceSwap_667_446,1,FaceSwap
FaceForensics++_C23/FaceSwap/668_664.mp4,ffpp_FaceSwap_668_664,1,FaceSwap
FaceForensics++_C23/FaceSwap/669_682.mp4,ffpp_FaceSwap_669_682,1,FaceSwap
FaceForensics++_C23/FaceSwap/670_661.mp4,ffpp_FaceSwap_670_661,1,FaceSwap
FaceForensics++_C23/FaceSwap/671_677.mp4,ffpp_FaceSwap_671_677,1,FaceSwap
FaceForensics++_C23/FaceSwap/672_720.mp4,ffpp_FaceSwap_672_720,1,FaceSwap
FaceForensics++_C23/FaceSwap/673_728.mp4,ffpp_FaceSwap_673_728,1,FaceSwap
FaceForensics++_C23/FaceSwap/674_744.mp4,ffpp_FaceSwap_674_744,1,FaceSwap
FaceForensics++_C23/FaceSwap/675_608.mp4,ffpp_FaceSwap_675_608,1,FaceSwap
FaceForensics++_C23/FaceSwap/676_776.mp4,ffpp_FaceSwap_676_776,1,FaceSwap
FaceForensics++_C23/FaceSwap/677_671.mp4,ffpp_FaceSwap_677_671,1,FaceSwap
FaceForensics++_C23/FaceSwap/678_460.mp4,ffpp_FaceSwap_678_460,1,FaceSwap
FaceForensics++_C23/FaceSwap/679_665.mp4,ffpp_FaceSwap_679_665,1,FaceSwap
FaceForensics++_C23/FaceSwap/680_486.mp4,ffpp_FaceSwap_680_486,1,FaceSwap
FaceForensics++_C23/FaceSwap/681_711.mp4,ffpp_FaceSwap_681_711,1,FaceSwap
FaceForensics++_C23/FaceSwap/682_669.mp4,ffpp_FaceSwap_682_669,1,FaceSwap
FaceForensics++_C23/FaceSwap/683_607.mp4,ffpp_FaceSwap_683_607,1,FaceSwap
FaceForensics++_C23/FaceSwap/684_717.mp4,ffpp_FaceSwap_684_717,1,FaceSwap
FaceForensics++_C23/FaceSwap/685_613.mp4,ffpp_FaceSwap_685_613,1,FaceSwap
FaceForensics++_C23/FaceSwap/686_696.mp4,ffpp_FaceSwap_686_696,1,FaceSwap
FaceForensics++_C23/FaceSwap/687_615.mp4,ffpp_FaceSwap_687_615,1,FaceSwap
FaceForensics++_C23/FaceSwap/688_645.mp4,ffpp_FaceSwap_688_645,1,FaceSwap
FaceForensics++_C23/FaceSwap/689_690.mp4,ffpp_FaceSwap_689_690,1,FaceSwap
FaceForensics++_C23/FaceSwap/690_689.mp4,ffpp_FaceSwap_690_689,1,FaceSwap
FaceForensics++_C23/FaceSwap/691_732.mp4,ffpp_FaceSwap_691_732,1,FaceSwap
FaceForensics++_C23/FaceSwap/692_610.mp4,ffpp_FaceSwap_692_610,1,FaceSwap
FaceForensics++_C23/FaceSwap/693_698.mp4,ffpp_FaceSwap_693_698,1,FaceSwap
FaceForensics++_C23/FaceSwap/694_767.mp4,ffpp_FaceSwap_694_767,1,FaceSwap
FaceForensics++_C23/FaceSwap/695_422.mp4,ffpp_FaceSwap_695_422,1,FaceSwap
FaceForensics++_C23/FaceSwap/696_686.mp4,ffpp_FaceSwap_696_686,1,FaceSwap
FaceForensics++_C23/FaceSwap/697_581.mp4,ffpp_FaceSwap_697_581,1,FaceSwap
FaceForensics++_C23/FaceSwap/698_693.mp4,ffpp_FaceSwap_698_693,1,FaceSwap
FaceForensics++_C23/FaceSwap/699_734.mp4,ffpp_FaceSwap_699_734,1,FaceSwap
FaceForensics++_C23/FaceSwap/700_813.mp4,ffpp_FaceSwap_700_813,1,FaceSwap
FaceForensics++_C23/FaceSwap/701_579.mp4,ffpp_FaceSwap_701_579,1,FaceSwap
FaceForensics++_C23/FaceSwap/702_612.mp4,ffpp_FaceSwap_702_612,1,FaceSwap
FaceForensics++_C23/FaceSwap/703_604.mp4,ffpp_FaceSwap_703_604,1,FaceSwap
FaceForensics++_C23/FaceSwap/704_723.mp4,ffpp_FaceSwap_704_723,1,FaceSwap
FaceForensics++_C23/FaceSwap/705_707.mp4,ffpp_FaceSwap_705_707,1,FaceSwap
FaceForensics++_C23/FaceSwap/706_479.mp4,ffpp_FaceSwap_706_479,1,FaceSwap
FaceForensics++_C23/FaceSwap/707_705.mp4,ffpp_FaceSwap_707_705,1,FaceSwap
FaceForensics++_C23/FaceSwap/708_772.mp4,ffpp_FaceSwap_708_772,1,FaceSwap
FaceForensics++_C23/FaceSwap/709_390.mp4,ffpp_FaceSwap_709_390,1,FaceSwap
FaceForensics++_C23/FaceSwap/710_788.mp4,ffpp_FaceSwap_710_788,1,FaceSwap
FaceForensics++_C23/FaceSwap/711_681.mp4,ffpp_FaceSwap_711_681,1,FaceSwap
FaceForensics++_C23/FaceSwap/712_716.mp4,ffpp_FaceSwap_712_716,1,FaceSwap
FaceForensics++_C23/FaceSwap/713_726.mp4,ffpp_FaceSwap_713_726,1,FaceSwap
FaceForensics++_C23/FaceSwap/714_842.mp4,ffpp_FaceSwap_714_842,1,FaceSwap
FaceForensics++_C23/FaceSwap/715_721.mp4,ffpp_FaceSwap_715_721,1,FaceSwap
FaceForensics++_C23/FaceSwap/716_712.mp4,ffpp_FaceSwap_716_712,1,FaceSwap
FaceForensics++_C23/FaceSwap/717_684.mp4,ffpp_FaceSwap_717_684,1,FaceSwap
FaceForensics++_C23/FaceSwap/718_972.mp4,ffpp_FaceSwap_718_972,1,FaceSwap
FaceForensics++_C23/FaceSwap/719_737.mp4,ffpp_FaceSwap_719_737,1,FaceSwap
FaceForensics++_C23/FaceSwap/720_672.mp4,ffpp_FaceSwap_720_672,1,FaceSwap
FaceForensics++_C23/FaceSwap/721_715.mp4,ffpp_FaceSwap_721_715,1,FaceSwap
FaceForensics++_C23/FaceSwap/722_458.mp4,ffpp_FaceSwap_722_458,1,FaceSwap
FaceForensics++_C23/FaceSwap/723_704.mp4,ffpp_FaceSwap_723_704,1,FaceSwap
FaceForensics++_C23/FaceSwap/724_725.mp4,ffpp_FaceSwap_724_725,1,FaceSwap
FaceForensics++_C23/FaceSwap/725_724.mp4,ffpp_FaceSwap_725_724,1,FaceSwap
FaceForensics++_C23/FaceSwap/726_713.mp4,ffpp_FaceSwap_726_713,1,FaceSwap
FaceForensics++_C23/FaceSwap/727_729.mp4,ffpp_FaceSwap_727_729,1,FaceSwap
FaceForensics++_C23/FaceSwap/728_673.mp4,ffpp_FaceSwap_728_673,1,FaceSwap
FaceForensics++_C23/FaceSwap/729_727.mp4,ffpp_FaceSwap_729_727,1,FaceSwap
FaceForensics++_C23/FaceSwap/730_815.mp4,ffpp_FaceSwap_730_815,1,FaceSwap
FaceForensics++_C23/FaceSwap/731_741.mp4,ffpp_FaceSwap_731_741,1,FaceSwap
FaceForensics++_C23/FaceSwap/732_691.mp4,ffpp_FaceSwap_732_691,1,FaceSwap
FaceForensics++_C23/FaceSwap/733_935.mp4,ffpp_FaceSwap_733_935,1,FaceSwap
FaceForensics++_C23/FaceSwap/734_699.mp4,ffpp_FaceSwap_734_699,1,FaceSwap
FaceForensics++_C23/FaceSwap/735_774.mp4,ffpp_FaceSwap_735_774,1,FaceSwap
FaceForensics++_C23/FaceSwap/736_785.mp4,ffpp_FaceSwap_736_785,1,FaceSwap
FaceForensics++_C23/FaceSwap/737_719.mp4,ffpp_FaceSwap_737_719,1,FaceSwap
FaceForensics++_C23/FaceSwap/738_804.mp4,ffpp_FaceSwap_738_804,1,FaceSwap
FaceForensics++_C23/FaceSwap/739_865.mp4,ffpp_FaceSwap_739_865,1,FaceSwap
FaceForensics++_C23/FaceSwap/740_796.mp4,ffpp_FaceSwap_740_796,1,FaceSwap
FaceForensics++_C23/FaceSwap/741_731.mp4,ffpp_FaceSwap_741_731,1,FaceSwap
FaceForensics++_C23/FaceSwap/742_775.mp4,ffpp_FaceSwap_742_775,1,FaceSwap
FaceForensics++_C23/FaceSwap/743_750.mp4,ffpp_FaceSwap_743_750,1,FaceSwap
FaceForensics++_C23/FaceSwap/744_674.mp4,ffpp_FaceSwap_744_674,1,FaceSwap
FaceForensics++_C23/FaceSwap/745_777.mp4,ffpp_FaceSwap_745_777,1,FaceSwap
FaceForensics++_C23/FaceSwap/746_571.mp4,ffpp_FaceSwap_746_571,1,FaceSwap
FaceForensics++_C23/FaceSwap/747_854.mp4,ffpp_FaceSwap_747_854,1,FaceSwap
FaceForensics++_C23/FaceSwap/748_355.mp4,ffpp_FaceSwap_748_355,1,FaceSwap
FaceForensics++_C23/FaceSwap/749_659.mp4,ffpp_FaceSwap_749_659,1,FaceSwap
FaceForensics++_C23/FaceSwap/750_743.mp4,ffpp_FaceSwap_750_743,1,FaceSwap
FaceForensics++_C23/FaceSwap/751_752.mp4,ffpp_FaceSwap_751_752,1,FaceSwap
FaceForensics++_C23/FaceSwap/752_751.mp4,ffpp_FaceSwap_752_751,1,FaceSwap
FaceForensics++_C23/FaceSwap/753_789.mp4,ffpp_FaceSwap_753_789,1,FaceSwap
FaceForensics++_C23/FaceSwap/754_758.mp4,ffpp_FaceSwap_754_758,1,FaceSwap
FaceForensics++_C23/FaceSwap/755_759.mp4,ffpp_FaceSwap_755_759,1,FaceSwap
FaceForensics++_C23/FaceSwap/756_503.mp4,ffpp_FaceSwap_756_503,1,FaceSwap
FaceForensics++_C23/FaceSwap/757_573.mp4,ffpp_FaceSwap_757_573,1,FaceSwap
FaceForensics++_C23/FaceSwap/758_754.mp4,ffpp_FaceSwap_758_754,1,FaceSwap
FaceForensics++_C23/FaceSwap/759_755.mp4,ffpp_FaceSwap_759_755,1,FaceSwap
FaceForensics++_C23/FaceSwap/760_611.mp4,ffpp_FaceSwap_760_611,1,FaceSwap
FaceForensics++_C23/FaceSwap/761_766.mp4,ffpp_FaceSwap_761_766,1,FaceSwap
FaceForensics++_C23/FaceSwap/762_832.mp4,ffpp_FaceSwap_762_832,1,FaceSwap
FaceForensics++_C23/FaceSwap/763_930.mp4,ffpp_FaceSwap_763_930,1,FaceSwap
FaceForensics++_C23/FaceSwap/764_850.mp4,ffpp_FaceSwap_764_850,1,FaceSwap
FaceForensics++_C23/FaceSwap/765_867.mp4,ffpp_FaceSwap_765_867,1,FaceSwap
FaceForensics++_C23/FaceSwap/766_761.mp4,ffpp_FaceSwap_766_761,1,FaceSwap
FaceForensics++_C23/FaceSwap/767_694.mp4,ffpp_FaceSwap_767_694,1,FaceSwap
FaceForensics++_C23/FaceSwap/768_793.mp4,ffpp_FaceSwap_768_793,1,FaceSwap
FaceForensics++_C23/FaceSwap/769_784.mp4,ffpp_FaceSwap_769_784,1,FaceSwap
FaceForensics++_C23/FaceSwap/770_791.mp4,ffpp_FaceSwap_770_791,1,FaceSwap
FaceForensics++_C23/FaceSwap/771_849.mp4,ffpp_FaceSwap_771_849,1,FaceSwap
FaceForensics++_C23/FaceSwap/772_708.mp4,ffpp_FaceSwap_772_708,1,FaceSwap
FaceForensics++_C23/FaceSwap/773_652.mp4,ffpp_FaceSwap_773_652,1,FaceSwap
FaceForensics++_C23/FaceSwap/774_735.mp4,ffpp_FaceSwap_774_735,1,FaceSwap
FaceForensics++_C23/FaceSwap/775_742.mp4,ffpp_FaceSwap_775_742,1,FaceSwap
FaceForensics++_C23/FaceSwap/776_676.mp4,ffpp_FaceSwap_776_676,1,FaceSwap
FaceForensics++_C23/FaceSwap/777_745.mp4,ffpp_FaceSwap_777_745,1,FaceSwap
FaceForensics++_C23/FaceSwap/778_798.mp4,ffpp_FaceSwap_778_798,1,FaceSwap
FaceForensics++_C23/FaceSwap/779_794.mp4,ffpp_FaceSwap_779_794,1,FaceSwap
FaceForensics++_C23/FaceSwap/780_869.mp4,ffpp_FaceSwap_780_869,1,FaceSwap
FaceForensics++_C23/FaceSwap/781_806.mp4,ffpp_FaceSwap_781_806,1,FaceSwap
FaceForensics++_C23/FaceSwap/782_787.mp4,ffpp_FaceSwap_782_787,1,FaceSwap
FaceForensics++_C23/FaceSwap/783_916.mp4,ffpp_FaceSwap_783_916,1,FaceSwap
FaceForensics++_C23/FaceSwap/784_769.mp4,ffpp_FaceSwap_784_769,1,FaceSwap
FaceForensics++_C23/FaceSwap/785_736.mp4,ffpp_FaceSwap_785_736,1,FaceSwap
FaceForensics++_C23/FaceSwap/786_819.mp4,ffpp_FaceSwap_786_819,1,FaceSwap
FaceForensics++_C23/FaceSwap/787_782.mp4,ffpp_FaceSwap_787_782,1,FaceSwap
FaceForensics++_C23/FaceSwap/788_710.mp4,ffpp_FaceSwap_788_710,1,FaceSwap
FaceForensics++_C23/FaceSwap/789_753.mp4,ffpp_FaceSwap_789_753,1,FaceSwap
FaceForensics++_C23/FaceSwap/790_014.mp4,ffpp_FaceSwap_790_014,1,FaceSwap
FaceForensics++_C23/FaceSwap/791_770.mp4,ffpp_FaceSwap_791_770,1,FaceSwap
FaceForensics++_C23/FaceSwap/792_903.mp4,ffpp_FaceSwap_792_903,1,FaceSwap
FaceForensics++_C23/FaceSwap/793_768.mp4,ffpp_FaceSwap_793_768,1,FaceSwap
FaceForensics++_C23/FaceSwap/794_779.mp4,ffpp_FaceSwap_794_779,1,FaceSwap
FaceForensics++_C23/FaceSwap/795_907.mp4,ffpp_FaceSwap_795_907,1,FaceSwap
FaceForensics++_C23/FaceSwap/796_740.mp4,ffpp_FaceSwap_796_740,1,FaceSwap
FaceForensics++_C23/FaceSwap/797_844.mp4,ffpp_FaceSwap_797_844,1,FaceSwap
FaceForensics++_C23/FaceSwap/798_778.mp4,ffpp_FaceSwap_798_778,1,FaceSwap
FaceForensics++_C23/FaceSwap/799_809.mp4,ffpp_FaceSwap_799_809,1,FaceSwap
FaceForensics++_C23/FaceSwap/800_840.mp4,ffpp_FaceSwap_800_840,1,FaceSwap
FaceForensics++_C23/FaceSwap/801_855.mp4,ffpp_FaceSwap_801_855,1,FaceSwap
FaceForensics++_C23/FaceSwap/802_885.mp4,ffpp_FaceSwap_802_885,1,FaceSwap
FaceForensics++_C23/FaceSwap/803_017.mp4,ffpp_FaceSwap_803_017,1,FaceSwap
FaceForensics++_C23/FaceSwap/804_738.mp4,ffpp_FaceSwap_804_738,1,FaceSwap
FaceForensics++_C23/FaceSwap/805_011.mp4,ffpp_FaceSwap_805_011,1,FaceSwap
FaceForensics++_C23/FaceSwap/806_781.mp4,ffpp_FaceSwap_806_781,1,FaceSwap
FaceForensics++_C23/FaceSwap/807_273.mp4,ffpp_FaceSwap_807_273,1,FaceSwap
FaceForensics++_C23/FaceSwap/808_829.mp4,ffpp_FaceSwap_808_829,1,FaceSwap
FaceForensics++_C23/FaceSwap/809_799.mp4,ffpp_FaceSwap_809_799,1,FaceSwap
FaceForensics++_C23/FaceSwap/810_838.mp4,ffpp_FaceSwap_810_838,1,FaceSwap
FaceForensics++_C23/FaceSwap/811_920.mp4,ffpp_FaceSwap_811_920,1,FaceSwap
FaceForensics++_C23/FaceSwap/812_821.mp4,ffpp_FaceSwap_812_821,1,FaceSwap
FaceForensics++_C23/FaceSwap/813_700.mp4,ffpp_FaceSwap_813_700,1,FaceSwap
FaceForensics++_C23/FaceSwap/814_871.mp4,ffpp_FaceSwap_814_871,1,FaceSwap
FaceForensics++_C23/FaceSwap/815_730.mp4,ffpp_FaceSwap_815_730,1,FaceSwap
FaceForensics++_C23/FaceSwap/816_649.mp4,ffpp_FaceSwap_816_649,1,FaceSwap
FaceForensics++_C23/FaceSwap/817_827.mp4,ffpp_FaceSwap_817_827,1,FaceSwap
FaceForensics++_C23/FaceSwap/818_820.mp4,ffpp_FaceSwap_818_820,1,FaceSwap
FaceForensics++_C23/FaceSwap/819_786.mp4,ffpp_FaceSwap_819_786,1,FaceSwap
FaceForensics++_C23/FaceSwap/820_818.mp4,ffpp_FaceSwap_820_818,1,FaceSwap
FaceForensics++_C23/FaceSwap/821_812.mp4,ffpp_FaceSwap_821_812,1,FaceSwap
FaceForensics++_C23/FaceSwap/822_244.mp4,ffpp_FaceSwap_822_244,1,FaceSwap
FaceForensics++_C23/FaceSwap/823_584.mp4,ffpp_FaceSwap_823_584,1,FaceSwap
FaceForensics++_C23/FaceSwap/824_419.mp4,ffpp_FaceSwap_824_419,1,FaceSwap
FaceForensics++_C23/FaceSwap/825_074.mp4,ffpp_FaceSwap_825_074,1,FaceSwap
FaceForensics++_C23/FaceSwap/826_833.mp4,ffpp_FaceSwap_826_833,1,FaceSwap
FaceForensics++_C23/FaceSwap/827_817.mp4,ffpp_FaceSwap_827_817,1,FaceSwap
FaceForensics++_C23/FaceSwap/828_830.mp4,ffpp_FaceSwap_828_830,1,FaceSwap
FaceForensics++_C23/FaceSwap/829_808.mp4,ffpp_FaceSwap_829_808,1,FaceSwap
FaceForensics++_C23/FaceSwap/830_828.mp4,ffpp_FaceSwap_830_828,1,FaceSwap
FaceForensics++_C23/FaceSwap/831_508.mp4,ffpp_FaceSwap_831_508,1,FaceSwap
FaceForensics++_C23/FaceSwap/832_762.mp4,ffpp_FaceSwap_832_762,1,FaceSwap
FaceForensics++_C23/FaceSwap/833_826.mp4,ffpp_FaceSwap_833_826,1,FaceSwap
FaceForensics++_C23/FaceSwap/834_852.mp4,ffpp_FaceSwap_834_852,1,FaceSwap
FaceForensics++_C23/FaceSwap/835_651.mp4,ffpp_FaceSwap_835_651,1,FaceSwap
FaceForensics++_C23/FaceSwap/836_950.mp4,ffpp_FaceSwap_836_950,1,FaceSwap
FaceForensics++_C23/FaceSwap/837_890.mp4,ffpp_FaceSwap_837_890,1,FaceSwap
FaceForensics++_C23/FaceSwap/838_810.mp4,ffpp_FaceSwap_838_810,1,FaceSwap
FaceForensics++_C23/FaceSwap/839_864.mp4,ffpp_FaceSwap_839_864,1,FaceSwap
FaceForensics++_C23/FaceSwap/840_800.mp4,ffpp_FaceSwap_840_800,1,FaceSwap
FaceForensics++_C23/FaceSwap/841_639.mp4,ffpp_FaceSwap_841_639,1,FaceSwap
FaceForensics++_C23/FaceSwap/842_714.mp4,ffpp_FaceSwap_842_714,1,FaceSwap
FaceForensics++_C23/FaceSwap/843_859.mp4,ffpp_FaceSwap_843_859,1,FaceSwap
FaceForensics++_C23/FaceSwap/844_797.mp4,ffpp_FaceSwap_844_797,1,FaceSwap
FaceForensics++_C23/FaceSwap/845_846.mp4,ffpp_FaceSwap_845_846,1,FaceSwap
FaceForensics++_C23/FaceSwap/846_845.mp4,ffpp_FaceSwap_846_845,1,FaceSwap
FaceForensics++_C23/FaceSwap/847_906.mp4,ffpp_FaceSwap_847_906,1,FaceSwap
FaceForensics++_C23/FaceSwap/848_894.mp4,ffpp_FaceSwap_848_894,1,FaceSwap
FaceForensics++_C23/FaceSwap/849_771.mp4,ffpp_FaceSwap_849_771,1,FaceSwap
FaceForensics++_C23/FaceSwap/850_764.mp4,ffpp_FaceSwap_850_764,1,FaceSwap
FaceForensics++_C23/FaceSwap/851_552.mp4,ffpp_FaceSwap_851_552,1,FaceSwap
FaceForensics++_C23/FaceSwap/852_834.mp4,ffpp_FaceSwap_852_834,1,FaceSwap
FaceForensics++_C23/FaceSwap/853_863.mp4,ffpp_FaceSwap_853_863,1,FaceSwap
FaceForensics++_C23/FaceSwap/854_747.mp4,ffpp_FaceSwap_854_747,1,FaceSwap
FaceForensics++_C23/FaceSwap/855_801.mp4,ffpp_FaceSwap_855_801,1,FaceSwap
FaceForensics++_C23/FaceSwap/856_881.mp4,ffpp_FaceSwap_856_881,1,FaceSwap
FaceForensics++_C23/FaceSwap/857_909.mp4,ffpp_FaceSwap_857_909,1,FaceSwap
FaceForensics++_C23/FaceSwap/858_861.mp4,ffpp_FaceSwap_858_861,1,FaceSwap
FaceForensics++_C23/FaceSwap/859_843.mp4,ffpp_FaceSwap_859_843,1,FaceSwap
FaceForensics++_C23/FaceSwap/860_905.mp4,ffpp_FaceSwap_860_905,1,FaceSwap
FaceForensics++_C23/FaceSwap/861_858.mp4,ffpp_FaceSwap_861_858,1,FaceSwap
FaceForensics++_C23/FaceSwap/862_047.mp4,ffpp_FaceSwap_862_047,1,FaceSwap
FaceForensics++_C23/FaceSwap/863_853.mp4,ffpp_FaceSwap_863_853,1,FaceSwap
FaceForensics++_C23/FaceSwap/864_839.mp4,ffpp_FaceSwap_864_839,1,FaceSwap
FaceForensics++_C23/FaceSwap/865_739.mp4,ffpp_FaceSwap_865_739,1,FaceSwap
FaceForensics++_C23/FaceSwap/866_878.mp4,ffpp_FaceSwap_866_878,1,FaceSwap
FaceForensics++_C23/FaceSwap/867_765.mp4,ffpp_FaceSwap_867_765,1,FaceSwap
FaceForensics++_C23/FaceSwap/868_949.mp4,ffpp_FaceSwap_868_949,1,FaceSwap
FaceForensics++_C23/FaceSwap/869_780.mp4,ffpp_FaceSwap_869_780,1,FaceSwap
FaceForensics++_C23/FaceSwap/870_001.mp4,ffpp_FaceSwap_870_001,1,FaceSwap
FaceForensics++_C23/FaceSwap/871_814.mp4,ffpp_FaceSwap_871_814,1,FaceSwap
FaceForensics++_C23/FaceSwap/872_873.mp4,ffpp_FaceSwap_872_873,1,FaceSwap
FaceForensics++_C23/FaceSwap/873_872.mp4,ffpp_FaceSwap_873_872,1,FaceSwap
FaceForensics++_C23/FaceSwap/874_291.mp4,ffpp_FaceSwap_874_291,1,FaceSwap
FaceForensics++_C23/FaceSwap/875_979.mp4,ffpp_FaceSwap_875_979,1,FaceSwap
FaceForensics++_C23/FaceSwap/876_891.mp4,ffpp_FaceSwap_876_891,1,FaceSwap
FaceForensics++_C23/FaceSwap/877_886.mp4,ffpp_FaceSwap_877_886,1,FaceSwap
FaceForensics++_C23/FaceSwap/878_866.mp4,ffpp_FaceSwap_878_866,1,FaceSwap
FaceForensics++_C23/FaceSwap/879_963.mp4,ffpp_FaceSwap_879_963,1,FaceSwap
FaceForensics++_C23/FaceSwap/880_135.mp4,ffpp_FaceSwap_880_135,1,FaceSwap
FaceForensics++_C23/FaceSwap/881_856.mp4,ffpp_FaceSwap_881_856,1,FaceSwap
FaceForensics++_C23/FaceSwap/882_952.mp4,ffpp_FaceSwap_882_952,1,FaceSwap
FaceForensics++_C23/FaceSwap/883_013.mp4,ffpp_FaceSwap_883_013,1,FaceSwap
FaceForensics++_C23/FaceSwap/884_968.mp4,ffpp_FaceSwap_884_968,1,FaceSwap
FaceForensics++_C23/FaceSwap/885_802.mp4,ffpp_FaceSwap_885_802,1,FaceSwap
FaceForensics++_C23/FaceSwap/886_877.mp4,ffpp_FaceSwap_886_877,1,FaceSwap
FaceForensics++_C23/FaceSwap/887_275.mp4,ffpp_FaceSwap_887_275,1,FaceSwap
FaceForensics++_C23/FaceSwap/888_937.mp4,ffpp_FaceSwap_888_937,1,FaceSwap
FaceForensics++_C23/FaceSwap/889_045.mp4,ffpp_FaceSwap_889_045,1,FaceSwap
FaceForensics++_C23/FaceSwap/890_837.mp4,ffpp_FaceSwap_890_837,1,FaceSwap
FaceForensics++_C23/FaceSwap/891_876.mp4,ffpp_FaceSwap_891_876,1,FaceSwap
FaceForensics++_C23/FaceSwap/892_112.mp4,ffpp_FaceSwap_892_112,1,FaceSwap
FaceForensics++_C23/FaceSwap/893_913.mp4,ffpp_FaceSwap_893_913,1,FaceSwap
FaceForensics++_C23/FaceSwap/894_848.mp4,ffpp_FaceSwap_894_848,1,FaceSwap
FaceForensics++_C23/FaceSwap/895_915.mp4,ffpp_FaceSwap_895_915,1,FaceSwap
FaceForensics++_C23/FaceSwap/896_128.mp4,ffpp_FaceSwap_896_128,1,FaceSwap
FaceForensics++_C23/FaceSwap/897_969.mp4,ffpp_FaceSwap_897_969,1,FaceSwap
FaceForensics++_C23/FaceSwap/898_922.mp4,ffpp_FaceSwap_898_922,1,FaceSwap
FaceForensics++_C23/FaceSwap/899_914.mp4,ffpp_FaceSwap_899_914,1,FaceSwap
FaceForensics++_C23/FaceSwap/900_926.mp4,ffpp_FaceSwap_900_926,1,FaceSwap
FaceForensics++_C23/FaceSwap/901_902.mp4,ffpp_FaceSwap_901_902,1,FaceSwap
FaceForensics++_C23/FaceSwap/902_901.mp4,ffpp_FaceSwap_902_901,1,FaceSwap
FaceForensics++_C23/FaceSwap/903_792.mp4,ffpp_FaceSwap_903_792,1,FaceSwap
FaceForensics++_C23/FaceSwap/904_046.mp4,ffpp_FaceSwap_904_046,1,FaceSwap
FaceForensics++_C23/FaceSwap/905_860.mp4,ffpp_FaceSwap_905_860,1,FaceSwap
FaceForensics++_C23/FaceSwap/906_847.mp4,ffpp_FaceSwap_906_847,1,FaceSwap
FaceForensics++_C23/FaceSwap/907_795.mp4,ffpp_FaceSwap_907_795,1,FaceSwap
FaceForensics++_C23/FaceSwap/908_207.mp4,ffpp_FaceSwap_908_207,1,FaceSwap
FaceForensics++_C23/FaceSwap/909_857.mp4,ffpp_FaceSwap_909_857,1,FaceSwap
FaceForensics++_C23/FaceSwap/910_911.mp4,ffpp_FaceSwap_910_911,1,FaceSwap
FaceForensics++_C23/FaceSwap/911_910.mp4,ffpp_FaceSwap_911_910,1,FaceSwap
FaceForensics++_C23/FaceSwap/912_927.mp4,ffpp_FaceSwap_912_927,1,FaceSwap
FaceForensics++_C23/FaceSwap/913_893.mp4,ffpp_FaceSwap_913_893,1,FaceSwap
FaceForensics++_C23/FaceSwap/914_899.mp4,ffpp_FaceSwap_914_899,1,FaceSwap
FaceForensics++_C23/FaceSwap/915_895.mp4,ffpp_FaceSwap_915_895,1,FaceSwap
FaceForensics++_C23/FaceSwap/916_783.mp4,ffpp_FaceSwap_916_783,1,FaceSwap
FaceForensics++_C23/FaceSwap/917_924.mp4,ffpp_FaceSwap_917_924,1,FaceSwap
FaceForensics++_C23/FaceSwap/918_934.mp4,ffpp_FaceSwap_918_934,1,FaceSwap
FaceForensics++_C23/FaceSwap/919_015.mp4,ffpp_FaceSwap_919_015,1,FaceSwap
FaceForensics++_C23/FaceSwap/920_811.mp4,ffpp_FaceSwap_920_811,1,FaceSwap
FaceForensics++_C23/FaceSwap/921_569.mp4,ffpp_FaceSwap_921_569,1,FaceSwap
FaceForensics++_C23/FaceSwap/922_898.mp4,ffpp_FaceSwap_922_898,1,FaceSwap
FaceForensics++_C23/FaceSwap/923_023.mp4,ffpp_FaceSwap_923_023,1,FaceSwap
FaceForensics++_C23/FaceSwap/924_917.mp4,ffpp_FaceSwap_924_917,1,FaceSwap
FaceForensics++_C23/FaceSwap/925_933.mp4,ffpp_FaceSwap_925_933,1,FaceSwap
FaceForensics++_C23/FaceSwap/926_900.mp4,ffpp_FaceSwap_926_900,1,FaceSwap
FaceForensics++_C23/FaceSwap/927_912.mp4,ffpp_FaceSwap_927_912,1,FaceSwap
FaceForensics++_C23/FaceSwap/928_160.mp4,ffpp_FaceSwap_928_160,1,FaceSwap
FaceForensics++_C23/FaceSwap/929_962.mp4,ffpp_FaceSwap_929_962,1,FaceSwap
FaceForensics++_C23/FaceSwap/930_763.mp4,ffpp_FaceSwap_930_763,1,FaceSwap
FaceForensics++_C23/FaceSwap/931_936.mp4,ffpp_FaceSwap_931_936,1,FaceSwap
FaceForensics++_C23/FaceSwap/932_384.mp4,ffpp_FaceSwap_932_384,1,FaceSwap
FaceForensics++_C23/FaceSwap/933_925.mp4,ffpp_FaceSwap_933_925,1,FaceSwap
FaceForensics++_C23/FaceSwap/934_918.mp4,ffpp_FaceSwap_934_918,1,FaceSwap
FaceForensics++_C23/FaceSwap/935_733.mp4,ffpp_FaceSwap_935_733,1,FaceSwap
FaceForensics++_C23/FaceSwap/936_931.mp4,ffpp_FaceSwap_936_931,1,FaceSwap
FaceForensics++_C23/FaceSwap/937_888.mp4,ffpp_FaceSwap_937_888,1,FaceSwap
FaceForensics++_C23/FaceSwap/938_987.mp4,ffpp_FaceSwap_938_987,1,FaceSwap
FaceForensics++_C23/FaceSwap/939_115.mp4,ffpp_FaceSwap_939_115,1,FaceSwap
FaceForensics++_C23/FaceSwap/940_941.mp4,ffpp_FaceSwap_940_941,1,FaceSwap
FaceForensics++_C23/FaceSwap/941_940.mp4,ffpp_FaceSwap_941_940,1,FaceSwap
FaceForensics++_C23/FaceSwap/942_943.mp4,ffpp_FaceSwap_942_943,1,FaceSwap
FaceForensics++_C23/FaceSwap/943_942.mp4,ffpp_FaceSwap_943_942,1,FaceSwap
FaceForensics++_C23/FaceSwap/944_032.mp4,ffpp_FaceSwap_944_032,1,FaceSwap
FaceForensics++_C23/FaceSwap/945_044.mp4,ffpp_FaceSwap_945_044,1,FaceSwap
FaceForensics++_C23/FaceSwap/946_049.mp4,ffpp_FaceSwap_946_049,1,FaceSwap
FaceForensics++_C23/FaceSwap/947_951.mp4,ffpp_FaceSwap_947_951,1,FaceSwap
FaceForensics++_C23/FaceSwap/948_965.mp4,ffpp_FaceSwap_948_965,1,FaceSwap
FaceForensics++_C23/FaceSwap/949_868.mp4,ffpp_FaceSwap_949_868,1,FaceSwap
FaceForensics++_C23/FaceSwap/950_836.mp4,ffpp_FaceSwap_950_836,1,FaceSwap
FaceForensics++_C23/FaceSwap/951_947.mp4,ffpp_FaceSwap_951_947,1,FaceSwap
FaceForensics++_C23/FaceSwap/952_882.mp4,ffpp_FaceSwap_952_882,1,FaceSwap
FaceForensics++_C23/FaceSwap/953_974.mp4,ffpp_FaceSwap_953_974,1,FaceSwap
FaceForensics++_C23/FaceSwap/954_976.mp4,ffpp_FaceSwap_954_976,1,FaceSwap
FaceForensics++_C23/FaceSwap/955_078.mp4,ffpp_FaceSwap_955_078,1,FaceSwap
FaceForensics++_C23/FaceSwap/956_958.mp4,ffpp_FaceSwap_956_958,1,FaceSwap
FaceForensics++_C23/FaceSwap/957_959.mp4,ffpp_FaceSwap_957_959,1,FaceSwap
FaceForensics++_C23/FaceSwap/958_956.mp4,ffpp_FaceSwap_958_956,1,FaceSwap
FaceForensics++_C23/FaceSwap/959_957.mp4,ffpp_FaceSwap_959_957,1,FaceSwap
FaceForensics++_C23/FaceSwap/960_999.mp4,ffpp_FaceSwap_960_999,1,FaceSwap
FaceForensics++_C23/FaceSwap/961_069.mp4,ffpp_FaceSwap_961_069,1,FaceSwap
FaceForensics++_C23/FaceSwap/962_929.mp4,ffpp_FaceSwap_962_929,1,FaceSwap
FaceForensics++_C23/FaceSwap/963_879.mp4,ffpp_FaceSwap_963_879,1,FaceSwap
FaceForensics++_C23/FaceSwap/964_174.mp4,ffpp_FaceSwap_964_174,1,FaceSwap
FaceForensics++_C23/FaceSwap/965_948.mp4,ffpp_FaceSwap_965_948,1,FaceSwap
FaceForensics++_C23/FaceSwap/966_988.mp4,ffpp_FaceSwap_966_988,1,FaceSwap
FaceForensics++_C23/FaceSwap/967_984.mp4,ffpp_FaceSwap_967_984,1,FaceSwap
FaceForensics++_C23/FaceSwap/968_884.mp4,ffpp_FaceSwap_968_884,1,FaceSwap
FaceForensics++_C23/FaceSwap/969_897.mp4,ffpp_FaceSwap_969_897,1,FaceSwap
FaceForensics++_C23/FaceSwap/970_973.mp4,ffpp_FaceSwap_970_973,1,FaceSwap
FaceForensics++_C23/FaceSwap/971_564.mp4,ffpp_FaceSwap_971_564,1,FaceSwap
FaceForensics++_C23/FaceSwap/972_718.mp4,ffpp_FaceSwap_972_718,1,FaceSwap
FaceForensics++_C23/FaceSwap/973_970.mp4,ffpp_FaceSwap_973_970,1,FaceSwap
FaceForensics++_C23/FaceSwap/974_953.mp4,ffpp_FaceSwap_974_953,1,FaceSwap
FaceForensics++_C23/FaceSwap/975_978.mp4,ffpp_FaceSwap_975_978,1,FaceSwap
FaceForensics++_C23/FaceSwap/976_954.mp4,ffpp_FaceSwap_976_954,1,FaceSwap
FaceForensics++_C23/FaceSwap/977_075.mp4,ffpp_FaceSwap_977_075,1,FaceSwap
FaceForensics++_C23/FaceSwap/978_975.mp4,ffpp_FaceSwap_978_975,1,FaceSwap
FaceForensics++_C23/FaceSwap/979_875.mp4,ffpp_FaceSwap_979_875,1,FaceSwap
FaceForensics++_C23/FaceSwap/980_992.mp4,ffpp_FaceSwap_980_992,1,FaceSwap
FaceForensics++_C23/FaceSwap/981_985.mp4,ffpp_FaceSwap_981_985,1,FaceSwap
FaceForensics++_C23/FaceSwap/982_004.mp4,ffpp_FaceSwap_982_004,1,FaceSwap
FaceForensics++_C23/FaceSwap/983_113.mp4,ffpp_FaceSwap_983_113,1,FaceSwap
FaceForensics++_C23/FaceSwap/984_967.mp4,ffpp_FaceSwap_984_967,1,FaceSwap
FaceForensics++_C23/FaceSwap/985_981.mp4,ffpp_FaceSwap_985_981,1,FaceSwap
FaceForensics++_C23/FaceSwap/986_994.mp4,ffpp_FaceSwap_986_994,1,FaceSwap
FaceForensics++_C23/FaceSwap/987_938.mp4,ffpp_FaceSwap_987_938,1,FaceSwap
FaceForensics++_C23/FaceSwap/988_966.mp4,ffpp_FaceSwap_988_966,1,FaceSwap
FaceForensics++_C23/FaceSwap/989_993.mp4,ffpp_FaceSwap_989_993,1,FaceSwap
FaceForensics++_C23/FaceSwap/990_008.mp4,ffpp_FaceSwap_990_008,1,FaceSwap
FaceForensics++_C23/FaceSwap/991_064.mp4,ffpp_FaceSwap_991_064,1,FaceSwap
FaceForensics++_C23/FaceSwap/992_980.mp4,ffpp_FaceSwap_992_980,1,FaceSwap
FaceForensics++_C23/FaceSwap/993_989.mp4,ffpp_FaceSwap_993_989,1,FaceSwap
FaceForensics++_C23/FaceSwap/994_986.mp4,ffpp_FaceSwap_994_986,1,FaceSwap
FaceForensics++_C23/FaceSwap/995_233.mp4,ffpp_FaceSwap_995_233,1,FaceSwap
FaceForensics++_C23/FaceSwap/996_056.mp4,ffpp_FaceSwap_996_056,1,FaceSwap
FaceForensics++_C23/FaceSwap/997_040.mp4,ffpp_FaceSwap_997_040,1,FaceSwap
FaceForensics++_C23/FaceSwap/998_561.mp4,ffpp_FaceSwap_998_561,1,FaceSwap
FaceForensics++_C23/FaceSwap/999_960.mp4,ffpp_FaceSwap_999_960,1,FaceSwap
FaceForensics++_C23/NeuralTextures/000_003.mp4,ffpp_NeuralTextures_000_003,1,NeuralTextures
FaceForensics++_C23/NeuralTextures/001_870.mp4,ffpp_NeuralTextures_001_870,1,NeuralTextures
FaceForensics++_C23/NeuralTextures/002_006.mp4,ffpp_NeuralTextures_002_006,1,NeuralTextures
FaceForensics++_C23/NeuralTextures/003_000.mp4,ffpp_NeuralTextures_003_000,1,NeuralTextures
FaceForensics++_C23/NeuralTextures/004_982.mp4,ffpp_NeuralTextures_004_982,1,NeuralTextures
FaceForensics++_C23/NeuralTextures/005_010.mp4,ffpp_NeuralTextures_005_010,1,NeuralTextures
FaceForensics++_C23/NeuralTextures/006_002.mp4,ffpp_NeuralTextures_006_002,1,NeuralTextures
FaceForensics++_C23/NeuralTextures/007_132.mp4,ffpp_NeuralTextures_007_132,1,NeuralTextures
FaceForensics++_C23/NeuralTextures/008_990.mp4,ffpp_NeuralTextures_008_990,1,NeuralTextures
FaceForensics++_C23/NeuralTextures/009_027.mp4,ffpp_NeuralTextures_009_027,1,NeuralTextures
FaceForensics++_C23/NeuralTextures/010_005.mp4,ffpp_NeuralTextures_010_005,1,NeuralTextures
FaceForensics++_C23/NeuralTextures/011_805.mp4,ffpp_NeuralTextures_011_805,1,NeuralTextures
FaceForensics++_C23/NeuralTextures/012_026.mp4,ffpp_NeuralTextures_012_026,1,NeuralTextures
FaceForensics++_C23/NeuralTextures/013_883.mp4,ffpp_NeuralTextures_013_883,1,NeuralTextures
FaceForensics++_C23/NeuralTextures/014_790.mp4,ffpp_NeuralTextures_014_790,1,NeuralTextures
FaceForensics++_C23/NeuralTextures/015_919.mp4,ffpp_NeuralTextures_015_919,1,NeuralTextures
FaceForensics++_C23/NeuralTextures/016_209.mp4,ffpp_NeuralTextures_016_209,1,NeuralTextures
FaceForensics++_C23/NeuralTextures/017_803.mp4,ffpp_NeuralTextures_017_803,1,NeuralTextures
FaceForensics++_C23/NeuralTextures/018_019.mp4,ffpp_NeuralTextures_018_019,1,NeuralTextures
FaceForensics++_C23/NeuralTextures/019_018.mp4,ffpp_NeuralTextures_019_018,1,NeuralTextures
FaceForensics++_C23/NeuralTextures/020_344.mp4,ffpp_NeuralTextures_020_344,1,NeuralTextures
FaceForensics++_C23/NeuralTextures/021_312.mp4,ffpp_NeuralTextures_021_312,1,NeuralTextures
FaceForensics++_C23/NeuralTextures/022_489.mp4,ffpp_NeuralTextures_022_489,1,NeuralTextures
FaceForensics++_C23/NeuralTextures/023_923.mp4,ffpp_NeuralTextures_023_923,1,NeuralTextures
FaceForensics++_C23/NeuralTextures/024_073.mp4,ffpp_NeuralTextures_024_073,1,NeuralTextures
FaceForensics++_C23/NeuralTextures/025_067.mp4,ffpp_NeuralTextures_025_067,1,NeuralTextures
FaceForensics++_C23/NeuralTextures/026_012.mp4,ffpp_NeuralTextures_026_012,1,NeuralTextures
FaceForensics++_C23/NeuralTextures/027_009.mp4,ffpp_NeuralTextures_027_009,1,NeuralTextures
FaceForensics++_C23/NeuralTextures/028_068.mp4,ffpp_NeuralTextures_028_068,1,NeuralTextures
FaceForensics++_C23/NeuralTextures/029_048.mp4,ffpp_NeuralTextures_029_048,1,NeuralTextures
FaceForensics++_C23/NeuralTextures/030_193.mp4,ffpp_NeuralTextures_030_193,1,NeuralTextures
FaceForensics++_C23/NeuralTextures/031_163.mp4,ffpp_NeuralTextures_031_163,1,NeuralTextures
FaceForensics++_C23/NeuralTextures/032_944.mp4,ffpp_NeuralTextures_032_944,1,NeuralTextures
FaceForensics++_C23/NeuralTextures/033_097.mp4,ffpp_NeuralTextures_033_097,1,NeuralTextures
FaceForensics++_C23/NeuralTextures/034_590.mp4,ffpp_NeuralTextures_034_590,1,NeuralTextures
FaceForensics++_C23/NeuralTextures/035_036.mp4,ffpp_NeuralTextures_035_036,1,NeuralTextures
FaceForensics++_C23/NeuralTextures/036_035.mp4,ffpp_NeuralTextures_036_035,1,NeuralTextures
FaceForensics++_C23/NeuralTextures/037_072.mp4,ffpp_NeuralTextures_037_072,1,NeuralTextures
FaceForensics++_C23/NeuralTextures/038_125.mp4,ffpp_NeuralTextures_038_125,1,NeuralTextures
FaceForensics++_C23/NeuralTextures/039_058.mp4,ffpp_NeuralTextures_039_058,1,NeuralTextures
FaceForensics++_C23/NeuralTextures/040_997.mp4,ffpp_NeuralTextures_040_997,1,NeuralTextures
FaceForensics++_C23/NeuralTextures/041_063.mp4,ffpp_NeuralTextures_041_063,1,NeuralTextures
FaceForensics++_C23/NeuralTextures/042_084.mp4,ffpp_NeuralTextures_042_084,1,NeuralTextures
FaceForensics++_C23/NeuralTextures/043_110.mp4,ffpp_NeuralTextures_043_110,1,NeuralTextures
FaceForensics++_C23/NeuralTextures/044_945.mp4,ffpp_NeuralTextures_044_945,1,NeuralTextures
FaceForensics++_C23/NeuralTextures/045_889.mp4,ffpp_NeuralTextures_045_889,1,NeuralTextures
FaceForensics++_C23/NeuralTextures/046_904.mp4,ffpp_NeuralTextures_046_904,1,NeuralTextures
FaceForensics++_C23/NeuralTextures/047_862.mp4,ffpp_NeuralTextures_047_862,1,NeuralTextures
FaceForensics++_C23/NeuralTextures/048_029.mp4,ffpp_NeuralTextures_048_029,1,NeuralTextures
FaceForensics++_C23/NeuralTextures/049_946.mp4,ffpp_NeuralTextures_049_946,1,NeuralTextures
FaceForensics++_C23/NeuralTextures/050_059.mp4,ffpp_NeuralTextures_050_059,1,NeuralTextures
FaceForensics++_C23/NeuralTextures/051_332.mp4,ffpp_NeuralTextures_051_332,1,NeuralTextures
FaceForensics++_C23/NeuralTextures/052_108.mp4,ffpp_NeuralTextures_052_108,1,NeuralTextures
FaceForensics++_C23/NeuralTextures/053_095.mp4,ffpp_NeuralTextures_053_095,1,NeuralTextures
FaceForensics++_C23/NeuralTextures/054_071.mp4,ffpp_NeuralTextures_054_071,1,NeuralTextures
FaceForensics++_C23/NeuralTextures/055_147.mp4,ffpp_NeuralTextures_055_147,1,NeuralTextures
FaceForensics++_C23/NeuralTextures/056_996.mp4,ffpp_NeuralTextures_056_996,1,NeuralTextures
FaceForensics++_C23/NeuralTextures/057_070.mp4,ffpp_NeuralTextures_057_070,1,NeuralTextures
FaceForensics++_C23/NeuralTextures/058_039.mp4,ffpp_NeuralTextures_058_039,1,NeuralTextures
FaceForensics++_C23/NeuralTextures/059_050.mp4,ffpp_NeuralTextures_059_050,1,NeuralTextures
FaceForensics++_C23/NeuralTextures/060_088.mp4,ffpp_NeuralTextures_060_088,1,NeuralTextures
FaceForensics++_C23/NeuralTextures/061_080.mp4,ffpp_NeuralTextures_061_080,1,NeuralTextures
FaceForensics++_C23/NeuralTextures/062_066.mp4,ffpp_NeuralTextures_062_066,1,NeuralTextures
FaceForensics++_C23/NeuralTextures/063_041.mp4,ffpp_NeuralTextures_063_041,1,NeuralTextures
FaceForensics++_C23/NeuralTextures/064_991.mp4,ffpp_NeuralTextures_064_991,1,NeuralTextures
FaceForensics++_C23/NeuralTextures/065_089.mp4,ffpp_NeuralTextures_065_089,1,NeuralTextures
FaceForensics++_C23/NeuralTextures/066_062.mp4,ffpp_NeuralTextures_066_062,1,NeuralTextures
FaceForensics++_C23/NeuralTextures/067_025.mp4,ffpp_NeuralTextures_067_025,1,NeuralTextures
FaceForensics++_C23/NeuralTextures/068_028.mp4,ffpp_NeuralTextures_068_028,1,NeuralTextures
FaceForensics++_C23/NeuralTextures/069_961.mp4,ffpp_NeuralTextures_069_961,1,NeuralTextures
FaceForensics++_C23/NeuralTextures/070_057.mp4,ffpp_NeuralTextures_070_057,1,NeuralTextures
FaceForensics++_C23/NeuralTextures/071_054.mp4,ffpp_NeuralTextures_071_054,1,NeuralTextures
FaceForensics++_C23/NeuralTextures/072_037.mp4,ffpp_NeuralTextures_072_037,1,NeuralTextures
FaceForensics++_C23/NeuralTextures/073_024.mp4,ffpp_NeuralTextures_073_024,1,NeuralTextures
FaceForensics++_C23/NeuralTextures/074_825.mp4,ffpp_NeuralTextures_074_825,1,NeuralTextures
FaceForensics++_C23/NeuralTextures/075_977.mp4,ffpp_NeuralTextures_075_977,1,NeuralTextures
FaceForensics++_C23/NeuralTextures/076_079.mp4,ffpp_NeuralTextures_076_079,1,NeuralTextures
FaceForensics++_C23/NeuralTextures/077_100.mp4,ffpp_NeuralTextures_077_100,1,NeuralTextures
FaceForensics++_C23/NeuralTextures/078_955.mp4,ffpp_NeuralTextures_078_955,1,NeuralTextures
FaceForensics++_C23/NeuralTextures/079_076.mp4,ffpp_NeuralTextures_079_076,1,NeuralTextures
FaceForensics++_C23/NeuralTextures/080_061.mp4,ffpp_NeuralTextures_080_061,1,NeuralTextures
FaceForensics++_C23/NeuralTextures/081_087.mp4,ffpp_NeuralTextures_081_087,1,NeuralTextures
FaceForensics++_C23/NeuralTextures/082_103.mp4,ffpp_NeuralTextures_082_103,1,NeuralTextures
FaceForensics++_C23/NeuralTextures/083_213.mp4,ffpp_NeuralTextures_083_213,1,NeuralTextures
FaceForensics++_C23/NeuralTextures/084_042.mp4,ffpp_NeuralTextures_084_042,1,NeuralTextures
FaceForensics++_C23/NeuralTextures/085_124.mp4,ffpp_NeuralTextures_085_124,1,NeuralTextures
FaceForensics++_C23/NeuralTextures/086_090.mp4,ffpp_NeuralTextures_086_090,1,NeuralTextures
FaceForensics++_C23/NeuralTextures/087_081.mp4,ffpp_NeuralTextures_087_081,1,NeuralTextures
FaceForensics++_C23/NeuralTextures/088_060.mp4,ffpp_NeuralTextures_088_060,1,NeuralTextures
FaceForensics++_C23/NeuralTextures/089_065.mp4,ffpp_NeuralTextures_089_065,1,NeuralTextures
FaceForensics++_C23/NeuralTextures/090_086.mp4,ffpp_NeuralTextures_090_086,1,NeuralTextures
FaceForensics++_C23/NeuralTextures/091_116.mp4,ffpp_NeuralTextures_091_116,1,NeuralTextures
FaceForensics++_C23/NeuralTextures/092_098.mp4,ffpp_NeuralTextures_092_098,1,NeuralTextures
FaceForensics++_C23/NeuralTextures/093_121.mp4,ffpp_NeuralTextures_093_121,1,NeuralTextures
FaceForensics++_C23/NeuralTextures/094_111.mp4,ffpp_NeuralTextures_094_111,1,NeuralTextures
FaceForensics++_C23/NeuralTextures/095_053.mp4,ffpp_NeuralTextures_095_053,1,NeuralTextures
FaceForensics++_C23/NeuralTextures/096_101.mp4,ffpp_NeuralTextures_096_101,1,NeuralTextures
FaceForensics++_C23/NeuralTextures/097_033.mp4,ffpp_NeuralTextures_097_033,1,NeuralTextures
FaceForensics++_C23/NeuralTextures/098_092.mp4,ffpp_NeuralTextures_098_092,1,NeuralTextures
FaceForensics++_C23/NeuralTextures/099_295.mp4,ffpp_NeuralTextures_099_295,1,NeuralTextures
FaceForensics++_C23/NeuralTextures/100_077.mp4,ffpp_NeuralTextures_100_077,1,NeuralTextures
FaceForensics++_C23/NeuralTextures/101_096.mp4,ffpp_NeuralTextures_101_096,1,NeuralTextures
FaceForensics++_C23/NeuralTextures/102_114.mp4,ffpp_NeuralTextures_102_114,1,NeuralTextures
FaceForensics++_C23/NeuralTextures/103_082.mp4,ffpp_NeuralTextures_103_082,1,NeuralTextures
FaceForensics++_C23/NeuralTextures/104_126.mp4,ffpp_NeuralTextures_104_126,1,NeuralTextures
FaceForensics++_C23/NeuralTextures/105_180.mp4,ffpp_NeuralTextures_105_180,1,NeuralTextures
FaceForensics++_C23/NeuralTextures/106_198.mp4,ffpp_NeuralTextures_106_198,1,NeuralTextures
FaceForensics++_C23/NeuralTextures/107_109.mp4,ffpp_NeuralTextures_107_109,1,NeuralTextures
FaceForensics++_C23/NeuralTextures/108_052.mp4,ffpp_NeuralTextures_108_052,1,NeuralTextures
FaceForensics++_C23/NeuralTextures/109_107.mp4,ffpp_NeuralTextures_109_107,1,NeuralTextures
FaceForensics++_C23/NeuralTextures/110_043.mp4,ffpp_NeuralTextures_110_043,1,NeuralTextures
FaceForensics++_C23/NeuralTextures/111_094.mp4,ffpp_NeuralTextures_111_094,1,NeuralTextures
FaceForensics++_C23/NeuralTextures/112_892.mp4,ffpp_NeuralTextures_112_892,1,NeuralTextures
FaceForensics++_C23/NeuralTextures/113_983.mp4,ffpp_NeuralTextures_113_983,1,NeuralTextures
FaceForensics++_C23/NeuralTextures/114_102.mp4,ffpp_NeuralTextures_114_102,1,NeuralTextures
FaceForensics++_C23/NeuralTextures/115_939.mp4,ffpp_NeuralTextures_115_939,1,NeuralTextures
FaceForensics++_C23/NeuralTextures/116_091.mp4,ffpp_NeuralTextures_116_091,1,NeuralTextures
FaceForensics++_C23/NeuralTextures/117_217.mp4,ffpp_NeuralTextures_117_217,1,NeuralTextures
FaceForensics++_C23/NeuralTextures/118_120.mp4,ffpp_NeuralTextures_118_120,1,NeuralTextures
FaceForensics++_C23/NeuralTextures/119_123.mp4,ffpp_NeuralTextures_119_123,1,NeuralTextures
FaceForensics++_C23/NeuralTextures/120_118.mp4,ffpp_NeuralTextures_120_118,1,NeuralTextures
FaceForensics++_C23/NeuralTextures/121_093.mp4,ffpp_NeuralTextures_121_093,1,NeuralTextures
FaceForensics++_C23/NeuralTextures/122_144.mp4,ffpp_NeuralTextures_122_144,1,NeuralTextures
FaceForensics++_C23/NeuralTextures/123_119.mp4,ffpp_NeuralTextures_123_119,1,NeuralTextures
FaceForensics++_C23/NeuralTextures/124_085.mp4,ffpp_NeuralTextures_124_085,1,NeuralTextures
FaceForensics++_C23/NeuralTextures/125_038.mp4,ffpp_NeuralTextures_125_038,1,NeuralTextures
FaceForensics++_C23/NeuralTextures/126_104.mp4,ffpp_NeuralTextures_126_104,1,NeuralTextures
FaceForensics++_C23/NeuralTextures/127_129.mp4,ffpp_NeuralTextures_127_129,1,NeuralTextures
FaceForensics++_C23/NeuralTextures/128_896.mp4,ffpp_NeuralTextures_128_896,1,NeuralTextures
FaceForensics++_C23/NeuralTextures/129_127.mp4,ffpp_NeuralTextures_129_127,1,NeuralTextures
FaceForensics++_C23/NeuralTextures/130_139.mp4,ffpp_NeuralTextures_130_139,1,NeuralTextures
FaceForensics++_C23/NeuralTextures/131_518.mp4,ffpp_NeuralTextures_131_518,1,NeuralTextures
FaceForensics++_C23/NeuralTextures/132_007.mp4,ffpp_NeuralTextures_132_007,1,NeuralTextures
FaceForensics++_C23/NeuralTextures/133_148.mp4,ffpp_NeuralTextures_133_148,1,NeuralTextures
FaceForensics++_C23/NeuralTextures/134_192.mp4,ffpp_NeuralTextures_134_192,1,NeuralTextures
FaceForensics++_C23/NeuralTextures/135_880.mp4,ffpp_NeuralTextures_135_880,1,NeuralTextures
FaceForensics++_C23/NeuralTextures/136_285.mp4,ffpp_NeuralTextures_136_285,1,NeuralTextures
FaceForensics++_C23/NeuralTextures/137_165.mp4,ffpp_NeuralTextures_137_165,1,NeuralTextures
FaceForensics++_C23/NeuralTextures/138_142.mp4,ffpp_NeuralTextures_138_142,1,NeuralTextures
FaceForensics++_C23/NeuralTextures/139_130.mp4,ffpp_NeuralTextures_139_130,1,NeuralTextures
FaceForensics++_C23/NeuralTextures/140_143.mp4,ffpp_NeuralTextures_140_143,1,NeuralTextures
FaceForensics++_C23/NeuralTextures/141_161.mp4,ffpp_NeuralTextures_141_161,1,NeuralTextures
FaceForensics++_C23/NeuralTextures/142_138.mp4,ffpp_NeuralTextures_142_138,1,NeuralTextures
FaceForensics++_C23/NeuralTextures/143_140.mp4,ffpp_NeuralTextures_143_140,1,NeuralTextures
FaceForensics++_C23/NeuralTextures/144_122.mp4,ffpp_NeuralTextures_144_122,1,NeuralTextures
FaceForensics++_C23/NeuralTextures/145_299.mp4,ffpp_NeuralTextures_145_299,1,NeuralTextures
FaceForensics++_C23/NeuralTextures/146_256.mp4,ffpp_NeuralTextures_146_256,1,NeuralTextures
FaceForensics++_C23/NeuralTextures/147_055.mp4,ffpp_NeuralTextures_147_055,1,NeuralTextures
FaceForensics++_C23/NeuralTextures/148_133.mp4,ffpp_NeuralTextures_148_133,1,NeuralTextures
FaceForensics++_C23/NeuralTextures/149_152.mp4,ffpp_NeuralTextures_149_152,1,NeuralTextures
FaceForensics++_C23/NeuralTextures/150_153.mp4,ffpp_NeuralTextures_150_153,1,NeuralTextures
FaceForensics++_C23/NeuralTextures/151_225.mp4,ffpp_NeuralTextures_151_225,1,NeuralTextures
FaceForensics++_C23/NeuralTextures/152_149.mp4,ffpp_NeuralTextures_152_149,1,NeuralTextures
FaceForensics++_C23/NeuralTextures/153_150.mp4,ffpp_NeuralTextures_153_150,1,NeuralTextures
FaceForensics++_C23/NeuralTextures/154_386.mp4,ffpp_NeuralTextures_154_386,1,NeuralTextures
FaceForensics++_C23/NeuralTextures/155_576.mp4,ffpp_NeuralTextures_155_576,1,NeuralTextures
FaceForensics++_C23/NeuralTextures/156_243.mp4,ffpp_NeuralTextures_156_243,1,NeuralTextures
FaceForensics++_C23/NeuralTextures/157_245.mp4,ffpp_NeuralTextures_157_245,1,NeuralTextures
FaceForensics++_C23/NeuralTextures/158_379.mp4,ffpp_NeuralTextures_158_379,1,NeuralTextures
FaceForensics++_C23/NeuralTextures/159_175.mp4,ffpp_NeuralTextures_159_175,1,NeuralTextures
FaceForensics++_C23/NeuralTextures/160_928.mp4,ffpp_NeuralTextures_160_928,1,NeuralTextures
FaceForensics++_C23/NeuralTextures/161_141.mp4,ffpp_NeuralTextures_161_141,1,NeuralTextures
FaceForensics++_C23/NeuralTextures/162_330.mp4,ffpp_NeuralTextures_162_330,1,NeuralTextures
FaceForensics++_C23/NeuralTextures/163_031.mp4,ffpp_NeuralTextures_163_031,1,NeuralTextures
FaceForensics++_C23/NeuralTextures/164_216.mp4,ffpp_NeuralTextures_164_216,1,NeuralTextures
FaceForensics++_C23/NeuralTextures/165_137.mp4,ffpp_NeuralTextures_165_137,1,NeuralTextures
FaceForensics++_C23/NeuralTextures/166_167.mp4,ffpp_NeuralTextures_166_167,1,NeuralTextures
FaceForensics++_C23/NeuralTextures/167_166.mp4,ffpp_NeuralTextures_167_166,1,NeuralTextures
FaceForensics++_C23/NeuralTextures/168_222.mp4,ffpp_NeuralTextures_168_222,1,NeuralTextures
FaceForensics++_C23/NeuralTextures/169_227.mp4,ffpp_NeuralTextures_169_227,1,NeuralTextures
FaceForensics++_C23/NeuralTextures/170_186.mp4,ffpp_NeuralTextures_170_186,1,NeuralTextures
FaceForensics++_C23/NeuralTextures/171_173.mp4,ffpp_NeuralTextures_171_173,1,NeuralTextures
FaceForensics++_C23/NeuralTextures/172_582.mp4,ffpp_NeuralTextures_172_582,1,NeuralTextures
FaceForensics++_C23/NeuralTextures/173_171.mp4,ffpp_NeuralTextures_173_171,1,NeuralTextures
FaceForensics++_C23/NeuralTextures/174_964.mp4,ffpp_NeuralTextures_174_964,1,NeuralTextures
FaceForensics++_C23/NeuralTextures/175_159.mp4,ffpp_NeuralTextures_175_159,1,NeuralTextures
FaceForensics++_C23/NeuralTextures/176_190.mp4,ffpp_NeuralTextures_176_190,1,NeuralTextures
FaceForensics++_C23/NeuralTextures/177_211.mp4,ffpp_NeuralTextures_177_211,1,NeuralTextures
FaceForensics++_C23/NeuralTextures/178_598.mp4,ffpp_NeuralTextures_178_598,1,NeuralTextures
FaceForensics++_C23/NeuralTextures/179_212.mp4,ffpp_NeuralTextures_179_212,1,NeuralTextures
FaceForensics++_C23/NeuralTextures/180_105.mp4,ffpp_NeuralTextures_180_105,1,NeuralTextures
FaceForensics++_C23/NeuralTextures/181_199.mp4,ffpp_NeuralTextures_181_199,1,NeuralTextures
FaceForensics++_C23/NeuralTextures/182_242.mp4,ffpp_NeuralTextures_182_242,1,NeuralTextures
FaceForensics++_C23/NeuralTextures/183_253.mp4,ffpp_NeuralTextures_183_253,1,NeuralTextures
FaceForensics++_C23/NeuralTextures/184_205.mp4,ffpp_NeuralTextures_184_205,1,NeuralTextures
FaceForensics++_C23/NeuralTextures/185_276.mp4,ffpp_NeuralTextures_185_276,1,NeuralTextures
FaceForensics++_C23/NeuralTextures/186_170.mp4,ffpp_NeuralTextures_186_170,1,NeuralTextures
FaceForensics++_C23/NeuralTextures/187_234.mp4,ffpp_NeuralTextures_187_234,1,NeuralTextures
FaceForensics++_C23/NeuralTextures/188_191.mp4,ffpp_NeuralTextures_188_191,1,NeuralTextures
FaceForensics++_C23/NeuralTextures/189_200.mp4,ffpp_NeuralTextures_189_200,1,NeuralTextures
FaceForensics++_C23/NeuralTextures/190_176.mp4,ffpp_NeuralTextures_190_176,1,NeuralTextures
FaceForensics++_C23/NeuralTextures/191_188.mp4,ffpp_NeuralTextures_191_188,1,NeuralTextures
FaceForensics++_C23/NeuralTextures/192_134.mp4,ffpp_NeuralTextures_192_134,1,NeuralTextures
FaceForensics++_C23/NeuralTextures/193_030.mp4,ffpp_NeuralTextures_193_030,1,NeuralTextures
FaceForensics++_C23/NeuralTextures/194_235.mp4,ffpp_NeuralTextures_194_235,1,NeuralTextures
FaceForensics++_C23/NeuralTextures/195_442.mp4,ffpp_NeuralTextures_195_442,1,NeuralTextures
FaceForensics++_C23/NeuralTextures/196_310.mp4,ffpp_NeuralTextures_196_310,1,NeuralTextures
FaceForensics++_C23/NeuralTextures/197_224.mp4,ffpp_NeuralTextures_197_224,1,NeuralTextures
FaceForensics++_C23/NeuralTextures/198_106.mp4,ffpp_NeuralTextures_198_106,1,NeuralTextures
FaceForensics++_C23/NeuralTextures/199_181.mp4,ffpp_NeuralTextures_199_181,1,NeuralTextures
FaceForensics++_C23/NeuralTextures/200_189.mp4,ffpp_NeuralTextures_200_189,1,NeuralTextures
FaceForensics++_C23/NeuralTextures/201_203.mp4,ffpp_NeuralTextures_201_203,1,NeuralTextures
FaceForensics++_C23/NeuralTextures/202_348.mp4,ffpp_NeuralTextures_202_348,1,NeuralTextures
FaceForensics++_C23/NeuralTextures/203_201.mp4,ffpp_NeuralTextures_203_201,1,NeuralTextures
FaceForensics++_C23/NeuralTextures/204_230.mp4,ffpp_NeuralTextures_204_230,1,NeuralTextures
FaceForensics++_C23/NeuralTextures/205_184.mp4,ffpp_NeuralTextures_205_184,1,NeuralTextures
FaceForensics++_C23/NeuralTextures/206_221.mp4,ffpp_NeuralTextures_206_221,1,NeuralTextures
FaceForensics++_C23/NeuralTextures/207_908.mp4,ffpp_NeuralTextures_207_908,1,NeuralTextures
FaceForensics++_C23/NeuralTextures/208_215.mp4,ffpp_NeuralTextures_208_215,1,NeuralTextures
FaceForensics++_C23/NeuralTextures/209_016.mp4,ffpp_NeuralTextures_209_016,1,NeuralTextures
FaceForensics++_C23/NeuralTextures/210_241.mp4,ffpp_NeuralTextures_210_241,1,NeuralTextures
FaceForensics++_C23/NeuralTextures/211_177.mp4,ffpp_NeuralTextures_211_177,1,NeuralTextures
FaceForensics++_C23/NeuralTextures/212_179.mp4,ffpp_NeuralTextures_212_179,1,NeuralTextures
FaceForensics++_C23/NeuralTextures/213_083.mp4,ffpp_NeuralTextures_213_083,1,NeuralTextures
FaceForensics++_C23/NeuralTextures/214_255.mp4,ffpp_NeuralTextures_214_255,1,NeuralTextures
FaceForensics++_C23/NeuralTextures/215_208.mp4,ffpp_NeuralTextures_215_208,1,NeuralTextures
FaceForensics++_C23/NeuralTextures/216_164.mp4,ffpp_NeuralTextures_216_164,1,NeuralTextures
FaceForensics++_C23/NeuralTextures/217_117.mp4,ffpp_NeuralTextures_217_117,1,NeuralTextures
FaceForensics++_C23/NeuralTextures/218_239.mp4,ffpp_NeuralTextures_218_239,1,NeuralTextures
FaceForensics++_C23/NeuralTextures/219_220.mp4,ffpp_NeuralTextures_219_220,1,NeuralTextures
FaceForensics++_C23/NeuralTextures/220_219.mp4,ffpp_NeuralTextures_220_219,1,NeuralTextures
FaceForensics++_C23/NeuralTextures/221_206.mp4,ffpp_NeuralTextures_221_206,1,NeuralTextures
FaceForensics++_C23/NeuralTextures/222_168.mp4,ffpp_NeuralTextures_222_168,1,NeuralTextures
FaceForensics++_C23/NeuralTextures/223_586.mp4,ffpp_NeuralTextures_223_586,1,NeuralTextures
FaceForensics++_C23/NeuralTextures/224_197.mp4,ffpp_NeuralTextures_224_197,1,NeuralTextures
FaceForensics++_C23/NeuralTextures/225_151.mp4,ffpp_NeuralTextures_225_151,1,NeuralTextures
FaceForensics++_C23/NeuralTextures/226_491.mp4,ffpp_NeuralTextures_226_491,1,NeuralTextures
FaceForensics++_C23/NeuralTextures/227_169.mp4,ffpp_NeuralTextures_227_169,1,NeuralTextures
FaceForensics++_C23/NeuralTextures/228_289.mp4,ffpp_NeuralTextures_228_289,1,NeuralTextures
FaceForensics++_C23/NeuralTextures/229_247.mp4,ffpp_NeuralTextures_229_247,1,NeuralTextures
FaceForensics++_C23/NeuralTextures/230_204.mp4,ffpp_NeuralTextures_230_204,1,NeuralTextures
FaceForensics++_C23/NeuralTextures/231_663.mp4,ffpp_NeuralTextures_231_663,1,NeuralTextures
FaceForensics++_C23/NeuralTextures/232_248.mp4,ffpp_NeuralTextures_232_248,1,NeuralTextures
FaceForensics++_C23/NeuralTextures/233_995.mp4,ffpp_NeuralTextures_233_995,1,NeuralTextures
FaceForensics++_C23/NeuralTextures/234_187.mp4,ffpp_NeuralTextures_234_187,1,NeuralTextures
FaceForensics++_C23/NeuralTextures/235_194.mp4,ffpp_NeuralTextures_235_194,1,NeuralTextures
FaceForensics++_C23/NeuralTextures/236_237.mp4,ffpp_NeuralTextures_236_237,1,NeuralTextures
FaceForensics++_C23/NeuralTextures/237_236.mp4,ffpp_NeuralTextures_237_236,1,NeuralTextures
FaceForensics++_C23/NeuralTextures/238_282.mp4,ffpp_NeuralTextures_238_282,1,NeuralTextures
FaceForensics++_C23/NeuralTextures/239_218.mp4,ffpp_NeuralTextures_239_218,1,NeuralTextures
FaceForensics++_C23/NeuralTextures/240_290.mp4,ffpp_NeuralTextures_240_290,1,NeuralTextures
FaceForensics++_C23/NeuralTextures/241_210.mp4,ffpp_NeuralTextures_241_210,1,NeuralTextures
FaceForensics++_C23/NeuralTextures/242_182.mp4,ffpp_NeuralTextures_242_182,1,NeuralTextures
FaceForensics++_C23/NeuralTextures/243_156.mp4,ffpp_NeuralTextures_243_156,1,NeuralTextures
FaceForensics++_C23/NeuralTextures/244_822.mp4,ffpp_NeuralTextures_244_822,1,NeuralTextures
FaceForensics++_C23/NeuralTextures/245_157.mp4,ffpp_NeuralTextures_245_157,1,NeuralTextures
FaceForensics++_C23/NeuralTextures/246_258.mp4,ffpp_NeuralTextures_246_258,1,NeuralTextures
FaceForensics++_C23/NeuralTextures/247_229.mp4,ffpp_NeuralTextures_247_229,1,NeuralTextures
FaceForensics++_C23/NeuralTextures/248_232.mp4,ffpp_NeuralTextures_248_232,1,NeuralTextures
FaceForensics++_C23/NeuralTextures/249_280.mp4,ffpp_NeuralTextures_249_280,1,NeuralTextures
FaceForensics++_C23/NeuralTextures/250_461.mp4,ffpp_NeuralTextures_250_461,1,NeuralTextures
FaceForensics++_C23/NeuralTextures/251_375.mp4,ffpp_NeuralTextures_251_375,1,NeuralTextures
FaceForensics++_C23/NeuralTextures/252_266.mp4,ffpp_NeuralTextures_252_266,1,NeuralTextures
FaceForensics++_C23/NeuralTextures/253_183.mp4,ffpp_NeuralTextures_253_183,1,NeuralTextures
FaceForensics++_C23/NeuralTextures/254_261.mp4,ffpp_NeuralTextures_254_261,1,NeuralTextures
FaceForensics++_C23/NeuralTextures/255_214.mp4,ffpp_NeuralTextures_255_214,1,NeuralTextures
FaceForensics++_C23/NeuralTextures/256_146.mp4,ffpp_NeuralTextures_256_146,1,NeuralTextures
FaceForensics++_C23/NeuralTextures/257_420.mp4,ffpp_NeuralTextures_257_420,1,NeuralTextures
FaceForensics++_C23/NeuralTextures/258_246.mp4,ffpp_NeuralTextures_258_246,1,NeuralTextures
FaceForensics++_C23/NeuralTextures/259_345.mp4,ffpp_NeuralTextures_259_345,1,NeuralTextures
FaceForensics++_C23/NeuralTextures/260_331.mp4,ffpp_NeuralTextures_260_331,1,NeuralTextures
FaceForensics++_C23/NeuralTextures/261_254.mp4,ffpp_NeuralTextures_261_254,1,NeuralTextures
FaceForensics++_C23/NeuralTextures/262_301.mp4,ffpp_NeuralTextures_262_301,1,NeuralTextures
FaceForensics++_C23/NeuralTextures/263_284.mp4,ffpp_NeuralTextures_263_284,1,NeuralTextures
FaceForensics++_C23/NeuralTextures/264_271.mp4,ffpp_NeuralTextures_264_271,1,NeuralTextures
FaceForensics++_C23/NeuralTextures/265_475.mp4,ffpp_NeuralTextures_265_475,1,NeuralTextures
FaceForensics++_C23/NeuralTextures/266_252.mp4,ffpp_NeuralTextures_266_252,1,NeuralTextures
FaceForensics++_C23/NeuralTextures/267_286.mp4,ffpp_NeuralTextures_267_286,1,NeuralTextures
FaceForensics++_C23/NeuralTextures/268_269.mp4,ffpp_NeuralTextures_268_269,1,NeuralTextures
FaceForensics++_C23/NeuralTextures/269_268.mp4,ffpp_NeuralTextures_269_268,1,NeuralTextures
FaceForensics++_C23/NeuralTextures/270_297.mp4,ffpp_NeuralTextures_270_297,1,NeuralTextures
FaceForensics++_C23/NeuralTextures/271_264.mp4,ffpp_NeuralTextures_271_264,1,NeuralTextures
FaceForensics++_C23/NeuralTextures/272_396.mp4,ffpp_NeuralTextures_272_396,1,NeuralTextures
FaceForensics++_C23/NeuralTextures/273_807.mp4,ffpp_NeuralTextures_273_807,1,NeuralTextures
FaceForensics++_C23/NeuralTextures/274_412.mp4,ffpp_NeuralTextures_274_412,1,NeuralTextures
FaceForensics++_C23/NeuralTextures/275_887.mp4,ffpp_NeuralTextures_275_887,1,NeuralTextures
FaceForensics++_C23/NeuralTextures/276_185.mp4,ffpp_NeuralTextures_276_185,1,NeuralTextures
FaceForensics++_C23/NeuralTextures/277_335.mp4,ffpp_NeuralTextures_277_335,1,NeuralTextures
FaceForensics++_C23/NeuralTextures/278_306.mp4,ffpp_NeuralTextures_278_306,1,NeuralTextures
FaceForensics++_C23/NeuralTextures/279_298.mp4,ffpp_NeuralTextures_279_298,1,NeuralTextures
FaceForensics++_C23/NeuralTextures/280_249.mp4,ffpp_NeuralTextures_280_249,1,NeuralTextures
FaceForensics++_C23/NeuralTextures/281_474.mp4,ffpp_NeuralTextures_281_474,1,NeuralTextures
FaceForensics++_C23/NeuralTextures/282_238.mp4,ffpp_NeuralTextures_282_238,1,NeuralTextures
FaceForensics++_C23/NeuralTextures/283_313.mp4,ffpp_NeuralTextures_283_313,1,NeuralTextures
FaceForensics++_C23/NeuralTextures/284_263.mp4,ffpp_NeuralTextures_284_263,1,NeuralTextures
FaceForensics++_C23/NeuralTextures/285_136.mp4,ffpp_NeuralTextures_285_136,1,NeuralTextures
FaceForensics++_C23/NeuralTextures/286_267.mp4,ffpp_NeuralTextures_286_267,1,NeuralTextures
FaceForensics++_C23/NeuralTextures/287_426.mp4,ffpp_NeuralTextures_287_426,1,NeuralTextures
FaceForensics++_C23/NeuralTextures/288_321.mp4,ffpp_NeuralTextures_288_321,1,NeuralTextures
FaceForensics++_C23/NeuralTextures/289_228.mp4,ffpp_NeuralTextures_289_228,1,NeuralTextures
FaceForensics++_C23/NeuralTextures/290_240.mp4,ffpp_NeuralTextures_290_240,1,NeuralTextures
FaceForensics++_C23/NeuralTextures/291_874.mp4,ffpp_NeuralTextures_291_874,1,NeuralTextures
FaceForensics++_C23/NeuralTextures/292_294.mp4,ffpp_NeuralTextures_292_294,1,NeuralTextures
FaceForensics++_C23/NeuralTextures/293_296.mp4,ffpp_NeuralTextures_293_296,1,NeuralTextures
FaceForensics++_C23/NeuralTextures/294_292.mp4,ffpp_NeuralTextures_294_292,1,NeuralTextures
FaceForensics++_C23/NeuralTextures/295_099.mp4,ffpp_NeuralTextures_295_099,1,NeuralTextures
FaceForensics++_C23/NeuralTextures/296_293.mp4,ffpp_NeuralTextures_296_293,1,NeuralTextures
FaceForensics++_C23/NeuralTextures/297_270.mp4,ffpp_NeuralTextures_297_270,1,NeuralTextures
FaceForensics++_C23/NeuralTextures/298_279.mp4,ffpp_NeuralTextures_298_279,1,NeuralTextures
FaceForensics++_C23/NeuralTextures/299_145.mp4,ffpp_NeuralTextures_299_145,1,NeuralTextures
FaceForensics++_C23/NeuralTextures/300_304.mp4,ffpp_NeuralTextures_300_304,1,NeuralTextures
FaceForensics++_C23/NeuralTextures/301_262.mp4,ffpp_NeuralTextures_301_262,1,NeuralTextures
FaceForensics++_C23/NeuralTextures/302_323.mp4,ffpp_NeuralTextures_302_323,1,NeuralTextures
FaceForensics++_C23/NeuralTextures/303_309.mp4,ffpp_NeuralTextures_303_309,1,NeuralTextures
FaceForensics++_C23/NeuralTextures/304_300.mp4,ffpp_NeuralTextures_304_300,1,NeuralTextures
FaceForensics++_C23/NeuralTextures/305_513.mp4,ffpp_NeuralTextures_305_513,1,NeuralTextures
FaceForensics++_C23/NeuralTextures/306_278.mp4,ffpp_NeuralTextures_306_278,1,NeuralTextures
FaceForensics++_C23/NeuralTextures/307_365.mp4,ffpp_NeuralTextures_307_365,1,NeuralTextures
FaceForensics++_C23/NeuralTextures/308_388.mp4,ffpp_NeuralTextures_308_388,1,NeuralTextures
FaceForensics++_C23/NeuralTextures/309_303.mp4,ffpp_NeuralTextures_309_303,1,NeuralTextures
FaceForensics++_C23/NeuralTextures/310_196.mp4,ffpp_NeuralTextures_310_196,1,NeuralTextures
FaceForensics++_C23/NeuralTextures/311_387.mp4,ffpp_NeuralTextures_311_387,1,NeuralTextures
FaceForensics++_C23/NeuralTextures/312_021.mp4,ffpp_NeuralTextures_312_021,1,NeuralTextures
FaceForensics++_C23/NeuralTextures/313_283.mp4,ffpp_NeuralTextures_313_283,1,NeuralTextures
FaceForensics++_C23/NeuralTextures/314_347.mp4,ffpp_NeuralTextures_314_347,1,NeuralTextures
FaceForensics++_C23/NeuralTextures/315_322.mp4,ffpp_NeuralTextures_315_322,1,NeuralTextures
FaceForensics++_C23/NeuralTextures/316_369.mp4,ffpp_NeuralTextures_316_369,1,NeuralTextures
FaceForensics++_C23/NeuralTextures/317_359.mp4,ffpp_NeuralTextures_317_359,1,NeuralTextures
FaceForensics++_C23/NeuralTextures/318_334.mp4,ffpp_NeuralTextures_318_334,1,NeuralTextures
FaceForensics++_C23/NeuralTextures/319_352.mp4,ffpp_NeuralTextures_319_352,1,NeuralTextures
FaceForensics++_C23/NeuralTextures/320_328.mp4,ffpp_NeuralTextures_320_328,1,NeuralTextures
FaceForensics++_C23/NeuralTextures/321_288.mp4,ffpp_NeuralTextures_321_288,1,NeuralTextures
FaceForensics++_C23/NeuralTextures/322_315.mp4,ffpp_NeuralTextures_322_315,1,NeuralTextures
FaceForensics++_C23/NeuralTextures/323_302.mp4,ffpp_NeuralTextures_323_302,1,NeuralTextures
FaceForensics++_C23/NeuralTextures/324_356.mp4,ffpp_NeuralTextures_324_356,1,NeuralTextures
FaceForensics++_C23/NeuralTextures/325_492.mp4,ffpp_NeuralTextures_325_492,1,NeuralTextures
FaceForensics++_C23/NeuralTextures/326_501.mp4,ffpp_NeuralTextures_326_501,1,NeuralTextures
FaceForensics++_C23/NeuralTextures/327_329.mp4,ffpp_NeuralTextures_327_329,1,NeuralTextures
FaceForensics++_C23/NeuralTextures/328_320.mp4,ffpp_NeuralTextures_328_320,1,NeuralTextures
FaceForensics++_C23/NeuralTextures/329_327.mp4,ffpp_NeuralTextures_329_327,1,NeuralTextures
FaceForensics++_C23/NeuralTextures/330_162.mp4,ffpp_NeuralTextures_330_162,1,NeuralTextures
FaceForensics++_C23/NeuralTextures/331_260.mp4,ffpp_NeuralTextures_331_260,1,NeuralTextures
FaceForensics++_C23/NeuralTextures/332_051.mp4,ffpp_NeuralTextures_332_051,1,NeuralTextures
FaceForensics++_C23/NeuralTextures/333_377.mp4,ffpp_NeuralTextures_333_377,1,NeuralTextures
FaceForensics++_C23/NeuralTextures/334_318.mp4,ffpp_NeuralTextures_334_318,1,NeuralTextures
FaceForensics++_C23/NeuralTextures/335_277.mp4,ffpp_NeuralTextures_335_277,1,NeuralTextures
FaceForensics++_C23/NeuralTextures/336_338.mp4,ffpp_NeuralTextures_336_338,1,NeuralTextures
FaceForensics++_C23/NeuralTextures/337_522.mp4,ffpp_NeuralTextures_337_522,1,NeuralTextures
FaceForensics++_C23/NeuralTextures/338_336.mp4,ffpp_NeuralTextures_338_336,1,NeuralTextures
FaceForensics++_C23/NeuralTextures/339_392.mp4,ffpp_NeuralTextures_339_392,1,NeuralTextures
FaceForensics++_C23/NeuralTextures/340_341.mp4,ffpp_NeuralTextures_340_341,1,NeuralTextures
FaceForensics++_C23/NeuralTextures/341_340.mp4,ffpp_NeuralTextures_341_340,1,NeuralTextures
FaceForensics++_C23/NeuralTextures/342_416.mp4,ffpp_NeuralTextures_342_416,1,NeuralTextures
FaceForensics++_C23/NeuralTextures/343_363.mp4,ffpp_NeuralTextures_343_363,1,NeuralTextures
FaceForensics++_C23/NeuralTextures/344_020.mp4,ffpp_NeuralTextures_344_020,1,NeuralTextures
FaceForensics++_C23/NeuralTextures/345_259.mp4,ffpp_NeuralTextures_345_259,1,NeuralTextures
FaceForensics++_C23/NeuralTextures/346_351.mp4,ffpp_NeuralTextures_346_351,1,NeuralTextures
FaceForensics++_C23/NeuralTextures/347_314.mp4,ffpp_NeuralTextures_347_314,1,NeuralTextures
FaceForensics++_C23/NeuralTextures/348_202.mp4,ffpp_NeuralTextures_348_202,1,NeuralTextures
FaceForensics++_C23/NeuralTextures/349_350.mp4,ffpp_NeuralTextures_349_350,1,NeuralTextures
FaceForensics++_C23/NeuralTextures/350_349.mp4,ffpp_NeuralTextures_350_349,1,NeuralTextures
FaceForensics++_C23/NeuralTextures/351_346.mp4,ffpp_NeuralTextures_351_346,1,NeuralTextures
FaceForensics++_C23/NeuralTextures/352_319.mp4,ffpp_NeuralTextures_352_319,1,NeuralTextures
FaceForensics++_C23/NeuralTextures/353_383.mp4,ffpp_NeuralTextures_353_383,1,NeuralTextures
FaceForensics++_C23/NeuralTextures/354_362.mp4,ffpp_NeuralTextures_354_362,1,NeuralTextures
FaceForensics++_C23/NeuralTextures/355_748.mp4,ffpp_NeuralTextures_355_748,1,NeuralTextures
FaceForensics++_C23/NeuralTextures/356_324.mp4,ffpp_NeuralTextures_356_324,1,NeuralTextures
FaceForensics++_C23/NeuralTextures/357_432.mp4,ffpp_NeuralTextures_357_432,1,NeuralTextures
FaceForensics++_C23/NeuralTextures/358_380.mp4,ffpp_NeuralTextures_358_380,1,NeuralTextures
FaceForensics++_C23/NeuralTextures/359_317.mp4,ffpp_NeuralTextures_359_317,1,NeuralTextures
FaceForensics++_C23/NeuralTextures/360_437.mp4,ffpp_NeuralTextures_360_437,1,NeuralTextures
FaceForensics++_C23/NeuralTextures/361_448.mp4,ffpp_NeuralTextures_361_448,1,NeuralTextures
FaceForensics++_C23/NeuralTextures/362_354.mp4,ffpp_NeuralTextures_362_354,1,NeuralTextures
FaceForensics++_C23/NeuralTextures/363_343.mp4,ffpp_NeuralTextures_363_343,1,NeuralTextures
FaceForensics++_C23/NeuralTextures/364_440.mp4,ffpp_NeuralTextures_364_440,1,NeuralTextures
FaceForensics++_C23/NeuralTextures/365_307.mp4,ffpp_NeuralTextures_365_307,1,NeuralTextures
FaceForensics++_C23/NeuralTextures/366_473.mp4,ffpp_NeuralTextures_366_473,1,NeuralTextures
FaceForensics++_C23/NeuralTextures/367_371.mp4,ffpp_NeuralTextures_367_371,1,NeuralTextures
FaceForensics++_C23/NeuralTextures/368_378.mp4,ffpp_NeuralTextures_368_378,1,NeuralTextures
FaceForensics++_C23/NeuralTextures/369_316.mp4,ffpp_NeuralTextures_369_316,1,NeuralTextures
FaceForensics++_C23/NeuralTextures/370_483.mp4,ffpp_NeuralTextures_370_483,1,NeuralTextures
FaceForensics++_C23/NeuralTextures/371_367.mp4,ffpp_NeuralTextures_371_367,1,NeuralTextures
FaceForensics++_C23/NeuralTextures/372_413.mp4,ffpp_NeuralTextures_372_413,1,NeuralTextures
FaceForensics++_C23/NeuralTextures/373_394.mp4,ffpp_NeuralTextures_373_394,1,NeuralTextures
FaceForensics++_C23/NeuralTextures/374_407.mp4,ffpp_NeuralTextures_374_407,1,NeuralTextures
FaceForensics++_C23/NeuralTextures/375_251.mp4,ffpp_NeuralTextures_375_251,1,NeuralTextures
FaceForensics++_C23/NeuralTextures/376_381.mp4,ffpp_NeuralTextures_376_381,1,NeuralTextures
FaceForensics++_C23/NeuralTextures/377_333.mp4,ffpp_NeuralTextures_377_333,1,NeuralTextures
FaceForensics++_C23/NeuralTextures/378_368.mp4,ffpp_NeuralTextures_378_368,1,NeuralTextures
FaceForensics++_C23/NeuralTextures/379_158.mp4,ffpp_NeuralTextures_379_158,1,NeuralTextures
FaceForensics++_C23/NeuralTextures/380_358.mp4,ffpp_NeuralTextures_380_358,1,NeuralTextures
FaceForensics++_C23/NeuralTextures/381_376.mp4,ffpp_NeuralTextures_381_376,1,NeuralTextures
FaceForensics++_C23/NeuralTextures/382_409.mp4,ffpp_NeuralTextures_382_409,1,NeuralTextures
FaceForensics++_C23/NeuralTextures/383_353.mp4,ffpp_NeuralTextures_383_353,1,NeuralTextures
FaceForensics++_C23/NeuralTextures/384_932.mp4,ffpp_NeuralTextures_384_932,1,NeuralTextures
FaceForensics++_C23/NeuralTextures/385_414.mp4,ffpp_NeuralTextures_385_414,1,NeuralTextures
FaceForensics++_C23/NeuralTextures/386_154.mp4,ffpp_NeuralTextures_386_154,1,NeuralTextures
FaceForensics++_C23/NeuralTextures/387_311.mp4,ffpp_NeuralTextures_387_311,1,NeuralTextures
FaceForensics++_C23/NeuralTextures/388_308.mp4,ffpp_NeuralTextures_388_308,1,NeuralTextures
FaceForensics++_C23/NeuralTextures/389_480.mp4,ffpp_NeuralTextures_389_480,1,NeuralTextures
FaceForensics++_C23/NeuralTextures/390_709.mp4,ffpp_NeuralTextures_390_709,1,NeuralTextures
FaceForensics++_C23/NeuralTextures/391_406.mp4,ffpp_NeuralTextures_391_406,1,NeuralTextures
FaceForensics++_C23/NeuralTextures/392_339.mp4,ffpp_NeuralTextures_392_339,1,NeuralTextures
FaceForensics++_C23/NeuralTextures/393_405.mp4,ffpp_NeuralTextures_393_405,1,NeuralTextures
FaceForensics++_C23/NeuralTextures/394_373.mp4,ffpp_NeuralTextures_394_373,1,NeuralTextures
FaceForensics++_C23/NeuralTextures/395_401.mp4,ffpp_NeuralTextures_395_401,1,NeuralTextures
FaceForensics++_C23/NeuralTextures/396_272.mp4,ffpp_NeuralTextures_396_272,1,NeuralTextures
FaceForensics++_C23/NeuralTextures/397_602.mp4,ffpp_NeuralTextures_397_602,1,NeuralTextures
FaceForensics++_C23/NeuralTextures/398_457.mp4,ffpp_NeuralTextures_398_457,1,NeuralTextures
FaceForensics++_C23/NeuralTextures/399_488.mp4,ffpp_NeuralTextures_399_488,1,NeuralTextures
FaceForensics++_C23/NeuralTextures/400_476.mp4,ffpp_NeuralTextures_400_476,1,NeuralTextures
FaceForensics++_C23/NeuralTextures/401_395.mp4,ffpp_NeuralTextures_401_395,1,NeuralTextures
FaceForensics++_C23/NeuralTextures/402_453.mp4,ffpp_NeuralTextures_402_453,1,NeuralTextures
FaceForensics++_C23/NeuralTextures/403_497.mp4,ffpp_NeuralTextures_403_497,1,NeuralTextures
FaceForensics++_C23/NeuralTextures/404_429.mp4,ffpp_NeuralTextures_404_429,1,NeuralTextures
FaceForensics++_C23/NeuralTextures/405_393.mp4,ffpp_NeuralTextures_405_393,1,NeuralTextures
FaceForensics++_C23/NeuralTextures/406_391.mp4,ffpp_NeuralTextures_406_391,1,NeuralTextures
FaceForensics++_C23/NeuralTextures/407_374.mp4,ffpp_NeuralTextures_407_374,1,NeuralTextures
FaceForensics++_C23/NeuralTextures/408_424.mp4,ffpp_NeuralTextures_408_424,1,NeuralTextures
FaceForensics++_C23/NeuralTextures/409_382.mp4,ffpp_NeuralTextures_409_382,1,NeuralTextures
FaceForensics++_C23/NeuralTextures/410_411.mp4,ffpp_NeuralTextures_410_411,1,NeuralTextures
FaceForensics++_C23/NeuralTextures/411_410.mp4,ffpp_NeuralTextures_411_410,1,NeuralTextures
FaceForensics++_C23/NeuralTextures/412_274.mp4,ffpp_NeuralTextures_412_274,1,NeuralTextures
FaceForensics++_C23/NeuralTextures/413_372.mp4,ffpp_NeuralTextures_413_372,1,NeuralTextures
FaceForensics++_C23/NeuralTextures/414_385.mp4,ffpp_NeuralTextures_414_385,1,NeuralTextures
FaceForensics++_C23/NeuralTextures/415_484.mp4,ffpp_NeuralTextures_415_484,1,NeuralTextures
FaceForensics++_C23/NeuralTextures/416_342.mp4,ffpp_NeuralTextures_416_342,1,NeuralTextures
FaceForensics++_C23/NeuralTextures/417_496.mp4,ffpp_NeuralTextures_417_496,1,NeuralTextures
FaceForensics++_C23/NeuralTextures/418_507.mp4,ffpp_NeuralTextures_418_507,1,NeuralTextures
FaceForensics++_C23/NeuralTextures/419_824.mp4,ffpp_NeuralTextures_419_824,1,NeuralTextures
FaceForensics++_C23/NeuralTextures/420_257.mp4,ffpp_NeuralTextures_420_257,1,NeuralTextures
FaceForensics++_C23/NeuralTextures/421_423.mp4,ffpp_NeuralTextures_421_423,1,NeuralTextures
FaceForensics++_C23/NeuralTextures/422_695.mp4,ffpp_NeuralTextures_422_695,1,NeuralTextures
FaceForensics++_C23/NeuralTextures/423_421.mp4,ffpp_NeuralTextures_423_421,1,NeuralTextures
FaceForensics++_C23/NeuralTextures/424_408.mp4,ffpp_NeuralTextures_424_408,1,NeuralTextures
FaceForensics++_C23/NeuralTextures/425_485.mp4,ffpp_NeuralTextures_425_485,1,NeuralTextures
FaceForensics++_C23/NeuralTextures/426_287.mp4,ffpp_NeuralTextures_426_287,1,NeuralTextures
FaceForensics++_C23/NeuralTextures/427_637.mp4,ffpp_NeuralTextures_427_637,1,NeuralTextures
FaceForensics++_C23/NeuralTextures/428_466.mp4,ffpp_NeuralTextures_428_466,1,NeuralTextures
FaceForensics++_C23/NeuralTextures/429_404.mp4,ffpp_NeuralTextures_429_404,1,NeuralTextures
FaceForensics++_C23/NeuralTextures/430_459.mp4,ffpp_NeuralTextures_430_459,1,NeuralTextures
FaceForensics++_C23/NeuralTextures/431_447.mp4,ffpp_NeuralTextures_431_447,1,NeuralTextures
FaceForensics++_C23/NeuralTextures/432_357.mp4,ffpp_NeuralTextures_432_357,1,NeuralTextures
FaceForensics++_C23/NeuralTextures/433_498.mp4,ffpp_NeuralTextures_433_498,1,NeuralTextures
FaceForensics++_C23/NeuralTextures/434_438.mp4,ffpp_NeuralTextures_434_438,1,NeuralTextures
FaceForensics++_C23/NeuralTextures/435_456.mp4,ffpp_NeuralTextures_435_456,1,NeuralTextures
FaceForensics++_C23/NeuralTextures/436_526.mp4,ffpp_NeuralTextures_436_526,1,NeuralTextures
FaceForensics++_C23/NeuralTextures/437_360.mp4,ffpp_NeuralTextures_437_360,1,NeuralTextures
FaceForensics++_C23/NeuralTextures/438_434.mp4,ffpp_NeuralTextures_438_434,1,NeuralTextures
FaceForensics++_C23/NeuralTextures/439_441.mp4,ffpp_NeuralTextures_439_441,1,NeuralTextures
FaceForensics++_C23/NeuralTextures/440_364.mp4,ffpp_NeuralTextures_440_364,1,NeuralTextures
FaceForensics++_C23/NeuralTextures/441_439.mp4,ffpp_NeuralTextures_441_439,1,NeuralTextures
FaceForensics++_C23/NeuralTextures/442_195.mp4,ffpp_NeuralTextures_442_195,1,NeuralTextures
FaceForensics++_C23/NeuralTextures/443_514.mp4,ffpp_NeuralTextures_443_514,1,NeuralTextures
FaceForensics++_C23/NeuralTextures/444_655.mp4,ffpp_NeuralTextures_444_655,1,NeuralTextures
FaceForensics++_C23/NeuralTextures/445_494.mp4,ffpp_NeuralTextures_445_494,1,NeuralTextures
FaceForensics++_C23/NeuralTextures/446_667.mp4,ffpp_NeuralTextures_446_667,1,NeuralTextures
FaceForensics++_C23/NeuralTextures/447_431.mp4,ffpp_NeuralTextures_447_431,1,NeuralTextures
FaceForensics++_C23/NeuralTextures/448_361.mp4,ffpp_NeuralTextures_448_361,1,NeuralTextures
FaceForensics++_C23/NeuralTextures/449_451.mp4,ffpp_NeuralTextures_449_451,1,NeuralTextures
FaceForensics++_C23/NeuralTextures/450_533.mp4,ffpp_NeuralTextures_450_533,1,NeuralTextures
FaceForensics++_C23/NeuralTextures/451_449.mp4,ffpp_NeuralTextures_451_449,1,NeuralTextures
FaceForensics++_C23/NeuralTextures/452_550.mp4,ffpp_NeuralTextures_452_550,1,NeuralTextures
FaceForensics++_C23/NeuralTextures/453_402.mp4,ffpp_NeuralTextures_453_402,1,NeuralTextures
FaceForensics++_C23/NeuralTextures/454_527.mp4,ffpp_NeuralTextures_454_527,1,NeuralTextures
FaceForensics++_C23/NeuralTextures/455_471.mp4,ffpp_NeuralTextures_455_471,1,NeuralTextures
FaceForensics++_C23/NeuralTextures/456_435.mp4,ffpp_NeuralTextures_456_435,1,NeuralTextures
FaceForensics++_C23/NeuralTextures/457_398.mp4,ffpp_NeuralTextures_457_398,1,NeuralTextures
FaceForensics++_C23/NeuralTextures/458_722.mp4,ffpp_NeuralTextures_458_722,1,NeuralTextures
FaceForensics++_C23/NeuralTextures/459_430.mp4,ffpp_NeuralTextures_459_430,1,NeuralTextures
FaceForensics++_C23/NeuralTextures/460_678.mp4,ffpp_NeuralTextures_460_678,1,NeuralTextures
FaceForensics++_C23/NeuralTextures/461_250.mp4,ffpp_NeuralTextures_461_250,1,NeuralTextures
FaceForensics++_C23/NeuralTextures/462_467.mp4,ffpp_NeuralTextures_462_467,1,NeuralTextures
FaceForensics++_C23/NeuralTextures/463_464.mp4,ffpp_NeuralTextures_463_464,1,NeuralTextures
FaceForensics++_C23/NeuralTextures/464_463.mp4,ffpp_NeuralTextures_464_463,1,NeuralTextures
FaceForensics++_C23/NeuralTextures/465_482.mp4,ffpp_NeuralTextures_465_482,1,NeuralTextures
FaceForensics++_C23/NeuralTextures/466_428.mp4,ffpp_NeuralTextures_466_428,1,NeuralTextures
FaceForensics++_C23/NeuralTextures/467_462.mp4,ffpp_NeuralTextures_467_462,1,NeuralTextures
FaceForensics++_C23/NeuralTextures/468_470.mp4,ffpp_NeuralTextures_468_470,1,NeuralTextures
FaceForensics++_C23/NeuralTextures/469_481.mp4,ffpp_NeuralTextures_469_481,1,NeuralTextures
FaceForensics++_C23/NeuralTextures/470_468.mp4,ffpp_NeuralTextures_470_468,1,NeuralTextures
FaceForensics++_C23/NeuralTextures/471_455.mp4,ffpp_NeuralTextures_471_455,1,NeuralTextures
FaceForensics++_C23/NeuralTextures/472_511.mp4,ffpp_NeuralTextures_472_511,1,NeuralTextures
FaceForensics++_C23/NeuralTextures/473_366.mp4,ffpp_NeuralTextures_473_366,1,NeuralTextures
FaceForensics++_C23/NeuralTextures/474_281.mp4,ffpp_NeuralTextures_474_281,1,NeuralTextures
FaceForensics++_C23/NeuralTextures/475_265.mp4,ffpp_NeuralTextures_475_265,1,NeuralTextures
FaceForensics++_C23/NeuralTextures/476_400.mp4,ffpp_NeuralTextures_476_400,1,NeuralTextures
FaceForensics++_C23/NeuralTextures/477_487.mp4,ffpp_NeuralTextures_477_487,1,NeuralTextures
FaceForensics++_C23/NeuralTextures/478_506.mp4,ffpp_NeuralTextures_478_506,1,NeuralTextures
FaceForensics++_C23/NeuralTextures/479_706.mp4,ffpp_NeuralTextures_479_706,1,NeuralTextures
FaceForensics++_C23/NeuralTextures/480_389.mp4,ffpp_NeuralTextures_480_389,1,NeuralTextures
FaceForensics++_C23/NeuralTextures/481_469.mp4,ffpp_NeuralTextures_481_469,1,NeuralTextures
FaceForensics++_C23/NeuralTextures/482_465.mp4,ffpp_NeuralTextures_482_465,1,NeuralTextures
FaceForensics++_C23/NeuralTextures/483_370.mp4,ffpp_NeuralTextures_483_370,1,NeuralTextures
FaceForensics++_C23/NeuralTextures/484_415.mp4,ffpp_NeuralTextures_484_415,1,NeuralTextures
FaceForensics++_C23/NeuralTextures/485_425.mp4,ffpp_NeuralTextures_485_425,1,NeuralTextures
FaceForensics++_C23/NeuralTextures/486_680.mp4,ffpp_NeuralTextures_486_680,1,NeuralTextures
FaceForensics++_C23/NeuralTextures/487_477.mp4,ffpp_NeuralTextures_487_477,1,NeuralTextures
FaceForensics++_C23/NeuralTextures/488_399.mp4,ffpp_NeuralTextures_488_399,1,NeuralTextures
FaceForensics++_C23/NeuralTextures/489_022.mp4,ffpp_NeuralTextures_489_022,1,NeuralTextures
FaceForensics++_C23/NeuralTextures/490_534.mp4,ffpp_NeuralTextures_490_534,1,NeuralTextures
FaceForensics++_C23/NeuralTextures/491_226.mp4,ffpp_NeuralTextures_491_226,1,NeuralTextures
FaceForensics++_C23/NeuralTextures/492_325.mp4,ffpp_NeuralTextures_492_325,1,NeuralTextures
FaceForensics++_C23/NeuralTextures/493_538.mp4,ffpp_NeuralTextures_493_538,1,NeuralTextures
FaceForensics++_C23/NeuralTextures/494_445.mp4,ffpp_NeuralTextures_494_445,1,NeuralTextures
FaceForensics++_C23/NeuralTextures/495_512.mp4,ffpp_NeuralTextures_495_512,1,NeuralTextures
FaceForensics++_C23/NeuralTextures/496_417.mp4,ffpp_NeuralTextures_496_417,1,NeuralTextures
FaceForensics++_C23/NeuralTextures/497_403.mp4,ffpp_NeuralTextures_497_403,1,NeuralTextures
FaceForensics++_C23/NeuralTextures/498_433.mp4,ffpp_NeuralTextures_498_433,1,NeuralTextures
FaceForensics++_C23/NeuralTextures/499_539.mp4,ffpp_NeuralTextures_499_539,1,NeuralTextures
FaceForensics++_C23/NeuralTextures/500_592.mp4,ffpp_NeuralTextures_500_592,1,NeuralTextures
FaceForensics++_C23/NeuralTextures/501_326.mp4,ffpp_NeuralTextures_501_326,1,NeuralTextures
FaceForensics++_C23/NeuralTextures/502_504.mp4,ffpp_NeuralTextures_502_504,1,NeuralTextures
FaceForensics++_C23/NeuralTextures/503_756.mp4,ffpp_NeuralTextures_503_756,1,NeuralTextures
FaceForensics++_C23/NeuralTextures/504_502.mp4,ffpp_NeuralTextures_504_502,1,NeuralTextures
FaceForensics++_C23/NeuralTextures/505_600.mp4,ffpp_NeuralTextures_505_600,1,NeuralTextures
FaceForensics++_C23/NeuralTextures/506_478.mp4,ffpp_NeuralTextures_506_478,1,NeuralTextures
FaceForensics++_C23/NeuralTextures/507_418.mp4,ffpp_NeuralTextures_507_418,1,NeuralTextures
FaceForensics++_C23/NeuralTextures/508_831.mp4,ffpp_NeuralTextures_508_831,1,NeuralTextures
FaceForensics++_C23/NeuralTextures/509_525.mp4,ffpp_NeuralTextures_509_525,1,NeuralTextures
FaceForensics++_C23/NeuralTextures/510_528.mp4,ffpp_NeuralTextures_510_528,1,NeuralTextures
FaceForensics++_C23/NeuralTextures/511_472.mp4,ffpp_NeuralTextures_511_472,1,NeuralTextures
FaceForensics++_C23/NeuralTextures/512_495.mp4,ffpp_NeuralTextures_512_495,1,NeuralTextures
FaceForensics++_C23/NeuralTextures/513_305.mp4,ffpp_NeuralTextures_513_305,1,NeuralTextures
FaceForensics++_C23/NeuralTextures/514_443.mp4,ffpp_NeuralTextures_514_443,1,NeuralTextures
FaceForensics++_C23/NeuralTextures/515_519.mp4,ffpp_NeuralTextures_515_519,1,NeuralTextures
FaceForensics++_C23/NeuralTextures/516_555.mp4,ffpp_NeuralTextures_516_555,1,NeuralTextures
FaceForensics++_C23/NeuralTextures/517_521.mp4,ffpp_NeuralTextures_517_521,1,NeuralTextures
FaceForensics++_C23/NeuralTextures/518_131.mp4,ffpp_NeuralTextures_518_131,1,NeuralTextures
FaceForensics++_C23/NeuralTextures/519_515.mp4,ffpp_NeuralTextures_519_515,1,NeuralTextures
FaceForensics++_C23/NeuralTextures/520_542.mp4,ffpp_NeuralTextures_520_542,1,NeuralTextures
FaceForensics++_C23/NeuralTextures/521_517.mp4,ffpp_NeuralTextures_521_517,1,NeuralTextures
FaceForensics++_C23/NeuralTextures/522_337.mp4,ffpp_NeuralTextures_522_337,1,NeuralTextures
FaceForensics++_C23/NeuralTextures/523_541.mp4,ffpp_NeuralTextures_523_541,1,NeuralTextures
FaceForensics++_C23/NeuralTextures/524_580.mp4,ffpp_NeuralTextures_524_580,1,NeuralTextures
FaceForensics++_C23/NeuralTextures/525_509.mp4,ffpp_NeuralTextures_525_509,1,NeuralTextures
FaceForensics++_C23/NeuralTextures/526_436.mp4,ffpp_NeuralTextures_526_436,1,NeuralTextures
FaceForensics++_C23/NeuralTextures/527_454.mp4,ffpp_NeuralTextures_527_454,1,NeuralTextures
FaceForensics++_C23/NeuralTextures/528_510.mp4,ffpp_NeuralTextures_528_510,1,NeuralTextures
FaceForensics++_C23/NeuralTextures/529_633.mp4,ffpp_NeuralTextures_529_633,1,NeuralTextures
FaceForensics++_C23/NeuralTextures/530_594.mp4,ffpp_NeuralTextures_530_594,1,NeuralTextures
FaceForensics++_C23/NeuralTextures/531_549.mp4,ffpp_NeuralTextures_531_549,1,NeuralTextures
FaceForensics++_C23/NeuralTextures/532_544.mp4,ffpp_NeuralTextures_532_544,1,NeuralTextures
FaceForensics++_C23/NeuralTextures/533_450.mp4,ffpp_NeuralTextures_533_450,1,NeuralTextures
FaceForensics++_C23/NeuralTextures/534_490.mp4,ffpp_NeuralTextures_534_490,1,NeuralTextures
FaceForensics++_C23/NeuralTextures/535_587.mp4,ffpp_NeuralTextures_535_587,1,NeuralTextures
FaceForensics++_C23/NeuralTextures/536_540.mp4,ffpp_NeuralTextures_536_540,1,NeuralTextures
FaceForensics++_C23/NeuralTextures/537_563.mp4,ffpp_NeuralTextures_537_563,1,NeuralTextures
FaceForensics++_C23/NeuralTextures/538_493.mp4,ffpp_NeuralTextures_538_493,1,NeuralTextures
FaceForensics++_C23/NeuralTextures/539_499.mp4,ffpp_NeuralTextures_539_499,1,NeuralTextures
FaceForensics++_C23/NeuralTextures/540_536.mp4,ffpp_NeuralTextures_540_536,1,NeuralTextures
FaceForensics++_C23/NeuralTextures/541_523.mp4,ffpp_NeuralTextures_541_523,1,NeuralTextures
FaceForensics++_C23/NeuralTextures/542_520.mp4,ffpp_NeuralTextures_542_520,1,NeuralTextures
FaceForensics++_C23/NeuralTextures/543_559.mp4,ffpp_NeuralTextures_543_559,1,NeuralTextures
FaceForensics++_C23/NeuralTextures/544_532.mp4,ffpp_NeuralTextures_544_532,1,NeuralTextures
FaceForensics++_C23/NeuralTextures/545_553.mp4,ffpp_NeuralTextures_545_553,1,NeuralTextures
FaceForensics++_C23/NeuralTextures/546_621.mp4,ffpp_NeuralTextures_546_621,1,NeuralTextures
FaceForensics++_C23/NeuralTextures/547_574.mp4,ffpp_NeuralTextures_547_574,1,NeuralTextures
FaceForensics++_C23/NeuralTextures/548_632.mp4,ffpp_NeuralTextures_548_632,1,NeuralTextures
FaceForensics++_C23/NeuralTextures/549_531.mp4,ffpp_NeuralTextures_549_531,1,NeuralTextures
FaceForensics++_C23/NeuralTextures/550_452.mp4,ffpp_NeuralTextures_550_452,1,NeuralTextures
FaceForensics++_C23/NeuralTextures/551_631.mp4,ffpp_NeuralTextures_551_631,1,NeuralTextures
FaceForensics++_C23/NeuralTextures/552_851.mp4,ffpp_NeuralTextures_552_851,1,NeuralTextures
FaceForensics++_C23/NeuralTextures/553_545.mp4,ffpp_NeuralTextures_553_545,1,NeuralTextures
FaceForensics++_C23/NeuralTextures/554_572.mp4,ffpp_NeuralTextures_554_572,1,NeuralTextures
FaceForensics++_C23/NeuralTextures/555_516.mp4,ffpp_NeuralTextures_555_516,1,NeuralTextures
FaceForensics++_C23/NeuralTextures/556_588.mp4,ffpp_NeuralTextures_556_588,1,NeuralTextures
FaceForensics++_C23/NeuralTextures/557_560.mp4,ffpp_NeuralTextures_557_560,1,NeuralTextures
FaceForensics++_C23/NeuralTextures/558_583.mp4,ffpp_NeuralTextures_558_583,1,NeuralTextures
FaceForensics++_C23/NeuralTextures/559_543.mp4,ffpp_NeuralTextures_559_543,1,NeuralTextures
FaceForensics++_C23/NeuralTextures/560_557.mp4,ffpp_NeuralTextures_560_557,1,NeuralTextures
FaceForensics++_C23/NeuralTextures/561_998.mp4,ffpp_NeuralTextures_561_998,1,NeuralTextures
FaceForensics++_C23/NeuralTextures/562_626.mp4,ffpp_NeuralTextures_562_626,1,NeuralTextures
FaceForensics++_C23/NeuralTextures/563_537.mp4,ffpp_NeuralTextures_563_537,1,NeuralTextures
FaceForensics++_C23/NeuralTextures/564_971.mp4,ffpp_NeuralTextures_564_971,1,NeuralTextures
FaceForensics++_C23/NeuralTextures/565_589.mp4,ffpp_NeuralTextures_565_589,1,NeuralTextures
FaceForensics++_C23/NeuralTextures/566_617.mp4,ffpp_NeuralTextures_566_617,1,NeuralTextures
FaceForensics++_C23/NeuralTextures/567_606.mp4,ffpp_NeuralTextures_567_606,1,NeuralTextures
FaceForensics++_C23/NeuralTextures/568_628.mp4,ffpp_NeuralTextures_568_628,1,NeuralTextures
FaceForensics++_C23/NeuralTextures/569_921.mp4,ffpp_NeuralTextures_569_921,1,NeuralTextures
FaceForensics++_C23/NeuralTextures/570_624.mp4,ffpp_NeuralTextures_570_624,1,NeuralTextures
FaceForensics++_C23/NeuralTextures/571_746.mp4,ffpp_NeuralTextures_571_746,1,NeuralTextures
FaceForensics++_C23/NeuralTextures/572_554.mp4,ffpp_NeuralTextures_572_554,1,NeuralTextures
FaceForensics++_C23/NeuralTextures/573_757.mp4,ffpp_NeuralTextures_573_757,1,NeuralTextures
FaceForensics++_C23/NeuralTextures/574_547.mp4,ffpp_NeuralTextures_574_547,1,NeuralTextures
FaceForensics++_C23/NeuralTextures/575_603.mp4,ffpp_NeuralTextures_575_603,1,NeuralTextures
FaceForensics++_C23/NeuralTextures/576_155.mp4,ffpp_NeuralTextures_576_155,1,NeuralTextures
FaceForensics++_C23/NeuralTextures/577_593.mp4,ffpp_NeuralTextures_577_593,1,NeuralTextures
FaceForensics++_C23/NeuralTextures/578_636.mp4,ffpp_NeuralTextures_578_636,1,NeuralTextures
FaceForensics++_C23/NeuralTextures/579_701.mp4,ffpp_NeuralTextures_579_701,1,NeuralTextures
FaceForensics++_C23/NeuralTextures/580_524.mp4,ffpp_NeuralTextures_580_524,1,NeuralTextures
FaceForensics++_C23/NeuralTextures/581_697.mp4,ffpp_NeuralTextures_581_697,1,NeuralTextures
FaceForensics++_C23/NeuralTextures/582_172.mp4,ffpp_NeuralTextures_582_172,1,NeuralTextures
FaceForensics++_C23/NeuralTextures/583_558.mp4,ffpp_NeuralTextures_583_558,1,NeuralTextures
FaceForensics++_C23/NeuralTextures/584_823.mp4,ffpp_NeuralTextures_584_823,1,NeuralTextures
FaceForensics++_C23/NeuralTextures/585_599.mp4,ffpp_NeuralTextures_585_599,1,NeuralTextures
FaceForensics++_C23/NeuralTextures/586_223.mp4,ffpp_NeuralTextures_586_223,1,NeuralTextures
FaceForensics++_C23/NeuralTextures/587_535.mp4,ffpp_NeuralTextures_587_535,1,NeuralTextures
FaceForensics++_C23/NeuralTextures/588_556.mp4,ffpp_NeuralTextures_588_556,1,NeuralTextures
FaceForensics++_C23/NeuralTextures/589_565.mp4,ffpp_NeuralTextures_589_565,1,NeuralTextures
FaceForensics++_C23/NeuralTextures/590_034.mp4,ffpp_NeuralTextures_590_034,1,NeuralTextures
FaceForensics++_C23/NeuralTextures/591_605.mp4,ffpp_NeuralTextures_591_605,1,NeuralTextures
FaceForensics++_C23/NeuralTextures/592_500.mp4,ffpp_NeuralTextures_592_500,1,NeuralTextures
FaceForensics++_C23/NeuralTextures/593_577.mp4,ffpp_NeuralTextures_593_577,1,NeuralTextures
FaceForensics++_C23/NeuralTextures/594_530.mp4,ffpp_NeuralTextures_594_530,1,NeuralTextures
FaceForensics++_C23/NeuralTextures/595_597.mp4,ffpp_NeuralTextures_595_597,1,NeuralTextures
FaceForensics++_C23/NeuralTextures/596_609.mp4,ffpp_NeuralTextures_596_609,1,NeuralTextures
FaceForensics++_C23/NeuralTextures/597_595.mp4,ffpp_NeuralTextures_597_595,1,NeuralTextures
FaceForensics++_C23/NeuralTextures/598_178.mp4,ffpp_NeuralTextures_598_178,1,NeuralTextures
FaceForensics++_C23/NeuralTextures/599_585.mp4,ffpp_NeuralTextures_599_585,1,NeuralTextures
FaceForensics++_C23/NeuralTextures/600_505.mp4,ffpp_NeuralTextures_600_505,1,NeuralTextures
FaceForensics++_C23/NeuralTextures/601_653.mp4,ffpp_NeuralTextures_601_653,1,NeuralTextures
FaceForensics++_C23/NeuralTextures/602_397.mp4,ffpp_NeuralTextures_602_397,1,NeuralTextures
FaceForensics++_C23/NeuralTextures/603_575.mp4,ffpp_NeuralTextures_603_575,1,NeuralTextures
FaceForensics++_C23/NeuralTextures/604_703.mp4,ffpp_NeuralTextures_604_703,1,NeuralTextures
FaceForensics++_C23/NeuralTextures/605_591.mp4,ffpp_NeuralTextures_605_591,1,NeuralTextures
FaceForensics++_C23/NeuralTextures/606_567.mp4,ffpp_NeuralTextures_606_567,1,NeuralTextures
FaceForensics++_C23/NeuralTextures/607_683.mp4,ffpp_NeuralTextures_607_683,1,NeuralTextures
FaceForensics++_C23/NeuralTextures/608_675.mp4,ffpp_NeuralTextures_608_675,1,NeuralTextures
FaceForensics++_C23/NeuralTextures/609_596.mp4,ffpp_NeuralTextures_609_596,1,NeuralTextures
FaceForensics++_C23/NeuralTextures/610_692.mp4,ffpp_NeuralTextures_610_692,1,NeuralTextures
FaceForensics++_C23/NeuralTextures/611_760.mp4,ffpp_NeuralTextures_611_760,1,NeuralTextures
FaceForensics++_C23/NeuralTextures/612_702.mp4,ffpp_NeuralTextures_612_702,1,NeuralTextures
FaceForensics++_C23/NeuralTextures/613_685.mp4,ffpp_NeuralTextures_613_685,1,NeuralTextures
FaceForensics++_C23/NeuralTextures/614_616.mp4,ffpp_NeuralTextures_614_616,1,NeuralTextures
FaceForensics++_C23/NeuralTextures/615_687.mp4,ffpp_NeuralTextures_615_687,1,NeuralTextures
FaceForensics++_C23/NeuralTextures/616_614.mp4,ffpp_NeuralTextures_616_614,1,NeuralTextures
FaceForensics++_C23/NeuralTextures/617_566.mp4,ffpp_NeuralTextures_617_566,1,NeuralTextures
FaceForensics++_C23/NeuralTextures/618_629.mp4,ffpp_NeuralTextures_618_629,1,NeuralTextures
FaceForensics++_C23/NeuralTextures/619_620.mp4,ffpp_NeuralTextures_619_620,1,NeuralTextures
FaceForensics++_C23/NeuralTextures/620_619.mp4,ffpp_NeuralTextures_620_619,1,NeuralTextures
FaceForensics++_C23/NeuralTextures/621_546.mp4,ffpp_NeuralTextures_621_546,1,NeuralTextures
FaceForensics++_C23/NeuralTextures/622_647.mp4,ffpp_NeuralTextures_622_647,1,NeuralTextures
FaceForensics++_C23/NeuralTextures/623_630.mp4,ffpp_NeuralTextures_623_630,1,NeuralTextures
FaceForensics++_C23/NeuralTextures/624_570.mp4,ffpp_NeuralTextures_624_570,1,NeuralTextures
FaceForensics++_C23/NeuralTextures/625_650.mp4,ffpp_NeuralTextures_625_650,1,NeuralTextures
FaceForensics++_C23/NeuralTextures/626_562.mp4,ffpp_NeuralTextures_626_562,1,NeuralTextures
FaceForensics++_C23/NeuralTextures/627_658.mp4,ffpp_NeuralTextures_627_658,1,NeuralTextures
FaceForensics++_C23/NeuralTextures/628_568.mp4,ffpp_NeuralTextures_628_568,1,NeuralTextures
FaceForensics++_C23/NeuralTextures/629_618.mp4,ffpp_NeuralTextures_629_618,1,NeuralTextures
FaceForensics++_C23/NeuralTextures/630_623.mp4,ffpp_NeuralTextures_630_623,1,NeuralTextures
FaceForensics++_C23/NeuralTextures/631_551.mp4,ffpp_NeuralTextures_631_551,1,NeuralTextures
FaceForensics++_C23/NeuralTextures/632_548.mp4,ffpp_NeuralTextures_632_548,1,NeuralTextures
FaceForensics++_C23/NeuralTextures/633_529.mp4,ffpp_NeuralTextures_633_529,1,NeuralTextures
FaceForensics++_C23/NeuralTextures/634_660.mp4,ffpp_NeuralTextures_634_660,1,NeuralTextures
FaceForensics++_C23/NeuralTextures/635_642.mp4,ffpp_NeuralTextures_635_642,1,NeuralTextures
FaceForensics++_C23/NeuralTextures/636_578.mp4,ffpp_NeuralTextures_636_578,1,NeuralTextures
FaceForensics++_C23/NeuralTextures/637_427.mp4,ffpp_NeuralTextures_637_427,1,NeuralTextures
FaceForensics++_C23/NeuralTextures/638_640.mp4,ffpp_NeuralTextures_638_640,1,NeuralTextures
FaceForensics++_C23/NeuralTextures/639_841.mp4,ffpp_NeuralTextures_639_841,1,NeuralTextures
FaceForensics++_C23/NeuralTextures/640_638.mp4,ffpp_NeuralTextures_640_638,1,NeuralTextures
FaceForensics++_C23/NeuralTextures/641_662.mp4,ffpp_NeuralTextures_641_662,1,NeuralTextures
FaceForensics++_C23/NeuralTextures/642_635.mp4,ffpp_NeuralTextures_642_635,1,NeuralTextures
FaceForensics++_C23/NeuralTextures/643_646.mp4,ffpp_NeuralTextures_643_646,1,NeuralTextures
FaceForensics++_C23/NeuralTextures/644_657.mp4,ffpp_NeuralTextures_644_657,1,NeuralTextures
FaceForensics++_C23/NeuralTextures/645_688.mp4,ffpp_NeuralTextures_645_688,1,NeuralTextures
FaceForensics++_C23/NeuralTextures/646_643.mp4,ffpp_NeuralTextures_646_643,1,NeuralTextures
FaceForensics++_C23/NeuralTextures/647_622.mp4,ffpp_NeuralTextures_647_622,1,NeuralTextures
FaceForensics++_C23/NeuralTextures/648_654.mp4,ffpp_NeuralTextures_648_654,1,NeuralTextures
FaceForensics++_C23/NeuralTextures/649_816.mp4,ffpp_NeuralTextures_649_816,1,NeuralTextures
FaceForensics++_C23/NeuralTextures/650_625.mp4,ffpp_NeuralTextures_650_625,1,NeuralTextures
FaceForensics++_C23/NeuralTextures/651_835.mp4,ffpp_NeuralTextures_651_835,1,NeuralTextures
FaceForensics++_C23/NeuralTextures/652_773.mp4,ffpp_NeuralTextures_652_773,1,NeuralTextures
FaceForensics++_C23/NeuralTextures/653_601.mp4,ffpp_NeuralTextures_653_601,1,NeuralTextures
FaceForensics++_C23/NeuralTextures/654_648.mp4,ffpp_NeuralTextures_654_648,1,NeuralTextures
FaceForensics++_C23/NeuralTextures/655_444.mp4,ffpp_NeuralTextures_655_444,1,NeuralTextures
FaceForensics++_C23/NeuralTextures/656_666.mp4,ffpp_NeuralTextures_656_666,1,NeuralTextures
FaceForensics++_C23/NeuralTextures/657_644.mp4,ffpp_NeuralTextures_657_644,1,NeuralTextures
FaceForensics++_C23/NeuralTextures/658_627.mp4,ffpp_NeuralTextures_658_627,1,NeuralTextures
FaceForensics++_C23/NeuralTextures/659_749.mp4,ffpp_NeuralTextures_659_749,1,NeuralTextures
FaceForensics++_C23/NeuralTextures/660_634.mp4,ffpp_NeuralTextures_660_634,1,NeuralTextures
FaceForensics++_C23/NeuralTextures/661_670.mp4,ffpp_NeuralTextures_661_670,1,NeuralTextures
FaceForensics++_C23/NeuralTextures/662_641.mp4,ffpp_NeuralTextures_662_641,1,NeuralTextures
FaceForensics++_C23/NeuralTextures/663_231.mp4,ffpp_NeuralTextures_663_231,1,NeuralTextures
FaceForensics++_C23/NeuralTextures/664_668.mp4,ffpp_NeuralTextures_664_668,1,NeuralTextures
FaceForensics++_C23/NeuralTextures/665_679.mp4,ffpp_NeuralTextures_665_679,1,NeuralTextures
FaceForensics++_C23/NeuralTextures/666_656.mp4,ffpp_NeuralTextures_666_656,1,NeuralTextures
FaceForensics++_C23/NeuralTextures/667_446.mp4,ffpp_NeuralTextures_667_446,1,NeuralTextures
FaceForensics++_C23/NeuralTextures/668_664.mp4,ffpp_NeuralTextures_668_664,1,NeuralTextures
FaceForensics++_C23/NeuralTextures/669_682.mp4,ffpp_NeuralTextures_669_682,1,NeuralTextures
FaceForensics++_C23/NeuralTextures/670_661.mp4,ffpp_NeuralTextures_670_661,1,NeuralTextures
FaceForensics++_C23/NeuralTextures/671_677.mp4,ffpp_NeuralTextures_671_677,1,NeuralTextures
FaceForensics++_C23/NeuralTextures/672_720.mp4,ffpp_NeuralTextures_672_720,1,NeuralTextures
FaceForensics++_C23/NeuralTextures/673_728.mp4,ffpp_NeuralTextures_673_728,1,NeuralTextures
FaceForensics++_C23/NeuralTextures/674_744.mp4,ffpp_NeuralTextures_674_744,1,NeuralTextures
FaceForensics++_C23/NeuralTextures/675_608.mp4,ffpp_NeuralTextures_675_608,1,NeuralTextures
FaceForensics++_C23/NeuralTextures/676_776.mp4,ffpp_NeuralTextures_676_776,1,NeuralTextures
FaceForensics++_C23/NeuralTextures/677_671.mp4,ffpp_NeuralTextures_677_671,1,NeuralTextures
FaceForensics++_C23/NeuralTextures/678_460.mp4,ffpp_NeuralTextures_678_460,1,NeuralTextures
FaceForensics++_C23/NeuralTextures/679_665.mp4,ffpp_NeuralTextures_679_665,1,NeuralTextures
FaceForensics++_C23/NeuralTextures/680_486.mp4,ffpp_NeuralTextures_680_486,1,NeuralTextures
FaceForensics++_C23/NeuralTextures/681_711.mp4,ffpp_NeuralTextures_681_711,1,NeuralTextures
FaceForensics++_C23/NeuralTextures/682_669.mp4,ffpp_NeuralTextures_682_669,1,NeuralTextures
FaceForensics++_C23/NeuralTextures/683_607.mp4,ffpp_NeuralTextures_683_607,1,NeuralTextures
FaceForensics++_C23/NeuralTextures/684_717.mp4,ffpp_NeuralTextures_684_717,1,NeuralTextures
FaceForensics++_C23/NeuralTextures/685_613.mp4,ffpp_NeuralTextures_685_613,1,NeuralTextures
FaceForensics++_C23/NeuralTextures/686_696.mp4,ffpp_NeuralTextures_686_696,1,NeuralTextures
FaceForensics++_C23/NeuralTextures/687_615.mp4,ffpp_NeuralTextures_687_615,1,NeuralTextures
FaceForensics++_C23/NeuralTextures/688_645.mp4,ffpp_NeuralTextures_688_645,1,NeuralTextures
FaceForensics++_C23/NeuralTextures/689_690.mp4,ffpp_NeuralTextures_689_690,1,NeuralTextures
FaceForensics++_C23/NeuralTextures/690_689.mp4,ffpp_NeuralTextures_690_689,1,NeuralTextures
FaceForensics++_C23/NeuralTextures/691_732.mp4,ffpp_NeuralTextures_691_732,1,NeuralTextures
FaceForensics++_C23/NeuralTextures/692_610.mp4,ffpp_NeuralTextures_692_610,1,NeuralTextures
FaceForensics++_C23/NeuralTextures/693_698.mp4,ffpp_NeuralTextures_693_698,1,NeuralTextures
FaceForensics++_C23/NeuralTextures/694_767.mp4,ffpp_NeuralTextures_694_767,1,NeuralTextures
FaceForensics++_C23/NeuralTextures/695_422.mp4,ffpp_NeuralTextures_695_422,1,NeuralTextures
FaceForensics++_C23/NeuralTextures/696_686.mp4,ffpp_NeuralTextures_696_686,1,NeuralTextures
FaceForensics++_C23/NeuralTextures/697_581.mp4,ffpp_NeuralTextures_697_581,1,NeuralTextures
FaceForensics++_C23/NeuralTextures/698_693.mp4,ffpp_NeuralTextures_698_693,1,NeuralTextures
FaceForensics++_C23/NeuralTextures/699_734.mp4,ffpp_NeuralTextures_699_734,1,NeuralTextures
FaceForensics++_C23/NeuralTextures/700_813.mp4,ffpp_NeuralTextures_700_813,1,NeuralTextures
FaceForensics++_C23/NeuralTextures/701_579.mp4,ffpp_NeuralTextures_701_579,1,NeuralTextures
FaceForensics++_C23/NeuralTextures/702_612.mp4,ffpp_NeuralTextures_702_612,1,NeuralTextures
FaceForensics++_C23/NeuralTextures/703_604.mp4,ffpp_NeuralTextures_703_604,1,NeuralTextures
FaceForensics++_C23/NeuralTextures/704_723.mp4,ffpp_NeuralTextures_704_723,1,NeuralTextures
FaceForensics++_C23/NeuralTextures/705_707.mp4,ffpp_NeuralTextures_705_707,1,NeuralTextures
FaceForensics++_C23/NeuralTextures/706_479.mp4,ffpp_NeuralTextures_706_479,1,NeuralTextures
FaceForensics++_C23/NeuralTextures/707_705.mp4,ffpp_NeuralTextures_707_705,1,NeuralTextures
FaceForensics++_C23/NeuralTextures/708_772.mp4,ffpp_NeuralTextures_708_772,1,NeuralTextures
FaceForensics++_C23/NeuralTextures/709_390.mp4,ffpp_NeuralTextures_709_390,1,NeuralTextures
FaceForensics++_C23/NeuralTextures/710_788.mp4,ffpp_NeuralTextures_710_788,1,NeuralTextures
FaceForensics++_C23/NeuralTextures/711_681.mp4,ffpp_NeuralTextures_711_681,1,NeuralTextures
FaceForensics++_C23/NeuralTextures/712_716.mp4,ffpp_NeuralTextures_712_716,1,NeuralTextures
FaceForensics++_C23/NeuralTextures/713_726.mp4,ffpp_NeuralTextures_713_726,1,NeuralTextures
FaceForensics++_C23/NeuralTextures/714_842.mp4,ffpp_NeuralTextures_714_842,1,NeuralTextures
FaceForensics++_C23/NeuralTextures/715_721.mp4,ffpp_NeuralTextures_715_721,1,NeuralTextures
FaceForensics++_C23/NeuralTextures/716_712.mp4,ffpp_NeuralTextures_716_712,1,NeuralTextures
FaceForensics++_C23/NeuralTextures/717_684.mp4,ffpp_NeuralTextures_717_684,1,NeuralTextures
FaceForensics++_C23/NeuralTextures/718_972.mp4,ffpp_NeuralTextures_718_972,1,NeuralTextures
FaceForensics++_C23/NeuralTextures/719_737.mp4,ffpp_NeuralTextures_719_737,1,NeuralTextures
FaceForensics++_C23/NeuralTextures/720_672.mp4,ffpp_NeuralTextures_720_672,1,NeuralTextures
FaceForensics++_C23/NeuralTextures/721_715.mp4,ffpp_NeuralTextures_721_715,1,NeuralTextures
FaceForensics++_C23/NeuralTextures/722_458.mp4,ffpp_NeuralTextures_722_458,1,NeuralTextures
FaceForensics++_C23/NeuralTextures/723_704.mp4,ffpp_NeuralTextures_723_704,1,NeuralTextures
FaceForensics++_C23/NeuralTextures/724_725.mp4,ffpp_NeuralTextures_724_725,1,NeuralTextures
FaceForensics++_C23/NeuralTextures/725_724.mp4,ffpp_NeuralTextures_725_724,1,NeuralTextures
FaceForensics++_C23/NeuralTextures/726_713.mp4,ffpp_NeuralTextures_726_713,1,NeuralTextures
FaceForensics++_C23/NeuralTextures/727_729.mp4,ffpp_NeuralTextures_727_729,1,NeuralTextures
FaceForensics++_C23/NeuralTextures/728_673.mp4,ffpp_NeuralTextures_728_673,1,NeuralTextures
FaceForensics++_C23/NeuralTextures/729_727.mp4,ffpp_NeuralTextures_729_727,1,NeuralTextures
FaceForensics++_C23/NeuralTextures/730_815.mp4,ffpp_NeuralTextures_730_815,1,NeuralTextures
FaceForensics++_C23/NeuralTextures/731_741.mp4,ffpp_NeuralTextures_731_741,1,NeuralTextures
FaceForensics++_C23/NeuralTextures/732_691.mp4,ffpp_NeuralTextures_732_691,1,NeuralTextures
FaceForensics++_C23/NeuralTextures/733_935.mp4,ffpp_NeuralTextures_733_935,1,NeuralTextures
FaceForensics++_C23/NeuralTextures/734_699.mp4,ffpp_NeuralTextures_734_699,1,NeuralTextures
FaceForensics++_C23/NeuralTextures/735_774.mp4,ffpp_NeuralTextures_735_774,1,NeuralTextures
FaceForensics++_C23/NeuralTextures/736_785.mp4,ffpp_NeuralTextures_736_785,1,NeuralTextures
FaceForensics++_C23/NeuralTextures/737_719.mp4,ffpp_NeuralTextures_737_719,1,NeuralTextures
FaceForensics++_C23/NeuralTextures/738_804.mp4,ffpp_NeuralTextures_738_804,1,NeuralTextures
FaceForensics++_C23/NeuralTextures/739_865.mp4,ffpp_NeuralTextures_739_865,1,NeuralTextures
FaceForensics++_C23/NeuralTextures/740_796.mp4,ffpp_NeuralTextures_740_796,1,NeuralTextures
FaceForensics++_C23/NeuralTextures/741_731.mp4,ffpp_NeuralTextures_741_731,1,NeuralTextures
FaceForensics++_C23/NeuralTextures/742_775.mp4,ffpp_NeuralTextures_742_775,1,NeuralTextures
FaceForensics++_C23/NeuralTextures/743_750.mp4,ffpp_NeuralTextures_743_750,1,NeuralTextures
FaceForensics++_C23/NeuralTextures/744_674.mp4,ffpp_NeuralTextures_744_674,1,NeuralTextures
FaceForensics++_C23/NeuralTextures/745_777.mp4,ffpp_NeuralTextures_745_777,1,NeuralTextures
FaceForensics++_C23/NeuralTextures/746_571.mp4,ffpp_NeuralTextures_746_571,1,NeuralTextures
FaceForensics++_C23/NeuralTextures/747_854.mp4,ffpp_NeuralTextures_747_854,1,NeuralTextures
FaceForensics++_C23/NeuralTextures/748_355.mp4,ffpp_NeuralTextures_748_355,1,NeuralTextures
FaceForensics++_C23/NeuralTextures/749_659.mp4,ffpp_NeuralTextures_749_659,1,NeuralTextures
FaceForensics++_C23/NeuralTextures/750_743.mp4,ffpp_NeuralTextures_750_743,1,NeuralTextures
FaceForensics++_C23/NeuralTextures/751_752.mp4,ffpp_NeuralTextures_751_752,1,NeuralTextures
FaceForensics++_C23/NeuralTextures/752_751.mp4,ffpp_NeuralTextures_752_751,1,NeuralTextures
FaceForensics++_C23/NeuralTextures/753_789.mp4,ffpp_NeuralTextures_753_789,1,NeuralTextures
FaceForensics++_C23/NeuralTextures/754_758.mp4,ffpp_NeuralTextures_754_758,1,NeuralTextures
FaceForensics++_C23/NeuralTextures/755_759.mp4,ffpp_NeuralTextures_755_759,1,NeuralTextures
FaceForensics++_C23/NeuralTextures/756_503.mp4,ffpp_NeuralTextures_756_503,1,NeuralTextures
FaceForensics++_C23/NeuralTextures/757_573.mp4,ffpp_NeuralTextures_757_573,1,NeuralTextures
FaceForensics++_C23/NeuralTextures/758_754.mp4,ffpp_NeuralTextures_758_754,1,NeuralTextures
FaceForensics++_C23/NeuralTextures/759_755.mp4,ffpp_NeuralTextures_759_755,1,NeuralTextures
FaceForensics++_C23/NeuralTextures/760_611.mp4,ffpp_NeuralTextures_760_611,1,NeuralTextures
FaceForensics++_C23/NeuralTextures/761_766.mp4,ffpp_NeuralTextures_761_766,1,NeuralTextures
FaceForensics++_C23/NeuralTextures/762_832.mp4,ffpp_NeuralTextures_762_832,1,NeuralTextures
FaceForensics++_C23/NeuralTextures/763_930.mp4,ffpp_NeuralTextures_763_930,1,NeuralTextures
FaceForensics++_C23/NeuralTextures/764_850.mp4,ffpp_NeuralTextures_764_850,1,NeuralTextures
FaceForensics++_C23/NeuralTextures/765_867.mp4,ffpp_NeuralTextures_765_867,1,NeuralTextures
FaceForensics++_C23/NeuralTextures/766_761.mp4,ffpp_NeuralTextures_766_761,1,NeuralTextures
FaceForensics++_C23/NeuralTextures/767_694.mp4,ffpp_NeuralTextures_767_694,1,NeuralTextures
FaceForensics++_C23/NeuralTextures/768_793.mp4,ffpp_NeuralTextures_768_793,1,NeuralTextures
FaceForensics++_C23/NeuralTextures/769_784.mp4,ffpp_NeuralTextures_769_784,1,NeuralTextures
FaceForensics++_C23/NeuralTextures/770_791.mp4,ffpp_NeuralTextures_770_791,1,NeuralTextures
FaceForensics++_C23/NeuralTextures/771_849.mp4,ffpp_NeuralTextures_771_849,1,NeuralTextures
FaceForensics++_C23/NeuralTextures/772_708.mp4,ffpp_NeuralTextures_772_708,1,NeuralTextures
FaceForensics++_C23/NeuralTextures/773_652.mp4,ffpp_NeuralTextures_773_652,1,NeuralTextures
FaceForensics++_C23/NeuralTextures/774_735.mp4,ffpp_NeuralTextures_774_735,1,NeuralTextures
FaceForensics++_C23/NeuralTextures/775_742.mp4,ffpp_NeuralTextures_775_742,1,NeuralTextures
FaceForensics++_C23/NeuralTextures/776_676.mp4,ffpp_NeuralTextures_776_676,1,NeuralTextures
FaceForensics++_C23/NeuralTextures/777_745.mp4,ffpp_NeuralTextures_777_745,1,NeuralTextures
FaceForensics++_C23/NeuralTextures/778_798.mp4,ffpp_NeuralTextures_778_798,1,NeuralTextures
FaceForensics++_C23/NeuralTextures/779_794.mp4,ffpp_NeuralTextures_779_794,1,NeuralTextures
FaceForensics++_C23/NeuralTextures/780_869.mp4,ffpp_NeuralTextures_780_869,1,NeuralTextures
FaceForensics++_C23/NeuralTextures/781_806.mp4,ffpp_NeuralTextures_781_806,1,NeuralTextures
FaceForensics++_C23/NeuralTextures/782_787.mp4,ffpp_NeuralTextures_782_787,1,NeuralTextures
FaceForensics++_C23/NeuralTextures/783_916.mp4,ffpp_NeuralTextures_783_916,1,NeuralTextures
FaceForensics++_C23/NeuralTextures/784_769.mp4,ffpp_NeuralTextures_784_769,1,NeuralTextures
FaceForensics++_C23/NeuralTextures/785_736.mp4,ffpp_NeuralTextures_785_736,1,NeuralTextures
FaceForensics++_C23/NeuralTextures/786_819.mp4,ffpp_NeuralTextures_786_819,1,NeuralTextures
FaceForensics++_C23/NeuralTextures/787_782.mp4,ffpp_NeuralTextures_787_782,1,NeuralTextures
FaceForensics++_C23/NeuralTextures/788_710.mp4,ffpp_NeuralTextures_788_710,1,NeuralTextures
FaceForensics++_C23/NeuralTextures/789_753.mp4,ffpp_NeuralTextures_789_753,1,NeuralTextures
FaceForensics++_C23/NeuralTextures/790_014.mp4,ffpp_NeuralTextures_790_014,1,NeuralTextures
FaceForensics++_C23/NeuralTextures/791_770.mp4,ffpp_NeuralTextures_791_770,1,NeuralTextures
FaceForensics++_C23/NeuralTextures/792_903.mp4,ffpp_NeuralTextures_792_903,1,NeuralTextures
FaceForensics++_C23/NeuralTextures/793_768.mp4,ffpp_NeuralTextures_793_768,1,NeuralTextures
FaceForensics++_C23/NeuralTextures/794_779.mp4,ffpp_NeuralTextures_794_779,1,NeuralTextures
FaceForensics++_C23/NeuralTextures/795_907.mp4,ffpp_NeuralTextures_795_907,1,NeuralTextures
FaceForensics++_C23/NeuralTextures/796_740.mp4,ffpp_NeuralTextures_796_740,1,NeuralTextures
FaceForensics++_C23/NeuralTextures/797_844.mp4,ffpp_NeuralTextures_797_844,1,NeuralTextures
FaceForensics++_C23/NeuralTextures/798_778.mp4,ffpp_NeuralTextures_798_778,1,NeuralTextures
FaceForensics++_C23/NeuralTextures/799_809.mp4,ffpp_NeuralTextures_799_809,1,NeuralTextures
FaceForensics++_C23/NeuralTextures/800_840.mp4,ffpp_NeuralTextures_800_840,1,NeuralTextures
FaceForensics++_C23/NeuralTextures/801_855.mp4,ffpp_NeuralTextures_801_855,1,NeuralTextures
FaceForensics++_C23/NeuralTextures/802_885.mp4,ffpp_NeuralTextures_802_885,1,NeuralTextures
FaceForensics++_C23/NeuralTextures/803_017.mp4,ffpp_NeuralTextures_803_017,1,NeuralTextures
FaceForensics++_C23/NeuralTextures/804_738.mp4,ffpp_NeuralTextures_804_738,1,NeuralTextures
FaceForensics++_C23/NeuralTextures/805_011.mp4,ffpp_NeuralTextures_805_011,1,NeuralTextures
FaceForensics++_C23/NeuralTextures/806_781.mp4,ffpp_NeuralTextures_806_781,1,NeuralTextures
FaceForensics++_C23/NeuralTextures/807_273.mp4,ffpp_NeuralTextures_807_273,1,NeuralTextures
FaceForensics++_C23/NeuralTextures/808_829.mp4,ffpp_NeuralTextures_808_829,1,NeuralTextures
FaceForensics++_C23/NeuralTextures/809_799.mp4,ffpp_NeuralTextures_809_799,1,NeuralTextures
FaceForensics++_C23/NeuralTextures/810_838.mp4,ffpp_NeuralTextures_810_838,1,NeuralTextures
FaceForensics++_C23/NeuralTextures/811_920.mp4,ffpp_NeuralTextures_811_920,1,NeuralTextures
FaceForensics++_C23/NeuralTextures/812_821.mp4,ffpp_NeuralTextures_812_821,1,NeuralTextures
FaceForensics++_C23/NeuralTextures/813_700.mp4,ffpp_NeuralTextures_813_700,1,NeuralTextures
FaceForensics++_C23/NeuralTextures/814_871.mp4,ffpp_NeuralTextures_814_871,1,NeuralTextures
FaceForensics++_C23/NeuralTextures/815_730.mp4,ffpp_NeuralTextures_815_730,1,NeuralTextures
FaceForensics++_C23/NeuralTextures/816_649.mp4,ffpp_NeuralTextures_816_649,1,NeuralTextures
FaceForensics++_C23/NeuralTextures/817_827.mp4,ffpp_NeuralTextures_817_827,1,NeuralTextures
FaceForensics++_C23/NeuralTextures/818_820.mp4,ffpp_NeuralTextures_818_820,1,NeuralTextures
FaceForensics++_C23/NeuralTextures/819_786.mp4,ffpp_NeuralTextures_819_786,1,NeuralTextures
FaceForensics++_C23/NeuralTextures/820_818.mp4,ffpp_NeuralTextures_820_818,1,NeuralTextures
FaceForensics++_C23/NeuralTextures/821_812.mp4,ffpp_NeuralTextures_821_812,1,NeuralTextures
FaceForensics++_C23/NeuralTextures/822_244.mp4,ffpp_NeuralTextures_822_244,1,NeuralTextures
FaceForensics++_C23/NeuralTextures/823_584.mp4,ffpp_NeuralTextures_823_584,1,NeuralTextures
FaceForensics++_C23/NeuralTextures/824_419.mp4,ffpp_NeuralTextures_824_419,1,NeuralTextures
FaceForensics++_C23/NeuralTextures/825_074.mp4,ffpp_NeuralTextures_825_074,1,NeuralTextures
FaceForensics++_C23/NeuralTextures/826_833.mp4,ffpp_NeuralTextures_826_833,1,NeuralTextures
FaceForensics++_C23/NeuralTextures/827_817.mp4,ffpp_NeuralTextures_827_817,1,NeuralTextures
FaceForensics++_C23/NeuralTextures/828_830.mp4,ffpp_NeuralTextures_828_830,1,NeuralTextures
FaceForensics++_C23/NeuralTextures/829_808.mp4,ffpp_NeuralTextures_829_808,1,NeuralTextures
FaceForensics++_C23/NeuralTextures/830_828.mp4,ffpp_NeuralTextures_830_828,1,NeuralTextures
FaceForensics++_C23/NeuralTextures/831_508.mp4,ffpp_NeuralTextures_831_508,1,NeuralTextures
FaceForensics++_C23/NeuralTextures/832_762.mp4,ffpp_NeuralTextures_832_762,1,NeuralTextures
FaceForensics++_C23/NeuralTextures/833_826.mp4,ffpp_NeuralTextures_833_826,1,NeuralTextures
FaceForensics++_C23/NeuralTextures/834_852.mp4,ffpp_NeuralTextures_834_852,1,NeuralTextures
FaceForensics++_C23/NeuralTextures/835_651.mp4,ffpp_NeuralTextures_835_651,1,NeuralTextures
FaceForensics++_C23/NeuralTextures/836_950.mp4,ffpp_NeuralTextures_836_950,1,NeuralTextures
FaceForensics++_C23/NeuralTextures/837_890.mp4,ffpp_NeuralTextures_837_890,1,NeuralTextures
FaceForensics++_C23/NeuralTextures/838_810.mp4,ffpp_NeuralTextures_838_810,1,NeuralTextures
FaceForensics++_C23/NeuralTextures/839_864.mp4,ffpp_NeuralTextures_839_864,1,NeuralTextures
FaceForensics++_C23/NeuralTextures/840_800.mp4,ffpp_NeuralTextures_840_800,1,NeuralTextures
FaceForensics++_C23/NeuralTextures/841_639.mp4,ffpp_NeuralTextures_841_639,1,NeuralTextures
FaceForensics++_C23/NeuralTextures/842_714.mp4,ffpp_NeuralTextures_842_714,1,NeuralTextures
FaceForensics++_C23/NeuralTextures/843_859.mp4,ffpp_NeuralTextures_843_859,1,NeuralTextures
FaceForensics++_C23/NeuralTextures/844_797.mp4,ffpp_NeuralTextures_844_797,1,NeuralTextures
FaceForensics++_C23/NeuralTextures/845_846.mp4,ffpp_NeuralTextures_845_846,1,NeuralTextures
FaceForensics++_C23/NeuralTextures/846_845.mp4,ffpp_NeuralTextures_846_845,1,NeuralTextures
FaceForensics++_C23/NeuralTextures/847_906.mp4,ffpp_NeuralTextures_847_906,1,NeuralTextures
FaceForensics++_C23/NeuralTextures/848_894.mp4,ffpp_NeuralTextures_848_894,1,NeuralTextures
FaceForensics++_C23/NeuralTextures/849_771.mp4,ffpp_NeuralTextures_849_771,1,NeuralTextures
FaceForensics++_C23/NeuralTextures/850_764.mp4,ffpp_NeuralTextures_850_764,1,NeuralTextures
FaceForensics++_C23/NeuralTextures/851_552.mp4,ffpp_NeuralTextures_851_552,1,NeuralTextures
FaceForensics++_C23/NeuralTextures/852_834.mp4,ffpp_NeuralTextures_852_834,1,NeuralTextures
FaceForensics++_C23/NeuralTextures/853_863.mp4,ffpp_NeuralTextures_853_863,1,NeuralTextures
FaceForensics++_C23/NeuralTextures/854_747.mp4,ffpp_NeuralTextures_854_747,1,NeuralTextures
FaceForensics++_C23/NeuralTextures/855_801.mp4,ffpp_NeuralTextures_855_801,1,NeuralTextures
FaceForensics++_C23/NeuralTextures/856_881.mp4,ffpp_NeuralTextures_856_881,1,NeuralTextures
FaceForensics++_C23/NeuralTextures/857_909.mp4,ffpp_NeuralTextures_857_909,1,NeuralTextures
FaceForensics++_C23/NeuralTextures/858_861.mp4,ffpp_NeuralTextures_858_861,1,NeuralTextures
FaceForensics++_C23/NeuralTextures/859_843.mp4,ffpp_NeuralTextures_859_843,1,NeuralTextures
FaceForensics++_C23/NeuralTextures/860_905.mp4,ffpp_NeuralTextures_860_905,1,NeuralTextures
FaceForensics++_C23/NeuralTextures/861_858.mp4,ffpp_NeuralTextures_861_858,1,NeuralTextures
FaceForensics++_C23/NeuralTextures/862_047.mp4,ffpp_NeuralTextures_862_047,1,NeuralTextures
FaceForensics++_C23/NeuralTextures/863_853.mp4,ffpp_NeuralTextures_863_853,1,NeuralTextures
FaceForensics++_C23/NeuralTextures/864_839.mp4,ffpp_NeuralTextures_864_839,1,NeuralTextures
FaceForensics++_C23/NeuralTextures/865_739.mp4,ffpp_NeuralTextures_865_739,1,NeuralTextures
FaceForensics++_C23/NeuralTextures/866_878.mp4,ffpp_NeuralTextures_866_878,1,NeuralTextures
FaceForensics++_C23/NeuralTextures/867_765.mp4,ffpp_NeuralTextures_867_765,1,NeuralTextures
FaceForensics++_C23/NeuralTextures/868_949.mp4,ffpp_NeuralTextures_868_949,1,NeuralTextures
FaceForensics++_C23/NeuralTextures/869_780.mp4,ffpp_NeuralTextures_869_780,1,NeuralTextures
FaceForensics++_C23/NeuralTextures/870_001.mp4,ffpp_NeuralTextures_870_001,1,NeuralTextures
FaceForensics++_C23/NeuralTextures/871_814.mp4,ffpp_NeuralTextures_871_814,1,NeuralTextures
FaceForensics++_C23/NeuralTextures/872_873.mp4,ffpp_NeuralTextures_872_873,1,NeuralTextures
FaceForensics++_C23/NeuralTextures/873_872.mp4,ffpp_NeuralTextures_873_872,1,NeuralTextures
FaceForensics++_C23/NeuralTextures/874_291.mp4,ffpp_NeuralTextures_874_291,1,NeuralTextures
FaceForensics++_C23/NeuralTextures/875_979.mp4,ffpp_NeuralTextures_875_979,1,NeuralTextures
FaceForensics++_C23/NeuralTextures/876_891.mp4,ffpp_NeuralTextures_876_891,1,NeuralTextures
FaceForensics++_C23/NeuralTextures/877_886.mp4,ffpp_NeuralTextures_877_886,1,NeuralTextures
FaceForensics++_C23/NeuralTextures/878_866.mp4,ffpp_NeuralTextures_878_866,1,NeuralTextures
FaceForensics++_C23/NeuralTextures/879_963.mp4,ffpp_NeuralTextures_879_963,1,NeuralTextures
FaceForensics++_C23/NeuralTextures/880_135.mp4,ffpp_NeuralTextures_880_135,1,NeuralTextures
FaceForensics++_C23/NeuralTextures/881_856.mp4,ffpp_NeuralTextures_881_856,1,NeuralTextures
FaceForensics++_C23/NeuralTextures/882_952.mp4,ffpp_NeuralTextures_882_952,1,NeuralTextures
FaceForensics++_C23/NeuralTextures/883_013.mp4,ffpp_NeuralTextures_883_013,1,NeuralTextures
FaceForensics++_C23/NeuralTextures/884_968.mp4,ffpp_NeuralTextures_884_968,1,NeuralTextures
FaceForensics++_C23/NeuralTextures/885_802.mp4,ffpp_NeuralTextures_885_802,1,NeuralTextures
FaceForensics++_C23/NeuralTextures/886_877.mp4,ffpp_NeuralTextures_886_877,1,NeuralTextures
FaceForensics++_C23/NeuralTextures/887_275.mp4,ffpp_NeuralTextures_887_275,1,NeuralTextures
FaceForensics++_C23/NeuralTextures/888_937.mp4,ffpp_NeuralTextures_888_937,1,NeuralTextures
FaceForensics++_C23/NeuralTextures/889_045.mp4,ffpp_NeuralTextures_889_045,1,NeuralTextures
FaceForensics++_C23/NeuralTextures/890_837.mp4,ffpp_NeuralTextures_890_837,1,NeuralTextures
FaceForensics++_C23/NeuralTextures/891_876.mp4,ffpp_NeuralTextures_891_876,1,NeuralTextures
FaceForensics++_C23/NeuralTextures/892_112.mp4,ffpp_NeuralTextures_892_112,1,NeuralTextures
FaceForensics++_C23/NeuralTextures/893_913.mp4,ffpp_NeuralTextures_893_913,1,NeuralTextures
FaceForensics++_C23/NeuralTextures/894_848.mp4,ffpp_NeuralTextures_894_848,1,NeuralTextures
FaceForensics++_C23/NeuralTextures/895_915.mp4,ffpp_NeuralTextures_895_915,1,NeuralTextures
FaceForensics++_C23/NeuralTextures/896_128.mp4,ffpp_NeuralTextures_896_128,1,NeuralTextures
FaceForensics++_C23/NeuralTextures/897_969.mp4,ffpp_NeuralTextures_897_969,1,NeuralTextures
FaceForensics++_C23/NeuralTextures/898_922.mp4,ffpp_NeuralTextures_898_922,1,NeuralTextures
FaceForensics++_C23/NeuralTextures/899_914.mp4,ffpp_NeuralTextures_899_914,1,NeuralTextures
FaceForensics++_C23/NeuralTextures/900_926.mp4,ffpp_NeuralTextures_900_926,1,NeuralTextures
FaceForensics++_C23/NeuralTextures/901_902.mp4,ffpp_NeuralTextures_901_902,1,NeuralTextures
FaceForensics++_C23/NeuralTextures/902_901.mp4,ffpp_NeuralTextures_902_901,1,NeuralTextures
FaceForensics++_C23/NeuralTextures/903_792.mp4,ffpp_NeuralTextures_903_792,1,NeuralTextures
FaceForensics++_C23/NeuralTextures/904_046.mp4,ffpp_NeuralTextures_904_046,1,NeuralTextures
FaceForensics++_C23/NeuralTextures/905_860.mp4,ffpp_NeuralTextures_905_860,1,NeuralTextures
FaceForensics++_C23/NeuralTextures/906_847.mp4,ffpp_NeuralTextures_906_847,1,NeuralTextures
FaceForensics++_C23/NeuralTextures/907_795.mp4,ffpp_NeuralTextures_907_795,1,NeuralTextures
FaceForensics++_C23/NeuralTextures/908_207.mp4,ffpp_NeuralTextures_908_207,1,NeuralTextures
FaceForensics++_C23/NeuralTextures/909_857.mp4,ffpp_NeuralTextures_909_857,1,NeuralTextures
FaceForensics++_C23/NeuralTextures/910_911.mp4,ffpp_NeuralTextures_910_911,1,NeuralTextures
FaceForensics++_C23/NeuralTextures/911_910.mp4,ffpp_NeuralTextures_911_910,1,NeuralTextures
FaceForensics++_C23/NeuralTextures/912_927.mp4,ffpp_NeuralTextures_912_927,1,NeuralTextures
FaceForensics++_C23/NeuralTextures/913_893.mp4,ffpp_NeuralTextures_913_893,1,NeuralTextures
FaceForensics++_C23/NeuralTextures/914_899.mp4,ffpp_NeuralTextures_914_899,1,NeuralTextures
FaceForensics++_C23/NeuralTextures/915_895.mp4,ffpp_NeuralTextures_915_895,1,NeuralTextures
FaceForensics++_C23/NeuralTextures/916_783.mp4,ffpp_NeuralTextures_916_783,1,NeuralTextures
FaceForensics++_C23/NeuralTextures/917_924.mp4,ffpp_NeuralTextures_917_924,1,NeuralTextures
FaceForensics++_C23/NeuralTextures/918_934.mp4,ffpp_NeuralTextures_918_934,1,NeuralTextures
FaceForensics++_C23/NeuralTextures/919_015.mp4,ffpp_NeuralTextures_919_015,1,NeuralTextures
FaceForensics++_C23/NeuralTextures/920_811.mp4,ffpp_NeuralTextures_920_811,1,NeuralTextures
FaceForensics++_C23/NeuralTextures/921_569.mp4,ffpp_NeuralTextures_921_569,1,NeuralTextures
FaceForensics++_C23/NeuralTextures/922_898.mp4,ffpp_NeuralTextures_922_898,1,NeuralTextures
FaceForensics++_C23/NeuralTextures/923_023.mp4,ffpp_NeuralTextures_923_023,1,NeuralTextures
FaceForensics++_C23/NeuralTextures/924_917.mp4,ffpp_NeuralTextures_924_917,1,NeuralTextures
FaceForensics++_C23/NeuralTextures/925_933.mp4,ffpp_NeuralTextures_925_933,1,NeuralTextures
FaceForensics++_C23/NeuralTextures/926_900.mp4,ffpp_NeuralTextures_926_900,1,NeuralTextures
FaceForensics++_C23/NeuralTextures/927_912.mp4,ffpp_NeuralTextures_927_912,1,NeuralTextures
FaceForensics++_C23/NeuralTextures/928_160.mp4,ffpp_NeuralTextures_928_160,1,NeuralTextures
FaceForensics++_C23/NeuralTextures/929_962.mp4,ffpp_NeuralTextures_929_962,1,NeuralTextures
FaceForensics++_C23/NeuralTextures/930_763.mp4,ffpp_NeuralTextures_930_763,1,NeuralTextures
FaceForensics++_C23/NeuralTextures/931_936.mp4,ffpp_NeuralTextures_931_936,1,NeuralTextures
FaceForensics++_C23/NeuralTextures/932_384.mp4,ffpp_NeuralTextures_932_384,1,NeuralTextures
FaceForensics++_C23/NeuralTextures/933_925.mp4,ffpp_NeuralTextures_933_925,1,NeuralTextures
FaceForensics++_C23/NeuralTextures/934_918.mp4,ffpp_NeuralTextures_934_918,1,NeuralTextures
FaceForensics++_C23/NeuralTextures/935_733.mp4,ffpp_NeuralTextures_935_733,1,NeuralTextures
FaceForensics++_C23/NeuralTextures/936_931.mp4,ffpp_NeuralTextures_936_931,1,NeuralTextures
FaceForensics++_C23/NeuralTextures/937_888.mp4,ffpp_NeuralTextures_937_888,1,NeuralTextures
FaceForensics++_C23/NeuralTextures/938_987.mp4,ffpp_NeuralTextures_938_987,1,NeuralTextures
FaceForensics++_C23/NeuralTextures/939_115.mp4,ffpp_NeuralTextures_939_115,1,NeuralTextures
FaceForensics++_C23/NeuralTextures/940_941.mp4,ffpp_NeuralTextures_940_941,1,NeuralTextures
FaceForensics++_C23/NeuralTextures/941_940.mp4,ffpp_NeuralTextures_941_940,1,NeuralTextures
FaceForensics++_C23/NeuralTextures/942_943.mp4,ffpp_NeuralTextures_942_943,1,NeuralTextures
FaceForensics++_C23/NeuralTextures/943_942.mp4,ffpp_NeuralTextures_943_942,1,NeuralTextures
FaceForensics++_C23/NeuralTextures/944_032.mp4,ffpp_NeuralTextures_944_032,1,NeuralTextures
FaceForensics++_C23/NeuralTextures/945_044.mp4,ffpp_NeuralTextures_945_044,1,NeuralTextures
FaceForensics++_C23/NeuralTextures/946_049.mp4,ffpp_NeuralTextures_946_049,1,NeuralTextures
FaceForensics++_C23/NeuralTextures/947_951.mp4,ffpp_NeuralTextures_947_951,1,NeuralTextures
FaceForensics++_C23/NeuralTextures/948_965.mp4,ffpp_NeuralTextures_948_965,1,NeuralTextures
FaceForensics++_C23/NeuralTextures/949_868.mp4,ffpp_NeuralTextures_949_868,1,NeuralTextures
FaceForensics++_C23/NeuralTextures/950_836.mp4,ffpp_NeuralTextures_950_836,1,NeuralTextures
FaceForensics++_C23/NeuralTextures/951_947.mp4,ffpp_NeuralTextures_951_947,1,NeuralTextures
FaceForensics++_C23/NeuralTextures/952_882.mp4,ffpp_NeuralTextures_952_882,1,NeuralTextures
FaceForensics++_C23/NeuralTextures/953_974.mp4,ffpp_NeuralTextures_953_974,1,NeuralTextures
FaceForensics++_C23/NeuralTextures/954_976.mp4,ffpp_NeuralTextures_954_976,1,NeuralTextures
FaceForensics++_C23/NeuralTextures/955_078.mp4,ffpp_NeuralTextures_955_078,1,NeuralTextures
FaceForensics++_C23/NeuralTextures/956_958.mp4,ffpp_NeuralTextures_956_958,1,NeuralTextures
FaceForensics++_C23/NeuralTextures/957_959.mp4,ffpp_NeuralTextures_957_959,1,NeuralTextures
FaceForensics++_C23/NeuralTextures/958_956.mp4,ffpp_NeuralTextures_958_956,1,NeuralTextures
FaceForensics++_C23/NeuralTextures/959_957.mp4,ffpp_NeuralTextures_959_957,1,NeuralTextures
FaceForensics++_C23/NeuralTextures/960_999.mp4,ffpp_NeuralTextures_960_999,1,NeuralTextures
FaceForensics++_C23/NeuralTextures/961_069.mp4,ffpp_NeuralTextures_961_069,1,NeuralTextures
FaceForensics++_C23/NeuralTextures/962_929.mp4,ffpp_NeuralTextures_962_929,1,NeuralTextures
FaceForensics++_C23/NeuralTextures/963_879.mp4,ffpp_NeuralTextures_963_879,1,NeuralTextures
FaceForensics++_C23/NeuralTextures/964_174.mp4,ffpp_NeuralTextures_964_174,1,NeuralTextures
FaceForensics++_C23/NeuralTextures/965_948.mp4,ffpp_NeuralTextures_965_948,1,NeuralTextures
FaceForensics++_C23/NeuralTextures/966_988.mp4,ffpp_NeuralTextures_966_988,1,NeuralTextures
FaceForensics++_C23/NeuralTextures/967_984.mp4,ffpp_NeuralTextures_967_984,1,NeuralTextures
FaceForensics++_C23/NeuralTextures/968_884.mp4,ffpp_NeuralTextures_968_884,1,NeuralTextures
FaceForensics++_C23/NeuralTextures/969_897.mp4,ffpp_NeuralTextures_969_897,1,NeuralTextures
FaceForensics++_C23/NeuralTextures/970_973.mp4,ffpp_NeuralTextures_970_973,1,NeuralTextures
FaceForensics++_C23/NeuralTextures/971_564.mp4,ffpp_NeuralTextures_971_564,1,NeuralTextures
FaceForensics++_C23/NeuralTextures/972_718.mp4,ffpp_NeuralTextures_972_718,1,NeuralTextures
FaceForensics++_C23/NeuralTextures/973_970.mp4,ffpp_NeuralTextures_973_970,1,NeuralTextures
FaceForensics++_C23/NeuralTextures/974_953.mp4,ffpp_NeuralTextures_974_953,1,NeuralTextures
FaceForensics++_C23/NeuralTextures/975_978.mp4,ffpp_NeuralTextures_975_978,1,NeuralTextures
FaceForensics++_C23/NeuralTextures/976_954.mp4,ffpp_NeuralTextures_976_954,1,NeuralTextures
FaceForensics++_C23/NeuralTextures/977_075.mp4,ffpp_NeuralTextures_977_075,1,NeuralTextures
FaceForensics++_C23/NeuralTextures/978_975.mp4,ffpp_NeuralTextures_978_975,1,NeuralTextures
FaceForensics++_C23/NeuralTextures/979_875.mp4,ffpp_NeuralTextures_979_875,1,NeuralTextures
FaceForensics++_C23/NeuralTextures/980_992.mp4,ffpp_NeuralTextures_980_992,1,NeuralTextures
FaceForensics++_C23/NeuralTextures/981_985.mp4,ffpp_NeuralTextures_981_985,1,NeuralTextures
FaceForensics++_C23/NeuralTextures/982_004.mp4,ffpp_NeuralTextures_982_004,1,NeuralTextures
FaceForensics++_C23/NeuralTextures/983_113.mp4,ffpp_NeuralTextures_983_113,1,NeuralTextures
FaceForensics++_C23/NeuralTextures/984_967.mp4,ffpp_NeuralTextures_984_967,1,NeuralTextures
FaceForensics++_C23/NeuralTextures/985_981.mp4,ffpp_NeuralTextures_985_981,1,NeuralTextures
FaceForensics++_C23/NeuralTextures/986_994.mp4,ffpp_NeuralTextures_986_994,1,NeuralTextures
FaceForensics++_C23/NeuralTextures/987_938.mp4,ffpp_NeuralTextures_987_938,1,NeuralTextures
FaceForensics++_C23/NeuralTextures/988_966.mp4,ffpp_NeuralTextures_988_966,1,NeuralTextures
FaceForensics++_C23/NeuralTextures/989_993.mp4,ffpp_NeuralTextures_989_993,1,NeuralTextures
FaceForensics++_C23/NeuralTextures/990_008.mp4,ffpp_NeuralTextures_990_008,1,NeuralTextures
FaceForensics++_C23/NeuralTextures/991_064.mp4,ffpp_NeuralTextures_991_064,1,NeuralTextures
FaceForensics++_C23/NeuralTextures/992_980.mp4,ffpp_NeuralTextures_992_980,1,NeuralTextures
FaceForensics++_C23/NeuralTextures/993_989.mp4,ffpp_NeuralTextures_993_989,1,NeuralTextures
FaceForensics++_C23/NeuralTextures/994_986.mp4,ffpp_NeuralTextures_994_986,1,NeuralTextures
FaceForensics++_C23/NeuralTextures/995_233.mp4,ffpp_NeuralTextures_995_233,1,NeuralTextures
FaceForensics++_C23/NeuralTextures/996_056.mp4,ffpp_NeuralTextures_996_056,1,NeuralTextures
FaceForensics++_C23/NeuralTextures/997_040.mp4,ffpp_NeuralTextures_997_040,1,NeuralTextures
FaceForensics++_C23/NeuralTextures/998_561.mp4,ffpp_NeuralTextures_998_561,1,NeuralTextures
FaceForensics++_C23/NeuralTextures/999_960.mp4,ffpp_NeuralTextures_999_960,1,NeuralTextures
FaceForensics++_C23/original/000.mp4,ffpp_real_000,0,real
FaceForensics++_C23/original/001.mp4,ffpp_real_001,0,real
FaceForensics++_C23/original/002.mp4,ffpp_real_002,0,real
FaceForensics++_C23/original/003.mp4,ffpp_real_003,0,real
FaceForensics++_C23/original/004.mp4,ffpp_real_004,0,real
FaceForensics++_C23/original/005.mp4,ffpp_real_005,0,real
FaceForensics++_C23/original/006.mp4,ffpp_real_006,0,real
FaceForensics++_C23/original/007.mp4,ffpp_real_007,0,real
FaceForensics++_C23/original/008.mp4,ffpp_real_008,0,real
FaceForensics++_C23/original/009.mp4,ffpp_real_009,0,real
FaceForensics++_C23/original/010.mp4,ffpp_real_010,0,real
FaceForensics++_C23/original/011.mp4,ffpp_real_011,0,real
FaceForensics++_C23/original/012.mp4,ffpp_real_012,0,real
FaceForensics++_C23/original/013.mp4,ffpp_real_013,0,real
FaceForensics++_C23/original/014.mp4,ffpp_real_014,0,real
FaceForensics++_C23/original/015.mp4,ffpp_real_015,0,real
FaceForensics++_C23/original/016.mp4,ffpp_real_016,0,real
FaceForensics++_C23/original/017.mp4,ffpp_real_017,0,real
FaceForensics++_C23/original/018.mp4,ffpp_real_018,0,real
FaceForensics++_C23/original/019.mp4,ffpp_real_019,0,real
FaceForensics++_C23/original/020.mp4,ffpp_real_020,0,real
FaceForensics++_C23/original/021.mp4,ffpp_real_021,0,real
FaceForensics++_C23/original/022.mp4,ffpp_real_022,0,real
FaceForensics++_C23/original/023.mp4,ffpp_real_023,0,real
FaceForensics++_C23/original/024.mp4,ffpp_real_024,0,real
FaceForensics++_C23/original/025.mp4,ffpp_real_025,0,real
FaceForensics++_C23/original/026.mp4,ffpp_real_026,0,real
FaceForensics++_C23/original/027.mp4,ffpp_real_027,0,real
FaceForensics++_C23/original/028.mp4,ffpp_real_028,0,real
FaceForensics++_C23/original/029.mp4,ffpp_real_029,0,real
FaceForensics++_C23/original/030.mp4,ffpp_real_030,0,real
FaceForensics++_C23/original/031.mp4,ffpp_real_031,0,real
FaceForensics++_C23/original/032.mp4,ffpp_real_032,0,real
FaceForensics++_C23/original/033.mp4,ffpp_real_033,0,real
FaceForensics++_C23/original/034.mp4,ffpp_real_034,0,real
FaceForensics++_C23/original/035.mp4,ffpp_real_035,0,real
FaceForensics++_C23/original/036.mp4,ffpp_real_036,0,real
FaceForensics++_C23/original/037.mp4,ffpp_real_037,0,real
FaceForensics++_C23/original/038.mp4,ffpp_real_038,0,real
FaceForensics++_C23/original/039.mp4,ffpp_real_039,0,real
FaceForensics++_C23/original/040.mp4,ffpp_real_040,0,real
FaceForensics++_C23/original/041.mp4,ffpp_real_041,0,real
FaceForensics++_C23/original/042.mp4,ffpp_real_042,0,real
FaceForensics++_C23/original/043.mp4,ffpp_real_043,0,real
FaceForensics++_C23/original/044.mp4,ffpp_real_044,0,real
FaceForensics++_C23/original/045.mp4,ffpp_real_045,0,real
FaceForensics++_C23/original/046.mp4,ffpp_real_046,0,real
FaceForensics++_C23/original/047.mp4,ffpp_real_047,0,real
FaceForensics++_C23/original/048.mp4,ffpp_real_048,0,real
FaceForensics++_C23/original/049.mp4,ffpp_real_049,0,real
FaceForensics++_C23/original/050.mp4,ffpp_real_050,0,real
FaceForensics++_C23/original/051.mp4,ffpp_real_051,0,real
FaceForensics++_C23/original/052.mp4,ffpp_real_052,0,real
FaceForensics++_C23/original/053.mp4,ffpp_real_053,0,real
FaceForensics++_C23/original/054.mp4,ffpp_real_054,0,real
FaceForensics++_C23/original/055.mp4,ffpp_real_055,0,real
FaceForensics++_C23/original/056.mp4,ffpp_real_056,0,real
FaceForensics++_C23/original/057.mp4,ffpp_real_057,0,real
FaceForensics++_C23/original/058.mp4,ffpp_real_058,0,real
FaceForensics++_C23/original/059.mp4,ffpp_real_059,0,real
FaceForensics++_C23/original/060.mp4,ffpp_real_060,0,real
FaceForensics++_C23/original/061.mp4,ffpp_real_061,0,real
FaceForensics++_C23/original/062.mp4,ffpp_real_062,0,real
FaceForensics++_C23/original/063.mp4,ffpp_real_063,0,real
FaceForensics++_C23/original/064.mp4,ffpp_real_064,0,real
FaceForensics++_C23/original/065.mp4,ffpp_real_065,0,real
FaceForensics++_C23/original/066.mp4,ffpp_real_066,0,real
FaceForensics++_C23/original/067.mp4,ffpp_real_067,0,real
FaceForensics++_C23/original/068.mp4,ffpp_real_068,0,real
FaceForensics++_C23/original/069.mp4,ffpp_real_069,0,real
FaceForensics++_C23/original/070.mp4,ffpp_real_070,0,real
FaceForensics++_C23/original/071.mp4,ffpp_real_071,0,real
FaceForensics++_C23/original/072.mp4,ffpp_real_072,0,real
FaceForensics++_C23/original/073.mp4,ffpp_real_073,0,real
FaceForensics++_C23/original/074.mp4,ffpp_real_074,0,real
FaceForensics++_C23/original/075.mp4,ffpp_real_075,0,real
FaceForensics++_C23/original/076.mp4,ffpp_real_076,0,real
FaceForensics++_C23/original/077.mp4,ffpp_real_077,0,real
FaceForensics++_C23/original/078.mp4,ffpp_real_078,0,real
FaceForensics++_C23/original/079.mp4,ffpp_real_079,0,real
FaceForensics++_C23/original/080.mp4,ffpp_real_080,0,real
FaceForensics++_C23/original/081.mp4,ffpp_real_081,0,real
FaceForensics++_C23/original/082.mp4,ffpp_real_082,0,real
FaceForensics++_C23/original/083.mp4,ffpp_real_083,0,real
FaceForensics++_C23/original/084.mp4,ffpp_real_084,0,real
FaceForensics++_C23/original/085.mp4,ffpp_real_085,0,real
FaceForensics++_C23/original/086.mp4,ffpp_real_086,0,real
FaceForensics++_C23/original/087.mp4,ffpp_real_087,0,real
FaceForensics++_C23/original/088.mp4,ffpp_real_088,0,real
FaceForensics++_C23/original/089.mp4,ffpp_real_089,0,real
FaceForensics++_C23/original/090.mp4,ffpp_real_090,0,real
FaceForensics++_C23/original/091.mp4,ffpp_real_091,0,real
FaceForensics++_C23/original/092.mp4,ffpp_real_092,0,real
FaceForensics++_C23/original/093.mp4,ffpp_real_093,0,real
FaceForensics++_C23/original/094.mp4,ffpp_real_094,0,real
FaceForensics++_C23/original/095.mp4,ffpp_real_095,0,real
FaceForensics++_C23/original/096.mp4,ffpp_real_096,0,real
FaceForensics++_C23/original/097.mp4,ffpp_real_097,0,real
FaceForensics++_C23/original/098.mp4,ffpp_real_098,0,real
FaceForensics++_C23/original/099.mp4,ffpp_real_099,0,real
FaceForensics++_C23/original/100.mp4,ffpp_real_100,0,real
FaceForensics++_C23/original/101.mp4,ffpp_real_101,0,real
FaceForensics++_C23/original/102.mp4,ffpp_real_102,0,real
FaceForensics++_C23/original/103.mp4,ffpp_real_103,0,real
FaceForensics++_C23/original/104.mp4,ffpp_real_104,0,real
FaceForensics++_C23/original/105.mp4,ffpp_real_105,0,real
FaceForensics++_C23/original/106.mp4,ffpp_real_106,0,real
FaceForensics++_C23/original/107.mp4,ffpp_real_107,0,real
FaceForensics++_C23/original/108.mp4,ffpp_real_108,0,real
FaceForensics++_C23/original/109.mp4,ffpp_real_109,0,real
FaceForensics++_C23/original/110.mp4,ffpp_real_110,0,real
FaceForensics++_C23/original/111.mp4,ffpp_real_111,0,real
FaceForensics++_C23/original/112.mp4,ffpp_real_112,0,real
FaceForensics++_C23/original/113.mp4,ffpp_real_113,0,real
FaceForensics++_C23/original/114.mp4,ffpp_real_114,0,real
FaceForensics++_C23/original/115.mp4,ffpp_real_115,0,real
FaceForensics++_C23/original/116.mp4,ffpp_real_116,0,real
FaceForensics++_C23/original/117.mp4,ffpp_real_117,0,real
FaceForensics++_C23/original/118.mp4,ffpp_real_118,0,real
FaceForensics++_C23/original/119.mp4,ffpp_real_119,0,real
FaceForensics++_C23/original/120.mp4,ffpp_real_120,0,real
FaceForensics++_C23/original/121.mp4,ffpp_real_121,0,real
FaceForensics++_C23/original/122.mp4,ffpp_real_122,0,real
FaceForensics++_C23/original/123.mp4,ffpp_real_123,0,real
FaceForensics++_C23/original/124.mp4,ffpp_real_124,0,real
FaceForensics++_C23/original/125.mp4,ffpp_real_125,0,real
FaceForensics++_C23/original/126.mp4,ffpp_real_126,0,real
FaceForensics++_C23/original/127.mp4,ffpp_real_127,0,real
FaceForensics++_C23/original/128.mp4,ffpp_real_128,0,real
FaceForensics++_C23/original/129.mp4,ffpp_real_129,0,real
FaceForensics++_C23/original/130.mp4,ffpp_real_130,0,real
FaceForensics++_C23/original/131.mp4,ffpp_real_131,0,real
FaceForensics++_C23/original/132.mp4,ffpp_real_132,0,real
FaceForensics++_C23/original/133.mp4,ffpp_real_133,0,real
FaceForensics++_C23/original/134.mp4,ffpp_real_134,0,real
FaceForensics++_C23/original/135.mp4,ffpp_real_135,0,real
FaceForensics++_C23/original/136.mp4,ffpp_real_136,0,real
FaceForensics++_C23/original/137.mp4,ffpp_real_137,0,real
FaceForensics++_C23/original/138.mp4,ffpp_real_138,0,real
FaceForensics++_C23/original/139.mp4,ffpp_real_139,0,real
FaceForensics++_C23/original/140.mp4,ffpp_real_140,0,real
FaceForensics++_C23/original/141.mp4,ffpp_real_141,0,real
FaceForensics++_C23/original/142.mp4,ffpp_real_142,0,real
FaceForensics++_C23/original/143.mp4,ffpp_real_143,0,real
FaceForensics++_C23/original/144.mp4,ffpp_real_144,0,real
FaceForensics++_C23/original/145.mp4,ffpp_real_145,0,real
FaceForensics++_C23/original/146.mp4,ffpp_real_146,0,real
FaceForensics++_C23/original/147.mp4,ffpp_real_147,0,real
FaceForensics++_C23/original/148.mp4,ffpp_real_148,0,real
FaceForensics++_C23/original/149.mp4,ffpp_real_149,0,real
FaceForensics++_C23/original/150.mp4,ffpp_real_150,0,real
FaceForensics++_C23/original/151.mp4,ffpp_real_151,0,real
FaceForensics++_C23/original/152.mp4,ffpp_real_152,0,real
FaceForensics++_C23/original/153.mp4,ffpp_real_153,0,real
FaceForensics++_C23/original/154.mp4,ffpp_real_154,0,real
FaceForensics++_C23/original/155.mp4,ffpp_real_155,0,real
FaceForensics++_C23/original/156.mp4,ffpp_real_156,0,real
FaceForensics++_C23/original/157.mp4,ffpp_real_157,0,real
FaceForensics++_C23/original/158.mp4,ffpp_real_158,0,real
FaceForensics++_C23/original/159.mp4,ffpp_real_159,0,real
FaceForensics++_C23/original/160.mp4,ffpp_real_160,0,real
FaceForensics++_C23/original/161.mp4,ffpp_real_161,0,real
FaceForensics++_C23/original/162.mp4,ffpp_real_162,0,real
FaceForensics++_C23/original/163.mp4,ffpp_real_163,0,real
FaceForensics++_C23/original/164.mp4,ffpp_real_164,0,real
FaceForensics++_C23/original/165.mp4,ffpp_real_165,0,real
FaceForensics++_C23/original/166.mp4,ffpp_real_166,0,real
FaceForensics++_C23/original/167.mp4,ffpp_real_167,0,real
FaceForensics++_C23/original/168.mp4,ffpp_real_168,0,real
FaceForensics++_C23/original/169.mp4,ffpp_real_169,0,real
FaceForensics++_C23/original/170.mp4,ffpp_real_170,0,real
FaceForensics++_C23/original/171.mp4,ffpp_real_171,0,real
FaceForensics++_C23/original/172.mp4,ffpp_real_172,0,real
FaceForensics++_C23/original/173.mp4,ffpp_real_173,0,real
FaceForensics++_C23/original/174.mp4,ffpp_real_174,0,real
FaceForensics++_C23/original/175.mp4,ffpp_real_175,0,real
FaceForensics++_C23/original/176.mp4,ffpp_real_176,0,real
FaceForensics++_C23/original/177.mp4,ffpp_real_177,0,real
FaceForensics++_C23/original/178.mp4,ffpp_real_178,0,real
FaceForensics++_C23/original/179.mp4,ffpp_real_179,0,real
FaceForensics++_C23/original/180.mp4,ffpp_real_180,0,real
FaceForensics++_C23/original/181.mp4,ffpp_real_181,0,real
FaceForensics++_C23/original/182.mp4,ffpp_real_182,0,real
FaceForensics++_C23/original/183.mp4,ffpp_real_183,0,real
FaceForensics++_C23/original/184.mp4,ffpp_real_184,0,real
FaceForensics++_C23/original/185.mp4,ffpp_real_185,0,real
FaceForensics++_C23/original/186.mp4,ffpp_real_186,0,real
FaceForensics++_C23/original/187.mp4,ffpp_real_187,0,real
FaceForensics++_C23/original/188.mp4,ffpp_real_188,0,real
FaceForensics++_C23/original/189.mp4,ffpp_real_189,0,real
FaceForensics++_C23/original/190.mp4,ffpp_real_190,0,real
FaceForensics++_C23/original/191.mp4,ffpp_real_191,0,real
FaceForensics++_C23/original/192.mp4,ffpp_real_192,0,real
FaceForensics++_C23/original/193.mp4,ffpp_real_193,0,real
FaceForensics++_C23/original/194.mp4,ffpp_real_194,0,real
FaceForensics++_C23/original/195.mp4,ffpp_real_195,0,real
FaceForensics++_C23/original/196.mp4,ffpp_real_196,0,real
FaceForensics++_C23/original/197.mp4,ffpp_real_197,0,real
FaceForensics++_C23/original/198.mp4,ffpp_real_198,0,real
FaceForensics++_C23/original/199.mp4,ffpp_real_199,0,real
FaceForensics++_C23/original/200.mp4,ffpp_real_200,0,real
FaceForensics++_C23/original/201.mp4,ffpp_real_201,0,real
FaceForensics++_C23/original/202.mp4,ffpp_real_202,0,real
FaceForensics++_C23/original/203.mp4,ffpp_real_203,0,real
FaceForensics++_C23/original/204.mp4,ffpp_real_204,0,real
FaceForensics++_C23/original/205.mp4,ffpp_real_205,0,real
FaceForensics++_C23/original/206.mp4,ffpp_real_206,0,real
FaceForensics++_C23/original/207.mp4,ffpp_real_207,0,real
FaceForensics++_C23/original/208.mp4,ffpp_real_208,0,real
FaceForensics++_C23/original/209.mp4,ffpp_real_209,0,real
FaceForensics++_C23/original/210.mp4,ffpp_real_210,0,real
FaceForensics++_C23/original/211.mp4,ffpp_real_211,0,real
FaceForensics++_C23/original/212.mp4,ffpp_real_212,0,real
FaceForensics++_C23/original/213.mp4,ffpp_real_213,0,real
FaceForensics++_C23/original/214.mp4,ffpp_real_214,0,real
FaceForensics++_C23/original/215.mp4,ffpp_real_215,0,real
FaceForensics++_C23/original/216.mp4,ffpp_real_216,0,real
FaceForensics++_C23/original/217.mp4,ffpp_real_217,0,real
FaceForensics++_C23/original/218.mp4,ffpp_real_218,0,real
FaceForensics++_C23/original/219.mp4,ffpp_real_219,0,real
FaceForensics++_C23/original/220.mp4,ffpp_real_220,0,real
FaceForensics++_C23/original/221.mp4,ffpp_real_221,0,real
FaceForensics++_C23/original/222.mp4,ffpp_real_222,0,real
FaceForensics++_C23/original/223.mp4,ffpp_real_223,0,real
FaceForensics++_C23/original/224.mp4,ffpp_real_224,0,real
FaceForensics++_C23/original/225.mp4,ffpp_real_225,0,real
FaceForensics++_C23/original/226.mp4,ffpp_real_226,0,real
FaceForensics++_C23/original/227.mp4,ffpp_real_227,0,real
FaceForensics++_C23/original/228.mp4,ffpp_real_228,0,real
FaceForensics++_C23/original/229.mp4,ffpp_real_229,0,real
FaceForensics++_C23/original/230.mp4,ffpp_real_230,0,real
FaceForensics++_C23/original/231.mp4,ffpp_real_231,0,real
FaceForensics++_C23/original/232.mp4,ffpp_real_232,0,real
FaceForensics++_C23/original/233.mp4,ffpp_real_233,0,real
FaceForensics++_C23/original/234.mp4,ffpp_real_234,0,real
FaceForensics++_C23/original/235.mp4,ffpp_real_235,0,real
FaceForensics++_C23/original/236.mp4,ffpp_real_236,0,real
FaceForensics++_C23/original/237.mp4,ffpp_real_237,0,real
FaceForensics++_C23/original/238.mp4,ffpp_real_238,0,real
FaceForensics++_C23/original/239.mp4,ffpp_real_239,0,real
FaceForensics++_C23/original/240.mp4,ffpp_real_240,0,real
FaceForensics++_C23/original/241.mp4,ffpp_real_241,0,real
FaceForensics++_C23/original/242.mp4,ffpp_real_242,0,real
FaceForensics++_C23/original/243.mp4,ffpp_real_243,0,real
FaceForensics++_C23/original/244.mp4,ffpp_real_244,0,real
FaceForensics++_C23/original/245.mp4,ffpp_real_245,0,real
FaceForensics++_C23/original/246.mp4,ffpp_real_246,0,real
FaceForensics++_C23/original/247.mp4,ffpp_real_247,0,real
FaceForensics++_C23/original/248.mp4,ffpp_real_248,0,real
FaceForensics++_C23/original/249.mp4,ffpp_real_249,0,real
FaceForensics++_C23/original/250.mp4,ffpp_real_250,0,real
FaceForensics++_C23/original/251.mp4,ffpp_real_251,0,real
FaceForensics++_C23/original/252.mp4,ffpp_real_252,0,real
FaceForensics++_C23/original/253.mp4,ffpp_real_253,0,real
FaceForensics++_C23/original/254.mp4,ffpp_real_254,0,real
FaceForensics++_C23/original/255.mp4,ffpp_real_255,0,real
FaceForensics++_C23/original/256.mp4,ffpp_real_256,0,real
FaceForensics++_C23/original/257.mp4,ffpp_real_257,0,real
FaceForensics++_C23/original/258.mp4,ffpp_real_258,0,real
FaceForensics++_C23/original/259.mp4,ffpp_real_259,0,real
FaceForensics++_C23/original/260.mp4,ffpp_real_260,0,real
FaceForensics++_C23/original/261.mp4,ffpp_real_261,0,real
FaceForensics++_C23/original/262.mp4,ffpp_real_262,0,real
FaceForensics++_C23/original/263.mp4,ffpp_real_263,0,real
FaceForensics++_C23/original/264.mp4,ffpp_real_264,0,real
FaceForensics++_C23/original/265.mp4,ffpp_real_265,0,real
FaceForensics++_C23/original/266.mp4,ffpp_real_266,0,real
FaceForensics++_C23/original/267.mp4,ffpp_real_267,0,real
FaceForensics++_C23/original/268.mp4,ffpp_real_268,0,real
FaceForensics++_C23/original/269.mp4,ffpp_real_269,0,real
FaceForensics++_C23/original/270.mp4,ffpp_real_270,0,real
FaceForensics++_C23/original/271.mp4,ffpp_real_271,0,real
FaceForensics++_C23/original/272.mp4,ffpp_real_272,0,real
FaceForensics++_C23/original/273.mp4,ffpp_real_273,0,real
FaceForensics++_C23/original/274.mp4,ffpp_real_274,0,real
FaceForensics++_C23/original/275.mp4,ffpp_real_275,0,real
FaceForensics++_C23/original/276.mp4,ffpp_real_276,0,real
FaceForensics++_C23/original/277.mp4,ffpp_real_277,0,real
FaceForensics++_C23/original/278.mp4,ffpp_real_278,0,real
FaceForensics++_C23/original/279.mp4,ffpp_real_279,0,real
FaceForensics++_C23/original/280.mp4,ffpp_real_280,0,real
FaceForensics++_C23/original/281.mp4,ffpp_real_281,0,real
FaceForensics++_C23/original/282.mp4,ffpp_real_282,0,real
FaceForensics++_C23/original/283.mp4,ffpp_real_283,0,real
FaceForensics++_C23/original/284.mp4,ffpp_real_284,0,real
FaceForensics++_C23/original/285.mp4,ffpp_real_285,0,real
FaceForensics++_C23/original/286.mp4,ffpp_real_286,0,real
FaceForensics++_C23/original/287.mp4,ffpp_real_287,0,real
FaceForensics++_C23/original/288.mp4,ffpp_real_288,0,real
FaceForensics++_C23/original/289.mp4,ffpp_real_289,0,real
FaceForensics++_C23/original/290.mp4,ffpp_real_290,0,real
FaceForensics++_C23/original/291.mp4,ffpp_real_291,0,real
FaceForensics++_C23/original/292.mp4,ffpp_real_292,0,real
FaceForensics++_C23/original/293.mp4,ffpp_real_293,0,real
FaceForensics++_C23/original/294.mp4,ffpp_real_294,0,real
FaceForensics++_C23/original/295.mp4,ffpp_real_295,0,real
FaceForensics++_C23/original/296.mp4,ffpp_real_296,0,real
FaceForensics++_C23/original/297.mp4,ffpp_real_297,0,real
FaceForensics++_C23/original/298.mp4,ffpp_real_298,0,real
FaceForensics++_C23/original/299.mp4,ffpp_real_299,0,real
FaceForensics++_C23/original/300.mp4,ffpp_real_300,0,real
FaceForensics++_C23/original/301.mp4,ffpp_real_301,0,real
FaceForensics++_C23/original/302.mp4,ffpp_real_302,0,real
FaceForensics++_C23/original/303.mp4,ffpp_real_303,0,real
FaceForensics++_C23/original/304.mp4,ffpp_real_304,0,real
FaceForensics++_C23/original/305.mp4,ffpp_real_305,0,real
FaceForensics++_C23/original/306.mp4,ffpp_real_306,0,real
FaceForensics++_C23/original/307.mp4,ffpp_real_307,0,real
FaceForensics++_C23/original/308.mp4,ffpp_real_308,0,real
FaceForensics++_C23/original/309.mp4,ffpp_real_309,0,real
FaceForensics++_C23/original/310.mp4,ffpp_real_310,0,real
FaceForensics++_C23/original/311.mp4,ffpp_real_311,0,real
FaceForensics++_C23/original/312.mp4,ffpp_real_312,0,real
FaceForensics++_C23/original/313.mp4,ffpp_real_313,0,real
FaceForensics++_C23/original/314.mp4,ffpp_real_314,0,real
FaceForensics++_C23/original/315.mp4,ffpp_real_315,0,real
FaceForensics++_C23/original/316.mp4,ffpp_real_316,0,real
FaceForensics++_C23/original/317.mp4,ffpp_real_317,0,real
FaceForensics++_C23/original/318.mp4,ffpp_real_318,0,real
FaceForensics++_C23/original/319.mp4,ffpp_real_319,0,real
FaceForensics++_C23/original/320.mp4,ffpp_real_320,0,real
FaceForensics++_C23/original/321.mp4,ffpp_real_321,0,real
FaceForensics++_C23/original/322.mp4,ffpp_real_322,0,real
FaceForensics++_C23/original/323.mp4,ffpp_real_323,0,real
FaceForensics++_C23/original/324.mp4,ffpp_real_324,0,real
FaceForensics++_C23/original/325.mp4,ffpp_real_325,0,real
FaceForensics++_C23/original/326.mp4,ffpp_real_326,0,real
FaceForensics++_C23/original/327.mp4,ffpp_real_327,0,real
FaceForensics++_C23/original/328.mp4,ffpp_real_328,0,real
FaceForensics++_C23/original/329.mp4,ffpp_real_329,0,real
FaceForensics++_C23/original/330.mp4,ffpp_real_330,0,real
FaceForensics++_C23/original/331.mp4,ffpp_real_331,0,real
FaceForensics++_C23/original/332.mp4,ffpp_real_332,0,real
FaceForensics++_C23/original/333.mp4,ffpp_real_333,0,real
FaceForensics++_C23/original/334.mp4,ffpp_real_334,0,real
FaceForensics++_C23/original/335.mp4,ffpp_real_335,0,real
FaceForensics++_C23/original/336.mp4,ffpp_real_336,0,real
FaceForensics++_C23/original/337.mp4,ffpp_real_337,0,real
FaceForensics++_C23/original/338.mp4,ffpp_real_338,0,real
FaceForensics++_C23/original/339.mp4,ffpp_real_339,0,real
FaceForensics++_C23/original/340.mp4,ffpp_real_340,0,real
FaceForensics++_C23/original/341.mp4,ffpp_real_341,0,real
FaceForensics++_C23/original/342.mp4,ffpp_real_342,0,real
FaceForensics++_C23/original/343.mp4,ffpp_real_343,0,real
FaceForensics++_C23/original/344.mp4,ffpp_real_344,0,real
FaceForensics++_C23/original/345.mp4,ffpp_real_345,0,real
FaceForensics++_C23/original/346.mp4,ffpp_real_346,0,real
FaceForensics++_C23/original/347.mp4,ffpp_real_347,0,real
FaceForensics++_C23/original/348.mp4,ffpp_real_348,0,real
FaceForensics++_C23/original/349.mp4,ffpp_real_349,0,real
FaceForensics++_C23/original/350.mp4,ffpp_real_350,0,real
FaceForensics++_C23/original/351.mp4,ffpp_real_351,0,real
FaceForensics++_C23/original/352.mp4,ffpp_real_352,0,real
FaceForensics++_C23/original/353.mp4,ffpp_real_353,0,real
FaceForensics++_C23/original/354.mp4,ffpp_real_354,0,real
FaceForensics++_C23/original/355.mp4,ffpp_real_355,0,real
FaceForensics++_C23/original/356.mp4,ffpp_real_356,0,real
FaceForensics++_C23/original/357.mp4,ffpp_real_357,0,real
FaceForensics++_C23/original/358.mp4,ffpp_real_358,0,real
FaceForensics++_C23/original/359.mp4,ffpp_real_359,0,real
FaceForensics++_C23/original/360.mp4,ffpp_real_360,0,real
FaceForensics++_C23/original/361.mp4,ffpp_real_361,0,real
FaceForensics++_C23/original/362.mp4,ffpp_real_362,0,real
FaceForensics++_C23/original/363.mp4,ffpp_real_363,0,real
FaceForensics++_C23/original/364.mp4,ffpp_real_364,0,real
FaceForensics++_C23/original/365.mp4,ffpp_real_365,0,real
FaceForensics++_C23/original/366.mp4,ffpp_real_366,0,real
FaceForensics++_C23/original/367.mp4,ffpp_real_367,0,real
FaceForensics++_C23/original/368.mp4,ffpp_real_368,0,real
FaceForensics++_C23/original/369.mp4,ffpp_real_369,0,real
FaceForensics++_C23/original/370.mp4,ffpp_real_370,0,real
FaceForensics++_C23/original/371.mp4,ffpp_real_371,0,real
FaceForensics++_C23/original/372.mp4,ffpp_real_372,0,real
FaceForensics++_C23/original/373.mp4,ffpp_real_373,0,real
FaceForensics++_C23/original/374.mp4,ffpp_real_374,0,real
FaceForensics++_C23/original/375.mp4,ffpp_real_375,0,real
FaceForensics++_C23/original/376.mp4,ffpp_real_376,0,real
FaceForensics++_C23/original/377.mp4,ffpp_real_377,0,real
FaceForensics++_C23/original/378.mp4,ffpp_real_378,0,real
FaceForensics++_C23/original/379.mp4,ffpp_real_379,0,real
FaceForensics++_C23/original/380.mp4,ffpp_real_380,0,real
FaceForensics++_C23/original/381.mp4,ffpp_real_381,0,real
FaceForensics++_C23/original/382.mp4,ffpp_real_382,0,real
FaceForensics++_C23/original/383.mp4,ffpp_real_383,0,real
FaceForensics++_C23/original/384.mp4,ffpp_real_384,0,real
FaceForensics++_C23/original/385.mp4,ffpp_real_385,0,real
FaceForensics++_C23/original/386.mp4,ffpp_real_386,0,real
FaceForensics++_C23/original/387.mp4,ffpp_real_387,0,real
FaceForensics++_C23/original/388.mp4,ffpp_real_388,0,real
FaceForensics++_C23/original/389.mp4,ffpp_real_389,0,real
FaceForensics++_C23/original/390.mp4,ffpp_real_390,0,real
FaceForensics++_C23/original/391.mp4,ffpp_real_391,0,real
FaceForensics++_C23/original/392.mp4,ffpp_real_392,0,real
FaceForensics++_C23/original/393.mp4,ffpp_real_393,0,real
FaceForensics++_C23/original/394.mp4,ffpp_real_394,0,real
FaceForensics++_C23/original/395.mp4,ffpp_real_395,0,real
FaceForensics++_C23/original/396.mp4,ffpp_real_396,0,real
FaceForensics++_C23/original/397.mp4,ffpp_real_397,0,real
FaceForensics++_C23/original/398.mp4,ffpp_real_398,0,real
FaceForensics++_C23/original/399.mp4,ffpp_real_399,0,real
FaceForensics++_C23/original/400.mp4,ffpp_real_400,0,real
FaceForensics++_C23/original/401.mp4,ffpp_real_401,0,real
FaceForensics++_C23/original/402.mp4,ffpp_real_402,0,real
FaceForensics++_C23/original/403.mp4,ffpp_real_403,0,real
FaceForensics++_C23/original/404.mp4,ffpp_real_404,0,real
FaceForensics++_C23/original/405.mp4,ffpp_real_405,0,real
FaceForensics++_C23/original/406.mp4,ffpp_real_406,0,real
FaceForensics++_C23/original/407.mp4,ffpp_real_407,0,real
FaceForensics++_C23/original/408.mp4,ffpp_real_408,0,real
FaceForensics++_C23/original/409.mp4,ffpp_real_409,0,real
FaceForensics++_C23/original/410.mp4,ffpp_real_410,0,real
FaceForensics++_C23/original/411.mp4,ffpp_real_411,0,real
FaceForensics++_C23/original/412.mp4,ffpp_real_412,0,real
FaceForensics++_C23/original/413.mp4,ffpp_real_413,0,real
FaceForensics++_C23/original/414.mp4,ffpp_real_414,0,real
FaceForensics++_C23/original/415.mp4,ffpp_real_415,0,real
FaceForensics++_C23/original/416.mp4,ffpp_real_416,0,real
FaceForensics++_C23/original/417.mp4,ffpp_real_417,0,real
FaceForensics++_C23/original/418.mp4,ffpp_real_418,0,real
FaceForensics++_C23/original/419.mp4,ffpp_real_419,0,real
FaceForensics++_C23/original/420.mp4,ffpp_real_420,0,real
FaceForensics++_C23/original/421.mp4,ffpp_real_421,0,real
FaceForensics++_C23/original/422.mp4,ffpp_real_422,0,real
FaceForensics++_C23/original/423.mp4,ffpp_real_423,0,real
FaceForensics++_C23/original/424.mp4,ffpp_real_424,0,real
FaceForensics++_C23/original/425.mp4,ffpp_real_425,0,real
FaceForensics++_C23/original/426.mp4,ffpp_real_426,0,real
FaceForensics++_C23/original/427.mp4,ffpp_real_427,0,real
FaceForensics++_C23/original/428.mp4,ffpp_real_428,0,real
FaceForensics++_C23/original/429.mp4,ffpp_real_429,0,real
FaceForensics++_C23/original/430.mp4,ffpp_real_430,0,real
FaceForensics++_C23/original/431.mp4,ffpp_real_431,0,real
FaceForensics++_C23/original/432.mp4,ffpp_real_432,0,real
FaceForensics++_C23/original/433.mp4,ffpp_real_433,0,real
FaceForensics++_C23/original/434.mp4,ffpp_real_434,0,real
FaceForensics++_C23/original/435.mp4,ffpp_real_435,0,real
FaceForensics++_C23/original/436.mp4,ffpp_real_436,0,real
FaceForensics++_C23/original/437.mp4,ffpp_real_437,0,real
FaceForensics++_C23/original/438.mp4,ffpp_real_438,0,real
FaceForensics++_C23/original/439.mp4,ffpp_real_439,0,real
FaceForensics++_C23/original/440.mp4,ffpp_real_440,0,real
FaceForensics++_C23/original/441.mp4,ffpp_real_441,0,real
FaceForensics++_C23/original/442.mp4,ffpp_real_442,0,real
FaceForensics++_C23/original/443.mp4,ffpp_real_443,0,real
FaceForensics++_C23/original/444.mp4,ffpp_real_444,0,real
FaceForensics++_C23/original/445.mp4,ffpp_real_445,0,real
FaceForensics++_C23/original/446.mp4,ffpp_real_446,0,real
FaceForensics++_C23/original/447.mp4,ffpp_real_447,0,real
FaceForensics++_C23/original/448.mp4,ffpp_real_448,0,real
FaceForensics++_C23/original/449.mp4,ffpp_real_449,0,real
FaceForensics++_C23/original/450.mp4,ffpp_real_450,0,real
FaceForensics++_C23/original/451.mp4,ffpp_real_451,0,real
FaceForensics++_C23/original/452.mp4,ffpp_real_452,0,real
FaceForensics++_C23/original/453.mp4,ffpp_real_453,0,real
FaceForensics++_C23/original/454.mp4,ffpp_real_454,0,real
FaceForensics++_C23/original/455.mp4,ffpp_real_455,0,real
FaceForensics++_C23/original/456.mp4,ffpp_real_456,0,real
FaceForensics++_C23/original/457.mp4,ffpp_real_457,0,real
FaceForensics++_C23/original/458.mp4,ffpp_real_458,0,real
FaceForensics++_C23/original/459.mp4,ffpp_real_459,0,real
FaceForensics++_C23/original/460.mp4,ffpp_real_460,0,real
FaceForensics++_C23/original/461.mp4,ffpp_real_461,0,real
FaceForensics++_C23/original/462.mp4,ffpp_real_462,0,real
FaceForensics++_C23/original/463.mp4,ffpp_real_463,0,real
FaceForensics++_C23/original/464.mp4,ffpp_real_464,0,real
FaceForensics++_C23/original/465.mp4,ffpp_real_465,0,real
FaceForensics++_C23/original/466.mp4,ffpp_real_466,0,real
FaceForensics++_C23/original/467.mp4,ffpp_real_467,0,real
FaceForensics++_C23/original/468.mp4,ffpp_real_468,0,real
FaceForensics++_C23/original/469.mp4,ffpp_real_469,0,real
FaceForensics++_C23/original/470.mp4,ffpp_real_470,0,real
FaceForensics++_C23/original/471.mp4,ffpp_real_471,0,real
FaceForensics++_C23/original/472.mp4,ffpp_real_472,0,real
FaceForensics++_C23/original/473.mp4,ffpp_real_473,0,real
FaceForensics++_C23/original/474.mp4,ffpp_real_474,0,real
FaceForensics++_C23/original/475.mp4,ffpp_real_475,0,real
FaceForensics++_C23/original/476.mp4,ffpp_real_476,0,real
FaceForensics++_C23/original/477.mp4,ffpp_real_477,0,real
FaceForensics++_C23/original/478.mp4,ffpp_real_478,0,real
FaceForensics++_C23/original/479.mp4,ffpp_real_479,0,real
FaceForensics++_C23/original/480.mp4,ffpp_real_480,0,real
FaceForensics++_C23/original/481.mp4,ffpp_real_481,0,real
FaceForensics++_C23/original/482.mp4,ffpp_real_482,0,real
FaceForensics++_C23/original/483.mp4,ffpp_real_483,0,real
FaceForensics++_C23/original/484.mp4,ffpp_real_484,0,real
FaceForensics++_C23/original/485.mp4,ffpp_real_485,0,real
FaceForensics++_C23/original/486.mp4,ffpp_real_486,0,real
FaceForensics++_C23/original/487.mp4,ffpp_real_487,0,real
FaceForensics++_C23/original/488.mp4,ffpp_real_488,0,real
FaceForensics++_C23/original/489.mp4,ffpp_real_489,0,real
FaceForensics++_C23/original/490.mp4,ffpp_real_490,0,real
FaceForensics++_C23/original/491.mp4,ffpp_real_491,0,real
FaceForensics++_C23/original/492.mp4,ffpp_real_492,0,real
FaceForensics++_C23/original/493.mp4,ffpp_real_493,0,real
FaceForensics++_C23/original/494.mp4,ffpp_real_494,0,real
FaceForensics++_C23/original/495.mp4,ffpp_real_495,0,real
FaceForensics++_C23/original/496.mp4,ffpp_real_496,0,real
FaceForensics++_C23/original/497.mp4,ffpp_real_497,0,real
FaceForensics++_C23/original/498.mp4,ffpp_real_498,0,real
FaceForensics++_C23/original/499.mp4,ffpp_real_499,0,real
FaceForensics++_C23/original/500.mp4,ffpp_real_500,0,real
FaceForensics++_C23/original/501.mp4,ffpp_real_501,0,real
FaceForensics++_C23/original/502.mp4,ffpp_real_502,0,real
FaceForensics++_C23/original/503.mp4,ffpp_real_503,0,real
FaceForensics++_C23/original/504.mp4,ffpp_real_504,0,real
FaceForensics++_C23/original/505.mp4,ffpp_real_505,0,real
FaceForensics++_C23/original/506.mp4,ffpp_real_506,0,real
FaceForensics++_C23/original/507.mp4,ffpp_real_507,0,real
FaceForensics++_C23/original/508.mp4,ffpp_real_508,0,real
FaceForensics++_C23/original/509.mp4,ffpp_real_509,0,real
FaceForensics++_C23/original/510.mp4,ffpp_real_510,0,real
FaceForensics++_C23/original/511.mp4,ffpp_real_511,0,real
FaceForensics++_C23/original/512.mp4,ffpp_real_512,0,real
FaceForensics++_C23/original/513.mp4,ffpp_real_513,0,real
FaceForensics++_C23/original/514.mp4,ffpp_real_514,0,real
FaceForensics++_C23/original/515.mp4,ffpp_real_515,0,real
FaceForensics++_C23/original/516.mp4,ffpp_real_516,0,real
FaceForensics++_C23/original/517.mp4,ffpp_real_517,0,real
FaceForensics++_C23/original/518.mp4,ffpp_real_518,0,real
FaceForensics++_C23/original/519.mp4,ffpp_real_519,0,real
FaceForensics++_C23/original/520.mp4,ffpp_real_520,0,real
FaceForensics++_C23/original/521.mp4,ffpp_real_521,0,real
FaceForensics++_C23/original/522.mp4,ffpp_real_522,0,real
FaceForensics++_C23/original/523.mp4,ffpp_real_523,0,real
FaceForensics++_C23/original/524.mp4,ffpp_real_524,0,real
FaceForensics++_C23/original/525.mp4,ffpp_real_525,0,real
FaceForensics++_C23/original/526.mp4,ffpp_real_526,0,real
FaceForensics++_C23/original/527.mp4,ffpp_real_527,0,real
FaceForensics++_C23/original/528.mp4,ffpp_real_528,0,real
FaceForensics++_C23/original/529.mp4,ffpp_real_529,0,real
FaceForensics++_C23/original/530.mp4,ffpp_real_530,0,real
FaceForensics++_C23/original/531.mp4,ffpp_real_531,0,real
FaceForensics++_C23/original/532.mp4,ffpp_real_532,0,real
FaceForensics++_C23/original/533.mp4,ffpp_real_533,0,real
FaceForensics++_C23/original/534.mp4,ffpp_real_534,0,real
FaceForensics++_C23/original/535.mp4,ffpp_real_535,0,real
FaceForensics++_C23/original/536.mp4,ffpp_real_536,0,real
FaceForensics++_C23/original/537.mp4,ffpp_real_537,0,real
FaceForensics++_C23/original/538.mp4,ffpp_real_538,0,real
FaceForensics++_C23/original/539.mp4,ffpp_real_539,0,real
FaceForensics++_C23/original/540.mp4,ffpp_real_540,0,real
FaceForensics++_C23/original/541.mp4,ffpp_real_541,0,real
FaceForensics++_C23/original/542.mp4,ffpp_real_542,0,real
FaceForensics++_C23/original/543.mp4,ffpp_real_543,0,real
FaceForensics++_C23/original/544.mp4,ffpp_real_544,0,real
FaceForensics++_C23/original/545.mp4,ffpp_real_545,0,real
FaceForensics++_C23/original/546.mp4,ffpp_real_546,0,real
FaceForensics++_C23/original/547.mp4,ffpp_real_547,0,real
FaceForensics++_C23/original/548.mp4,ffpp_real_548,0,real
FaceForensics++_C23/original/549.mp4,ffpp_real_549,0,real
FaceForensics++_C23/original/550.mp4,ffpp_real_550,0,real
FaceForensics++_C23/original/551.mp4,ffpp_real_551,0,real
FaceForensics++_C23/original/552.mp4,ffpp_real_552,0,real
FaceForensics++_C23/original/553.mp4,ffpp_real_553,0,real
FaceForensics++_C23/original/554.mp4,ffpp_real_554,0,real
FaceForensics++_C23/original/555.mp4,ffpp_real_555,0,real
FaceForensics++_C23/original/556.mp4,ffpp_real_556,0,real
FaceForensics++_C23/original/557.mp4,ffpp_real_557,0,real
FaceForensics++_C23/original/558.mp4,ffpp_real_558,0,real
FaceForensics++_C23/original/559.mp4,ffpp_real_559,0,real
FaceForensics++_C23/original/560.mp4,ffpp_real_560,0,real
FaceForensics++_C23/original/561.mp4,ffpp_real_561,0,real
FaceForensics++_C23/original/562.mp4,ffpp_real_562,0,real
FaceForensics++_C23/original/563.mp4,ffpp_real_563,0,real
FaceForensics++_C23/original/564.mp4,ffpp_real_564,0,real
FaceForensics++_C23/original/565.mp4,ffpp_real_565,0,real
FaceForensics++_C23/original/566.mp4,ffpp_real_566,0,real
FaceForensics++_C23/original/567.mp4,ffpp_real_567,0,real
FaceForensics++_C23/original/568.mp4,ffpp_real_568,0,real
FaceForensics++_C23/original/569.mp4,ffpp_real_569,0,real
FaceForensics++_C23/original/570.mp4,ffpp_real_570,0,real
FaceForensics++_C23/original/571.mp4,ffpp_real_571,0,real
FaceForensics++_C23/original/572.mp4,ffpp_real_572,0,real
FaceForensics++_C23/original/573.mp4,ffpp_real_573,0,real
FaceForensics++_C23/original/574.mp4,ffpp_real_574,0,real
FaceForensics++_C23/original/575.mp4,ffpp_real_575,0,real
FaceForensics++_C23/original/576.mp4,ffpp_real_576,0,real
FaceForensics++_C23/original/577.mp4,ffpp_real_577,0,real
FaceForensics++_C23/original/578.mp4,ffpp_real_578,0,real
FaceForensics++_C23/original/579.mp4,ffpp_real_579,0,real
FaceForensics++_C23/original/580.mp4,ffpp_real_580,0,real
FaceForensics++_C23/original/581.mp4,ffpp_real_581,0,real
FaceForensics++_C23/original/582.mp4,ffpp_real_582,0,real
FaceForensics++_C23/original/583.mp4,ffpp_real_583,0,real
FaceForensics++_C23/original/584.mp4,ffpp_real_584,0,real
FaceForensics++_C23/original/585.mp4,ffpp_real_585,0,real
FaceForensics++_C23/original/586.mp4,ffpp_real_586,0,real
FaceForensics++_C23/original/587.mp4,ffpp_real_587,0,real
FaceForensics++_C23/original/588.mp4,ffpp_real_588,0,real
FaceForensics++_C23/original/589.mp4,ffpp_real_589,0,real
FaceForensics++_C23/original/590.mp4,ffpp_real_590,0,real
FaceForensics++_C23/original/591.mp4,ffpp_real_591,0,real
FaceForensics++_C23/original/592.mp4,ffpp_real_592,0,real
FaceForensics++_C23/original/593.mp4,ffpp_real_593,0,real
FaceForensics++_C23/original/594.mp4,ffpp_real_594,0,real
FaceForensics++_C23/original/595.mp4,ffpp_real_595,0,real
FaceForensics++_C23/original/596.mp4,ffpp_real_596,0,real
FaceForensics++_C23/original/597.mp4,ffpp_real_597,0,real
FaceForensics++_C23/original/598.mp4,ffpp_real_598,0,real
FaceForensics++_C23/original/599.mp4,ffpp_real_599,0,real
FaceForensics++_C23/original/600.mp4,ffpp_real_600,0,real
FaceForensics++_C23/original/601.mp4,ffpp_real_601,0,real
FaceForensics++_C23/original/602.mp4,ffpp_real_602,0,real
FaceForensics++_C23/original/603.mp4,ffpp_real_603,0,real
FaceForensics++_C23/original/604.mp4,ffpp_real_604,0,real
FaceForensics++_C23/original/605.mp4,ffpp_real_605,0,real
FaceForensics++_C23/original/606.mp4,ffpp_real_606,0,real
FaceForensics++_C23/original/607.mp4,ffpp_real_607,0,real
FaceForensics++_C23/original/608.mp4,ffpp_real_608,0,real
FaceForensics++_C23/original/609.mp4,ffpp_real_609,0,real
FaceForensics++_C23/original/610.mp4,ffpp_real_610,0,real
FaceForensics++_C23/original/611.mp4,ffpp_real_611,0,real
FaceForensics++_C23/original/612.mp4,ffpp_real_612,0,real
FaceForensics++_C23/original/613.mp4,ffpp_real_613,0,real
FaceForensics++_C23/original/614.mp4,ffpp_real_614,0,real
FaceForensics++_C23/original/615.mp4,ffpp_real_615,0,real
FaceForensics++_C23/original/616.mp4,ffpp_real_616,0,real
FaceForensics++_C23/original/617.mp4,ffpp_real_617,0,real
FaceForensics++_C23/original/618.mp4,ffpp_real_618,0,real
FaceForensics++_C23/original/619.mp4,ffpp_real_619,0,real
FaceForensics++_C23/original/620.mp4,ffpp_real_620,0,real
FaceForensics++_C23/original/621.mp4,ffpp_real_621,0,real
FaceForensics++_C23/original/622.mp4,ffpp_real_622,0,real
FaceForensics++_C23/original/623.mp4,ffpp_real_623,0,real
FaceForensics++_C23/original/624.mp4,ffpp_real_624,0,real
FaceForensics++_C23/original/625.mp4,ffpp_real_625,0,real
FaceForensics++_C23/original/626.mp4,ffpp_real_626,0,real
FaceForensics++_C23/original/627.mp4,ffpp_real_627,0,real
FaceForensics++_C23/original/628.mp4,ffpp_real_628,0,real
FaceForensics++_C23/original/629.mp4,ffpp_real_629,0,real
FaceForensics++_C23/original/630.mp4,ffpp_real_630,0,real
FaceForensics++_C23/original/631.mp4,ffpp_real_631,0,real
FaceForensics++_C23/original/632.mp4,ffpp_real_632,0,real
FaceForensics++_C23/original/633.mp4,ffpp_real_633,0,real
FaceForensics++_C23/original/634.mp4,ffpp_real_634,0,real
FaceForensics++_C23/original/635.mp4,ffpp_real_635,0,real
FaceForensics++_C23/original/636.mp4,ffpp_real_636,0,real
FaceForensics++_C23/original/637.mp4,ffpp_real_637,0,real
FaceForensics++_C23/original/638.mp4,ffpp_real_638,0,real
FaceForensics++_C23/original/639.mp4,ffpp_real_639,0,real
FaceForensics++_C23/original/640.mp4,ffpp_real_640,0,real
FaceForensics++_C23/original/641.mp4,ffpp_real_641,0,real
FaceForensics++_C23/original/642.mp4,ffpp_real_642,0,real
FaceForensics++_C23/original/643.mp4,ffpp_real_643,0,real
FaceForensics++_C23/original/644.mp4,ffpp_real_644,0,real
FaceForensics++_C23/original/645.mp4,ffpp_real_645,0,real
FaceForensics++_C23/original/646.mp4,ffpp_real_646,0,real
FaceForensics++_C23/original/647.mp4,ffpp_real_647,0,real
FaceForensics++_C23/original/648.mp4,ffpp_real_648,0,real
FaceForensics++_C23/original/649.mp4,ffpp_real_649,0,real
FaceForensics++_C23/original/650.mp4,ffpp_real_650,0,real
FaceForensics++_C23/original/651.mp4,ffpp_real_651,0,real
FaceForensics++_C23/original/652.mp4,ffpp_real_652,0,real
FaceForensics++_C23/original/653.mp4,ffpp_real_653,0,real
FaceForensics++_C23/original/654.mp4,ffpp_real_654,0,real
FaceForensics++_C23/original/655.mp4,ffpp_real_655,0,real
FaceForensics++_C23/original/656.mp4,ffpp_real_656,0,real
FaceForensics++_C23/original/657.mp4,ffpp_real_657,0,real
FaceForensics++_C23/original/658.mp4,ffpp_real_658,0,real
FaceForensics++_C23/original/659.mp4,ffpp_real_659,0,real
FaceForensics++_C23/original/660.mp4,ffpp_real_660,0,real
FaceForensics++_C23/original/661.mp4,ffpp_real_661,0,real
FaceForensics++_C23/original/662.mp4,ffpp_real_662,0,real
FaceForensics++_C23/original/663.mp4,ffpp_real_663,0,real
FaceForensics++_C23/original/664.mp4,ffpp_real_664,0,real
FaceForensics++_C23/original/665.mp4,ffpp_real_665,0,real
FaceForensics++_C23/original/666.mp4,ffpp_real_666,0,real
FaceForensics++_C23/original/667.mp4,ffpp_real_667,0,real
FaceForensics++_C23/original/668.mp4,ffpp_real_668,0,real
FaceForensics++_C23/original/669.mp4,ffpp_real_669,0,real
FaceForensics++_C23/original/670.mp4,ffpp_real_670,0,real
FaceForensics++_C23/original/671.mp4,ffpp_real_671,0,real
FaceForensics++_C23/original/672.mp4,ffpp_real_672,0,real
FaceForensics++_C23/original/673.mp4,ffpp_real_673,0,real
FaceForensics++_C23/original/674.mp4,ffpp_real_674,0,real
FaceForensics++_C23/original/675.mp4,ffpp_real_675,0,real
FaceForensics++_C23/original/676.mp4,ffpp_real_676,0,real
FaceForensics++_C23/original/677.mp4,ffpp_real_677,0,real
FaceForensics++_C23/original/678.mp4,ffpp_real_678,0,real
FaceForensics++_C23/original/679.mp4,ffpp_real_679,0,real
FaceForensics++_C23/original/680.mp4,ffpp_real_680,0,real
FaceForensics++_C23/original/681.mp4,ffpp_real_681,0,real
FaceForensics++_C23/original/682.mp4,ffpp_real_682,0,real
FaceForensics++_C23/original/683.mp4,ffpp_real_683,0,real
FaceForensics++_C23/original/684.mp4,ffpp_real_684,0,real
FaceForensics++_C23/original/685.mp4,ffpp_real_685,0,real
FaceForensics++_C23/original/686.mp4,ffpp_real_686,0,real
FaceForensics++_C23/original/687.mp4,ffpp_real_687,0,real
FaceForensics++_C23/original/688.mp4,ffpp_real_688,0,real
FaceForensics++_C23/original/689.mp4,ffpp_real_689,0,real
FaceForensics++_C23/original/690.mp4,ffpp_real_690,0,real
FaceForensics++_C23/original/691.mp4,ffpp_real_691,0,real
FaceForensics++_C23/original/692.mp4,ffpp_real_692,0,real
FaceForensics++_C23/original/693.mp4,ffpp_real_693,0,real
FaceForensics++_C23/original/694.mp4,ffpp_real_694,0,real
FaceForensics++_C23/original/695.mp4,ffpp_real_695,0,real
FaceForensics++_C23/original/696.mp4,ffpp_real_696,0,real
FaceForensics++_C23/original/697.mp4,ffpp_real_697,0,real
FaceForensics++_C23/original/698.mp4,ffpp_real_698,0,real
FaceForensics++_C23/original/699.mp4,ffpp_real_699,0,real
FaceForensics++_C23/original/700.mp4,ffpp_real_700,0,real
FaceForensics++_C23/original/701.mp4,ffpp_real_701,0,real
FaceForensics++_C23/original/702.mp4,ffpp_real_702,0,real
FaceForensics++_C23/original/703.mp4,ffpp_real_703,0,real
FaceForensics++_C23/original/704.mp4,ffpp_real_704,0,real
FaceForensics++_C23/original/705.mp4,ffpp_real_705,0,real
FaceForensics++_C23/original/706.mp4,ffpp_real_706,0,real
FaceForensics++_C23/original/707.mp4,ffpp_real_707,0,real
FaceForensics++_C23/original/708.mp4,ffpp_real_708,0,real
FaceForensics++_C23/original/709.mp4,ffpp_real_709,0,real
FaceForensics++_C23/original/710.mp4,ffpp_real_710,0,real
FaceForensics++_C23/original/711.mp4,ffpp_real_711,0,real
FaceForensics++_C23/original/712.mp4,ffpp_real_712,0,real
FaceForensics++_C23/original/713.mp4,ffpp_real_713,0,real
FaceForensics++_C23/original/714.mp4,ffpp_real_714,0,real
FaceForensics++_C23/original/715.mp4,ffpp_real_715,0,real
FaceForensics++_C23/original/716.mp4,ffpp_real_716,0,real
FaceForensics++_C23/original/717.mp4,ffpp_real_717,0,real
FaceForensics++_C23/original/718.mp4,ffpp_real_718,0,real
FaceForensics++_C23/original/719.mp4,ffpp_real_719,0,real
FaceForensics++_C23/original/720.mp4,ffpp_real_720,0,real
FaceForensics++_C23/original/721.mp4,ffpp_real_721,0,real
FaceForensics++_C23/original/722.mp4,ffpp_real_722,0,real
FaceForensics++_C23/original/723.mp4,ffpp_real_723,0,real
FaceForensics++_C23/original/724.mp4,ffpp_real_724,0,real
FaceForensics++_C23/original/725.mp4,ffpp_real_725,0,real
FaceForensics++_C23/original/726.mp4,ffpp_real_726,0,real
FaceForensics++_C23/original/727.mp4,ffpp_real_727,0,real
FaceForensics++_C23/original/728.mp4,ffpp_real_728,0,real
FaceForensics++_C23/original/729.mp4,ffpp_real_729,0,real
FaceForensics++_C23/original/730.mp4,ffpp_real_730,0,real
FaceForensics++_C23/original/731.mp4,ffpp_real_731,0,real
FaceForensics++_C23/original/732.mp4,ffpp_real_732,0,real
FaceForensics++_C23/original/733.mp4,ffpp_real_733,0,real
FaceForensics++_C23/original/734.mp4,ffpp_real_734,0,real
FaceForensics++_C23/original/735.mp4,ffpp_real_735,0,real
FaceForensics++_C23/original/736.mp4,ffpp_real_736,0,real
FaceForensics++_C23/original/737.mp4,ffpp_real_737,0,real
FaceForensics++_C23/original/738.mp4,ffpp_real_738,0,real
FaceForensics++_C23/original/739.mp4,ffpp_real_739,0,real
FaceForensics++_C23/original/740.mp4,ffpp_real_740,0,real
FaceForensics++_C23/original/741.mp4,ffpp_real_741,0,real
FaceForensics++_C23/original/742.mp4,ffpp_real_742,0,real
FaceForensics++_C23/original/743.mp4,ffpp_real_743,0,real
FaceForensics++_C23/original/744.mp4,ffpp_real_744,0,real
FaceForensics++_C23/original/745.mp4,ffpp_real_745,0,real
FaceForensics++_C23/original/746.mp4,ffpp_real_746,0,real
FaceForensics++_C23/original/747.mp4,ffpp_real_747,0,real
FaceForensics++_C23/original/748.mp4,ffpp_real_748,0,real
FaceForensics++_C23/original/749.mp4,ffpp_real_749,0,real
FaceForensics++_C23/original/750.mp4,ffpp_real_750,0,real
FaceForensics++_C23/original/751.mp4,ffpp_real_751,0,real
FaceForensics++_C23/original/752.mp4,ffpp_real_752,0,real
FaceForensics++_C23/original/753.mp4,ffpp_real_753,0,real
FaceForensics++_C23/original/754.mp4,ffpp_real_754,0,real
FaceForensics++_C23/original/755.mp4,ffpp_real_755,0,real
FaceForensics++_C23/original/756.mp4,ffpp_real_756,0,real
FaceForensics++_C23/original/757.mp4,ffpp_real_757,0,real
FaceForensics++_C23/original/758.mp4,ffpp_real_758,0,real
FaceForensics++_C23/original/759.mp4,ffpp_real_759,0,real
FaceForensics++_C23/original/760.mp4,ffpp_real_760,0,real
FaceForensics++_C23/original/761.mp4,ffpp_real_761,0,real
FaceForensics++_C23/original/762.mp4,ffpp_real_762,0,real
FaceForensics++_C23/original/763.mp4,ffpp_real_763,0,real
FaceForensics++_C23/original/764.mp4,ffpp_real_764,0,real
FaceForensics++_C23/original/765.mp4,ffpp_real_765,0,real
FaceForensics++_C23/original/766.mp4,ffpp_real_766,0,real
FaceForensics++_C23/original/767.mp4,ffpp_real_767,0,real
FaceForensics++_C23/original/768.mp4,ffpp_real_768,0,real
FaceForensics++_C23/original/769.mp4,ffpp_real_769,0,real
FaceForensics++_C23/original/770.mp4,ffpp_real_770,0,real
FaceForensics++_C23/original/771.mp4,ffpp_real_771,0,real
FaceForensics++_C23/original/772.mp4,ffpp_real_772,0,real
FaceForensics++_C23/original/773.mp4,ffpp_real_773,0,real
FaceForensics++_C23/original/774.mp4,ffpp_real_774,0,real
FaceForensics++_C23/original/775.mp4,ffpp_real_775,0,real
FaceForensics++_C23/original/776.mp4,ffpp_real_776,0,real
FaceForensics++_C23/original/777.mp4,ffpp_real_777,0,real
FaceForensics++_C23/original/778.mp4,ffpp_real_778,0,real
FaceForensics++_C23/original/779.mp4,ffpp_real_779,0,real
FaceForensics++_C23/original/780.mp4,ffpp_real_780,0,real
FaceForensics++_C23/original/781.mp4,ffpp_real_781,0,real
FaceForensics++_C23/original/782.mp4,ffpp_real_782,0,real
FaceForensics++_C23/original/783.mp4,ffpp_real_783,0,real
FaceForensics++_C23/original/784.mp4,ffpp_real_784,0,real
FaceForensics++_C23/original/785.mp4,ffpp_real_785,0,real
FaceForensics++_C23/original/786.mp4,ffpp_real_786,0,real
FaceForensics++_C23/original/787.mp4,ffpp_real_787,0,real
FaceForensics++_C23/original/788.mp4,ffpp_real_788,0,real
FaceForensics++_C23/original/789.mp4,ffpp_real_789,0,real
FaceForensics++_C23/original/790.mp4,ffpp_real_790,0,real
FaceForensics++_C23/original/791.mp4,ffpp_real_791,0,real
FaceForensics++_C23/original/792.mp4,ffpp_real_792,0,real
FaceForensics++_C23/original/793.mp4,ffpp_real_793,0,real
FaceForensics++_C23/original/794.mp4,ffpp_real_794,0,real
FaceForensics++_C23/original/795.mp4,ffpp_real_795,0,real
FaceForensics++_C23/original/796.mp4,ffpp_real_796,0,real
FaceForensics++_C23/original/797.mp4,ffpp_real_797,0,real
FaceForensics++_C23/original/798.mp4,ffpp_real_798,0,real
FaceForensics++_C23/original/799.mp4,ffpp_real_799,0,real
FaceForensics++_C23/original/800.mp4,ffpp_real_800,0,real
FaceForensics++_C23/original/801.mp4,ffpp_real_801,0,real
FaceForensics++_C23/original/802.mp4,ffpp_real_802,0,real
FaceForensics++_C23/original/803.mp4,ffpp_real_803,0,real
FaceForensics++_C23/original/804.mp4,ffpp_real_804,0,real
FaceForensics++_C23/original/805.mp4,ffpp_real_805,0,real
FaceForensics++_C23/original/806.mp4,ffpp_real_806,0,real
FaceForensics++_C23/original/807.mp4,ffpp_real_807,0,real
FaceForensics++_C23/original/808.mp4,ffpp_real_808,0,real
FaceForensics++_C23/original/809.mp4,ffpp_real_809,0,real
FaceForensics++_C23/original/810.mp4,ffpp_real_810,0,real
FaceForensics++_C23/original/811.mp4,ffpp_real_811,0,real
FaceForensics++_C23/original/812.mp4,ffpp_real_812,0,real
FaceForensics++_C23/original/813.mp4,ffpp_real_813,0,real
FaceForensics++_C23/original/814.mp4,ffpp_real_814,0,real
FaceForensics++_C23/original/815.mp4,ffpp_real_815,0,real
FaceForensics++_C23/original/816.mp4,ffpp_real_816,0,real
FaceForensics++_C23/original/817.mp4,ffpp_real_817,0,real
FaceForensics++_C23/original/818.mp4,ffpp_real_818,0,real
FaceForensics++_C23/original/819.mp4,ffpp_real_819,0,real
FaceForensics++_C23/original/820.mp4,ffpp_real_820,0,real
FaceForensics++_C23/original/821.mp4,ffpp_real_821,0,real
FaceForensics++_C23/original/822.mp4,ffpp_real_822,0,real
FaceForensics++_C23/original/823.mp4,ffpp_real_823,0,real
FaceForensics++_C23/original/824.mp4,ffpp_real_824,0,real
FaceForensics++_C23/original/825.mp4,ffpp_real_825,0,real
FaceForensics++_C23/original/826.mp4,ffpp_real_826,0,real
FaceForensics++_C23/original/827.mp4,ffpp_real_827,0,real
FaceForensics++_C23/original/828.mp4,ffpp_real_828,0,real
FaceForensics++_C23/original/829.mp4,ffpp_real_829,0,real
FaceForensics++_C23/original/830.mp4,ffpp_real_830,0,real
FaceForensics++_C23/original/831.mp4,ffpp_real_831,0,real
FaceForensics++_C23/original/832.mp4,ffpp_real_832,0,real
FaceForensics++_C23/original/833.mp4,ffpp_real_833,0,real
FaceForensics++_C23/original/834.mp4,ffpp_real_834,0,real
FaceForensics++_C23/original/835.mp4,ffpp_real_835,0,real
FaceForensics++_C23/original/836.mp4,ffpp_real_836,0,real
FaceForensics++_C23/original/837.mp4,ffpp_real_837,0,real
FaceForensics++_C23/original/838.mp4,ffpp_real_838,0,real
FaceForensics++_C23/original/839.mp4,ffpp_real_839,0,real
FaceForensics++_C23/original/840.mp4,ffpp_real_840,0,real
FaceForensics++_C23/original/841.mp4,ffpp_real_841,0,real
FaceForensics++_C23/original/842.mp4,ffpp_real_842,0,real
FaceForensics++_C23/original/843.mp4,ffpp_real_843,0,real
FaceForensics++_C23/original/844.mp4,ffpp_real_844,0,real
FaceForensics++_C23/original/845.mp4,ffpp_real_845,0,real
FaceForensics++_C23/original/846.mp4,ffpp_real_846,0,real
FaceForensics++_C23/original/847.mp4,ffpp_real_847,0,real
FaceForensics++_C23/original/848.mp4,ffpp_real_848,0,real
FaceForensics++_C23/original/849.mp4,ffpp_real_849,0,real
FaceForensics++_C23/original/850.mp4,ffpp_real_850,0,real
FaceForensics++_C23/original/851.mp4,ffpp_real_851,0,real
FaceForensics++_C23/original/852.mp4,ffpp_real_852,0,real
FaceForensics++_C23/original/853.mp4,ffpp_real_853,0,real
FaceForensics++_C23/original/854.mp4,ffpp_real_854,0,real
FaceForensics++_C23/original/855.mp4,ffpp_real_855,0,real
FaceForensics++_C23/original/856.mp4,ffpp_real_856,0,real
FaceForensics++_C23/original/857.mp4,ffpp_real_857,0,real
FaceForensics++_C23/original/858.mp4,ffpp_real_858,0,real
FaceForensics++_C23/original/859.mp4,ffpp_real_859,0,real
FaceForensics++_C23/original/860.mp4,ffpp_real_860,0,real
FaceForensics++_C23/original/861.mp4,ffpp_real_861,0,real
FaceForensics++_C23/original/862.mp4,ffpp_real_862,0,real
FaceForensics++_C23/original/863.mp4,ffpp_real_863,0,real
FaceForensics++_C23/original/864.mp4,ffpp_real_864,0,real
FaceForensics++_C23/original/865.mp4,ffpp_real_865,0,real
FaceForensics++_C23/original/866.mp4,ffpp_real_866,0,real
FaceForensics++_C23/original/867.mp4,ffpp_real_867,0,real
FaceForensics++_C23/original/868.mp4,ffpp_real_868,0,real
FaceForensics++_C23/original/869.mp4,ffpp_real_869,0,real
FaceForensics++_C23/original/870.mp4,ffpp_real_870,0,real
FaceForensics++_C23/original/871.mp4,ffpp_real_871,0,real
FaceForensics++_C23/original/872.mp4,ffpp_real_872,0,real
FaceForensics++_C23/original/873.mp4,ffpp_real_873,0,real
FaceForensics++_C23/original/874.mp4,ffpp_real_874,0,real
FaceForensics++_C23/original/875.mp4,ffpp_real_875,0,real
FaceForensics++_C23/original/876.mp4,ffpp_real_876,0,real
FaceForensics++_C23/original/877.mp4,ffpp_real_877,0,real
FaceForensics++_C23/original/878.mp4,ffpp_real_878,0,real
FaceForensics++_C23/original/879.mp4,ffpp_real_879,0,real
FaceForensics++_C23/original/880.mp4,ffpp_real_880,0,real
FaceForensics++_C23/original/881.mp4,ffpp_real_881,0,real
FaceForensics++_C23/original/882.mp4,ffpp_real_882,0,real
FaceForensics++_C23/original/883.mp4,ffpp_real_883,0,real
FaceForensics++_C23/original/884.mp4,ffpp_real_884,0,real
FaceForensics++_C23/original/885.mp4,ffpp_real_885,0,real
FaceForensics++_C23/original/886.mp4,ffpp_real_886,0,real
FaceForensics++_C23/original/887.mp4,ffpp_real_887,0,real
FaceForensics++_C23/original/888.mp4,ffpp_real_888,0,real
FaceForensics++_C23/original/889.mp4,ffpp_real_889,0,real
FaceForensics++_C23/original/890.mp4,ffpp_real_890,0,real
FaceForensics++_C23/original/891.mp4,ffpp_real_891,0,real
FaceForensics++_C23/original/892.mp4,ffpp_real_892,0,real
FaceForensics++_C23/original/893.mp4,ffpp_real_893,0,real
FaceForensics++_C23/original/894.mp4,ffpp_real_894,0,real
FaceForensics++_C23/original/895.mp4,ffpp_real_895,0,real
FaceForensics++_C23/original/896.mp4,ffpp_real_896,0,real
FaceForensics++_C23/original/897.mp4,ffpp_real_897,0,real
FaceForensics++_C23/original/898.mp4,ffpp_real_898,0,real
FaceForensics++_C23/original/899.mp4,ffpp_real_899,0,real
FaceForensics++_C23/original/900.mp4,ffpp_real_900,0,real
FaceForensics++_C23/original/901.mp4,ffpp_real_901,0,real
FaceForensics++_C23/original/902.mp4,ffpp_real_902,0,real
FaceForensics++_C23/original/903.mp4,ffpp_real_903,0,real
FaceForensics++_C23/original/904.mp4,ffpp_real_904,0,real
FaceForensics++_C23/original/905.mp4,ffpp_real_905,0,real
FaceForensics++_C23/original/906.mp4,ffpp_real_906,0,real
FaceForensics++_C23/original/907.mp4,ffpp_real_907,0,real
FaceForensics++_C23/original/908.mp4,ffpp_real_908,0,real
FaceForensics++_C23/original/909.mp4,ffpp_real_909,0,real
FaceForensics++_C23/original/910.mp4,ffpp_real_910,0,real
FaceForensics++_C23/original/911.mp4,ffpp_real_911,0,real
FaceForensics++_C23/original/912.mp4,ffpp_real_912,0,real
FaceForensics++_C23/original/913.mp4,ffpp_real_913,0,real
FaceForensics++_C23/original/914.mp4,ffpp_real_914,0,real
FaceForensics++_C23/original/915.mp4,ffpp_real_915,0,real
FaceForensics++_C23/original/916.mp4,ffpp_real_916,0,real
FaceForensics++_C23/original/917.mp4,ffpp_real_917,0,real
FaceForensics++_C23/original/918.mp4,ffpp_real_918,0,real
FaceForensics++_C23/original/919.mp4,ffpp_real_919,0,real
FaceForensics++_C23/original/920.mp4,ffpp_real_920,0,real
FaceForensics++_C23/original/921.mp4,ffpp_real_921,0,real
FaceForensics++_C23/original/922.mp4,ffpp_real_922,0,real
FaceForensics++_C23/original/923.mp4,ffpp_real_923,0,real
FaceForensics++_C23/original/924.mp4,ffpp_real_924,0,real
FaceForensics++_C23/original/925.mp4,ffpp_real_925,0,real
FaceForensics++_C23/original/926.mp4,ffpp_real_926,0,real
FaceForensics++_C23/original/927.mp4,ffpp_real_927,0,real
FaceForensics++_C23/original/928.mp4,ffpp_real_928,0,real
FaceForensics++_C23/original/929.mp4,ffpp_real_929,0,real
FaceForensics++_C23/original/930.mp4,ffpp_real_930,0,real
FaceForensics++_C23/original/931.mp4,ffpp_real_931,0,real
FaceForensics++_C23/original/932.mp4,ffpp_real_932,0,real
FaceForensics++_C23/original/933.mp4,ffpp_real_933,0,real
FaceForensics++_C23/original/934.mp4,ffpp_real_934,0,real
FaceForensics++_C23/original/935.mp4,ffpp_real_935,0,real
FaceForensics++_C23/original/936.mp4,ffpp_real_936,0,real
FaceForensics++_C23/original/937.mp4,ffpp_real_937,0,real
FaceForensics++_C23/original/938.mp4,ffpp_real_938,0,real
FaceForensics++_C23/original/939.mp4,ffpp_real_939,0,real
FaceForensics++_C23/original/940.mp4,ffpp_real_940,0,real
FaceForensics++_C23/original/941.mp4,ffpp_real_941,0,real
FaceForensics++_C23/original/942.mp4,ffpp_real_942,0,real
FaceForensics++_C23/original/943.mp4,ffpp_real_943,0,real
FaceForensics++_C23/original/944.mp4,ffpp_real_944,0,real
FaceForensics++_C23/original/945.mp4,ffpp_real_945,0,real
FaceForensics++_C23/original/946.mp4,ffpp_real_946,0,real
FaceForensics++_C23/original/947.mp4,ffpp_real_947,0,real
FaceForensics++_C23/original/948.mp4,ffpp_real_948,0,real
FaceForensics++_C23/original/949.mp4,ffpp_real_949,0,real
FaceForensics++_C23/original/950.mp4,ffpp_real_950,0,real
FaceForensics++_C23/original/951.mp4,ffpp_real_951,0,real
FaceForensics++_C23/original/952.mp4,ffpp_real_952,0,real
FaceForensics++_C23/original/953.mp4,ffpp_real_953,0,real
FaceForensics++_C23/original/954.mp4,ffpp_real_954,0,real
FaceForensics++_C23/original/955.mp4,ffpp_real_955,0,real
FaceForensics++_C23/original/956.mp4,ffpp_real_956,0,real
FaceForensics++_C23/original/957.mp4,ffpp_real_957,0,real
FaceForensics++_C23/original/958.mp4,ffpp_real_958,0,real
FaceForensics++_C23/original/959.mp4,ffpp_real_959,0,real
FaceForensics++_C23/original/960.mp4,ffpp_real_960,0,real
FaceForensics++_C23/original/961.mp4,ffpp_real_961,0,real
FaceForensics++_C23/original/962.mp4,ffpp_real_962,0,real
FaceForensics++_C23/original/963.mp4,ffpp_real_963,0,real
FaceForensics++_C23/original/964.mp4,ffpp_real_964,0,real
FaceForensics++_C23/original/965.mp4,ffpp_real_965,0,real
FaceForensics++_C23/original/966.mp4,ffpp_real_966,0,real
FaceForensics++_C23/original/967.mp4,ffpp_real_967,0,real
FaceForensics++_C23/original/968.mp4,ffpp_real_968,0,real
FaceForensics++_C23/original/969.mp4,ffpp_real_969,0,real
FaceForensics++_C23/original/970.mp4,ffpp_real_970,0,real
FaceForensics++_C23/original/971.mp4,ffpp_real_971,0,real
FaceForensics++_C23/original/972.mp4,ffpp_real_972,0,real
FaceForensics++_C23/original/973.mp4,ffpp_real_973,0,real
FaceForensics++_C23/original/974.mp4,ffpp_real_974,0,real
FaceForensics++_C23/original/975.mp4,ffpp_real_975,0,real
FaceForensics++_C23/original/976.mp4,ffpp_real_976,0,real
FaceForensics++_C23/original/977.mp4,ffpp_real_977,0,real
FaceForensics++_C23/original/978.mp4,ffpp_real_978,0,real
FaceForensics++_C23/original/979.mp4,ffpp_real_979,0,real
FaceForensics++_C23/original/980.mp4,ffpp_real_980,0,real
FaceForensics++_C23/original/981.mp4,ffpp_real_981,0,real
FaceForensics++_C23/original/982.mp4,ffpp_real_982,0,real
FaceForensics++_C23/original/983.mp4,ffpp_real_983,0,real
FaceForensics++_C23/original/984.mp4,ffpp_real_984,0,real
FaceForensics++_C23/original/985.mp4,ffpp_real_985,0,real
FaceForensics++_C23/original/986.mp4,ffpp_real_986,0,real
FaceForensics++_C23/original/987.mp4,ffpp_real_987,0,real
FaceForensics++_C23/original/988.mp4,ffpp_real_988,0,real
FaceForensics++_C23/original/989.mp4,ffpp_real_989,0,real
FaceForensics++_C23/original/990.mp4,ffpp_real_990,0,real
FaceForensics++_C23/original/991.mp4,ffpp_real_991,0,real
FaceForensics++_C23/original/992.mp4,ffpp_real_992,0,real
FaceForensics++_C23/original/993.mp4,ffpp_real_993,0,real
FaceForensics++_C23/original/994.mp4,ffpp_real_994,0,real
FaceForensics++_C23/original/995.mp4,ffpp_real_995,0,real
FaceForensics++_C23/original/996.mp4,ffpp_real_996,0,real
FaceForensics++_C23/original/997.mp4,ffpp_real_997,0,real
FaceForensics++_C23/original/998.mp4,ffpp_real_998,0,real
FaceForensics++_C23/original/999.mp4,ffpp_real_999,0,real
