name,video_id,label,method
Celeb-real/id0_0000.mp4,celebdf_real_id0_0000,0,real
Celeb-real/id0_0001.mp4,celebdf_real_id0_0001,0,real
Celeb-real/id0_0002.mp4,celebdf_real_id0_0002,0,real
Celeb-real/id0_0003.mp4,celebdf_real_id0_0003,0,real
Celeb-real/id0_0004.mp4,celebdf_real_id0_0004,0,real
Celeb-real/id0_0005.mp4,celebdf_real_id0_0005,0,real
Celeb-real/id0_0006.mp4,celebdf_real_id0_0006,0,real
Celeb-real/id0_0007.mp4,celebdf_real_id0_0007,0,real
Celeb-real/id0_0008.mp4,celebdf_real_id0_0008,0,real
Celeb-real/id0_0009.mp4,celebdf_real_id0_0009,0,real
Celeb-real/id10_0000.mp4,celebdf_real_id10_0000,0,real
Celeb-real/id10_0001.mp4,celebdf_real_id10_0001,0,real
Celeb-real/id10_0002.mp4,celebdf_real_id10_0002,0,real
Celeb-real/id10_0003.mp4,celebdf_real_id10_0003,0,real
Celeb-real/id10_0004.mp4,celebdf_real_id10_0004,0,real
Celeb-real/id10_0005.mp4,celebdf_real_id10_0005,0,real
Celeb-real/id10_0006.mp4,celebdf_real_id10_0006,0,real
Celeb-real/id10_0007.mp4,celebdf_real_id10_0007,0,real
Celeb-real/id10_0008.mp4,celebdf_real_id10_0008,0,real
Celeb-real/id10_0009.mp4,celebdf_real_id10_0009,0,real
Celeb-real/id11_0000.mp4,celebdf_real_id11_0000,0,real
Celeb-real/id11_0001.mp4,celebdf_real_id11_0001,0,real
Celeb-real/id11_0002.mp4,celebdf_real_id11_0002,0,real
Celeb-real/id11_0003.mp4,celebdf_real_id11_0003,0,real
Celeb-real/id11_0004.mp4,celebdf_real_id11_0004,0,real
Celeb-real/id11_0005.mp4,celebdf_real_id11_0005,0,real
Celeb-real/id11_0006.mp4,celebdf_real_id11_0006,0,real
Celeb-real/id11_0007.mp4,celebdf_real_id11_0007,0,real
Celeb-real/id11_0008.mp4,celebdf_real_id11_0008,0,real
Celeb-real/id11_0009.mp4,celebdf_real_id11_0009,0,real
Celeb-real/id11_0010.mp4,celebdf_real_id11_0010,0,real
Celeb-real/id12_0000.mp4,celebdf_real_id12_0000,0,real
Celeb-real/id12_0001.mp4,celebdf_real_id12_0001,0,real
Celeb-real/id12_0002.mp4,celebdf_real_id12_0002,0,real
Celeb-real/id12_0003.mp4,celebdf_real_id12_0003,0,real
Celeb-real/id12_0004.mp4,celebdf_real_id12_0004,0,real
Celeb-real/id12_0005.mp4,celebdf_real_id12_0005,0,real
Celeb-real/id12_0006.mp4,celebdf_real_id12_0006,0,real
Celeb-real/id13_0000.mp4,celebdf_real_id13_0000,0,real
Celeb-real/id13_0001.mp4,celebdf_real_id13_0001,0,real
Celeb-real/id13_0002.mp4,celebdf_real_id13_0002,0,real
Celeb-real/id13_0003.mp4,celebdf_real_id13_0003,0,real
Celeb-real/id13_0004.mp4,celebdf_real_id13_0004,0,real
Celeb-real/id13_0005.mp4,celebdf_real_id13_0005,0,real
Celeb-real/id13_0006.mp4,celebdf_real_id13_0006,0,real
Celeb-real/id13_0007.mp4,celebdf_real_id13_0007,0,real
Celeb-real/id13_0008.mp4,celebdf_real_id13_0008,0,real
Celeb-real/id13_0009.mp4,celebdf_real_id13_0009,0,real
Celeb-real/id13_0010.mp4,celebdf_real_id13_0010,0,real
Celeb-real/id13_0011.mp4,celebdf_real_id13_0011,0,real
Celeb-real/id13_0012.mp4,celebdf_real_id13_0012,0,real
Celeb-real/id13_0013.mp4,celebdf_real_id13_0013,0,real
Celeb-real/id13_0014.mp4,celebdf_real_id13_0014,0,real
Celeb-real/id13_0015.mp4,celebdf_real_id13_0015,0,real
Celeb-real/id16_0000.mp4,celebdf_real_id16_0000,0,real
Celeb-real/id16_0001.mp4,celebdf_real_id16_0001,0,real
Celeb-real/id16_0002.mp4,celebdf_real_id16_0002,0,real
Celeb-real/id16_0003.mp4,celebdf_real_id16_0003,0,real
Celeb-real/id16_0004.mp4,celebdf_real_id16_0004,0,real
Celeb-real/id16_0005.mp4,celebdf_real_id16_0005,0,real
Celeb-real/id16_0006.mp4,celebdf_real_id16_0006,0,real
Celeb-real/id16_0007.mp4,celebdf_real_id16_0007,0,real
Celeb-real/id16_0008.mp4,celebdf_real_id16_0008,0,real
Celeb-real/id16_0009.mp4,celebdf_real_id16_0009,0,real
Celeb-real/id16_0010.mp4,celebdf_real_id16_0010,0,real
Celeb-real/id16_0011.mp4,celebdf_real_id16_0011,0,real
Celeb-real/id16_0012.mp4,celebdf_real_id16_0012,0,real
Celeb-real/id16_0013.mp4,celebdf_real_id16_0013,0,real
Celeb-real/id17_0000.mp4,celebdf_real_id17_0000,0,real
Celeb-real/id17_0001.mp4,celebdf_real_id17_0001,0,real
Celeb-real/id17_0002.mp4,celebdf_real_id17_0002,0,real
Celeb-real/id17_0003.mp4,celebdf_real_id17_0003,0,real
Celeb-real/id17_0004.mp4,celebdf_real_id17_0004,0,real
Celeb-real/id17_0005.mp4,celebdf_real_id17_0005,0,real
Celeb-real/id17_0006.mp4,celebdf_real_id17_0006,0,real
Celeb-real/id17_0007.mp4,celebdf_real_id17_0007,0,real
Celeb-real/id17_0008.mp4,celebdf_real_id17_0008,0,real
Celeb-real/id17_0009.mp4,celebdf_real_id17_0009,0,real
Celeb-real/id19_0000.mp4,celebdf_real_id19_0000,0,real
Celeb-real/id19_0001.mp4,celebdf_real_id19_0001,0,real
Celeb-real/id19_0002.mp4,celebdf_real_id19_0002,0,real
Celeb-real/id19_0003.mp4,celebdf_real_id19_0003,0,real
Celeb-real/id19_0004.mp4,celebdf_real_id19_0004,0,real
Celeb-real/id19_0005.mp4,celebdf_real_id19_0005,0,real
Celeb-real/id19_0006.mp4,celebdf_real_id19_0006,0,real
Celeb-real/id19_0007.mp4,celebdf_real_id19_0007,0,real
Celeb-real/id19_0008.mp4,celebdf_real_id19_0008,0,real
Celeb-real/id19_0009.mp4,celebdf_real_id19_0009,0,real
Celeb-real/id1_0000.mp4,celebdf_real_id1_0000,0,real
Celeb-real/id1_0001.mp4,celebdf_real_id1_0001,0,real
Celeb-real/id1_0002.mp4,celebdf_real_id1_0002,0,real
Celeb-real/id1_0003.mp4,celebdf_real_id1_0003,0,real
Celeb-real/id1_0004.mp4,celebdf_real_id1_0004,0,real
Celeb-real/id1_0005.mp4,celebdf_real_id1_0005,0,real
Celeb-real/id1_0006.mp4,celebdf_real_id1_0006,0,real
Celeb-real/id1_0007.mp4,celebdf_real_id1_0007,0,real
Celeb-real/id1_0008.mp4,celebdf_real_id1_0008,0,real
Celeb-real/id1_0009.mp4,celebdf_real_id1_0009,0,real
Celeb-real/id20_0000.mp4,celebdf_real_id20_0000,0,real
Celeb-real/id20_0001.mp4,celebdf_real_id20_0001,0,real
Celeb-real/id20_0002.mp4,celebdf_real_id20_0002,0,real
Celeb-real/id20_0003.mp4,celebdf_real_id20_0003,0,real
Celeb-real/id20_0004.mp4,celebdf_real_id20_0004,0,real
Celeb-real/id20_0005.mp4,celebdf_real_id20_0005,0,real
Celeb-real/id20_0006.mp4,celebdf_real_id20_0006,0,real
Celeb-real/id20_0007.mp4,celebdf_real_id20_0007,0,real
Celeb-real/id20_0008.mp4,celebdf_real_id20_0008,0,real
Celeb-real/id20_0009.mp4,celebdf_real_id20_0009,0,real
Celeb-real/id21_0000.mp4,celebdf_real_id21_0000,0,real
Celeb-real/id21_0001.mp4,celebdf_real_id21_0001,0,real
Celeb-real/id21_0002.mp4,celebdf_real_id21_0002,0,real
Celeb-real/id21_0003.mp4,celebdf_real_id21_0003,0,real
Celeb-real/id21_0004.mp4,celebdf_real_id21_0004,0,real
Celeb-real/id21_0005.mp4,celebdf_real_id21_0005,0,real
Celeb-real/id21_0006.mp4,celebdf_real_id21_0006,0,real
Celeb-real/id21_0007.mp4,celebdf_real_id21_0007,0,real
Celeb-real/id21_0008.mp4,celebdf_real_id21_0008,0,real
Celeb-real/id21_0009.mp4,celebdf_real_id21_0009,0,real
Celeb-real/id22_0000.mp4,celebdf_real_id22_0000,0,real
Celeb-real/id22_0001.mp4,celebdf_real_id22_0001,0,real
Celeb-real/id22_0002.mp4,celebdf_real_id22_0002,0,real
Celeb-real/id22_0003.mp4,celebdf_real_id22_0003,0,real
Celeb-real/id22_0004.mp4,celebdf_real_id22_0004,0,real
Celeb-real/id22_0005.mp4,celebdf_real_id22_0005,0,real
Celeb-real/id22_0006.mp4,celebdf_real_id22_0006,0,real
Celeb-real/id22_0007.mp4,celebdf_real_id22_0007,0,real
Celeb-real/id22_0008.mp4,celebdf_real_id22_0008,0,real
Celeb-real/id22_0009.mp4,celebdf_real_id22_0009,0,real
Celeb-real/id23_0000.mp4,celebdf_real_id23_0000,0,real
Celeb-real/id23_0001.mp4,celebdf_real_id23_0001,0,real
Celeb-real/id23_0002.mp4,celebdf_real_id23_0002,0,real
Celeb-real/id23_0003.mp4,celebdf_real_id23_0003,0,real
Celeb-real/id23_0004.mp4,celebdf_real_id23_0004,0,real
Celeb-real/id23_0005.mp4,celebdf_real_id23_0005,0,real
Celeb-real/id23_0006.mp4,celebdf_real_id23_0006,0,real
Celeb-real/id23_0007.mp4,celebdf_real_id23_0007,0,real
Celeb-real/id23_0008.mp4,celebdf_real_id23_0008,0,real
Celeb-real/id23_0009.mp4,celebdf_real_id23_0009,0,real
Celeb-real/id24_0000.mp4,celebdf_real_id24_0000,0,real
Celeb-real/id24_0001.mp4,celebdf_real_id24_0001,0,real
Celeb-real/id24_0002.mp4,celebdf_real_id24_0002,0,real
Celeb-real/id24_0003.mp4,celebdf_real_id24_0003,0,real
Celeb-real/id24_0004.mp4,celebdf_real_id24_0004,0,real
Celeb-real/id24_0005.mp4,celebdf_real_id24_0005,0,real
Celeb-real/id24_0006.mp4,celebdf_real_id24_0006,0,real
Celeb-real/id24_0007.mp4,celebdf_real_id24_0007,0,real
Celeb-real/id24_0008.mp4,celebdf_real_id24_0008,0,real
Celeb-real/id24_0009.mp4,celebdf_real_id24_0009,0,real
Celeb-real/id25_0000.mp4,celebdf_real_id25_0000,0,real
Celeb-real/id25_0001.mp4,celebdf_real_id25_0001,0,real
Celeb-real/id25_0002.mp4,celebdf_real_id25_0002,0,real
Celeb-real/id25_0003.mp4,celebdf_real_id25_0003,0,real
Celeb-real/id25_0004.mp4,celebdf_real_id25_0004,0,real
Celeb-real/id25_0005.mp4,celebdf_real_id25_0005,0,real
Celeb-real/id25_0006.mp4,celebdf_real_id25_0006,0,real
Celeb-real/id25_0007.mp4,celebdf_real_id25_0007,0,real
Celeb-real/id25_0008.mp4,celebdf_real_id25_0008,0,real
Celeb-real/id25_0009.mp4,celebdf_real_id25_0009,0,real
Celeb-real/id25_0010.mp4,celebdf_real_id25_0010,0,real
Celeb-real/id26_0000.mp4,celebdf_real_id26_0000,0,real
Celeb-real/id26_0001.mp4,celebdf_real_id26_0001,0,real
Celeb-real/id26_0002.mp4,celebdf_real_id26_0002,0,real
Celeb-real/id26_0003.mp4,celebdf_real_id26_0003,0,real
Celeb-real/id26_0004.mp4,celebdf_real_id26_0004,0,real
Celeb-real/id26_0005.mp4,celebdf_real_id26_0005,0,real
Celeb-real/id26_0006.mp4,celebdf_real_id26_0006,0,real
Celeb-real/id26_0007.mp4,celebdf_real_id26_0007,0,real
Celeb-real/id26_0008.mp4,celebdf_real_id26_0008,0,real
Celeb-real/id26_0009.mp4,celebdf_real_id26_0009,0,real
Celeb-real/id27_0000.mp4,celebdf_real_id27_0000,0,real
Celeb-real/id27_0001.mp4,celebdf_real_id27_0001,0,real
Celeb-real/id27_0002.mp4,celebdf_real_id27_0002,0,real
Celeb-real/id27_0003.mp4,celebdf_real_id27_0003,0,real
Celeb-real/id27_0004.mp4,celebdf_real_id27_0004,0,real
Celeb-real/id27_0005.mp4,celebdf_real_id27_0005,0,real
Celeb-real/id27_0006.mp4,celebdf_real_id27_0006,0,real
Celeb-real/id27_0007.mp4,celebdf_real_id27_0007,0,real
Celeb-real/id27_0008.mp4,celebdf_real_id27_0008,0,real
Celeb-real/id27_0009.mp4,celebdf_real_id27_0009,0,real
Celeb-real/id28_0000.mp4,celebdf_real_id28_0000,0,real
Celeb-real/id28_0001.mp4,celebdf_real_id28_0001,0,real
Celeb-real/id28_0002.mp4,celebdf_real_id28_0002,0,real
Celeb-real/id28_0003.mp4,celebdf_real_id28_0003,0,real
Celeb-real/id28_0004.mp4,celebdf_real_id28_0004,0,real
Celeb-real/id28_0005.mp4,celebdf_real_id28_0005,0,real
Celeb-real/id28_0006.mp4,celebdf_real_id28_0006,0,real
Celeb-real/id28_0007.mp4,celebdf_real_id28_0007,0,real
Celeb-real/id28_0008.mp4,celebdf_real_id28_0008,0,real
Celeb-real/id28_0009.mp4,celebdf_real_id28_0009,0,real
Celeb-real/id29_0000.mp4,celebdf_real_id29_0000,0,real
Celeb-real/id29_0001.mp4,celebdf_real_id29_0001,0,real
Celeb-real/id29_0002.mp4,celebdf_real_id29_0002,0,real
Celeb-real/id29_0003.mp4,celebdf_real_id29_0003,0,real
Celeb-real/id29_0004.mp4,celebdf_real_id29_0004,0,real
Celeb-real/id29_0005.mp4,celebdf_real_id29_0005,0,real
Celeb-real/id29_0006.mp4,celebdf_real_id29_0006,0,real
Celeb-real/id29_0007.mp4,celebdf_real_id29_0007,0,real
Celeb-real/id29_0008.mp4,celebdf_real_id29_0008,0,real
Celeb-real/id29_0009.mp4,celebdf_real_id29_0009,0,real
Celeb-real/id2_0000.mp4,celebdf_real_id2_0000,0,real
Celeb-real/id2_0001.mp4,celebdf_real_id2_0001,0,real
Celeb-real/id2_0002.mp4,celebdf_real_id2_0002,0,real
Celeb-real/id2_0003.mp4,celebdf_real_id2_0003,0,real
Celeb-real/id2_0004.mp4,celebdf_real_id2_0004,0,real
Celeb-real/id2_0005.mp4,celebdf_real_id2_0005,0,real
Celeb-real/id2_0006.mp4,celebdf_real_id2_0006,0,real
Celeb-real/id2_0007.mp4,celebdf_real_id2_0007,0,real
Celeb-real/id2_0008.mp4,celebdf_real_id2_0008,0,real
Celeb-real/id2_0009.mp4,celebdf_real_id2_0009,0,real
Celeb-real/id30_0000.mp4,celebdf_real_id30_0000,0,real
Celeb-real/id30_0001.mp4,celebdf_real_id30_0001,0,real
Celeb-real/id30_0002.mp4,celebdf_real_id30_0002,0,real
Celeb-real/id30_0003.mp4,celebdf_real_id30_0003,0,real
Celeb-real/id30_0004.mp4,celebdf_real_id30_0004,0,real
Celeb-real/id30_0005.mp4,celebdf_real_id30_0005,0,real
Celeb-real/id30_0006.mp4,celebdf_real_id30_0006,0,real
Celeb-real/id30_0007.mp4,celebdf_real_id30_0007,0,real
Celeb-real/id30_0008.mp4,celebdf_real_id30_0008,0,real
Celeb-real/id30_0009.mp4,celebdf_real_id30_0009,0,real
Celeb-real/id31_0000.mp4,celebdf_real_id31_0000,0,real
Celeb-real/id31_0001.mp4,celebdf_real_id31_0001,0,real
Celeb-real/id31_0002.mp4,celebdf_real_id31_0002,0,real
Celeb-real/id31_0003.mp4,celebdf_real_id31_0003,0,real
Celeb-real/id31_0004.mp4,celebdf_real_id31_0004,0,real
Celeb-real/id31_0005.mp4,celebdf_real_id31_0005,0,real
Celeb-real/id31_0006.mp4,celebdf_real_id31_0006,0,real
Celeb-real/id31_0007.mp4,celebdf_real_id31_0007,0,real
Celeb-real/id31_0008.mp4,celebdf_real_id31_0008,0,real
Celeb-real/id31_0009.mp4,celebdf_real_id31_0009,0,real
Celeb-real/id32_0000.mp4,celebdf_real_id32_0000,0,real
Celeb-real/id32_0001.mp4,celebdf_real_id32_0001,0,real
Celeb-real/id32_0002.mp4,celebdf_real_id32_0002,0,real
Celeb-real/id32_0003.mp4,celebdf_real_id32_0003,0,real
Celeb-real/id32_0004.mp4,celebdf_real_id32_0004,0,real
Celeb-real/id32_0005.mp4,celebdf_real_id32_0005,0,real
Celeb-real/id32_0006.mp4,celebdf_real_id32_0006,0,real
Celeb-real/id32_0007.mp4,celebdf_real_id32_0007,0,real
Celeb-real/id32_0008.mp4,celebdf_real_id32_0008,0,real
Celeb-real/id32_0009.mp4,celebdf_real_id32_0009,0,real
Celeb-real/id33_0000.mp4,celebdf_real_id33_0000,0,real
Celeb-real/id33_0001.mp4,celebdf_real_id33_0001,0,real
Celeb-real/id33_0002.mp4,celebdf_real_id33_0002,0,real
Celeb-real/id33_0003.mp4,celebdf_real_id33_0003,0,real
Celeb-real/id33_0004.mp4,celebdf_real_id33_0004,0,real
Celeb-real/id33_0005.mp4,celebdf_real_id33_0005,0,real
Celeb-real/id33_0006.mp4,celebdf_real_id33_0006,0,real
Celeb-real/id33_0007.mp4,celebdf_real_id33_0007,0,real
Celeb-real/id33_0008.mp4,celebdf_real_id33_0008,0,real
Celeb-real/id33_0009.mp4,celebdf_real_id33_0009,0,real
Celeb-real/id34_0000.mp4,celebdf_real_id34_0000,0,real
Celeb-real/id34_0001.mp4,celebdf_real_id34_0001,0,real
Celeb-real/id34_0002.mp4,celebdf_real_id34_0002,0,real
Celeb-real/id34_0003.mp4,celebdf_real_id34_0003,0,real
Celeb-real/id34_0004.mp4,celebdf_real_id34_0004,0,real
Celeb-real/id34_0005.mp4,celebdf_real_id34_0005,0,real
Celeb-real/id34_0006.mp4,celebdf_real_id34_0006,0,real
Celeb-real/id34_0007.mp4,celebdf_real_id34_0007,0,real
Celeb-real/id34_0008.mp4,celebdf_real_id34_0008,0,real
Celeb-real/id34_0009.mp4,celebdf_real_id34_0009,0,real
Celeb-real/id35_0000.mp4,celebdf_real_id35_0000,0,real
Celeb-real/id35_0001.mp4,celebdf_real_id35_0001,0,real
Celeb-real/id35_0002.mp4,celebdf_real_id35_0002,0,real
Celeb-real/id35_0003.mp4,celebdf_real_id35_0003,0,real
Celeb-real/id35_0004.mp4,celebdf_real_id35_0004,0,real
Celeb-real/id35_0005.mp4,celebdf_real_id35_0005,0,real
Celeb-real/id35_0006.mp4,celebdf_real_id35_0006,0,real
Celeb-real/id35_0007.mp4,celebdf_real_id35_0007,0,real
Celeb-real/id35_0008.mp4,celebdf_real_id35_0008,0,real
Celeb-real/id35_0009.mp4,celebdf_real_id35_0009,0,real
Celeb-real/id36_0000.mp4,celebdf_real_id36_0000,0,real
Celeb-real/id36_0001.mp4,celebdf_real_id36_0001,0,real
Celeb-real/id36_0002.mp4,celebdf_real_id36_0002,0,real
Celeb-real/id36_0003.mp4,celebdf_real_id36_0003,0,real
Celeb-real/id36_0004.mp4,celebdf_real_id36_0004,0,real
Celeb-real/id36_0005.mp4,celebdf_real_id36_0005,0,real
Celeb-real/id36_0006.mp4,celebdf_real_id36_0006,0,real
Celeb-real/id36_0007.mp4,celebdf_real_id36_0007,0,real
Celeb-real/id36_0008.mp4,celebdf_real_id36_0008,0,real
Celeb-real/id36_0009.mp4,celebdf_real_id36_0009,0,real
Celeb-real/id37_0000.mp4,celebdf_real_id37_0000,0,real
Celeb-real/id37_0001.mp4,celebdf_real_id37_0001,0,real
Celeb-real/id37_0002.mp4,celebdf_real_id37_0002,0,real
Celeb-real/id37_0003.mp4,celebdf_real_id37_0003,0,real
Celeb-real/id37_0004.mp4,celebdf_real_id37_0004,0,real
Celeb-real/id37_0005.mp4,celebdf_real_id37_0005,0,real
Celeb-real/id37_0006.mp4,celebdf_real_id37_0006,0,real
Celeb-real/id37_0007.mp4,celebdf_real_id37_0007,0,real
Celeb-real/id37_0008.mp4,celebdf_real_id37_0008,0,real
Celeb-real/id37_0009.mp4,celebdf_real_id37_0009,0,real
Celeb-real/id38_0000.mp4,celebdf_real_id38_0000,0,real
Celeb-real/id38_0001.mp4,celebdf_real_id38_0001,0,real
Celeb-real/id38_0002.mp4,celebdf_real_id38_0002,0,real
Celeb-real/id38_0003.mp4,celebdf_real_id38_0003,0,real
Celeb-real/id38_0004.mp4,celebdf_real_id38_0004,0,real
Celeb-real/id38_0005.mp4,celebdf_real_id38_0005,0,real
Celeb-real/id38_0006.mp4,celebdf_real_id38_0006,0,real
Celeb-real/id38_0007.mp4,celebdf_real_id38_0007,0,real
Celeb-real/id38_0008.mp4,celebdf_real_id38_0008,0,real
Celeb-real/id38_0009.mp4,celebdf_real_id38_0009,0,real
Celeb-real/id39_0000.mp4,celebdf_real_id39_0000,0,real
Celeb-real/id39_0001.mp4,celebdf_real_id39_0001,0,real
Celeb-real/id39_0002.mp4,celebdf_real_id39_0002,0,real
Celeb-real/id39_0003.mp4,celebdf_real_id39_0003,0,real
Celeb-real/id39_0004.mp4,celebdf_real_id39_0004,0,real
Celeb-real/id39_0005.mp4,celebdf_real_id39_0005,0,real
Celeb-real/id39_0006.mp4,celebdf_real_id39_0006,0,real
Celeb-real/id39_0007.mp4,celebdf_real_id39_0007,0,real
Celeb-real/id39_0008.mp4,celebdf_real_id39_0008,0,real
Celeb-real/id39_0009.mp4,celebdf_real_id39_0009,0,real
Celeb-real/id3_0000.mp4,celebdf_real_id3_0000,0,real
Celeb-real/id3_0001.mp4,celebdf_real_id3_0001,0,real
Celeb-real/id3_0002.mp4,celebdf_real_id3_0002,0,real
Celeb-real/id3_0003.mp4,celebdf_real_id3_0003,0,real
Celeb-real/id3_0004.mp4,celebdf_real_id3_0004,0,real
Celeb-real/id3_0005.mp4,celebdf_real_id3_0005,0,real
Celeb-real/id3_0006.mp4,celebdf_real_id3_0006,0,real
Celeb-real/id3_0007.mp4,celebdf_real_id3_0007,0,real
Celeb-real/id3_0008.mp4,celebdf_real_id3_0008,0,real
Celeb-real/id3_0009.mp4,celebdf_real_id3_0009,0,real
Celeb-real/id40_0000.mp4,celebdf_real_id40_0000,0,real
Celeb-real/id40_0001.mp4,celebdf_real_id40_0001,0,real
Celeb-real/id40_0002.mp4,celebdf_real_id40_0002,0,real
Celeb-real/id40_0003.mp4,celebdf_real_id40_0003,0,real
Celeb-real/id40_0004.mp4,celebdf_real_id40_0004,0,real
Celeb-real/id40_0005.mp4,celebdf_real_id40_0005,0,real
Celeb-real/id40_0006.mp4,celebdf_real_id40_0006,0,real
Celeb-real/id40_0007.mp4,celebdf_real_id40_0007,0,real
Celeb-real/id40_0008.mp4,celebdf_real_id40_0008,0,real
Celeb-real/id40_0009.mp4,celebdf_real_id40_0009,0,real
Celeb-real/id41_0000.mp4,celebdf_real_id41_0000,0,real
Celeb-real/id41_0001.mp4,celebdf_real_id41_0001,0,real
Celeb-real/id41_0002.mp4,celebdf_real_id41_0002,0,real
Celeb-real/id41_0003.mp4,celebdf_real_id41_0003,0,real
Celeb-real/id41_0004.mp4,celebdf_real_id41_0004,0,real
Celeb-real/id41_0005.mp4,celebdf_real_id41_0005,0,real
Celeb-real/id41_0006.mp4,celebdf_real_id41_0006,0,real
Celeb-real/id41_0007.mp4,celebdf_real_id41_0007,0,real
Celeb-real/id41_0008.mp4,celebdf_real_id41_0008,0,real
Celeb-real/id41_0009.mp4,celebdf_real_id41_0009,0,real
Celeb-real/id42_0000.mp4,celebdf_real_id42_0000,0,real
Celeb-real/id42_0001.mp4,celebdf_real_id42_0001,0,real
Celeb-real/id42_0002.mp4,celebdf_real_id42_0002,0,real
Celeb-real/id42_0003.mp4,celebdf_real_id42_0003,0,real
Celeb-real/id42_0004.mp4,celebdf_real_id42_0004,0,real
Celeb-real/id43_0000.mp4,celebdf_real_id43_0000,0,real
Celeb-real/id43_0001.mp4,celebdf_real_id43_0001,0,real
Celeb-real/id43_0002.mp4,celebdf_real_id43_0002,0,real
Celeb-real/id43_0003.mp4,celebdf_real_id43_0003,0,real
Celeb-real/id43_0004.mp4,celebdf_real_id43_0004,0,real
Celeb-real/id43_0005.mp4,celebdf_real_id43_0005,0,real
Celeb-real/id43_0006.mp4,celebdf_real_id43_0006,0,real
Celeb-real/id43_0007.mp4,celebdf_real_id43_0007,0,real
Celeb-real/id43_0008.mp4,celebdf_real_id43_0008,0,real
Celeb-real/id43_0009.mp4,celebdf_real_id43_0009,0,real
Celeb-real/id44_0000.mp4,celebdf_real_id44_0000,0,real
Celeb-real/id44_0001.mp4,celebdf_real_id44_0001,0,real
Celeb-real/id44_0002.mp4,celebdf_real_id44_0002,0,real
Celeb-real/id44_0003.mp4,celebdf_real_id44_0003,0,real
Celeb-real/id44_0004.mp4,celebdf_real_id44_0004,0,real
Celeb-real/id44_0005.mp4,celebdf_real_id44_0005,0,real
Celeb-real/id45_0000.mp4,celebdf_real_id45_0000,0,real
Celeb-real/id45_0001.mp4,celebdf_real_id45_0001,0,real
Celeb-real/id45_0002.mp4,celebdf_real_id45_0002,0,real
Celeb-real/id45_0003.mp4,celebdf_real_id45_0003,0,real
Celeb-real/id45_0004.mp4,celebdf_real_id45_0004,0,real
Celeb-real/id45_0005.mp4,celebdf_real_id45_0005,0,real
Celeb-real/id45_0006.mp4,celebdf_real_id45_0006,0,real
Celeb-real/id45_0007.mp4,celebdf_real_id45_0007,0,real
Celeb-real/id45_0008.mp4,celebdf_real_id45_0008,0,real
Celeb-real/id45_0009.mp4,celebdf_real_id45_0009,0,real
Celeb-real/id46_0000.mp4,celebdf_real_id46_0000,0,real
Celeb-real/id46_0001.mp4,celebdf_real_id46_0001,0,real
Celeb-real/id46_0002.mp4,celebdf_real_id46_0002,0,real
Celeb-real/id46_0003.mp4,celebdf_real_id46_0003,0,real
Celeb-real/id46_0004.mp4,celebdf_real_id46_0004,0,real
Celeb-real/id46_0005.mp4,celebdf_real_id46_0005,0,real
Celeb-real/id46_0006.mp4,celebdf_real_id46_0006,0,real
Celeb-real/id46_0007.mp4,celebdf_real_id46_0007,0,real
Celeb-real/id46_0008.mp4,celebdf_real_id46_0008,0,real
Celeb-real/id46_0009.mp4,celebdf_real_id46_0009,0,real
Celeb-real/id47_0000.mp4,celebdf_real_id47_0000,0,real
Celeb-real/id47_0001.mp4,celebdf_real_id47_0001,0,real
Celeb-real/id47_0002.mp4,celebdf_real_id47_0002,0,real
Celeb-real/id47_0003.mp4,celebdf_real_id47_0003,0,real
Celeb-real/id47_0004.mp4,celebdf_real_id47_0004,0,real
Celeb-real/id47_0005.mp4,celebdf_real_id47_0005,0,real
Celeb-real/id47_0006.mp4,celebdf_real_id47_0006,0,real
Celeb-real/id47_0007.mp4,celebdf_real_id47_0007,0,real
Celeb-real/id47_0008.mp4,celebdf_real_id47_0008,0,real
Celeb-real/id47_0009.mp4,celebdf_real_id47_0009,0,real
Celeb-real/id48_0000.mp4,celebdf_real_id48_0000,0,real
Celeb-real/id48_0001.mp4,celebdf_real_id48_0001,0,real
Celeb-real/id48_0002.mp4,celebdf_real_id48_0002,0,real
Celeb-real/id48_0003.mp4,celebdf_real_id48_0003,0,real
Celeb-real/id48_0004.mp4,celebdf_real_id48_0004,0,real
Celeb-real/id48_0005.mp4,celebdf_real_id48_0005,0,real
Celeb-real/id48_0006.mp4,celebdf_real_id48_0006,0,real
Celeb-real/id48_0007.mp4,celebdf_real_id48_0007,0,real
Celeb-real/id48_0008.mp4,celebdf_real_id48_0008,0,real
Celeb-real/id48_0009.mp4,celebdf_real_id48_0009,0,real
Celeb-real/id49_0000.mp4,celebdf_real_id49_0000,0,real
Celeb-real/id49_0001.mp4,celebdf_real_id49_0001,0,real
Celeb-real/id49_0002.mp4,celebdf_real_id49_0002,0,real
Celeb-real/id49_0003.mp4,celebdf_real_id49_0003,0,real
Celeb-real/id49_0004.mp4,celebdf_real_id49_0004,0,real
Celeb-real/id49_0005.mp4,celebdf_real_id49_0005,0,real
Celeb-real/id49_0006.mp4,celebdf_real_id49_0006,0,real
Celeb-real/id49_0007.mp4,celebdf_real_id49_0007,0,real
Celeb-real/id49_0008.mp4,celebdf_real_id49_0008,0,real
Celeb-real/id49_0009.mp4,celebdf_real_id49_0009,0,real
Celeb-real/id4_0000.mp4,celebdf_real_id4_0000,0,real
Celeb-real/id4_0001.mp4,celebdf_real_id4_0001,0,real
Celeb-real/id4_0002.mp4,celebdf_real_id4_0002,0,real
Celeb-real/id4_0003.mp4,celebdf_real_id4_0003,0,real
Celeb-real/id4_0004.mp4,celebdf_real_id4_0004,0,real
Celeb-real/id4_0005.mp4,celebdf_real_id4_0005,0,real
Celeb-real/id4_0006.mp4,celebdf_real_id4_0006,0,real
Celeb-real/id4_0007.mp4,celebdf_real_id4_0007,0,real
Celeb-real/id4_0008.mp4,celebdf_real_id4_0008,0,real
Celeb-real/id4_0009.mp4,celebdf_real_id4_0009,0,real
Celeb-real/id50_0000.mp4,celebdf_real_id50_0000,0,real
Celeb-real/id50_0001.mp4,celebdf_real_id50_0001,0,real
Celeb-real/id50_0002.mp4,celebdf_real_id50_0002,0,real
Celeb-real/id50_0003.mp4,celebdf_real_id50_0003,0,real
Celeb-real/id50_0004.mp4,celebdf_real_id50_0004,0,real
Celeb-real/id50_0005.mp4,celebdf_real_id50_0005,0,real
Celeb-real/id50_0006.mp4,celebdf_real_id50_0006,0,real
Celeb-real/id50_0007.mp4,celebdf_real_id50_0007,0,real
Celeb-real/id50_0008.mp4,celebdf_real_id50_0008,0,real
Celeb-real/id50_0009.mp4,celebdf_real_id50_0009,0,real
Celeb-real/id51_0000.mp4,celebdf_real_id51_0000,0,real
Celeb-real/id51_0001.mp4,celebdf_real_id51_0001,0,real
Celeb-real/id51_0002.mp4,celebdf_real_id51_0002,0,real
Celeb-real/id51_0003.mp4,celebdf_real_id51_0003,0,real
Celeb-real/id51_0004.mp4,celebdf_real_id51_0004,0,real
Celeb-real/id51_0005.mp4,celebdf_real_id51_0005,0,real
Celeb-real/id51_0006.mp4,celebdf_real_id51_0006,0,real
Celeb-real/id51_0007.mp4,celebdf_real_id51_0007,0,real
Celeb-real/id51_0008.mp4,celebdf_real_id51_0008,0,real
Celeb-real/id51_0009.mp4,celebdf_real_id51_0009,0,real
Celeb-real/id52_0000.mp4,celebdf_real_id52_0000,0,real
Celeb-real/id52_0001.mp4,celebdf_real_id52_0001,0,real
Celeb-real/id52_0002.mp4,celebdf_real_id52_0002,0,real
Celeb-real/id52_0003.mp4,celebdf_real_id52_0003,0,real
Celeb-real/id52_0004.mp4,celebdf_real_id52_0004,0,real
Celeb-real/id52_0005.mp4,celebdf_real_id52_0005,0,real
Celeb-real/id52_0006.mp4,celebdf_real_id52_0006,0,real
Celeb-real/id52_0007.mp4,celebdf_real_id52_0007,0,real
Celeb-real/id52_0008.mp4,celebdf_real_id52_0008,0,real
Celeb-real/id52_0009.mp4,celebdf_real_id52_0009,0,real
Celeb-real/id53_0000.mp4,celebdf_real_id53_0000,0,real
Celeb-real/id53_0001.mp4,celebdf_real_id53_0001,0,real
Celeb-real/id53_0002.mp4,celebdf_real_id53_0002,0,real
Celeb-real/id53_0003.mp4,celebdf_real_id53_0003,0,real
Celeb-real/id53_0004.mp4,celebdf_real_id53_0004,0,real
Celeb-real/id53_0005.mp4,celebdf_real_id53_0005,0,real
Celeb-real/id53_0006.mp4,celebdf_real_id53_0006,0,real
Celeb-real/id53_0007.mp4,celebdf_real_id53_0007,0,real
Celeb-real/id53_0008.mp4,celebdf_real_id53_0008,0,real
Celeb-real/id53_0009.mp4,celebdf_real_id53_0009,0,real
Celeb-real/id54_0000.mp4,celebdf_real_id54_0000,0,real
Celeb-real/id54_0001.mp4,celebdf_real_id54_0001,0,real
Celeb-real/id54_0002.mp4,celebdf_real_id54_0002,0,real
Celeb-real/id54_0003.mp4,celebdf_real_id54_0003,0,real
Celeb-real/id54_0004.mp4,celebdf_real_id54_0004,0,real
Celeb-real/id54_0005.mp4,celebdf_real_id54_0005,0,real
Celeb-real/id54_0006.mp4,celebdf_real_id54_0006,0,real
Celeb-real/id54_0007.mp4,celebdf_real_id54_0007,0,real
Celeb-real/id54_0008.mp4,celebdf_real_id54_0008,0,real
Celeb-real/id54_0009.mp4,celebdf_real_id54_0009,0,real
Celeb-real/id55_0000.mp4,celebdf_real_id55_0000,0,real
Celeb-real/id55_0001.mp4,celebdf_real_id55_0001,0,real
Celeb-real/id55_0002.mp4,celebdf_real_id55_0002,0,real
Celeb-real/id55_0003.mp4,celebdf_real_id55_0003,0,real
Celeb-real/id55_0004.mp4,celebdf_real_id55_0004,0,real
Celeb-real/id55_0005.mp4,celebdf_real_id55_0005,0,real
Celeb-real/id55_0006.mp4,celebdf_real_id55_0006,0,real
Celeb-real/id55_0007.mp4,celebdf_real_id55_0007,0,real
Celeb-real/id55_0008.mp4,celebdf_real_id55_0008,0,real
Celeb-real/id55_0009.mp4,celebdf_real_id55_0009,0,real
Celeb-real/id56_0000.mp4,celebdf_real_id56_0000,0,real
Celeb-real/id56_0001.mp4,celebdf_real_id56_0001,0,real
Celeb-real/id56_0002.mp4,celebdf_real_id56_0002,0,real
Celeb-real/id56_0003.mp4,celebdf_real_id56_0003,0,real
Celeb-real/id56_0004.mp4,celebdf_real_id56_0004,0,real
Celeb-real/id56_0005.mp4,celebdf_real_id56_0005,0,real
Celeb-real/id56_0006.mp4,celebdf_real_id56_0006,0,real
Celeb-real/id56_0007.mp4,celebdf_real_id56_0007,0,real
Celeb-real/id56_0008.mp4,celebdf_real_id56_0008,0,real
Celeb-real/id56_0009.mp4,celebdf_real_id56_0009,0,real
Celeb-real/id57_0000.mp4,celebdf_real_id57_0000,0,real
Celeb-real/id57_0001.mp4,celebdf_real_id57_0001,0,real
Celeb-real/id57_0002.mp4,celebdf_real_id57_0002,0,real
Celeb-real/id57_0003.mp4,celebdf_real_id57_0003,0,real
Celeb-real/id57_0004.mp4,celebdf_real_id57_0004,0,real
Celeb-real/id57_0005.mp4,celebdf_real_id57_0005,0,real
Celeb-real/id57_0006.mp4,celebdf_real_id57_0006,0,real
Celeb-real/id57_0007.mp4,celebdf_real_id57_0007,0,real
Celeb-real/id57_0008.mp4,celebdf_real_id57_0008,0,real
Celeb-real/id57_0009.mp4,celebdf_real_id57_0009,0,real
Celeb-real/id58_0000.mp4,celebdf_real_id58_0000,0,real
Celeb-real/id58_0001.mp4,celebdf_real_id58_0001,0,real
Celeb-real/id58_0002.mp4,celebdf_real_id58_0002,0,real
Celeb-real/id58_0003.mp4,celebdf_real_id58_0003,0,real
Celeb-real/id58_0004.mp4,celebdf_real_id58_0004,0,real
Celeb-real/id58_0005.mp4,celebdf_real_id58_0005,0,real
Celeb-real/id58_0006.mp4,celebdf_real_id58_0006,0,real
Celeb-real/id58_0007.mp4,celebdf_real_id58_0007,0,real
Celeb-real/id58_0008.mp4,celebdf_real_id58_0008,0,real
Celeb-real/id58_0009.mp4,celebdf_real_id58_0009,0,real
Celeb-real/id59_0000.mp4,celebdf_real_id59_0000,0,real
Celeb-real/id59_0001.mp4,celebdf_real_id59_0001,0,real
Celeb-real/id59_0002.mp4,celebdf_real_id59_0002,0,real
Celeb-real/id59_0003.mp4,celebdf_real_id59_0003,0,real
Celeb-real/id59_0004.mp4,celebdf_real_id59_0004,0,real
Celeb-real/id59_0005.mp4,celebdf_real_id59_0005,0,real
Celeb-real/id59_0006.mp4,celebdf_real_id59_0006,0,real
Celeb-real/id59_0007.mp4,celebdf_real_id59_0007,0,real
Celeb-real/id59_0008.mp4,celebdf_real_id59_0008,0,real
Celeb-real/id59_0009.mp4,celebdf_real_id59_0009,0,real
Celeb-real/id5_0000.mp4,celebdf_real_id5_0000,0,real
Celeb-real/id5_0001.mp4,celebdf_real_id5_0001,0,real
Celeb-real/id5_0002.mp4,celebdf_real_id5_0002,0,real
Celeb-real/id5_0003.mp4,celebdf_real_id5_0003,0,real
Celeb-real/id5_0004.mp4,celebdf_real_id5_0004,0,real
Celeb-real/id5_0005.mp4,celebdf_real_id5_0005,0,real
Celeb-real/id5_0006.mp4,celebdf_real_id5_0006,0,real
Celeb-real/id5_0007.mp4,celebdf_real_id5_0007,0,real
Celeb-real/id5_0008.mp4,celebdf_real_id5_0008,0,real
Celeb-real/id5_0009.mp4,celebdf_real_id5_0009,0,real
Celeb-real/id60_0000.mp4,celebdf_real_id60_0000,0,real
Celeb-real/id60_0001.mp4,celebdf_real_id60_0001,0,real
Celeb-real/id60_0002.mp4,celebdf_real_id60_0002,0,real
Celeb-real/id60_0003.mp4,celebdf_real_id60_0003,0,real
Celeb-real/id60_0004.mp4,celebdf_real_id60_0004,0,real
Celeb-real/id60_0005.mp4,celebdf_real_id60_0005,0,real
Celeb-real/id60_0006.mp4,celebdf_real_id60_0006,0,real
Celeb-real/id60_0007.mp4,celebdf_real_id60_0007,0,real
Celeb-real/id60_0008.mp4,celebdf_real_id60_0008,0,real
Celeb-real/id60_0009.mp4,celebdf_real_id60_0009,0,real
Celeb-real/id61_0000.mp4,celebdf_real_id61_0000,0,real
Celeb-real/id61_0001.mp4,celebdf_real_id61_0001,0,real
Celeb-real/id61_0002.mp4,celebdf_real_id61_0002,0,real
Celeb-real/id61_0003.mp4,celebdf_real_id61_0003,0,real
Celeb-real/id61_0004.mp4,celebdf_real_id61_0004,0,real
Celeb-real/id61_0005.mp4,celebdf_real_id61_0005,0,real
Celeb-real/id61_0006.mp4,celebdf_real_id61_0006,0,real
Celeb-real/id61_0007.mp4,celebdf_real_id61_0007,0,real
Celeb-real/id61_0008.mp4,celebdf_real_id61_0008,0,real
Celeb-real/id61_0009.mp4,celebdf_real_id61_0009,0,real
Celeb-real/id6_0000.mp4,celebdf_real_id6_0000,0,real
Celeb-real/id6_0001.mp4,celebdf_real_id6_0001,0,real
Celeb-real/id6_0002.mp4,celebdf_real_id6_0002,0,real
Celeb-real/id6_0003.mp4,celebdf_real_id6_0003,0,real
Celeb-real/id6_0004.mp4,celebdf_real_id6_0004,0,real
Celeb-real/id6_0005.mp4,celebdf_real_id6_0005,0,real
Celeb-real/id6_0006.mp4,celebdf_real_id6_0006,0,real
Celeb-real/id6_0007.mp4,celebdf_real_id6_0007,0,real
Celeb-real/id6_0008.mp4,celebdf_real_id6_0008,0,real
Celeb-real/id6_0009.mp4,celebdf_real_id6_0009,0,real
Celeb-real/id7_0000.mp4,celebdf_real_id7_0000,0,real
Celeb-real/id7_0001.mp4,celebdf_real_id7_0001,0,real
Celeb-real/id7_0002.mp4,celebdf_real_id7_0002,0,real
Celeb-real/id7_0003.mp4,celebdf_real_id7_0003,0,real
Celeb-real/id7_0004.mp4,celebdf_real_id7_0004,0,real
Celeb-real/id7_0005.mp4,celebdf_real_id7_0005,0,real
Celeb-real/id7_0006.mp4,celebdf_real_id7_0006,0,real
Celeb-real/id7_0007.mp4,celebdf_real_id7_0007,0,real
Celeb-real/id7_0008.mp4,celebdf_real_id7_0008,0,real
Celeb-real/id7_0009.mp4,celebdf_real_id7_0009,0,real
Celeb-real/id8_0000.mp4,celebdf_real_id8_0000,0,real
Celeb-real/id8_0001.mp4,celebdf_real_id8_0001,0,real
Celeb-real/id8_0002.mp4,celebdf_real_id8_0002,0,real
Celeb-real/id8_0003.mp4,celebdf_real_id8_0003,0,real
Celeb-real/id8_0004.mp4,celebdf_real_id8_0004,0,real
Celeb-real/id8_0005.mp4,celebdf_real_id8_0005,0,real
Celeb-real/id8_0006.mp4,celebdf_real_id8_0006,0,real
Celeb-real/id8_0007.mp4,celebdf_real_id8_0007,0,real
Celeb-real/id8_0008.mp4,celebdf_real_id8_0008,0,real
Celeb-real/id8_0009.mp4,celebdf_real_id8_0009,0,real
Celeb-real/id9_0000.mp4,celebdf_real_id9_0000,0,real
Celeb-real/id9_0001.mp4,celebdf_real_id9_0001,0,real
Celeb-real/id9_0002.mp4,celebdf_real_id9_0002,0,real
Celeb-real/id9_0003.mp4,celebdf_real_id9_0003,0,real
Celeb-real/id9_0004.mp4,celebdf_real_id9_0004,0,real
Celeb-real/id9_0005.mp4,celebdf_real_id9_0005,0,real
Celeb-real/id9_0006.mp4,celebdf_real_id9_0006,0,real
Celeb-real/id9_0007.mp4,celebdf_real_id9_0007,0,real
Celeb-real/id9_0008.mp4,celebdf_real_id9_0008,0,real
Celeb-real/id9_0009.mp4,celebdf_real_id9_0009,0,real
YouTube-real/00000.mp4,celebdf_real_00000,0,real
YouTube-real/00001.mp4,celebdf_real_00001,0,real
YouTube-real/00002.mp4,celebdf_real_00002,0,real
YouTube-real/00003.mp4,celebdf_real_00003,0,real
YouTube-real/00004.mp4,celebdf_real_00004,0,real
YouTube-real/00005.mp4,celebdf_real_00005,0,real
YouTube-real/00006.mp4,celebdf_real_00006,0,real
YouTube-real/00007.mp4,celebdf_real_00007,0,real
YouTube-real/00008.mp4,celebdf_real_00008,0,real
YouTube-real/00009.mp4,celebdf_real_00009,0,real
YouTube-real/00010.mp4,celebdf_real_00010,0,real
YouTube-real/00011.mp4,celebdf_real_00011,0,real
YouTube-real/00012.mp4,celebdf_real_00012,0,real
YouTube-real/00013.mp4,celebdf_real_00013,0,real
YouTube-real/00014.mp4,celebdf_real_00014,0,real
YouTube-real/00015.mp4,celebdf_real_00015,0,real
YouTube-real/00016.mp4,celebdf_real_00016,0,real
YouTube-real/00017.mp4,celebdf_real_00017,0,real
YouTube-real/00018.mp4,celebdf_real_00018,0,real
YouTube-real/00019.mp4,celebdf_real_00019,0,real
YouTube-real/00020.mp4,celebdf_real_00020,0,real
YouTube-real/00021.mp4,celebdf_real_00021,0,real
YouTube-real/00022.mp4,celebdf_real_00022,0,real
YouTube-real/00023.mp4,celebdf_real_00023,0,real
YouTube-real/00024.mp4,celebdf_real_00024,0,real
YouTube-real/00025.mp4,celebdf_real_00025,0,real
YouTube-real/00026.mp4,celebdf_real_00026,0,real
YouTube-real/00027.mp4,celebdf_real_00027,0,real
YouTube-real/00028.mp4,celebdf_real_00028,0,real
YouTube-real/00029.mp4,celebdf_real_00029,0,real
YouTube-real/00030.mp4,celebdf_real_00030,0,real
YouTube-real/00031.mp4,celebdf_real_00031,0,real
YouTube-real/00032.mp4,celebdf_real_00032,0,real
YouTube-real/00033.mp4,celebdf_real_00033,0,real
YouTube-real/00034.mp4,celebdf_real_00034,0,real
YouTube-real/00035.mp4,celebdf_real_00035,0,real
YouTube-real/00036.mp4,celebdf_real_00036,0,real
YouTube-real/00037.mp4,celebdf_real_00037,0,real
YouTube-real/00038.mp4,celebdf_real_00038,0,real
YouTube-real/00039.mp4,celebdf_real_00039,0,real
YouTube-real/00040.mp4,celebdf_real_00040,0,real
YouTube-real/00041.mp4,celebdf_real_00041,0,real
YouTube-real/00042.mp4,celebdf_real_00042,0,real
YouTube-real/00043.mp4,celebdf_real_00043,0,real
YouTube-real/00044.mp4,celebdf_real_00044,0,real
YouTube-real/00045.mp4,celebdf_real_00045,0,real
YouTube-real/00046.mp4,celebdf_real_00046,0,real
YouTube-real/00047.mp4,celebdf_real_00047,0,real
YouTube-real/00048.mp4,celebdf_real_00048,0,real
YouTube-real/00049.mp4,celebdf_real_00049,0,real
YouTube-real/00050.mp4,celebdf_real_00050,0,real
YouTube-real/00051.mp4,celebdf_real_00051,0,real
YouTube-real/00052.mp4,celebdf_real_00052,0,real
YouTube-real/00053.mp4,celebdf_real_00053,0,real
YouTube-real/00054.mp4,celebdf_real_00054,0,real
YouTube-real/00055.mp4,celebdf_real_00055,0,real
YouTube-real/00056.mp4,celebdf_real_00056,0,real
YouTube-real/00057.mp4,celebdf_real_00057,0,real
YouTube-real/00058.mp4,celebdf_real_00058,0,real
YouTube-real/00059.mp4,celebdf_real_00059,0,real
YouTube-real/00060.mp4,celebdf_real_00060,0,real
YouTube-real/00061.mp4,celebdf_real_00061,0,real
YouTube-real/00062.mp4,celebdf_real_00062,0,real
YouTube-real/00063.mp4,celebdf_real_00063,0,real
YouTube-real/00064.mp4,celebdf_real_00064,0,real
YouTube-real/00065.mp4,celebdf_real_00065,0,real
YouTube-real/00066.mp4,celebdf_real_00066,0,real
YouTube-real/00067.mp4,celebdf_real_00067,0,real
YouTube-real/00068.mp4,celebdf_real_00068,0,real
YouTube-real/00069.mp4,celebdf_real_00069,0,real
YouTube-real/00070.mp4,celebdf_real_00070,0,real
YouTube-real/00071.mp4,celebdf_real_00071,0,real
YouTube-real/00072.mp4,celebdf_real_00072,0,real
YouTube-real/00073.mp4,celebdf_real_00073,0,real
YouTube-real/00074.mp4,celebdf_real_00074,0,real
YouTube-real/00075.mp4,celebdf_real_00075,0,real
YouTube-real/00076.mp4,celebdf_real_00076,0,real
YouTube-real/00077.mp4,celebdf_real_00077,0,real
YouTube-real/00078.mp4,celebdf_real_00078,0,real
YouTube-real/00079.mp4,celebdf_real_00079,0,real
YouTube-real/00080.mp4,celebdf_real_00080,0,real
YouTube-real/00081.mp4,celebdf_real_00081,0,real
YouTube-real/00082.mp4,celebdf_real_00082,0,real
YouTube-real/00083.mp4,celebdf_real_00083,0,real
YouTube-real/00084.mp4,celebdf_real_00084,0,real
YouTube-real/00085.mp4,celebdf_real_00085,0,real
YouTube-real/00086.mp4,celebdf_real_00086,0,real
YouTube-real/00087.mp4,celebdf_real_00087,0,real
YouTube-real/00088.mp4,celebdf_real_00088,0,real
YouTube-real/00089.mp4,celebdf_real_00089,0,real
YouTube-real/00090.mp4,celebdf_real_00090,0,real
YouTube-real/00091.mp4,celebdf_real_00091,0,real
YouTube-real/00092.mp4,celebdf_real_00092,0,real
YouTube-real/00093.mp4,celebdf_real_00093,0,real
YouTube-real/00094.mp4,celebdf_real_00094,0,real
YouTube-real/00095.mp4,celebdf_real_00095,0,real
YouTube-real/00096.mp4,celebdf_real_00096,0,real
YouTube-real/00097.mp4,celebdf_real_00097,0,real
YouTube-real/00098.mp4,celebdf_real_00098,0,real
YouTube-real/00099.mp4,celebdf_real_00099,0,real
YouTube-real/00100.mp4,celebdf_real_00100,0,real
YouTube-real/00101.mp4,celebdf_real_00101,0,real
YouTube-real/00102.mp4,celebdf_real_00102,0,real
YouTube-real/00103.mp4,celebdf_real_00103,0,real
YouTube-real/00104.mp4,celebdf_real_00104,0,real
YouTube-real/00105.mp4,celebdf_real_00105,0,real
YouTube-real/00106.mp4,celebdf_real_00106,0,real
YouTube-real/00107.mp4,celebdf_real_00107,0,real
YouTube-real/00108.mp4,celebdf_real_00108,0,real
YouTube-real/00109.mp4,celebdf_real_00109,0,real
YouTube-real/00110.mp4,celebdf_real_00110,0,real
YouTube-real/00111.mp4,celebdf_real_00111,0,real
YouTube-real/00112.mp4,celebdf_real_00112,0,real
YouTube-real/00113.mp4,celebdf_real_00113,0,real
YouTube-real/00114.mp4,celebdf_real_00114,0,real
YouTube-real/00115.mp4,celebdf_real_00115,0,real
YouTube-real/00116.mp4,celebdf_real_00116,0,real
YouTube-real/00117.mp4,celebdf_real_00117,0,real
YouTube-real/00118.mp4,celebdf_real_00118,0,real
YouTube-real/00119.mp4,celebdf_real_00119,0,real
YouTube-real/00120.mp4,celebdf_real_00120,0,real
YouTube-real/00121.mp4,celebdf_real_00121,0,real
YouTube-real/00122.mp4,celebdf_real_00122,0,real
YouTube-real/00123.mp4,celebdf_real_00123,0,real
YouTube-real/00124.mp4,celebdf_real_00124,0,real
YouTube-real/00125.mp4,celebdf_real_00125,0,real
YouTube-real/00126.mp4,celebdf_real_00126,0,real
YouTube-real/00127.mp4,celebdf_real_00127,0,real
YouTube-real/00128.mp4,celebdf_real_00128,0,real
YouTube-real/00129.mp4,celebdf_real_00129,0,real
YouTube-real/00130.mp4,celebdf_real_00130,0,real
YouTube-real/00131.mp4,celebdf_real_00131,0,real
YouTube-real/00132.mp4,celebdf_real_00132,0,real
YouTube-real/00133.mp4,celebdf_real_00133,0,real
YouTube-real/00134.mp4,celebdf_real_00134,0,real
YouTube-real/00135.mp4,celebdf_real_00135,0,real
YouTube-real/00136.mp4,celebdf_real_00136,0,real
YouTube-real/00137.mp4,celebdf_real_00137,0,real
YouTube-real/00138.mp4,celebdf_real_00138,0,real
YouTube-real/00139.mp4,celebdf_real_00139,0,real
YouTube-real/00140.mp4,celebdf_real_00140,0,real
YouTube-real/00141.mp4,celebdf_real_00141,0,real
YouTube-real/00142.mp4,celebdf_real_00142,0,real
YouTube-real/00143.mp4,celebdf_real_00143,0,real
YouTube-real/00144.mp4,celebdf_real_00144,0,real
YouTube-real/00145.mp4,celebdf_real_00145,0,real
YouTube-real/00146.mp4,celebdf_real_00146,0,real
YouTube-real/00147.mp4,celebdf_real_00147,0,real
YouTube-real/00148.mp4,celebdf_real_00148,0,real
YouTube-real/00149.mp4,celebdf_real_00149,0,real
YouTube-real/00150.mp4,celebdf_real_00150,0,real
YouTube-real/00151.mp4,celebdf_real_00151,0,real
YouTube-real/00152.mp4,celebdf_real_00152,0,real
YouTube-real/00153.mp4,celebdf_real_00153,0,real
YouTube-real/00154.mp4,celebdf_real_00154,0,real
YouTube-real/00155.mp4,celebdf_real_00155,0,real
YouTube-real/00156.mp4,celebdf_real_00156,0,real
YouTube-real/00157.mp4,celebdf_real_00157,0,real
YouTube-real/00158.mp4,celebdf_real_00158,0,real
YouTube-real/00159.mp4,celebdf_real_00159,0,real
YouTube-real/00160.mp4,celebdf_real_00160,0,real
YouTube-real/00161.mp4,celebdf_real_00161,0,real
YouTube-real/00162.mp4,celebdf_real_00162,0,real
YouTube-real/00163.mp4,celebdf_real_00163,0,real
YouTube-real/00164.mp4,celebdf_real_00164,0,real
YouTube-real/00165.mp4,celebdf_real_00165,0,real
YouTube-real/00166.mp4,celebdf_real_00166,0,real
YouTube-real/00167.mp4,celebdf_real_00167,0,real
YouTube-real/00168.mp4,celebdf_real_00168,0,real
YouTube-real/00169.mp4,celebdf_real_00169,0,real
YouTube-real/00170.mp4,celebdf_real_00170,0,real
YouTube-real/00171.mp4,celebdf_real_00171,0,real
YouTube-real/00172.mp4,celebdf_real_00172,0,real
YouTube-real/00173.mp4,celebdf_real_00173,0,real
YouTube-real/00174.mp4,celebdf_real_00174,0,real
YouTube-real/00175.mp4,celebdf_real_00175,0,real
YouTube-real/00176.mp4,celebdf_real_00176,0,real
YouTube-real/00177.mp4,celebdf_real_00177,0,real
YouTube-real/00178.mp4,celebdf_real_00178,0,real
YouTube-real/00179.mp4,celebdf_real_00179,0,real
YouTube-real/00180.mp4,celebdf_real_00180,0,real
YouTube-real/00181.mp4,celebdf_real_00181,0,real
YouTube-real/00182.mp4,celebdf_real_00182,0,real
YouTube-real/00183.mp4,celebdf_real_00183,0,real
YouTube-real/00184.mp4,celebdf_real_00184,0,real
YouTube-real/00185.mp4,celebdf_real_00185,0,real
YouTube-real/00186.mp4,celebdf_real_00186,0,real
YouTube-real/00187.mp4,celebdf_real_00187,0,real
YouTube-real/00188.mp4,celebdf_real_00188,0,real
YouTube-real/00189.mp4,celebdf_real_00189,0,real
YouTube-real/00190.mp4,celebdf_real_00190,0,real
YouTube-real/00191.mp4,celebdf_real_00191,0,real
YouTube-real/00192.mp4,celebdf_real_00192,0,real
YouTube-real/00193.mp4,celebdf_real_00193,0,real
YouTube-real/00194.mp4,celebdf_real_00194,0,real
YouTube-real/00195.mp4,celebdf_real_00195,0,real
YouTube-real/00196.mp4,celebdf_real_00196,0,real
YouTube-real/00197.mp4,celebdf_real_00197,0,real
YouTube-real/00198.mp4,celebdf_real_00198,0,real
YouTube-real/00199.mp4,celebdf_real_00199,0,real
YouTube-real/00200.mp4,celebdf_real_00200,0,real
YouTube-real/00201.mp4,celebdf_real_00201,0,real
YouTube-real/00202.mp4,celebdf_real_00202,0,real
YouTube-real/00203.mp4,celebdf_real_00203,0,real
YouTube-real/00204.mp4,celebdf_real_00204,0,real
YouTube-real/00205.mp4,celebdf_real_00205,0,real
YouTube-real/00206.mp4,celebdf_real_00206,0,real
YouTube-real/00207.mp4,celebdf_real_00207,0,real
YouTube-real/00208.mp4,celebdf_real_00208,0,real
YouTube-real/00209.mp4,celebdf_real_00209,0,real
YouTube-real/00210.mp4,celebdf_real_00210,0,real
YouTube-real/00211.mp4,celebdf_real_00211,0,real
YouTube-real/00212.mp4,celebdf_real_00212,0,real
YouTube-real/00213.mp4,celebdf_real_00213,0,real
YouTube-real/00214.mp4,celebdf_real_00214,0,real
YouTube-real/00215.mp4,celebdf_real_00215,0,real
YouTube-real/00216.mp4,celebdf_real_00216,0,real
YouTube-real/00217.mp4,celebdf_real_00217,0,real
YouTube-real/00218.mp4,celebdf_real_00218,0,real
YouTube-real/00219.mp4,celebdf_real_00219,0,real
YouTube-real/00220.mp4,celebdf_real_00220,0,real
YouTube-real/00221.mp4,celebdf_real_00221,0,real
YouTube-real/00222.mp4,celebdf_real_00222,0,real
YouTube-real/00223.mp4,celebdf_real_00223,0,real
YouTube-real/00224.mp4,celebdf_real_00224,0,real
YouTube-real/00225.mp4,celebdf_real_00225,0,real
YouTube-real/00226.mp4,celebdf_real_00226,0,real
YouTube-real/00227.mp4,celebdf_real_00227,0,real
YouTube-real/00228.mp4,celebdf_real_00228,0,real
YouTube-real/00229.mp4,celebdf_real_00229,0,real
YouTube-real/00230.mp4,celebdf_real_00230,0,real
YouTube-real/00231.mp4,celebdf_real_00231,0,real
YouTube-real/00232.mp4,celebdf_real_00232,0,real
YouTube-real/00233.mp4,celebdf_real_00233,0,real
YouTube-real/00234.mp4,celebdf_real_00234,0,real
YouTube-real/00235.mp4,celebdf_real_00235,0,real
YouTube-real/00236.mp4,celebdf_real_00236,0,real
YouTube-real/00237.mp4,celebdf_real_00237,0,real
YouTube-real/00238.mp4,celebdf_real_00238,0,real
YouTube-real/00239.mp4,celebdf_real_00239,0,real
YouTube-real/00240.mp4,celebdf_real_00240,0,real
YouTube-real/00241.mp4,celebdf_real_00241,0,real
YouTube-real/00242.mp4,celebdf_real_00242,0,real
YouTube-real/00243.mp4,celebdf_real_00243,0,real
YouTube-real/00244.mp4,celebdf_real_00244,0,real
YouTube-real/00245.mp4,celebdf_real_00245,0,real
YouTube-real/00246.mp4,celebdf_real_00246,0,real
YouTube-real/00247.mp4,celebdf_real_00247,0,real
YouTube-real/00248.mp4,celebdf_real_00248,0,real
YouTube-real/00249.mp4,celebdf_real_00249,0,real
YouTube-real/00250.mp4,celebdf_real_00250,0,real
YouTube-real/00251.mp4,celebdf_real_00251,0,real
YouTube-real/00252.mp4,celebdf_real_00252,0,real
YouTube-real/00253.mp4,celebdf_real_00253,0,real
YouTube-real/00254.mp4,celebdf_real_00254,0,real
YouTube-real/00255.mp4,celebdf_real_00255,0,real
YouTube-real/00256.mp4,celebdf_real_00256,0,real
YouTube-real/00257.mp4,celebdf_real_00257,0,real
YouTube-real/00258.mp4,celebdf_real_00258,0,real
YouTube-real/00259.mp4,celebdf_real_00259,0,real
YouTube-real/00260.mp4,celebdf_real_00260,0,real
YouTube-real/00261.mp4,celebdf_real_00261,0,real
YouTube-real/00262.mp4,celebdf_real_00262,0,real
YouTube-real/00263.mp4,celebdf_real_00263,0,real
YouTube-real/00264.mp4,celebdf_real_00264,0,real
YouTube-real/00265.mp4,celebdf_real_00265,0,real
YouTube-real/00266.mp4,celebdf_real_00266,0,real
YouTube-real/00267.mp4,celebdf_real_00267,0,real
YouTube-real/00268.mp4,celebdf_real_00268,0,real
YouTube-real/00269.mp4,celebdf_real_00269,0,real
YouTube-real/00270.mp4,celebdf_real_00270,0,real
YouTube-real/00271.mp4,celebdf_real_00271,0,real
YouTube-real/00272.mp4,celebdf_real_00272,0,real
YouTube-real/00273.mp4,celebdf_real_00273,0,real
YouTube-real/00274.mp4,celebdf_real_00274,0,real
YouTube-real/00275.mp4,celebdf_real_00275,0,real
YouTube-real/00276.mp4,celebdf_real_00276,0,real
YouTube-real/00277.mp4,celebdf_real_00277,0,real
YouTube-real/00278.mp4,celebdf_real_00278,0,real
YouTube-real/00279.mp4,celebdf_real_00279,0,real
YouTube-real/00280.mp4,celebdf_real_00280,0,real
YouTube-real/00281.mp4,celebdf_real_00281,0,real
YouTube-real/00282.mp4,celebdf_real_00282,0,real
YouTube-real/00283.mp4,celebdf_real_00283,0,real
YouTube-real/00284.mp4,celebdf_real_00284,0,real
YouTube-real/00285.mp4,celebdf_real_00285,0,real
YouTube-real/00286.mp4,celebdf_real_00286,0,real
YouTube-real/00287.mp4,celebdf_real_00287,0,real
YouTube-real/00288.mp4,celebdf_real_00288,0,real
YouTube-real/00289.mp4,celebdf_real_00289,0,real
YouTube-real/00290.mp4,celebdf_real_00290,0,real
YouTube-real/00291.mp4,celebdf_real_00291,0,real
YouTube-real/00292.mp4,celebdf_real_00292,0,real
YouTube-real/00293.mp4,celebdf_real_00293,0,real
YouTube-real/00294.mp4,celebdf_real_00294,0,real
YouTube-real/00295.mp4,celebdf_real_00295,0,real
YouTube-real/00296.mp4,celebdf_real_00296,0,real
YouTube-real/00297.mp4,celebdf_real_00297,0,real
YouTube-real/00298.mp4,celebdf_real_00298,0,real
YouTube-real/00299.mp4,celebdf_real_00299,0,real
Celeb-synthesis/id0_id16_0000.mp4,celebdf_synthesis_id0_id16_0000,1,synthesis
Celeb-synthesis/id0_id16_0006.mp4,celebdf_synthesis_id0_id16_0006,1,synthesis
Celeb-synthesis/id0_id17_0002.mp4,celebdf_synthesis_id0_id17_0002,1,synthesis
Celeb-synthesis/id0_id1_0001.mp4,celebdf_synthesis_id0_id1_0001,1,synthesis
Celeb-synthesis/id0_id1_0009.mp4,celebdf_synthesis_id0_id1_0009,1,synthesis
Celeb-synthesis/id0_id20_0005.mp4,celebdf_synthesis_id0_id20_0005,1,synthesis
Celeb-synthesis/id0_id21_0003.mp4,celebdf_synthesis_id0_id21_0003,1,synthesis
Celeb-synthesis/id0_id23_0000.mp4,celebdf_synthesis_id0_id23_0000,1,synthesis
Celeb-synthesis/id0_id23_0009.mp4,celebdf_synthesis_id0_id23_0009,1,synthesis
Celeb-synthesis/id0_id26_0006.mp4,celebdf_synthesis_id0_id26_0006,1,synthesis
Celeb-synthesis/id0_id28_0002.mp4,celebdf_synthesis_id0_id28_0002,1,synthesis
Celeb-synthesis/id0_id28_0008.mp4,celebdf_synthesis_id0_id28_0008,1,synthesis
Celeb-synthesis/id0_id2_0005.mp4,celebdf_synthesis_id0_id2_0005,1,synthesis
Celeb-synthesis/id0_id3_0001.mp4,celebdf_synthesis_id0_id3_0001,1,synthesis
Celeb-synthesis/id0_id3_0007.mp4,celebdf_synthesis_id0_id3_0007,1,synthesis
Celeb-synthesis/id0_id4_0004.mp4,celebdf_synthesis_id0_id4_0004,1,synthesis
Celeb-synthesis/id0_id6_0002.mp4,celebdf_synthesis_id0_id6_0002,1,synthesis
Celeb-synthesis/id0_id9_0002.mp4,celebdf_synthesis_id0_id9_0002,1,synthesis
Celeb-synthesis/id10_id11_0001.mp4,celebdf_synthesis_id10_id11_0001,1,synthesis
Celeb-synthesis/id10_id11_0007.mp4,celebdf_synthesis_id10_id11_0007,1,synthesis
Celeb-synthesis/id10_id12_0005.mp4,celebdf_synthesis_id10_id12_0005,1,synthesis
Celeb-synthesis/id10_id13_0004.mp4,celebdf_synthesis_id10_id13_0004,1,synthesis
Celeb-synthesis/id10_id7_0002.mp4,celebdf_synthesis_id10_id7_0002,1,synthesis
Celeb-synthesis/id10_id7_0008.mp4,celebdf_synthesis_id10_id7_0008,1,synthesis
Celeb-synthesis/id11_id7_0005.mp4,celebdf_synthesis_id11_id7_0005,1,synthesis
Celeb-synthesis/id12_id10_0001.mp4,celebdf_synthesis_id12_id10_0001,1,synthesis
Celeb-synthesis/id12_id7_0001.mp4,celebdf_synthesis_id12_id7_0001,1,synthesis
Celeb-synthesis/id13_id10_0003.mp4,celebdf_synthesis_id13_id10_0003,1,synthesis
Celeb-synthesis/id13_id10_0012.mp4,celebdf_synthesis_id13_id10_0012,1,synthesis
Celeb-synthesis/id13_id7_0003.mp4,celebdf_synthesis_id13_id7_0003,1,synthesis
Celeb-synthesis/id13_id7_0012.mp4,celebdf_synthesis_id13_id7_0012,1,synthesis
Celeb-synthesis/id16_id0_0004.mp4,celebdf_synthesis_id16_id0_0004,1,synthesis
Celeb-synthesis/id16_id0_0011.mp4,celebdf_synthesis_id16_id0_0011,1,synthesis
Celeb-synthesis/id16_id17_0004.mp4,celebdf_synthesis_id16_id17_0004,1,synthesis
Celeb-synthesis/id16_id17_0011.mp4,celebdf_synthesis_id16_id17_0011,1,synthesis
Celeb-synthesis/id16_id1_0003.mp4,celebdf_synthesis_id16_id1_0003,1,synthesis
Celeb-synthesis/id16_id1_0011.mp4,celebdf_synthesis_id16_id1_0011,1,synthesis
Celeb-synthesis/id16_id20_0003.mp4,celebdf_synthesis_id16_id20_0003,1,synthesis
Celeb-synthesis/id16_id20_0010.mp4,celebdf_synthesis_id16_id20_0010,1,synthesis
Celeb-synthesis/id16_id21_0003.mp4,celebdf_synthesis_id16_id21_0003,1,synthesis
Celeb-synthesis/id16_id21_0010.mp4,celebdf_synthesis_id16_id21_0010,1,synthesis
Celeb-synthesis/id16_id23_0002.mp4,celebdf_synthesis_id16_id23_0002,1,synthesis
Celeb-synthesis/id16_id23_0011.mp4,celebdf_synthesis_id16_id23_0011,1,synthesis
Celeb-synthesis/id16_id26_0003.mp4,celebdf_synthesis_id16_id26_0003,1,synthesis
Celeb-synthesis/id16_id26_0010.mp4,celebdf_synthesis_id16_id26_0010,1,synthesis
Celeb-synthesis/id16_id28_0003.mp4,celebdf_synthesis_id16_id28_0003,1,synthesis
Celeb-synthesis/id16_id28_0010.mp4,celebdf_synthesis_id16_id28_0010,1,synthesis
Celeb-synthesis/id16_id2_0002.mp4,celebdf_synthesis_id16_id2_0002,1,synthesis
Celeb-synthesis/id16_id2_0010.mp4,celebdf_synthesis_id16_id2_0010,1,synthesis
Celeb-synthesis/id16_id30_0002.mp4,celebdf_synthesis_id16_id30_0002,1,synthesis
Celeb-synthesis/id16_id30_0010.mp4,celebdf_synthesis_id16_id30_0010,1,synthesis
Celeb-synthesis/id16_id31_0003.mp4,celebdf_synthesis_id16_id31_0003,1,synthesis
Celeb-synthesis/id16_id31_0011.mp4,celebdf_synthesis_id16_id31_0011,1,synthesis
Celeb-synthesis/id16_id35_0003.mp4,celebdf_synthesis_id16_id35_0003,1,synthesis
Celeb-synthesis/id16_id35_0011.mp4,celebdf_synthesis_id16_id35_0011,1,synthesis
Celeb-synthesis/id16_id37_0003.mp4,celebdf_synthesis_id16_id37_0003,1,synthesis
Celeb-synthesis/id16_id37_0012.mp4,celebdf_synthesis_id16_id37_0012,1,synthesis
Celeb-synthesis/id16_id3_0005.mp4,celebdf_synthesis_id16_id3_0005,1,synthesis
Celeb-synthesis/id16_id3_0012.mp4,celebdf_synthesis_id16_id3_0012,1,synthesis
Celeb-synthesis/id16_id6_0004.mp4,celebdf_synthesis_id16_id6_0004,1,synthesis
Celeb-synthesis/id16_id6_0012.mp4,celebdf_synthesis_id16_id6_0012,1,synthesis
Celeb-synthesis/id16_id9_0004.mp4,celebdf_synthesis_id16_id9_0004,1,synthesis
Celeb-synthesis/id16_id9_0011.mp4,celebdf_synthesis_id16_id9_0011,1,synthesis
Celeb-synthesis/id17_id0_0004.mp4,celebdf_synthesis_id17_id0_0004,1,synthesis
Celeb-synthesis/id17_id16_0001.mp4,celebdf_synthesis_id17_id16_0001,1,synthesis
Celeb-synthesis/id17_id16_0007.mp4,celebdf_synthesis_id17_id16_0007,1,synthesis
Celeb-synthesis/id17_id1_0005.mp4,celebdf_synthesis_id17_id1_0005,1,synthesis
Celeb-synthesis/id17_id20_0002.mp4,celebdf_synthesis_id17_id20_0002,1,synthesis
Celeb-synthesis/id17_id20_0009.mp4,celebdf_synthesis_id17_id20_0009,1,synthesis
Celeb-synthesis/id17_id21_0006.mp4,celebdf_synthesis_id17_id21_0006,1,synthesis
Celeb-synthesis/id17_id23_0004.mp4,celebdf_synthesis_id17_id23_0004,1,synthesis
Celeb-synthesis/id17_id26_0001.mp4,celebdf_synthesis_id17_id26_0001,1,synthesis
Celeb-synthesis/id17_id26_0009.mp4,celebdf_synthesis_id17_id26_0009,1,synthesis
Celeb-synthesis/id17_id28_0005.mp4,celebdf_synthesis_id17_id28_0005,1,synthesis
Celeb-synthesis/id17_id2_0002.mp4,celebdf_synthesis_id17_id2_0002,1,synthesis
Celeb-synthesis/id17_id30_0000.mp4,celebdf_synthesis_id17_id30_0000,1,synthesis
Celeb-synthesis/id17_id30_0006.mp4,celebdf_synthesis_id17_id30_0006,1,synthesis
Celeb-synthesis/id17_id31_0003.mp4,celebdf_synthesis_id17_id31_0003,1,synthesis
Celeb-synthesis/id17_id35_0001.mp4,celebdf_synthesis_id17_id35_0001,1,synthesis
Celeb-synthesis/id17_id35_0007.mp4,celebdf_synthesis_id17_id35_0007,1,synthesis
Celeb-synthesis/id17_id37_0004.mp4,celebdf_synthesis_id17_id37_0004,1,synthesis
Celeb-synthesis/id17_id3_0002.mp4,celebdf_synthesis_id17_id3_0002,1,synthesis
Celeb-synthesis/id17_id3_0009.mp4,celebdf_synthesis_id17_id3_0009,1,synthesis
Celeb-synthesis/id17_id6_0005.mp4,celebdf_synthesis_id17_id6_0005,1,synthesis
Celeb-synthesis/id17_id9_0003.mp4,celebdf_synthesis_id17_id9_0003,1,synthesis
Celeb-synthesis/id19_id20_0000.mp4,celebdf_synthesis_id19_id20_0000,1,synthesis
Celeb-synthesis/id19_id20_0008.mp4,celebdf_synthesis_id19_id20_0008,1,synthesis
Celeb-synthesis/id19_id21_0007.mp4,celebdf_synthesis_id19_id21_0007,1,synthesis
Celeb-synthesis/id19_id22_0004.mp4,celebdf_synthesis_id19_id22_0004,1,synthesis
Celeb-synthesis/id19_id23_0000.mp4,celebdf_synthesis_id19_id23_0000,1,synthesis
Celeb-synthesis/id19_id23_0008.mp4,celebdf_synthesis_id19_id23_0008,1,synthesis
Celeb-synthesis/id19_id24_0008.mp4,celebdf_synthesis_id19_id24_0008,1,synthesis
Celeb-synthesis/id19_id25_0005.mp4,celebdf_synthesis_id19_id25_0005,1,synthesis
Celeb-synthesis/id19_id26_0004.mp4,celebdf_synthesis_id19_id26_0004,1,synthesis
Celeb-synthesis/id19_id27_0002.mp4,celebdf_synthesis_id19_id27_0002,1,synthesis
Celeb-synthesis/id19_id28_0000.mp4,celebdf_synthesis_id19_id28_0000,1,synthesis
Celeb-synthesis/id19_id28_0008.mp4,celebdf_synthesis_id19_id28_0008,1,synthesis
Celeb-synthesis/id1_id0_0004.mp4,celebdf_synthesis_id1_id0_0004,1,synthesis
Celeb-synthesis/id1_id16_0001.mp4,celebdf_synthesis_id1_id16_0001,1,synthesis
Celeb-synthesis/id1_id16_0009.mp4,celebdf_synthesis_id1_id16_0009,1,synthesis
Celeb-synthesis/id1_id17_0005.mp4,celebdf_synthesis_id1_id17_0005,1,synthesis
Celeb-synthesis/id1_id20_0002.mp4,celebdf_synthesis_id1_id20_0002,1,synthesis
Celeb-synthesis/id1_id21_0000.mp4,celebdf_synthesis_id1_id21_0000,1,synthesis
Celeb-synthesis/id1_id21_0006.mp4,celebdf_synthesis_id1_id21_0006,1,synthesis
Celeb-synthesis/id1_id23_0004.mp4,celebdf_synthesis_id1_id23_0004,1,synthesis
Celeb-synthesis/id1_id26_0002.mp4,celebdf_synthesis_id1_id26_0002,1,synthesis
Celeb-synthesis/id1_id26_0008.mp4,celebdf_synthesis_id1_id26_0008,1,synthesis
Celeb-synthesis/id1_id28_0004.mp4,celebdf_synthesis_id1_id28_0004,1,synthesis
Celeb-synthesis/id1_id2_0002.mp4,celebdf_synthesis_id1_id2_0002,1,synthesis
Celeb-synthesis/id1_id2_0009.mp4,celebdf_synthesis_id1_id2_0009,1,synthesis
Celeb-synthesis/id1_id30_0005.mp4,celebdf_synthesis_id1_id30_0005,1,synthesis
Celeb-synthesis/id1_id31_0003.mp4,celebdf_synthesis_id1_id31_0003,1,synthesis
Celeb-synthesis/id1_id35_0000.mp4,celebdf_synthesis_id1_id35_0000,1,synthesis
Celeb-synthesis/id1_id35_0006.mp4,celebdf_synthesis_id1_id35_0006,1,synthesis
Celeb-synthesis/id1_id37_0004.mp4,celebdf_synthesis_id1_id37_0004,1,synthesis
Celeb-synthesis/id1_id3_0001.mp4,celebdf_synthesis_id1_id3_0001,1,synthesis
Celeb-synthesis/id1_id3_0007.mp4,celebdf_synthesis_id1_id3_0007,1,synthesis
Celeb-synthesis/id1_id4_0005.mp4,celebdf_synthesis_id1_id4_0005,1,synthesis
Celeb-synthesis/id1_id6_0002.mp4,celebdf_synthesis_id1_id6_0002,1,synthesis
Celeb-synthesis/id1_id6_0009.mp4,celebdf_synthesis_id1_id6_0009,1,synthesis
Celeb-synthesis/id1_id9_0006.mp4,celebdf_synthesis_id1_id9_0006,1,synthesis
Celeb-synthesis/id20_id0_0003.mp4,celebdf_synthesis_id20_id0_0003,1,synthesis
Celeb-synthesis/id20_id16_0001.mp4,celebdf_synthesis_id20_id16_0001,1,synthesis
Celeb-synthesis/id20_id16_0009.mp4,celebdf_synthesis_id20_id16_0009,1,synthesis
Celeb-synthesis/id20_id17_0006.mp4,celebdf_synthesis_id20_id17_0006,1,synthesis
Celeb-synthesis/id20_id19_0006.mp4,celebdf_synthesis_id20_id19_0006,1,synthesis
Celeb-synthesis/id20_id1_0004.mp4,celebdf_synthesis_id20_id1_0004,1,synthesis
Celeb-synthesis/id20_id21_0000.mp4,celebdf_synthesis_id20_id21_0000,1,synthesis
Celeb-synthesis/id20_id21_0009.mp4,celebdf_synthesis_id20_id21_0009,1,synthesis
Celeb-synthesis/id20_id22_0008.mp4,celebdf_synthesis_id20_id22_0008,1,synthesis
Celeb-synthesis/id20_id23_0006.mp4,celebdf_synthesis_id20_id23_0006,1,synthesis
Celeb-synthesis/id20_id24_0003.mp4,celebdf_synthesis_id20_id24_0003,1,synthesis
Celeb-synthesis/id20_id25_0001.mp4,celebdf_synthesis_id20_id25_0001,1,synthesis
Celeb-synthesis/id20_id26_0002.mp4,celebdf_synthesis_id20_id26_0002,1,synthesis
Celeb-synthesis/id20_id27_0008.mp4,celebdf_synthesis_id20_id27_0008,1,synthesis
Celeb-synthesis/id20_id28_0005.mp4,celebdf_synthesis_id20_id28_0005,1,synthesis
Celeb-synthesis/id20_id29_0003.mp4,celebdf_synthesis_id20_id29_0003,1,synthesis
Celeb-synthesis/id20_id2_0002.mp4,celebdf_synthesis_id20_id2_0002,1,synthesis
Celeb-synthesis/id20_id2_0009.mp4,celebdf_synthesis_id20_id2_0009,1,synthesis
Celeb-synthesis/id20_id30_0006.mp4,celebdf_synthesis_id20_id30_0006,1,synthesis
Celeb-synthesis/id20_id31_0005.mp4,celebdf_synthesis_id20_id31_0005,1,synthesis
Celeb-synthesis/id20_id32_0001.mp4,celebdf_synthesis_id20_id32_0001,1,synthesis
Celeb-synthesis/id20_id32_0008.mp4,celebdf_synthesis_id20_id32_0008,1,synthesis
Celeb-synthesis/id20_id33_0006.mp4,celebdf_synthesis_id20_id33_0006,1,synthesis
Celeb-synthesis/id20_id34_0003.mp4,celebdf_synthesis_id20_id34_0003,1,synthesis
Celeb-synthesis/id20_id35_0002.mp4,celebdf_synthesis_id20_id35_0002,1,synthesis
Celeb-synthesis/id20_id35_0009.mp4,celebdf_synthesis_id20_id35_0009,1,synthesis
Celeb-synthesis/id20_id37_0006.mp4,celebdf_synthesis_id20_id37_0006,1,synthesis
Celeb-synthesis/id20_id38_0006.mp4,celebdf_synthesis_id20_id38_0006,1,synthesis
Celeb-synthesis/id20_id3_0004.mp4,celebdf_synthesis_id20_id3_0004,1,synthesis
Celeb-synthesis/id20_id4_0000.mp4,celebdf_synthesis_id20_id4_0000,1,synthesis
Celeb-synthesis/id20_id4_0006.mp4,celebdf_synthesis_id20_id4_0006,1,synthesis
Celeb-synthesis/id20_id6_0008.mp4,celebdf_synthesis_id20_id6_0008,1,synthesis
Celeb-synthesis/id20_id9_0004.mp4,celebdf_synthesis_id20_id9_0004,1,synthesis
Celeb-synthesis/id21_id0_0000.mp4,celebdf_synthesis_id21_id0_0000,1,synthesis
Celeb-synthesis/id21_id0_0009.mp4,celebdf_synthesis_id21_id0_0009,1,synthesis
Celeb-synthesis/id21_id16_0006.mp4,celebdf_synthesis_id21_id16_0006,1,synthesis
Celeb-synthesis/id21_id17_0002.mp4,celebdf_synthesis_id21_id17_0002,1,synthesis
Celeb-synthesis/id21_id19_0002.mp4,celebdf_synthesis_id21_id19_0002,1,synthesis
Celeb-synthesis/id21_id1_0001.mp4,celebdf_synthesis_id21_id1_0001,1,synthesis
Celeb-synthesis/id21_id1_0008.mp4,celebdf_synthesis_id21_id1_0008,1,synthesis
Celeb-synthesis/id21_id20_0007.mp4,celebdf_synthesis_id21_id20_0007,1,synthesis
Celeb-synthesis/id21_id22_0008.mp4,celebdf_synthesis_id21_id22_0008,1,synthesis
Celeb-synthesis/id21_id23_0007.mp4,celebdf_synthesis_id21_id23_0007,1,synthesis
Celeb-synthesis/id21_id24_0006.mp4,celebdf_synthesis_id21_id24_0006,1,synthesis
Celeb-synthesis/id21_id25_0006.mp4,celebdf_synthesis_id21_id25_0006,1,synthesis
Celeb-synthesis/id21_id26_0006.mp4,celebdf_synthesis_id21_id26_0006,1,synthesis
Celeb-synthesis/id21_id27_0006.mp4,celebdf_synthesis_id21_id27_0006,1,synthesis
Celeb-synthesis/id21_id28_0002.mp4,celebdf_synthesis_id21_id28_0002,1,synthesis
Celeb-synthesis/id21_id29_0000.mp4,celebdf_synthesis_id21_id29_0000,1,synthesis
Celeb-synthesis/id21_id29_0008.mp4,celebdf_synthesis_id21_id29_0008,1,synthesis
Celeb-synthesis/id21_id2_0005.mp4,celebdf_synthesis_id21_id2_0005,1,synthesis
Celeb-synthesis/id21_id30_0001.mp4,celebdf_synthesis_id21_id30_0001,1,synthesis
Celeb-synthesis/id21_id30_0009.mp4,celebdf_synthesis_id21_id30_0009,1,synthesis
Celeb-synthesis/id21_id31_0006.mp4,celebdf_synthesis_id21_id31_0006,1,synthesis
Celeb-synthesis/id21_id32_0005.mp4,celebdf_synthesis_id21_id32_0005,1,synthesis
Celeb-synthesis/id21_id33_0004.mp4,celebdf_synthesis_id21_id33_0004,1,synthesis
Celeb-synthesis/id21_id34_0000.mp4,celebdf_synthesis_id21_id34_0000,1,synthesis
Celeb-synthesis/id21_id34_0007.mp4,celebdf_synthesis_id21_id34_0007,1,synthesis
Celeb-synthesis/id21_id35_0006.mp4,celebdf_synthesis_id21_id35_0006,1,synthesis
Celeb-synthesis/id21_id37_0002.mp4,celebdf_synthesis_id21_id37_0002,1,synthesis
Celeb-synthesis/id21_id37_0009.mp4,celebdf_synthesis_id21_id37_0009,1,synthesis
Celeb-synthesis/id21_id38_0007.mp4,celebdf_synthesis_id21_id38_0007,1,synthesis
Celeb-synthesis/id21_id3_0008.mp4,celebdf_synthesis_id21_id3_0008,1,synthesis
Celeb-synthesis/id21_id6_0002.mp4,celebdf_synthesis_id21_id6_0002,1,synthesis
Celeb-synthesis/id21_id9_0001.mp4,celebdf_synthesis_id21_id9_0001,1,synthesis
Celeb-synthesis/id21_id9_0008.mp4,celebdf_synthesis_id21_id9_0008,1,synthesis
Celeb-synthesis/id22_id19_0006.mp4,celebdf_synthesis_id22_id19_0006,1,synthesis
Celeb-synthesis/id22_id21_0002.mp4,celebdf_synthesis_id22_id21_0002,1,synthesis
Celeb-synthesis/id22_id23_0005.mp4,celebdf_synthesis_id22_id23_0005,1,synthesis
Celeb-synthesis/id22_id24_0005.mp4,celebdf_synthesis_id22_id24_0005,1,synthesis
Celeb-synthesis/id22_id25_0005.mp4,celebdf_synthesis_id22_id25_0005,1,synthesis
Celeb-synthesis/id22_id26_0004.mp4,celebdf_synthesis_id22_id26_0004,1,synthesis
Celeb-synthesis/id22_id27_0004.mp4,celebdf_synthesis_id22_id27_0004,1,synthesis
Celeb-synthesis/id22_id28_0006.mp4,celebdf_synthesis_id22_id28_0006,1,synthesis
Celeb-synthesis/id23_id0_0003.mp4,celebdf_synthesis_id23_id0_0003,1,synthesis
Celeb-synthesis/id23_id16_0000.mp4,celebdf_synthesis_id23_id16_0000,1,synthesis
Celeb-synthesis/id23_id16_0007.mp4,celebdf_synthesis_id23_id16_0007,1,synthesis
Celeb-synthesis/id23_id17_0004.mp4,celebdf_synthesis_id23_id17_0004,1,synthesis
Celeb-synthesis/id23_id19_0003.mp4,celebdf_synthesis_id23_id19_0003,1,synthesis
Celeb-synthesis/id23_id1_0004.mp4,celebdf_synthesis_id23_id1_0004,1,synthesis
Celeb-synthesis/id23_id20_0001.mp4,celebdf_synthesis_id23_id20_0001,1,synthesis
Celeb-synthesis/id23_id20_0009.mp4,celebdf_synthesis_id23_id20_0009,1,synthesis
Celeb-synthesis/id23_id22_0000.mp4,celebdf_synthesis_id23_id22_0000,1,synthesis
Celeb-synthesis/id23_id24_0000.mp4,celebdf_synthesis_id23_id24_0000,1,synthesis
Celeb-synthesis/id23_id24_0007.mp4,celebdf_synthesis_id23_id24_0007,1,synthesis
Celeb-synthesis/id23_id25_0007.mp4,celebdf_synthesis_id23_id25_0007,1,synthesis
Celeb-synthesis/id23_id26_0006.mp4,celebdf_synthesis_id23_id26_0006,1,synthesis
Celeb-synthesis/id23_id27_0003.mp4,celebdf_synthesis_id23_id27_0003,1,synthesis
Celeb-synthesis/id23_id28_0003.mp4,celebdf_synthesis_id23_id28_0003,1,synthesis
Celeb-synthesis/id23_id29_0001.mp4,celebdf_synthesis_id23_id29_0001,1,synthesis
Celeb-synthesis/id23_id29_0007.mp4,celebdf_synthesis_id23_id29_0007,1,synthesis
Celeb-synthesis/id23_id2_0005.mp4,celebdf_synthesis_id23_id2_0005,1,synthesis
Celeb-synthesis/id23_id30_0002.mp4,celebdf_synthesis_id23_id30_0002,1,synthesis
Celeb-synthesis/id23_id30_0009.mp4,celebdf_synthesis_id23_id30_0009,1,synthesis
Celeb-synthesis/id23_id31_0007.mp4,celebdf_synthesis_id23_id31_0007,1,synthesis
Celeb-synthesis/id23_id32_0006.mp4,celebdf_synthesis_id23_id32_0006,1,synthesis
Celeb-synthesis/id23_id33_0003.mp4,celebdf_synthesis_id23_id33_0003,1,synthesis
Celeb-synthesis/id23_id34_0002.mp4,celebdf_synthesis_id23_id34_0002,1,synthesis
Celeb-synthesis/id23_id35_0000.mp4,celebdf_synthesis_id23_id35_0000,1,synthesis
Celeb-synthesis/id23_id35_0007.mp4,celebdf_synthesis_id23_id35_0007,1,synthesis
Celeb-synthesis/id23_id37_0005.mp4,celebdf_synthesis_id23_id37_0005,1,synthesis
Celeb-synthesis/id23_id38_0001.mp4,celebdf_synthesis_id23_id38_0001,1,synthesis
Celeb-synthesis/id23_id38_0007.mp4,celebdf_synthesis_id23_id38_0007,1,synthesis
Celeb-synthesis/id23_id3_0006.mp4,celebdf_synthesis_id23_id3_0006,1,synthesis
Celeb-synthesis/id23_id4_0003.mp4,celebdf_synthesis_id23_id4_0003,1,synthesis
Celeb-synthesis/id23_id6_0000.mp4,celebdf_synthesis_id23_id6_0000,1,synthesis
Celeb-synthesis/id23_id6_0007.mp4,celebdf_synthesis_id23_id6_0007,1,synthesis
Celeb-synthesis/id23_id9_0004.mp4,celebdf_synthesis_id23_id9_0004,1,synthesis
Celeb-synthesis/id24_id19_0000.mp4,celebdf_synthesis_id24_id19_0000,1,synthesis
Celeb-synthesis/id24_id20_0000.mp4,celebdf_synthesis_id24_id20_0000,1,synthesis
Celeb-synthesis/id24_id20_0007.mp4,celebdf_synthesis_id24_id20_0007,1,synthesis
Celeb-synthesis/id24_id21_0004.mp4,celebdf_synthesis_id24_id21_0004,1,synthesis
Celeb-synthesis/id24_id22_0001.mp4,celebdf_synthesis_id24_id22_0001,1,synthesis
Celeb-synthesis/id24_id22_0007.mp4,celebdf_synthesis_id24_id22_0007,1,synthesis
Celeb-synthesis/id24_id23_0004.mp4,celebdf_synthesis_id24_id23_0004,1,synthesis
Celeb-synthesis/id24_id25_0003.mp4,celebdf_synthesis_id24_id25_0003,1,synthesis
Celeb-synthesis/id24_id25_0009.mp4,celebdf_synthesis_id24_id25_0009,1,synthesis
Celeb-synthesis/id24_id26_0006.mp4,celebdf_synthesis_id24_id26_0006,1,synthesis
Celeb-synthesis/id24_id27_0004.mp4,celebdf_synthesis_id24_id27_0004,1,synthesis
Celeb-synthesis/id24_id28_0000.mp4,celebdf_synthesis_id24_id28_0000,1,synthesis
Celeb-synthesis/id24_id28_0007.mp4,celebdf_synthesis_id24_id28_0007,1,synthesis
Celeb-synthesis/id25_id19_0010.mp4,celebdf_synthesis_id25_id19_0010,1,synthesis
Celeb-synthesis/id25_id20_0010.mp4,celebdf_synthesis_id25_id20_0010,1,synthesis
Celeb-synthesis/id25_id21_0010.mp4,celebdf_synthesis_id25_id21_0010,1,synthesis
Celeb-synthesis/id25_id23_0000.mp4,celebdf_synthesis_id25_id23_0000,1,synthesis
Celeb-synthesis/id25_id23_0010.mp4,celebdf_synthesis_id25_id23_0010,1,synthesis
Celeb-synthesis/id25_id24_0010.mp4,celebdf_synthesis_id25_id24_0010,1,synthesis
Celeb-synthesis/id25_id26_0007.mp4,celebdf_synthesis_id25_id26_0007,1,synthesis
Celeb-synthesis/id25_id27_0005.mp4,celebdf_synthesis_id25_id27_0005,1,synthesis
Celeb-synthesis/id25_id28_0003.mp4,celebdf_synthesis_id25_id28_0003,1,synthesis
Celeb-synthesis/id26_id0_0003.mp4,celebdf_synthesis_id26_id0_0003,1,synthesis
Celeb-synthesis/id26_id16_0001.mp4,celebdf_synthesis_id26_id16_0001,1,synthesis
Celeb-synthesis/id26_id17_0003.mp4,celebdf_synthesis_id26_id17_0003,1,synthesis
Celeb-synthesis/id26_id19_0003.mp4,celebdf_synthesis_id26_id19_0003,1,synthesis
Celeb-synthesis/id26_id1_0003.mp4,celebdf_synthesis_id26_id1_0003,1,synthesis
Celeb-synthesis/id26_id20_0004.mp4,celebdf_synthesis_id26_id20_0004,1,synthesis
Celeb-synthesis/id26_id21_0005.mp4,celebdf_synthesis_id26_id21_0005,1,synthesis
Celeb-synthesis/id26_id22_0005.mp4,celebdf_synthesis_id26_id22_0005,1,synthesis
Celeb-synthesis/id26_id24_0001.mp4,celebdf_synthesis_id26_id24_0001,1,synthesis
Celeb-synthesis/id26_id25_0002.mp4,celebdf_synthesis_id26_id25_0002,1,synthesis
Celeb-synthesis/id26_id25_0009.mp4,celebdf_synthesis_id26_id25_0009,1,synthesis
Celeb-synthesis/id26_id28_0000.mp4,celebdf_synthesis_id26_id28_0000,1,synthesis
Celeb-synthesis/id26_id28_0008.mp4,celebdf_synthesis_id26_id28_0008,1,synthesis
Celeb-synthesis/id26_id29_0009.mp4,celebdf_synthesis_id26_id29_0009,1,synthesis
Celeb-synthesis/id26_id2_0006.mp4,celebdf_synthesis_id26_id2_0006,1,synthesis
Celeb-synthesis/id26_id30_0004.mp4,celebdf_synthesis_id26_id30_0004,1,synthesis
Celeb-synthesis/id26_id31_0004.mp4,celebdf_synthesis_id26_id31_0004,1,synthesis
Celeb-synthesis/id26_id32_0004.mp4,celebdf_synthesis_id26_id32_0004,1,synthesis
Celeb-synthesis/id26_id33_0006.mp4,celebdf_synthesis_id26_id33_0006,1,synthesis
Celeb-synthesis/id26_id35_0000.mp4,celebdf_synthesis_id26_id35_0000,1,synthesis
Celeb-synthesis/id26_id37_0000.mp4,celebdf_synthesis_id26_id37_0000,1,synthesis
Celeb-synthesis/id26_id37_0006.mp4,celebdf_synthesis_id26_id37_0006,1,synthesis
Celeb-synthesis/id26_id38_0004.mp4,celebdf_synthesis_id26_id38_0004,1,synthesis
Celeb-synthesis/id26_id3_0005.mp4,celebdf_synthesis_id26_id3_0005,1,synthesis
Celeb-synthesis/id26_id4_0004.mp4,celebdf_synthesis_id26_id4_0004,1,synthesis
Celeb-synthesis/id26_id6_0006.mp4,celebdf_synthesis_id26_id6_0006,1,synthesis
Celeb-synthesis/id26_id9_0006.mp4,celebdf_synthesis_id26_id9_0006,1,synthesis
Celeb-synthesis/id27_id19_0004.mp4,celebdf_synthesis_id27_id19_0004,1,synthesis
Celeb-synthesis/id27_id20_0001.mp4,celebdf_synthesis_id27_id20_0001,1,synthesis
Celeb-synthesis/id27_id20_0009.mp4,celebdf_synthesis_id27_id20_0009,1,synthesis
Celeb-synthesis/id27_id21_0006.mp4,celebdf_synthesis_id27_id21_0006,1,synthesis
Celeb-synthesis/id27_id22_0002.mp4,celebdf_synthesis_id27_id22_0002,1,synthesis
Celeb-synthesis/id27_id23_0001.mp4,celebdf_synthesis_id27_id23_0001,1,synthesis
Celeb-synthesis/id27_id23_0009.mp4,celebdf_synthesis_id27_id23_0009,1,synthesis
Celeb-synthesis/id27_id24_0006.mp4,celebdf_synthesis_id27_id24_0006,1,synthesis
Celeb-synthesis/id27_id25_0003.mp4,celebdf_synthesis_id27_id25_0003,1,synthesis
Celeb-synthesis/id27_id26_0000.mp4,celebdf_synthesis_id27_id26_0000,1,synthesis
Celeb-synthesis/id27_id26_0007.mp4,celebdf_synthesis_id27_id26_0007,1,synthesis
Celeb-synthesis/id27_id28_0006.mp4,celebdf_synthesis_id27_id28_0006,1,synthesis
Celeb-synthesis/id28_id0_0002.mp4,celebdf_synthesis_id28_id0_0002,1,synthesis
Celeb-synthesis/id28_id0_0008.mp4,celebdf_synthesis_id28_id0_0008,1,synthesis
Celeb-synthesis/id28_id16_0006.mp4,celebdf_synthesis_id28_id16_0006,1,synthesis
Celeb-synthesis/id28_id17_0002.mp4,celebdf_synthesis_id28_id17_0002,1,synthesis
Celeb-synthesis/id28_id17_0008.mp4,celebdf_synthesis_id28_id17_0008,1,synthesis
Celeb-synthesis/id28_id19_0005.mp4,celebdf_synthesis_id28_id19_0005,1,synthesis
Celeb-synthesis/id28_id1_0002.mp4,celebdf_synthesis_id28_id1_0002,1,synthesis
Celeb-synthesis/id28_id1_0009.mp4,celebdf_synthesis_id28_id1_0009,1,synthesis
Celeb-synthesis/id28_id20_0006.mp4,celebdf_synthesis_id28_id20_0006,1,synthesis
Celeb-synthesis/id28_id21_0003.mp4,celebdf_synthesis_id28_id21_0003,1,synthesis
Celeb-synthesis/id28_id22_0000.mp4,celebdf_synthesis_id28_id22_0000,1,synthesis
Celeb-synthesis/id28_id22_0007.mp4,celebdf_synthesis_id28_id22_0007,1,synthesis
Celeb-synthesis/id28_id23_0005.mp4,celebdf_synthesis_id28_id23_0005,1,synthesis
Celeb-synthesis/id28_id24_0002.mp4,celebdf_synthesis_id28_id24_0002,1,synthesis
Celeb-synthesis/id28_id25_0000.mp4,celebdf_synthesis_id28_id25_0000,1,synthesis
Celeb-synthesis/id28_id25_0008.mp4,celebdf_synthesis_id28_id25_0008,1,synthesis
Celeb-synthesis/id28_id26_0004.mp4,celebdf_synthesis_id28_id26_0004,1,synthesis
Celeb-synthesis/id28_id27_0001.mp4,celebdf_synthesis_id28_id27_0001,1,synthesis
Celeb-synthesis/id28_id27_0008.mp4,celebdf_synthesis_id28_id27_0008,1,synthesis
Celeb-synthesis/id28_id29_0005.mp4,celebdf_synthesis_id28_id29_0005,1,synthesis
Celeb-synthesis/id28_id2_0002.mp4,celebdf_synthesis_id28_id2_0002,1,synthesis
Celeb-synthesis/id28_id2_0008.mp4,celebdf_synthesis_id28_id2_0008,1,synthesis
Celeb-synthesis/id28_id30_0004.mp4,celebdf_synthesis_id28_id30_0004,1,synthesis
Celeb-synthesis/id28_id31_0001.mp4,celebdf_synthesis_id28_id31_0001,1,synthesis
Celeb-synthesis/id28_id31_0009.mp4,celebdf_synthesis_id28_id31_0009,1,synthesis
Celeb-synthesis/id28_id32_0005.mp4,celebdf_synthesis_id28_id32_0005,1,synthesis
Celeb-synthesis/id28_id33_0003.mp4,celebdf_synthesis_id28_id33_0003,1,synthesis
Celeb-synthesis/id28_id34_0000.mp4,celebdf_synthesis_id28_id34_0000,1,synthesis
Celeb-synthesis/id28_id34_0008.mp4,celebdf_synthesis_id28_id34_0008,1,synthesis
Celeb-synthesis/id28_id35_0005.mp4,celebdf_synthesis_id28_id35_0005,1,synthesis
Celeb-synthesis/id28_id37_0002.mp4,celebdf_synthesis_id28_id37_0002,1,synthesis
Celeb-synthesis/id28_id37_0008.mp4,celebdf_synthesis_id28_id37_0008,1,synthesis
Celeb-synthesis/id28_id38_0005.mp4,celebdf_synthesis_id28_id38_0005,1,synthesis
Celeb-synthesis/id28_id3_0001.mp4,celebdf_synthesis_id28_id3_0001,1,synthesis
Celeb-synthesis/id28_id3_0007.mp4,celebdf_synthesis_id28_id3_0007,1,synthesis
Celeb-synthesis/id28_id4_0004.mp4,celebdf_synthesis_id28_id4_0004,1,synthesis
Celeb-synthesis/id28_id6_0001.mp4,celebdf_synthesis_id28_id6_0001,1,synthesis
Celeb-synthesis/id28_id6_0007.mp4,celebdf_synthesis_id28_id6_0007,1,synthesis
Celeb-synthesis/id28_id9_0004.mp4,celebdf_synthesis_id28_id9_0004,1,synthesis
Celeb-synthesis/id29_id20_0000.mp4,celebdf_synthesis_id29_id20_0000,1,synthesis
Celeb-synthesis/id29_id20_0009.mp4,celebdf_synthesis_id29_id20_0009,1,synthesis
Celeb-synthesis/id29_id21_0009.mp4,celebdf_synthesis_id29_id21_0009,1,synthesis
Celeb-synthesis/id29_id23_0007.mp4,celebdf_synthesis_id29_id23_0007,1,synthesis
Celeb-synthesis/id29_id26_0007.mp4,celebdf_synthesis_id29_id26_0007,1,synthesis
Celeb-synthesis/id29_id28_0006.mp4,celebdf_synthesis_id29_id28_0006,1,synthesis
Celeb-synthesis/id29_id30_0003.mp4,celebdf_synthesis_id29_id30_0003,1,synthesis
Celeb-synthesis/id29_id30_0009.mp4,celebdf_synthesis_id29_id30_0009,1,synthesis
Celeb-synthesis/id29_id31_0009.mp4,celebdf_synthesis_id29_id31_0009,1,synthesis
Celeb-synthesis/id29_id32_0006.mp4,celebdf_synthesis_id29_id32_0006,1,synthesis
Celeb-synthesis/id29_id33_0006.mp4,celebdf_synthesis_id29_id33_0006,1,synthesis
Celeb-synthesis/id29_id34_0004.mp4,celebdf_synthesis_id29_id34_0004,1,synthesis
Celeb-synthesis/id29_id35_0000.mp4,celebdf_synthesis_id29_id35_0000,1,synthesis
Celeb-synthesis/id29_id35_0008.mp4,celebdf_synthesis_id29_id35_0008,1,synthesis
Celeb-synthesis/id29_id37_0006.mp4,celebdf_synthesis_id29_id37_0006,1,synthesis
Celeb-synthesis/id29_id38_0002.mp4,celebdf_synthesis_id29_id38_0002,1,synthesis
Celeb-synthesis/id29_id38_0008.mp4,celebdf_synthesis_id29_id38_0008,1,synthesis
Celeb-synthesis/id2_id0_0005.mp4,celebdf_synthesis_id2_id0_0005,1,synthesis
Celeb-synthesis/id2_id16_0001.mp4,celebdf_synthesis_id2_id16_0001,1,synthesis
Celeb-synthesis/id2_id16_0007.mp4,celebdf_synthesis_id2_id16_0007,1,synthesis
Celeb-synthesis/id2_id17_0004.mp4,celebdf_synthesis_id2_id17_0004,1,synthesis
Celeb-synthesis/id2_id1_0000.mp4,celebdf_synthesis_id2_id1_0000,1,synthesis
Celeb-synthesis/id2_id1_0006.mp4,celebdf_synthesis_id2_id1_0006,1,synthesis
Celeb-synthesis/id2_id20_0003.mp4,celebdf_synthesis_id2_id20_0003,1,synthesis
Celeb-synthesis/id2_id20_0009.mp4,celebdf_synthesis_id2_id20_0009,1,synthesis
Celeb-synthesis/id2_id21_0006.mp4,celebdf_synthesis_id2_id21_0006,1,synthesis
Celeb-synthesis/id2_id23_0003.mp4,celebdf_synthesis_id2_id23_0003,1,synthesis
Celeb-synthesis/id2_id26_0000.mp4,celebdf_synthesis_id2_id26_0000,1,synthesis
Celeb-synthesis/id2_id26_0007.mp4,celebdf_synthesis_id2_id26_0007,1,synthesis
Celeb-synthesis/id2_id28_0004.mp4,celebdf_synthesis_id2_id28_0004,1,synthesis
Celeb-synthesis/id2_id30_0000.mp4,celebdf_synthesis_id2_id30_0000,1,synthesis
Celeb-synthesis/id2_id30_0006.mp4,celebdf_synthesis_id2_id30_0006,1,synthesis
Celeb-synthesis/id2_id31_0007.mp4,celebdf_synthesis_id2_id31_0007,1,synthesis
Celeb-synthesis/id2_id35_0004.mp4,celebdf_synthesis_id2_id35_0004,1,synthesis
Celeb-synthesis/id2_id37_0000.mp4,celebdf_synthesis_id2_id37_0000,1,synthesis
Celeb-synthesis/id2_id37_0008.mp4,celebdf_synthesis_id2_id37_0008,1,synthesis
Celeb-synthesis/id2_id3_0004.mp4,celebdf_synthesis_id2_id3_0004,1,synthesis
Celeb-synthesis/id2_id4_0000.mp4,celebdf_synthesis_id2_id4_0000,1,synthesis
Celeb-synthesis/id2_id4_0009.mp4,celebdf_synthesis_id2_id4_0009,1,synthesis
Celeb-synthesis/id2_id6_0006.mp4,celebdf_synthesis_id2_id6_0006,1,synthesis
Celeb-synthesis/id2_id9_0002.mp4,celebdf_synthesis_id2_id9_0002,1,synthesis
Celeb-synthesis/id2_id9_0009.mp4,celebdf_synthesis_id2_id9_0009,1,synthesis
Celeb-synthesis/id30_id16_0005.mp4,celebdf_synthesis_id30_id16_0005,1,synthesis
Celeb-synthesis/id30_id17_0001.mp4,celebdf_synthesis_id30_id17_0001,1,synthesis
Celeb-synthesis/id30_id17_0008.mp4,celebdf_synthesis_id30_id17_0008,1,synthesis
Celeb-synthesis/id30_id1_0006.mp4,celebdf_synthesis_id30_id1_0006,1,synthesis
Celeb-synthesis/id30_id20_0002.mp4,celebdf_synthesis_id30_id20_0002,1,synthesis
Celeb-synthesis/id30_id20_0009.mp4,celebdf_synthesis_id30_id20_0009,1,synthesis
Celeb-synthesis/id30_id21_0005.mp4,celebdf_synthesis_id30_id21_0005,1,synthesis
Celeb-synthesis/id30_id23_0001.mp4,celebdf_synthesis_id30_id23_0001,1,synthesis
Celeb-synthesis/id30_id23_0008.mp4,celebdf_synthesis_id30_id23_0008,1,synthesis
Celeb-synthesis/id30_id26_0004.mp4,celebdf_synthesis_id30_id26_0004,1,synthesis
Celeb-synthesis/id30_id28_0000.mp4,celebdf_synthesis_id30_id28_0000,1,synthesis
Celeb-synthesis/id30_id28_0007.mp4,celebdf_synthesis_id30_id28_0007,1,synthesis
Celeb-synthesis/id30_id29_0003.mp4,celebdf_synthesis_id30_id29_0003,1,synthesis
Celeb-synthesis/id30_id2_0000.mp4,celebdf_synthesis_id30_id2_0000,1,synthesis
Celeb-synthesis/id30_id2_0006.mp4,celebdf_synthesis_id30_id2_0006,1,synthesis
Celeb-synthesis/id30_id31_0003.mp4,celebdf_synthesis_id30_id31_0003,1,synthesis
Celeb-synthesis/id30_id32_0001.mp4,celebdf_synthesis_id30_id32_0001,1,synthesis
Celeb-synthesis/id30_id32_0007.mp4,celebdf_synthesis_id30_id32_0007,1,synthesis
Celeb-synthesis/id30_id33_0003.mp4,celebdf_synthesis_id30_id33_0003,1,synthesis
Celeb-synthesis/id30_id34_0000.mp4,celebdf_synthesis_id30_id34_0000,1,synthesis
Celeb-synthesis/id30_id34_0006.mp4,celebdf_synthesis_id30_id34_0006,1,synthesis
Celeb-synthesis/id30_id35_0003.mp4,celebdf_synthesis_id30_id35_0003,1,synthesis
Celeb-synthesis/id30_id37_0000.mp4,celebdf_synthesis_id30_id37_0000,1,synthesis
Celeb-synthesis/id30_id37_0006.mp4,celebdf_synthesis_id30_id37_0006,1,synthesis
Celeb-synthesis/id30_id38_0002.mp4,celebdf_synthesis_id30_id38_0002,1,synthesis
Celeb-synthesis/id30_id38_0009.mp4,celebdf_synthesis_id30_id38_0009,1,synthesis
Celeb-synthesis/id30_id3_0008.mp4,celebdf_synthesis_id30_id3_0008,1,synthesis
Celeb-synthesis/id30_id4_0005.mp4,celebdf_synthesis_id30_id4_0005,1,synthesis
Celeb-synthesis/id30_id6_0002.mp4,celebdf_synthesis_id30_id6_0002,1,synthesis
Celeb-synthesis/id30_id6_0008.mp4,celebdf_synthesis_id30_id6_0008,1,synthesis
Celeb-synthesis/id30_id9_0004.mp4,celebdf_synthesis_id30_id9_0004,1,synthesis
Celeb-synthesis/id31_id16_0001.mp4,celebdf_synthesis_id31_id16_0001,1,synthesis
Celeb-synthesis/id31_id16_0007.mp4,celebdf_synthesis_id31_id16_0007,1,synthesis
Celeb-synthesis/id31_id17_0004.mp4,celebdf_synthesis_id31_id17_0004,1,synthesis
Celeb-synthesis/id31_id1_0002.mp4,celebdf_synthesis_id31_id1_0002,1,synthesis
Celeb-synthesis/id31_id1_0008.mp4,celebdf_synthesis_id31_id1_0008,1,synthesis
Celeb-synthesis/id31_id20_0004.mp4,celebdf_synthesis_id31_id20_0004,1,synthesis
Celeb-synthesis/id31_id21_0001.mp4,celebdf_synthesis_id31_id21_0001,1,synthesis
Celeb-synthesis/id31_id21_0007.mp4,celebdf_synthesis_id31_id21_0007,1,synthesis
Celeb-synthesis/id31_id23_0003.mp4,celebdf_synthesis_id31_id23_0003,1,synthesis
Celeb-synthesis/id31_id26_0001.mp4,celebdf_synthesis_id31_id26_0001,1,synthesis
Celeb-synthesis/id31_id26_0007.mp4,celebdf_synthesis_id31_id26_0007,1,synthesis
Celeb-synthesis/id31_id28_0004.mp4,celebdf_synthesis_id31_id28_0004,1,synthesis
Celeb-synthesis/id31_id29_0001.mp4,celebdf_synthesis_id31_id29_0001,1,synthesis
Celeb-synthesis/id31_id29_0007.mp4,celebdf_synthesis_id31_id29_0007,1,synthesis
Celeb-synthesis/id31_id2_0004.mp4,celebdf_synthesis_id31_id2_0004,1,synthesis
Celeb-synthesis/id31_id30_0002.mp4,celebdf_synthesis_id31_id30_0002,1,synthesis
Celeb-synthesis/id31_id30_0009.mp4,celebdf_synthesis_id31_id30_0009,1,synthesis
Celeb-synthesis/id31_id32_0006.mp4,celebdf_synthesis_id31_id32_0006,1,synthesis
Celeb-synthesis/id31_id33_0003.mp4,celebdf_synthesis_id31_id33_0003,1,synthesis
Celeb-synthesis/id31_id33_0009.mp4,celebdf_synthesis_id31_id33_0009,1,synthesis
Celeb-synthesis/id31_id34_0005.mp4,celebdf_synthesis_id31_id34_0005,1,synthesis
Celeb-synthesis/id31_id35_0002.mp4,celebdf_synthesis_id31_id35_0002,1,synthesis
Celeb-synthesis/id31_id35_0009.mp4,celebdf_synthesis_id31_id35_0009,1,synthesis
Celeb-synthesis/id31_id37_0005.mp4,celebdf_synthesis_id31_id37_0005,1,synthesis
Celeb-synthesis/id31_id38_0002.mp4,celebdf_synthesis_id31_id38_0002,1,synthesis
Celeb-synthesis/id31_id38_0008.mp4,celebdf_synthesis_id31_id38_0008,1,synthesis
Celeb-synthesis/id31_id3_0004.mp4,celebdf_synthesis_id31_id3_0004,1,synthesis
Celeb-synthesis/id31_id4_0003.mp4,celebdf_synthesis_id31_id4_0003,1,synthesis
Celeb-synthesis/id31_id6_0000.mp4,celebdf_synthesis_id31_id6_0000,1,synthesis
Celeb-synthesis/id31_id6_0006.mp4,celebdf_synthesis_id31_id6_0006,1,synthesis
Celeb-synthesis/id31_id9_0003.mp4,celebdf_synthesis_id31_id9_0003,1,synthesis
Celeb-synthesis/id32_id20_0000.mp4,celebdf_synthesis_id32_id20_0000,1,synthesis
Celeb-synthesis/id32_id21_0002.mp4,celebdf_synthesis_id32_id21_0002,1,synthesis
Celeb-synthesis/id32_id23_0008.mp4,celebdf_synthesis_id32_id23_0008,1,synthesis
Celeb-synthesis/id32_id26_0007.mp4,celebdf_synthesis_id32_id26_0007,1,synthesis
Celeb-synthesis/id32_id28_0008.mp4,celebdf_synthesis_id32_id28_0008,1,synthesis
Celeb-synthesis/id32_id29_0007.mp4,celebdf_synthesis_id32_id29_0007,1,synthesis
Celeb-synthesis/id32_id30_0004.mp4,celebdf_synthesis_id32_id30_0004,1,synthesis
Celeb-synthesis/id32_id31_0005.mp4,celebdf_synthesis_id32_id31_0005,1,synthesis
Celeb-synthesis/id32_id33_0002.mp4,celebdf_synthesis_id32_id33_0002,1,synthesis
Celeb-synthesis/id32_id33_0008.mp4,celebdf_synthesis_id32_id33_0008,1,synthesis
Celeb-synthesis/id32_id34_0005.mp4,celebdf_synthesis_id32_id34_0005,1,synthesis
Celeb-synthesis/id32_id35_0003.mp4,celebdf_synthesis_id32_id35_0003,1,synthesis
Celeb-synthesis/id32_id35_0009.mp4,celebdf_synthesis_id32_id35_0009,1,synthesis
Celeb-synthesis/id32_id37_0007.mp4,celebdf_synthesis_id32_id37_0007,1,synthesis
Celeb-synthesis/id33_id20_0003.mp4,celebdf_synthesis_id33_id20_0003,1,synthesis
Celeb-synthesis/id33_id21_0002.mp4,celebdf_synthesis_id33_id21_0002,1,synthesis
Celeb-synthesis/id33_id23_0002.mp4,celebdf_synthesis_id33_id23_0002,1,synthesis
Celeb-synthesis/id33_id23_0009.mp4,celebdf_synthesis_id33_id23_0009,1,synthesis
Celeb-synthesis/id33_id26_0009.mp4,celebdf_synthesis_id33_id26_0009,1,synthesis
Celeb-synthesis/id33_id28_0008.mp4,celebdf_synthesis_id33_id28_0008,1,synthesis
Celeb-synthesis/id33_id29_0005.mp4,celebdf_synthesis_id33_id29_0005,1,synthesis
Celeb-synthesis/id33_id30_0001.mp4,celebdf_synthesis_id33_id30_0001,1,synthesis
Celeb-synthesis/id33_id30_0007.mp4,celebdf_synthesis_id33_id30_0007,1,synthesis
Celeb-synthesis/id33_id31_0006.mp4,celebdf_synthesis_id33_id31_0006,1,synthesis
Celeb-synthesis/id33_id32_0002.mp4,celebdf_synthesis_id33_id32_0002,1,synthesis
Celeb-synthesis/id33_id32_0008.mp4,celebdf_synthesis_id33_id32_0008,1,synthesis
Celeb-synthesis/id33_id34_0005.mp4,celebdf_synthesis_id33_id34_0005,1,synthesis
Celeb-synthesis/id33_id35_0001.mp4,celebdf_synthesis_id33_id35_0001,1,synthesis
Celeb-synthesis/id33_id35_0007.mp4,celebdf_synthesis_id33_id35_0007,1,synthesis
Celeb-synthesis/id33_id37_0005.mp4,celebdf_synthesis_id33_id37_0005,1,synthesis
Celeb-synthesis/id33_id38_0003.mp4,celebdf_synthesis_id33_id38_0003,1,synthesis
Celeb-synthesis/id33_id38_0009.mp4,celebdf_synthesis_id33_id38_0009,1,synthesis
Celeb-synthesis/id34_id21_0008.mp4,celebdf_synthesis_id34_id21_0008,1,synthesis
Celeb-synthesis/id34_id26_0003.mp4,celebdf_synthesis_id34_id26_0003,1,synthesis
Celeb-synthesis/id34_id29_0001.mp4,celebdf_synthesis_id34_id29_0001,1,synthesis
Celeb-synthesis/id34_id30_0000.mp4,celebdf_synthesis_id34_id30_0000,1,synthesis
Celeb-synthesis/id34_id30_0006.mp4,celebdf_synthesis_id34_id30_0006,1,synthesis
Celeb-synthesis/id34_id31_0002.mp4,celebdf_synthesis_id34_id31_0002,1,synthesis
Celeb-synthesis/id34_id32_0000.mp4,celebdf_synthesis_id34_id32_0000,1,synthesis
Celeb-synthesis/id34_id32_0006.mp4,celebdf_synthesis_id34_id32_0006,1,synthesis
Celeb-synthesis/id34_id33_0003.mp4,celebdf_synthesis_id34_id33_0003,1,synthesis
Celeb-synthesis/id34_id35_0001.mp4,celebdf_synthesis_id34_id35_0001,1,synthesis
Celeb-synthesis/id34_id35_0007.mp4,celebdf_synthesis_id34_id35_0007,1,synthesis
Celeb-synthesis/id34_id37_0005.mp4,celebdf_synthesis_id34_id37_0005,1,synthesis
Celeb-synthesis/id34_id38_0005.mp4,celebdf_synthesis_id34_id38_0005,1,synthesis
Celeb-synthesis/id35_id16_0001.mp4,celebdf_synthesis_id35_id16_0001,1,synthesis
Celeb-synthesis/id35_id16_0007.mp4,celebdf_synthesis_id35_id16_0007,1,synthesis
Celeb-synthesis/id35_id17_0006.mp4,celebdf_synthesis_id35_id17_0006,1,synthesis
Celeb-synthesis/id35_id1_0002.mp4,celebdf_synthesis_id35_id1_0002,1,synthesis
Celeb-synthesis/id35_id20_0002.mp4,celebdf_synthesis_id35_id20_0002,1,synthesis
Celeb-synthesis/id35_id21_0001.mp4,celebdf_synthesis_id35_id21_0001,1,synthesis
Celeb-synthesis/id35_id21_0009.mp4,celebdf_synthesis_id35_id21_0009,1,synthesis
Celeb-synthesis/id35_id23_0005.mp4,celebdf_synthesis_id35_id23_0005,1,synthesis
Celeb-synthesis/id35_id26_0002.mp4,celebdf_synthesis_id35_id26_0002,1,synthesis
Celeb-synthesis/id35_id26_0009.mp4,celebdf_synthesis_id35_id26_0009,1,synthesis
Celeb-synthesis/id35_id28_0007.mp4,celebdf_synthesis_id35_id28_0007,1,synthesis
Celeb-synthesis/id35_id29_0004.mp4,celebdf_synthesis_id35_id29_0004,1,synthesis
Celeb-synthesis/id35_id2_0000.mp4,celebdf_synthesis_id35_id2_0000,1,synthesis
Celeb-synthesis/id35_id2_0008.mp4,celebdf_synthesis_id35_id2_0008,1,synthesis
Celeb-synthesis/id35_id30_0006.mp4,celebdf_synthesis_id35_id30_0006,1,synthesis
Celeb-synthesis/id35_id31_0003.mp4,celebdf_synthesis_id35_id31_0003,1,synthesis
Celeb-synthesis/id35_id32_0001.mp4,celebdf_synthesis_id35_id32_0001,1,synthesis
Celeb-synthesis/id35_id32_0008.mp4,celebdf_synthesis_id35_id32_0008,1,synthesis
Celeb-synthesis/id35_id33_0004.mp4,celebdf_synthesis_id35_id33_0004,1,synthesis
Celeb-synthesis/id35_id34_0000.mp4,celebdf_synthesis_id35_id34_0000,1,synthesis
Celeb-synthesis/id35_id34_0008.mp4,celebdf_synthesis_id35_id34_0008,1,synthesis
Celeb-synthesis/id35_id37_0005.mp4,celebdf_synthesis_id35_id37_0005,1,synthesis
Celeb-synthesis/id35_id38_0001.mp4,celebdf_synthesis_id35_id38_0001,1,synthesis
Celeb-synthesis/id35_id38_0009.mp4,celebdf_synthesis_id35_id38_0009,1,synthesis
Celeb-synthesis/id35_id3_0007.mp4,celebdf_synthesis_id35_id3_0007,1,synthesis
Celeb-synthesis/id35_id4_0003.mp4,celebdf_synthesis_id35_id4_0003,1,synthesis
Celeb-synthesis/id35_id6_0002.mp4,celebdf_synthesis_id35_id6_0002,1,synthesis
Celeb-synthesis/id35_id9_0000.mp4,celebdf_synthesis_id35_id9_0000,1,synthesis
Celeb-synthesis/id35_id9_0006.mp4,celebdf_synthesis_id35_id9_0006,1,synthesis
Celeb-synthesis/id37_id16_0003.mp4,celebdf_synthesis_id37_id16_0003,1,synthesis
Celeb-synthesis/id37_id17_0002.mp4,celebdf_synthesis_id37_id17_0002,1,synthesis
Celeb-synthesis/id37_id1_0003.mp4,celebdf_synthesis_id37_id1_0003,1,synthesis
Celeb-synthesis/id37_id20_0000.mp4,celebdf_synthesis_id37_id20_0000,1,synthesis
Celeb-synthesis/id37_id21_0000.mp4,celebdf_synthesis_id37_id21_0000,1,synthesis
Celeb-synthesis/id37_id21_0009.mp4,celebdf_synthesis_id37_id21_0009,1,synthesis
Celeb-synthesis/id37_id26_0001.mp4,celebdf_synthesis_id37_id26_0001,1,synthesis
Celeb-synthesis/id37_id26_0008.mp4,celebdf_synthesis_id37_id26_0008,1,synthesis
Celeb-synthesis/id37_id28_0006.mp4,celebdf_synthesis_id37_id28_0006,1,synthesis
Celeb-synthesis/id37_id29_0003.mp4,celebdf_synthesis_id37_id29_0003,1,synthesis
Celeb-synthesis/id37_id2_0000.mp4,celebdf_synthesis_id37_id2_0000,1,synthesis
Celeb-synthesis/id37_id2_0007.mp4,celebdf_synthesis_id37_id2_0007,1,synthesis
Celeb-synthesis/id37_id30_0003.mp4,celebdf_synthesis_id37_id30_0003,1,synthesis
Celeb-synthesis/id37_id31_0000.mp4,celebdf_synthesis_id37_id31_0000,1,synthesis
Celeb-synthesis/id37_id31_0007.mp4,celebdf_synthesis_id37_id31_0007,1,synthesis
Celeb-synthesis/id37_id32_0003.mp4,celebdf_synthesis_id37_id32_0003,1,synthesis
Celeb-synthesis/id37_id33_0000.mp4,celebdf_synthesis_id37_id33_0000,1,synthesis
Celeb-synthesis/id37_id33_0008.mp4,celebdf_synthesis_id37_id33_0008,1,synthesis
Celeb-synthesis/id37_id34_0005.mp4,celebdf_synthesis_id37_id34_0005,1,synthesis
Celeb-synthesis/id37_id35_0003.mp4,celebdf_synthesis_id37_id35_0003,1,synthesis
Celeb-synthesis/id37_id38_0001.mp4,celebdf_synthesis_id37_id38_0001,1,synthesis
Celeb-synthesis/id37_id3_0000.mp4,celebdf_synthesis_id37_id3_0000,1,synthesis
Celeb-synthesis/id37_id3_0006.mp4,celebdf_synthesis_id37_id3_0006,1,synthesis
Celeb-synthesis/id37_id4_0003.mp4,celebdf_synthesis_id37_id4_0003,1,synthesis
Celeb-synthesis/id37_id4_0009.mp4,celebdf_synthesis_id37_id4_0009,1,synthesis
Celeb-synthesis/id37_id6_0006.mp4,celebdf_synthesis_id37_id6_0006,1,synthesis
Celeb-synthesis/id37_id9_0005.mp4,celebdf_synthesis_id37_id9_0005,1,synthesis
Celeb-synthesis/id38_id20_0005.mp4,celebdf_synthesis_id38_id20_0005,1,synthesis
Celeb-synthesis/id38_id23_0000.mp4,celebdf_synthesis_id38_id23_0000,1,synthesis
Celeb-synthesis/id38_id23_0009.mp4,celebdf_synthesis_id38_id23_0009,1,synthesis
Celeb-synthesis/id38_id26_0007.mp4,celebdf_synthesis_id38_id26_0007,1,synthesis
Celeb-synthesis/id38_id28_0005.mp4,celebdf_synthesis_id38_id28_0005,1,synthesis
Celeb-synthesis/id38_id29_0002.mp4,celebdf_synthesis_id38_id29_0002,1,synthesis
Celeb-synthesis/id38_id29_0009.mp4,celebdf_synthesis_id38_id29_0009,1,synthesis
Celeb-synthesis/id38_id30_0005.mp4,celebdf_synthesis_id38_id30_0005,1,synthesis
Celeb-synthesis/id38_id31_0002.mp4,celebdf_synthesis_id38_id31_0002,1,synthesis
Celeb-synthesis/id38_id31_0008.mp4,celebdf_synthesis_id38_id31_0008,1,synthesis
Celeb-synthesis/id38_id33_0000.mp4,celebdf_synthesis_id38_id33_0000,1,synthesis
Celeb-synthesis/id38_id33_0007.mp4,celebdf_synthesis_id38_id33_0007,1,synthesis
Celeb-synthesis/id38_id34_0003.mp4,celebdf_synthesis_id38_id34_0003,1,synthesis
Celeb-synthesis/id38_id34_0009.mp4,celebdf_synthesis_id38_id34_0009,1,synthesis
Celeb-synthesis/id38_id35_0006.mp4,celebdf_synthesis_id38_id35_0006,1,synthesis
Celeb-synthesis/id38_id37_0003.mp4,celebdf_synthesis_id38_id37_0003,1,synthesis
Celeb-synthesis/id38_id37_0009.mp4,celebdf_synthesis_id38_id37_0009,1,synthesis
Celeb-synthesis/id39_id40_0007.mp4,celebdf_synthesis_id39_id40_0007,1,synthesis
Celeb-synthesis/id39_id42_0004.mp4,celebdf_synthesis_id39_id42_0004,1,synthesis
Celeb-synthesis/id39_id43_0001.mp4,celebdf_synthesis_id39_id43_0001,1,synthesis
Celeb-synthesis/id39_id43_0009.mp4,celebdf_synthesis_id39_id43_0009,1,synthesis
Celeb-synthesis/id39_id44_0005.mp4,celebdf_synthesis_id39_id44_0005,1,synthesis
Celeb-synthesis/id39_id45_0001.mp4,celebdf_synthesis_id39_id45_0001,1,synthesis
Celeb-synthesis/id39_id45_0008.mp4,celebdf_synthesis_id39_id45_0008,1,synthesis
Celeb-synthesis/id39_id46_0004.mp4,celebdf_synthesis_id39_id46_0004,1,synthesis
Celeb-synthesis/id39_id47_0002.mp4,celebdf_synthesis_id39_id47_0002,1,synthesis
Celeb-synthesis/id39_id48_0000.mp4,celebdf_synthesis_id39_id48_0000,1,synthesis
Celeb-synthesis/id39_id48_0007.mp4,celebdf_synthesis_id39_id48_0007,1,synthesis
Celeb-synthesis/id3_id0_0003.mp4,celebdf_synthesis_id3_id0_0003,1,synthesis
Celeb-synthesis/id3_id16_0000.mp4,celebdf_synthesis_id3_id16_0000,1,synthesis
Celeb-synthesis/id3_id16_0006.mp4,celebdf_synthesis_id3_id16_0006,1,synthesis
Celeb-synthesis/id3_id17_0003.mp4,celebdf_synthesis_id3_id17_0003,1,synthesis
Celeb-synthesis/id3_id1_0001.mp4,celebdf_synthesis_id3_id1_0001,1,synthesis
Celeb-synthesis/id3_id1_0007.mp4,celebdf_synthesis_id3_id1_0007,1,synthesis
Celeb-synthesis/id3_id20_0005.mp4,celebdf_synthesis_id3_id20_0005,1,synthesis
Celeb-synthesis/id3_id21_0003.mp4,celebdf_synthesis_id3_id21_0003,1,synthesis
Celeb-synthesis/id3_id23_0001.mp4,celebdf_synthesis_id3_id23_0001,1,synthesis
Celeb-synthesis/id3_id23_0007.mp4,celebdf_synthesis_id3_id23_0007,1,synthesis
Celeb-synthesis/id3_id26_0004.mp4,celebdf_synthesis_id3_id26_0004,1,synthesis
Celeb-synthesis/id3_id28_0001.mp4,celebdf_synthesis_id3_id28_0001,1,synthesis
Celeb-synthesis/id3_id28_0008.mp4,celebdf_synthesis_id3_id28_0008,1,synthesis
Celeb-synthesis/id3_id2_0005.mp4,celebdf_synthesis_id3_id2_0005,1,synthesis
Celeb-synthesis/id3_id30_0001.mp4,celebdf_synthesis_id3_id30_0001,1,synthesis
Celeb-synthesis/id3_id30_0007.mp4,celebdf_synthesis_id3_id30_0007,1,synthesis
Celeb-synthesis/id3_id31_0004.mp4,celebdf_synthesis_id3_id31_0004,1,synthesis
Celeb-synthesis/id3_id35_0000.mp4,celebdf_synthesis_id3_id35_0000,1,synthesis
Celeb-synthesis/id3_id35_0006.mp4,celebdf_synthesis_id3_id35_0006,1,synthesis
Celeb-synthesis/id3_id37_0003.mp4,celebdf_synthesis_id3_id37_0003,1,synthesis
Celeb-synthesis/id3_id37_0009.mp4,celebdf_synthesis_id3_id37_0009,1,synthesis
Celeb-synthesis/id3_id4_0008.mp4,celebdf_synthesis_id3_id4_0008,1,synthesis
Celeb-synthesis/id3_id6_0006.mp4,celebdf_synthesis_id3_id6_0006,1,synthesis
Celeb-synthesis/id3_id9_0002.mp4,celebdf_synthesis_id3_id9_0002,1,synthesis
Celeb-synthesis/id3_id9_0008.mp4,celebdf_synthesis_id3_id9_0008,1,synthesis
Celeb-synthesis/id40_id39_0006.mp4,celebdf_synthesis_id40_id39_0006,1,synthesis
Celeb-synthesis/id40_id41_0002.mp4,celebdf_synthesis_id40_id41_0002,1,synthesis
Celeb-synthesis/id40_id41_0008.mp4,celebdf_synthesis_id40_id41_0008,1,synthesis
Celeb-synthesis/id40_id42_0007.mp4,celebdf_synthesis_id40_id42_0007,1,synthesis
Celeb-synthesis/id40_id43_0003.mp4,celebdf_synthesis_id40_id43_0003,1,synthesis
Celeb-synthesis/id40_id43_0009.mp4,celebdf_synthesis_id40_id43_0009,1,synthesis
Celeb-synthesis/id40_id44_0008.mp4,celebdf_synthesis_id40_id44_0008,1,synthesis
Celeb-synthesis/id40_id45_0004.mp4,celebdf_synthesis_id40_id45_0004,1,synthesis
Celeb-synthesis/id40_id46_0000.mp4,celebdf_synthesis_id40_id46_0000,1,synthesis
Celeb-synthesis/id40_id46_0008.mp4,celebdf_synthesis_id40_id46_0008,1,synthesis
Celeb-synthesis/id40_id47_0004.mp4,celebdf_synthesis_id40_id47_0004,1,synthesis
Celeb-synthesis/id40_id48_0000.mp4,celebdf_synthesis_id40_id48_0000,1,synthesis
Celeb-synthesis/id40_id48_0008.mp4,celebdf_synthesis_id40_id48_0008,1,synthesis
Celeb-synthesis/id41_id40_0005.mp4,celebdf_synthesis_id41_id40_0005,1,synthesis
Celeb-synthesis/id41_id42_0002.mp4,celebdf_synthesis_id41_id42_0002,1,synthesis
Celeb-synthesis/id41_id43_0000.mp4,celebdf_synthesis_id41_id43_0000,1,synthesis
Celeb-synthesis/id41_id43_0006.mp4,celebdf_synthesis_id41_id43_0006,1,synthesis
Celeb-synthesis/id41_id44_0004.mp4,celebdf_synthesis_id41_id44_0004,1,synthesis
Celeb-synthesis/id41_id45_0001.mp4,celebdf_synthesis_id41_id45_0001,1,synthesis
Celeb-synthesis/id41_id45_0007.mp4,celebdf_synthesis_id41_id45_0007,1,synthesis
Celeb-synthesis/id41_id46_0004.mp4,celebdf_synthesis_id41_id46_0004,1,synthesis
Celeb-synthesis/id41_id47_0003.mp4,celebdf_synthesis_id41_id47_0003,1,synthesis
Celeb-synthesis/id41_id47_0009.mp4,celebdf_synthesis_id41_id47_0009,1,synthesis
Celeb-synthesis/id41_id48_0006.mp4,celebdf_synthesis_id41_id48_0006,1,synthesis
Celeb-synthesis/id42_id39_0003.mp4,celebdf_synthesis_id42_id39_0003,1,synthesis
Celeb-synthesis/id42_id41_0001.mp4,celebdf_synthesis_id42_id41_0001,1,synthesis
Celeb-synthesis/id42_id43_0003.mp4,celebdf_synthesis_id42_id43_0003,1,synthesis
Celeb-synthesis/id42_id45_0002.mp4,celebdf_synthesis_id42_id45_0002,1,synthesis
Celeb-synthesis/id42_id47_0000.mp4,celebdf_synthesis_id42_id47_0000,1,synthesis
Celeb-synthesis/id42_id48_0002.mp4,celebdf_synthesis_id42_id48_0002,1,synthesis
Celeb-synthesis/id43_id39_0005.mp4,celebdf_synthesis_id43_id39_0005,1,synthesis
Celeb-synthesis/id43_id40_0002.mp4,celebdf_synthesis_id43_id40_0002,1,synthesis
Celeb-synthesis/id43_id40_0009.mp4,celebdf_synthesis_id43_id40_0009,1,synthesis
Celeb-synthesis/id43_id41_0006.mp4,celebdf_synthesis_id43_id41_0006,1,synthesis
Celeb-synthesis/id43_id42_0002.mp4,celebdf_synthesis_id43_id42_0002,1,synthesis
Celeb-synthesis/id43_id44_0001.mp4,celebdf_synthesis_id43_id44_0001,1,synthesis
Celeb-synthesis/id43_id45_0000.mp4,celebdf_synthesis_id43_id45_0000,1,synthesis
Celeb-synthesis/id43_id45_0008.mp4,celebdf_synthesis_id43_id45_0008,1,synthesis
Celeb-synthesis/id43_id46_0004.mp4,celebdf_synthesis_id43_id46_0004,1,synthesis
Celeb-synthesis/id43_id47_0002.mp4,celebdf_synthesis_id43_id47_0002,1,synthesis
Celeb-synthesis/id43_id47_0009.mp4,celebdf_synthesis_id43_id47_0009,1,synthesis
Celeb-synthesis/id43_id48_0005.mp4,celebdf_synthesis_id43_id48_0005,1,synthesis
Celeb-synthesis/id44_id39_0002.mp4,celebdf_synthesis_id44_id39_0002,1,synthesis
Celeb-synthesis/id44_id41_0001.mp4,celebdf_synthesis_id44_id41_0001,1,synthesis
Celeb-synthesis/id44_id42_0003.mp4,celebdf_synthesis_id44_id42_0003,1,synthesis
Celeb-synthesis/id44_id43_0004.mp4,celebdf_synthesis_id44_id43_0004,1,synthesis
Celeb-synthesis/id44_id45_0004.mp4,celebdf_synthesis_id44_id45_0004,1,synthesis
Celeb-synthesis/id44_id46_0004.mp4,celebdf_synthesis_id44_id46_0004,1,synthesis
Celeb-synthesis/id44_id48_0000.mp4,celebdf_synthesis_id44_id48_0000,1,synthesis
Celeb-synthesis/id45_id39_0000.mp4,celebdf_synthesis_id45_id39_0000,1,synthesis
Celeb-synthesis/id45_id39_0007.mp4,celebdf_synthesis_id45_id39_0007,1,synthesis
Celeb-synthesis/id45_id40_0003.mp4,celebdf_synthesis_id45_id40_0003,1,synthesis
Celeb-synthesis/id45_id40_0009.mp4,celebdf_synthesis_id45_id40_0009,1,synthesis
Celeb-synthesis/id45_id41_0006.mp4,celebdf_synthesis_id45_id41_0006,1,synthesis
Celeb-synthesis/id45_id42_0003.mp4,celebdf_synthesis_id45_id42_0003,1,synthesis
Celeb-synthesis/id45_id43_0000.mp4,celebdf_synthesis_id45_id43_0000,1,synthesis
Celeb-synthesis/id45_id43_0007.mp4,celebdf_synthesis_id45_id43_0007,1,synthesis
Celeb-synthesis/id45_id44_0003.mp4,celebdf_synthesis_id45_id44_0003,1,synthesis
Celeb-synthesis/id45_id44_0009.mp4,celebdf_synthesis_id45_id44_0009,1,synthesis
Celeb-synthesis/id45_id46_0007.mp4,celebdf_synthesis_id45_id46_0007,1,synthesis
Celeb-synthesis/id45_id47_0003.mp4,celebdf_synthesis_id45_id47_0003,1,synthesis
Celeb-synthesis/id45_id47_0009.mp4,celebdf_synthesis_id45_id47_0009,1,synthesis
Celeb-synthesis/id45_id48_0006.mp4,celebdf_synthesis_id45_id48_0006,1,synthesis
Celeb-synthesis/id46_id39_0002.mp4,celebdf_synthesis_id46_id39_0002,1,synthesis
Celeb-synthesis/id46_id39_0008.mp4,celebdf_synthesis_id46_id39_0008,1,synthesis
Celeb-synthesis/id46_id41_0001.mp4,celebdf_synthesis_id46_id41_0001,1,synthesis
Celeb-synthesis/id46_id41_0008.mp4,celebdf_synthesis_id46_id41_0008,1,synthesis
Celeb-synthesis/id46_id42_0004.mp4,celebdf_synthesis_id46_id42_0004,1,synthesis
Celeb-synthesis/id46_id43_0001.mp4,celebdf_synthesis_id46_id43_0001,1,synthesis
Celeb-synthesis/id46_id43_0007.mp4,celebdf_synthesis_id46_id43_0007,1,synthesis
Celeb-synthesis/id46_id44_0005.mp4,celebdf_synthesis_id46_id44_0005,1,synthesis
Celeb-synthesis/id46_id45_0005.mp4,celebdf_synthesis_id46_id45_0005,1,synthesis
Celeb-synthesis/id46_id47_0001.mp4,celebdf_synthesis_id46_id47_0001,1,synthesis
Celeb-synthesis/id46_id47_0007.mp4,celebdf_synthesis_id46_id47_0007,1,synthesis
Celeb-synthesis/id46_id48_0005.mp4,celebdf_synthesis_id46_id48_0005,1,synthesis
Celeb-synthesis/id47_id39_0002.mp4,celebdf_synthesis_id47_id39_0002,1,synthesis
Celeb-synthesis/id47_id39_0008.mp4,celebdf_synthesis_id47_id39_0008,1,synthesis
Celeb-synthesis/id47_id40_0006.mp4,celebdf_synthesis_id47_id40_0006,1,synthesis
Celeb-synthesis/id47_id41_0002.mp4,celebdf_synthesis_id47_id41_0002,1,synthesis
Celeb-synthesis/id47_id41_0008.mp4,celebdf_synthesis_id47_id41_0008,1,synthesis
Celeb-synthesis/id47_id42_0005.mp4,celebdf_synthesis_id47_id42_0005,1,synthesis
Celeb-synthesis/id47_id43_0001.mp4,celebdf_synthesis_id47_id43_0001,1,synthesis
Celeb-synthesis/id47_id43_0007.mp4,celebdf_synthesis_id47_id43_0007,1,synthesis
Celeb-synthesis/id47_id44_0004.mp4,celebdf_synthesis_id47_id44_0004,1,synthesis
Celeb-synthesis/id47_id45_0000.mp4,celebdf_synthesis_id47_id45_0000,1,synthesis
Celeb-synthesis/id47_id45_0006.mp4,celebdf_synthesis_id47_id45_0006,1,synthesis
Celeb-synthesis/id47_id46_0003.mp4,celebdf_synthesis_id47_id46_0003,1,synthesis
Celeb-synthesis/id47_id46_0009.mp4,celebdf_synthesis_id47_id46_0009,1,synthesis
Celeb-synthesis/id47_id48_0005.mp4,celebdf_synthesis_id47_id48_0005,1,synthesis
Celeb-synthesis/id48_id39_0002.mp4,celebdf_synthesis_id48_id39_0002,1,synthesis
Celeb-synthesis/id48_id39_0008.mp4,celebdf_synthesis_id48_id39_0008,1,synthesis
Celeb-synthesis/id48_id40_0004.mp4,celebdf_synthesis_id48_id40_0004,1,synthesis
Celeb-synthesis/id48_id41_0002.mp4,celebdf_synthesis_id48_id41_0002,1,synthesis
Celeb-synthesis/id48_id42_0000.mp4,celebdf_synthesis_id48_id42_0000,1,synthesis
Celeb-synthesis/id48_id42_0006.mp4,celebdf_synthesis_id48_id42_0006,1,synthesis
Celeb-synthesis/id48_id43_0004.mp4,celebdf_synthesis_id48_id43_0004,1,synthesis
Celeb-synthesis/id48_id44_0000.mp4,celebdf_synthesis_id48_id44_0000,1,synthesis
Celeb-synthesis/id48_id44_0006.mp4,celebdf_synthesis_id48_id44_0006,1,synthesis
Celeb-synthesis/id48_id45_0003.mp4,celebdf_synthesis_id48_id45_0003,1,synthesis
Celeb-synthesis/id48_id45_0009.mp4,celebdf_synthesis_id48_id45_0009,1,synthesis
Celeb-synthesis/id48_id46_0006.mp4,celebdf_synthesis_id48_id46_0006,1,synthesis
Celeb-synthesis/id48_id47_0004.mp4,celebdf_synthesis_id48_id47_0004,1,synthesis
Celeb-synthesis/id49_id50_0000.mp4,celebdf_synthesis_id49_id50_0000,1,synthesis
Celeb-synthesis/id49_id50_0006.mp4,celebdf_synthesis_id49_id50_0006,1,synthesis
Celeb-synthesis/id49_id51_0003.mp4,celebdf_synthesis_id49_id51_0003,1,synthesis
Celeb-synthesis/id49_id51_0009.mp4,celebdf_synthesis_id49_id51_0009,1,synthesis
Celeb-synthesis/id49_id52_0005.mp4,celebdf_synthesis_id49_id52_0005,1,synthesis
Celeb-synthesis/id49_id53_0002.mp4,celebdf_synthesis_id49_id53_0002,1,synthesis
Celeb-synthesis/id49_id54_0000.mp4,celebdf_synthesis_id49_id54_0000,1,synthesis
Celeb-synthesis/id49_id54_0006.mp4,celebdf_synthesis_id49_id54_0006,1,synthesis
Celeb-synthesis/id49_id55_0003.mp4,celebdf_synthesis_id49_id55_0003,1,synthesis
Celeb-synthesis/id49_id55_0009.mp4,celebdf_synthesis_id49_id55_0009,1,synthesis
Celeb-synthesis/id49_id56_0006.mp4,celebdf_synthesis_id49_id56_0006,1,synthesis
Celeb-synthesis/id49_id57_0004.mp4,celebdf_synthesis_id49_id57_0004,1,synthesis
Celeb-synthesis/id49_id58_0001.mp4,celebdf_synthesis_id49_id58_0001,1,synthesis
Celeb-synthesis/id49_id58_0008.mp4,celebdf_synthesis_id49_id58_0008,1,synthesis
Celeb-synthesis/id4_id0_0005.mp4,celebdf_synthesis_id4_id0_0005,1,synthesis
Celeb-synthesis/id4_id1_0001.mp4,celebdf_synthesis_id4_id1_0001,1,synthesis
Celeb-synthesis/id4_id1_0007.mp4,celebdf_synthesis_id4_id1_0007,1,synthesis
Celeb-synthesis/id4_id20_0004.mp4,celebdf_synthesis_id4_id20_0004,1,synthesis
Celeb-synthesis/id4_id21_0002.mp4,celebdf_synthesis_id4_id21_0002,1,synthesis
Celeb-synthesis/id4_id23_0000.mp4,celebdf_synthesis_id4_id23_0000,1,synthesis
Celeb-synthesis/id4_id23_0007.mp4,celebdf_synthesis_id4_id23_0007,1,synthesis
Celeb-synthesis/id4_id26_0003.mp4,celebdf_synthesis_id4_id26_0003,1,synthesis
Celeb-synthesis/id4_id26_0009.mp4,celebdf_synthesis_id4_id26_0009,1,synthesis
Celeb-synthesis/id4_id28_0006.mp4,celebdf_synthesis_id4_id28_0006,1,synthesis
Celeb-synthesis/id4_id2_0003.mp4,celebdf_synthesis_id4_id2_0003,1,synthesis
Celeb-synthesis/id4_id2_0009.mp4,celebdf_synthesis_id4_id2_0009,1,synthesis
Celeb-synthesis/id4_id30_0007.mp4,celebdf_synthesis_id4_id30_0007,1,synthesis
Celeb-synthesis/id4_id31_0005.mp4,celebdf_synthesis_id4_id31_0005,1,synthesis
Celeb-synthesis/id4_id35_0001.mp4,celebdf_synthesis_id4_id35_0001,1,synthesis
Celeb-synthesis/id4_id35_0009.mp4,celebdf_synthesis_id4_id35_0009,1,synthesis
Celeb-synthesis/id4_id37_0005.mp4,celebdf_synthesis_id4_id37_0005,1,synthesis
Celeb-synthesis/id4_id3_0001.mp4,celebdf_synthesis_id4_id3_0001,1,synthesis
Celeb-synthesis/id4_id3_0008.mp4,celebdf_synthesis_id4_id3_0008,1,synthesis
Celeb-synthesis/id4_id6_0004.mp4,celebdf_synthesis_id4_id6_0004,1,synthesis
Celeb-synthesis/id4_id9_0000.mp4,celebdf_synthesis_id4_id9_0000,1,synthesis
Celeb-synthesis/id4_id9_0007.mp4,celebdf_synthesis_id4_id9_0007,1,synthesis
Celeb-synthesis/id50_id49_0004.mp4,celebdf_synthesis_id50_id49_0004,1,synthesis
Celeb-synthesis/id50_id51_0001.mp4,celebdf_synthesis_id50_id51_0001,1,synthesis
Celeb-synthesis/id50_id51_0008.mp4,celebdf_synthesis_id50_id51_0008,1,synthesis
Celeb-synthesis/id50_id52_0004.mp4,celebdf_synthesis_id50_id52_0004,1,synthesis
Celeb-synthesis/id50_id53_0002.mp4,celebdf_synthesis_id50_id53_0002,1,synthesis
Celeb-synthesis/id50_id54_0001.mp4,celebdf_synthesis_id50_id54_0001,1,synthesis
Celeb-synthesis/id50_id54_0009.mp4,celebdf_synthesis_id50_id54_0009,1,synthesis
Celeb-synthesis/id50_id55_0005.mp4,celebdf_synthesis_id50_id55_0005,1,synthesis
Celeb-synthesis/id50_id56_0004.mp4,celebdf_synthesis_id50_id56_0004,1,synthesis
Celeb-synthesis/id50_id57_0000.mp4,celebdf_synthesis_id50_id57_0000,1,synthesis
Celeb-synthesis/id50_id57_0006.mp4,celebdf_synthesis_id50_id57_0006,1,synthesis
Celeb-synthesis/id51_id49_0004.mp4,celebdf_synthesis_id51_id49_0004,1,synthesis
Celeb-synthesis/id51_id50_0001.mp4,celebdf_synthesis_id51_id50_0001,1,synthesis
Celeb-synthesis/id51_id50_0008.mp4,celebdf_synthesis_id51_id50_0008,1,synthesis
Celeb-synthesis/id51_id53_0007.mp4,celebdf_synthesis_id51_id53_0007,1,synthesis
Celeb-synthesis/id51_id54_0004.mp4,celebdf_synthesis_id51_id54_0004,1,synthesis
Celeb-synthesis/id51_id55_0000.mp4,celebdf_synthesis_id51_id55_0000,1,synthesis
Celeb-synthesis/id51_id55_0008.mp4,celebdf_synthesis_id51_id55_0008,1,synthesis
Celeb-synthesis/id51_id56_0006.mp4,celebdf_synthesis_id51_id56_0006,1,synthesis
Celeb-synthesis/id51_id57_0004.mp4,celebdf_synthesis_id51_id57_0004,1,synthesis
Celeb-synthesis/id51_id58_0002.mp4,celebdf_synthesis_id51_id58_0002,1,synthesis
Celeb-synthesis/id51_id58_0009.mp4,celebdf_synthesis_id51_id58_0009,1,synthesis
Celeb-synthesis/id52_id49_0005.mp4,celebdf_synthesis_id52_id49_0005,1,synthesis
Celeb-synthesis/id52_id50_0002.mp4,celebdf_synthesis_id52_id50_0002,1,synthesis
Celeb-synthesis/id52_id50_0008.mp4,celebdf_synthesis_id52_id50_0008,1,synthesis
Celeb-synthesis/id52_id53_0004.mp4,celebdf_synthesis_id52_id53_0004,1,synthesis
Celeb-synthesis/id52_id54_0001.mp4,celebdf_synthesis_id52_id54_0001,1,synthesis
Celeb-synthesis/id52_id54_0007.mp4,celebdf_synthesis_id52_id54_0007,1,synthesis
Celeb-synthesis/id52_id55_0003.mp4,celebdf_synthesis_id52_id55_0003,1,synthesis
Celeb-synthesis/id52_id56_0000.mp4,celebdf_synthesis_id52_id56_0000,1,synthesis
Celeb-synthesis/id52_id56_0006.mp4,celebdf_synthesis_id52_id56_0006,1,synthesis
Celeb-synthesis/id52_id57_0002.mp4,celebdf_synthesis_id52_id57_0002,1,synthesis
Celeb-synthesis/id52_id57_0009.mp4,celebdf_synthesis_id52_id57_0009,1,synthesis
Celeb-synthesis/id52_id58_0005.mp4,celebdf_synthesis_id52_id58_0005,1,synthesis
Celeb-synthesis/id53_id49_0002.mp4,celebdf_synthesis_id53_id49_0002,1,synthesis
Celeb-synthesis/id53_id50_0000.mp4,celebdf_synthesis_id53_id50_0000,1,synthesis
Celeb-synthesis/id53_id50_0006.mp4,celebdf_synthesis_id53_id50_0006,1,synthesis
Celeb-synthesis/id53_id51_0002.mp4,celebdf_synthesis_id53_id51_0002,1,synthesis
Celeb-synthesis/id53_id51_0009.mp4,celebdf_synthesis_id53_id51_0009,1,synthesis
Celeb-synthesis/id53_id52_0005.mp4,celebdf_synthesis_id53_id52_0005,1,synthesis
Celeb-synthesis/id53_id54_0002.mp4,celebdf_synthesis_id53_id54_0002,1,synthesis
Celeb-synthesis/id53_id54_0009.mp4,celebdf_synthesis_id53_id54_0009,1,synthesis
Celeb-synthesis/id53_id55_0005.mp4,celebdf_synthesis_id53_id55_0005,1,synthesis
Celeb-synthesis/id53_id56_0002.mp4,celebdf_synthesis_id53_id56_0002,1,synthesis
Celeb-synthesis/id53_id56_0008.mp4,celebdf_synthesis_id53_id56_0008,1,synthesis
Celeb-synthesis/id53_id57_0005.mp4,celebdf_synthesis_id53_id57_0005,1,synthesis
Celeb-synthesis/id53_id58_0003.mp4,celebdf_synthesis_id53_id58_0003,1,synthesis
Celeb-synthesis/id53_id58_0009.mp4,celebdf_synthesis_id53_id58_0009,1,synthesis
Celeb-synthesis/id54_id49_0005.mp4,celebdf_synthesis_id54_id49_0005,1,synthesis
Celeb-synthesis/id54_id50_0003.mp4,celebdf_synthesis_id54_id50_0003,1,synthesis
Celeb-synthesis/id54_id51_0000.mp4,celebdf_synthesis_id54_id51_0000,1,synthesis
Celeb-synthesis/id54_id51_0008.mp4,celebdf_synthesis_id54_id51_0008,1,synthesis
Celeb-synthesis/id54_id52_0006.mp4,celebdf_synthesis_id54_id52_0006,1,synthesis
Celeb-synthesis/id54_id53_0004.mp4,celebdf_synthesis_id54_id53_0004,1,synthesis
Celeb-synthesis/id54_id55_0001.mp4,celebdf_synthesis_id54_id55_0001,1,synthesis
Celeb-synthesis/id54_id55_0008.mp4,celebdf_synthesis_id54_id55_0008,1,synthesis
Celeb-synthesis/id54_id56_0004.mp4,celebdf_synthesis_id54_id56_0004,1,synthesis
Celeb-synthesis/id54_id57_0001.mp4,celebdf_synthesis_id54_id57_0001,1,synthesis
Celeb-synthesis/id54_id57_0008.mp4,celebdf_synthesis_id54_id57_0008,1,synthesis
Celeb-synthesis/id54_id58_0005.mp4,celebdf_synthesis_id54_id58_0005,1,synthesis
Celeb-synthesis/id55_id49_0002.mp4,celebdf_synthesis_id55_id49_0002,1,synthesis
Celeb-synthesis/id55_id50_0001.mp4,celebdf_synthesis_id55_id50_0001,1,synthesis
Celeb-synthesis/id55_id50_0007.mp4,celebdf_synthesis_id55_id50_0007,1,synthesis
Celeb-synthesis/id55_id51_0004.mp4,celebdf_synthesis_id55_id51_0004,1,synthesis
Celeb-synthesis/id55_id52_0002.mp4,celebdf_synthesis_id55_id52_0002,1,synthesis
Celeb-synthesis/id55_id52_0009.mp4,celebdf_synthesis_id55_id52_0009,1,synthesis
Celeb-synthesis/id55_id53_0009.mp4,celebdf_synthesis_id55_id53_0009,1,synthesis
Celeb-synthesis/id55_id54_0009.mp4,celebdf_synthesis_id55_id54_0009,1,synthesis
Celeb-synthesis/id55_id56_0009.mp4,celebdf_synthesis_id55_id56_0009,1,synthesis
Celeb-synthesis/id55_id57_0009.mp4,celebdf_synthesis_id55_id57_0009,1,synthesis
Celeb-synthesis/id56_id49_0001.mp4,celebdf_synthesis_id56_id49_0001,1,synthesis
Celeb-synthesis/id56_id49_0008.mp4,celebdf_synthesis_id56_id49_0008,1,synthesis
Celeb-synthesis/id56_id50_0005.mp4,celebdf_synthesis_id56_id50_0005,1,synthesis
Celeb-synthesis/id56_id51_0002.mp4,celebdf_synthesis_id56_id51_0002,1,synthesis
Celeb-synthesis/id56_id51_0009.mp4,celebdf_synthesis_id56_id51_0009,1,synthesis
Celeb-synthesis/id56_id52_0006.mp4,celebdf_synthesis_id56_id52_0006,1,synthesis
Celeb-synthesis/id56_id53_0003.mp4,celebdf_synthesis_id56_id53_0003,1,synthesis
Celeb-synthesis/id56_id54_0001.mp4,celebdf_synthesis_id56_id54_0001,1,synthesis
Celeb-synthesis/id56_id54_0008.mp4,celebdf_synthesis_id56_id54_0008,1,synthesis
Celeb-synthesis/id56_id55_0006.mp4,celebdf_synthesis_id56_id55_0006,1,synthesis
Celeb-synthesis/id56_id57_0002.mp4,celebdf_synthesis_id56_id57_0002,1,synthesis
Celeb-synthesis/id56_id57_0009.mp4,celebdf_synthesis_id56_id57_0009,1,synthesis
Celeb-synthesis/id56_id58_0008.mp4,celebdf_synthesis_id56_id58_0008,1,synthesis
Celeb-synthesis/id57_id50_0002.mp4,celebdf_synthesis_id57_id50_0002,1,synthesis
Celeb-synthesis/id57_id51_0000.mp4,celebdf_synthesis_id57_id51_0000,1,synthesis
Celeb-synthesis/id57_id51_0008.mp4,celebdf_synthesis_id57_id51_0008,1,synthesis
Celeb-synthesis/id57_id52_0006.mp4,celebdf_synthesis_id57_id52_0006,1,synthesis
Celeb-synthesis/id57_id53_0004.mp4,celebdf_synthesis_id57_id53_0004,1,synthesis
Celeb-synthesis/id57_id54_0006.mp4,celebdf_synthesis_id57_id54_0006,1,synthesis
Celeb-synthesis/id57_id55_0003.mp4,celebdf_synthesis_id57_id55_0003,1,synthesis
Celeb-synthesis/id57_id56_0001.mp4,celebdf_synthesis_id57_id56_0001,1,synthesis
Celeb-synthesis/id57_id56_0008.mp4,celebdf_synthesis_id57_id56_0008,1,synthesis
Celeb-synthesis/id57_id58_0006.mp4,celebdf_synthesis_id57_id58_0006,1,synthesis
Celeb-synthesis/id58_id49_0006.mp4,celebdf_synthesis_id58_id49_0006,1,synthesis
Celeb-synthesis/id58_id51_0005.mp4,celebdf_synthesis_id58_id51_0005,1,synthesis
Celeb-synthesis/id58_id52_0004.mp4,celebdf_synthesis_id58_id52_0004,1,synthesis
Celeb-synthesis/id58_id53_0005.mp4,celebdf_synthesis_id58_id53_0005,1,synthesis
Celeb-synthesis/id58_id54_0005.mp4,celebdf_synthesis_id58_id54_0005,1,synthesis
Celeb-synthesis/id58_id55_0005.mp4,celebdf_synthesis_id58_id55_0005,1,synthesis
Celeb-synthesis/id58_id56_0003.mp4,celebdf_synthesis_id58_id56_0003,1,synthesis
Celeb-synthesis/id58_id57_0003.mp4,celebdf_synthesis_id58_id57_0003,1,synthesis
Celeb-synthesis/id59_id5_0000.mp4,celebdf_synthesis_id59_id5_0000,1,synthesis
Celeb-synthesis/id59_id5_0007.mp4,celebdf_synthesis_id59_id5_0007,1,synthesis
Celeb-synthesis/id59_id60_0007.mp4,celebdf_synthesis_id59_id60_0007,1,synthesis
Celeb-synthesis/id59_id61_0005.mp4,celebdf_synthesis_id59_id61_0005,1,synthesis
Celeb-synthesis/id5_id59_0003.mp4,celebdf_synthesis_id5_id59_0003,1,synthesis
Celeb-synthesis/id5_id60_0004.mp4,celebdf_synthesis_id5_id60_0004,1,synthesis
Celeb-synthesis/id5_id61_0004.mp4,celebdf_synthesis_id5_id61_0004,1,synthesis
Celeb-synthesis/id60_id59_0003.mp4,celebdf_synthesis_id60_id59_0003,1,synthesis
Celeb-synthesis/id60_id5_0000.mp4,celebdf_synthesis_id60_id5_0000,1,synthesis
Celeb-synthesis/id60_id5_0006.mp4,celebdf_synthesis_id60_id5_0006,1,synthesis
Celeb-synthesis/id60_id61_0002.mp4,celebdf_synthesis_id60_id61_0002,1,synthesis
Celeb-synthesis/id60_id61_0009.mp4,celebdf_synthesis_id60_id61_0009,1,synthesis
Celeb-synthesis/id61_id5_0000.mp4,celebdf_synthesis_id61_id5_0000,1,synthesis
Celeb-synthesis/id61_id60_0002.mp4,celebdf_synthesis_id61_id60_0002,1,synthesis
Celeb-synthesis/id6_id0_0003.mp4,celebdf_synthesis_id6_id0_0003,1,synthesis
Celeb-synthesis/id6_id0_0009.mp4,celebdf_synthesis_id6_id0_0009,1,synthesis
Celeb-synthesis/id6_id16_0005.mp4,celebdf_synthesis_id6_id16_0005,1,synthesis
Celeb-synthesis/id6_id17_0002.mp4,celebdf_synthesis_id6_id17_0002,1,synthesis
Celeb-synthesis/id6_id17_0008.mp4,celebdf_synthesis_id6_id17_0008,1,synthesis
Celeb-synthesis/id6_id1_0004.mp4,celebdf_synthesis_id6_id1_0004,1,synthesis
Celeb-synthesis/id6_id20_0006.mp4,celebdf_synthesis_id6_id20_0006,1,synthesis
Celeb-synthesis/id6_id21_0005.mp4,celebdf_synthesis_id6_id21_0005,1,synthesis
Celeb-synthesis/id6_id23_0001.mp4,celebdf_synthesis_id6_id23_0001,1,synthesis
Celeb-synthesis/id6_id26_0001.mp4,celebdf_synthesis_id6_id26_0001,1,synthesis
Celeb-synthesis/id6_id28_0002.mp4,celebdf_synthesis_id6_id28_0002,1,synthesis
Celeb-synthesis/id6_id28_0009.mp4,celebdf_synthesis_id6_id28_0009,1,synthesis
Celeb-synthesis/id6_id2_0006.mp4,celebdf_synthesis_id6_id2_0006,1,synthesis
Celeb-synthesis/id6_id30_0007.mp4,celebdf_synthesis_id6_id30_0007,1,synthesis
Celeb-synthesis/id6_id31_0005.mp4,celebdf_synthesis_id6_id31_0005,1,synthesis
Celeb-synthesis/id6_id35_0006.mp4,celebdf_synthesis_id6_id35_0006,1,synthesis
Celeb-synthesis/id6_id37_0006.mp4,celebdf_synthesis_id6_id37_0006,1,synthesis
Celeb-synthesis/id6_id3_0003.mp4,celebdf_synthesis_id6_id3_0003,1,synthesis
Celeb-synthesis/id6_id4_0001.mp4,celebdf_synthesis_id6_id4_0001,1,synthesis
Celeb-synthesis/id6_id4_0009.mp4,celebdf_synthesis_id6_id4_0009,1,synthesis
Celeb-synthesis/id6_id9_0005.mp4,celebdf_synthesis_id6_id9_0005,1,synthesis
Celeb-synthesis/id7_id10_0003.mp4,celebdf_synthesis_id7_id10_0003,1,synthesis
Celeb-synthesis/id7_id11_0001.mp4,celebdf_synthesis_id7_id11_0001,1,synthesis
Celeb-synthesis/id7_id11_0009.mp4,celebdf_synthesis_id7_id11_0009,1,synthesis
Celeb-synthesis/id7_id13_0000.mp4,celebdf_synthesis_id7_id13_0000,1,synthesis
Celeb-synthesis/id7_id13_0007.mp4,celebdf_synthesis_id7_id13_0007,1,synthesis
Celeb-synthesis/id8_id1_0002.mp4,celebdf_synthesis_id8_id1_0002,1,synthesis
Celeb-synthesis/id8_id2_0008.mp4,celebdf_synthesis_id8_id2_0008,1,synthesis
Celeb-synthesis/id8_id5_0002.mp4,celebdf_synthesis_id8_id5_0002,1,synthesis
Celeb-synthesis/id8_id6_0007.mp4,celebdf_synthesis_id8_id6_0007,1,synthesis
Celeb-synthesis/id8_id9_0003.mp4,celebdf_synthesis_id8_id9_0003,1,synthesis
Celeb-synthesis/id9_id0_0004.mp4,celebdf_synthesis_id9_id0_0004,1,synthesis
Celeb-synthesis/id9_id16_0001.mp4,celebdf_synthesis_id9_id16_0001,1,synthesis
Celeb-synthesis/id9_id16_0008.mp4,celebdf_synthesis_id9_id16_0008,1,synthesis
Celeb-synthesis/id9_id17_0004.mp4,celebdf_synthesis_id9_id17_0004,1,synthesis
Celeb-synthesis/id9_id1_0000.mp4,celebdf_synthesis_id9_id1_0000,1,synthesis
Celeb-synthesis/id9_id1_0009.mp4,celebdf_synthesis_id9_id1_0009,1,synthesis
Celeb-synthesis/id9_id21_0001.mp4,celebdf_synthesis_id9_id21_0001,1,synthesis
Celeb-synthesis/id9_id23_0001.mp4,celebdf_synthesis_id9_id23_0001,1,synthesis
Celeb-synthesis/id9_id26_0001.mp4,celebdf_synthesis_id9_id26_0001,1,synthesis
Celeb-synthesis/id9_id26_0008.mp4,celebdf_synthesis_id9_id26_0008,1,synthesis
Celeb-synthesis/id9_id28_0005.mp4,celebdf_synthesis_id9_id28_0005,1,synthesis
Celeb-synthesis/id9_id2_0004.mp4,celebdf_synthesis_id9_id2_0004,1,synthesis
Celeb-synthesis/id9_id30_0001.mp4,celebdf_synthesis_id9_id30_0001,1,synthesis
Celeb-synthesis/id9_id31_0001.mp4,celebdf_synthesis_id9_id31_0001,1,synthesis
Celeb-synthesis/id9_id35_0004.mp4,celebdf_synthesis_id9_id35_0004,1,synthesis
Celeb-synthesis/id9_id37_0004.mp4,celebdf_synthesis_id9_id37_0004,1,synthesis
Celeb-synthesis/id9_id3_0004.mp4,celebdf_synthesis_id9_id3_0004,1,synthesis
Celeb-synthesis/id9_id4_0002.mp4,celebdf_synthesis_id9_id4_0002,1,synthesis
Celeb-synthesis/id9_id6_0002.mp4,celebdf_synthesis_id9_id6_0002,1,synthesis
