name,video_id,label,method
FaceForensics++_C23/original/000.mp4,ffpp_real_000,0,real
FaceForensics++_C23/original/001.mp4,ffpp_real_001,0,real
FaceForensics++_C23/original/002.mp4,ffpp_real_002,0,real
FaceForensics++_C23/original/003.mp4,ffpp_real_003,0,real
FaceForensics++_C23/original/004.mp4,ffpp_real_004,0,real
FaceForensics++_C23/original/005.mp4,ffpp_real_005,0,real
FaceForensics++_C23/original/006.mp4,ffpp_real_006,0,real
FaceForensics++_C23/original/007.mp4,ffpp_real_007,0,real
FaceForensics++_C23/original/008.mp4,ffpp_real_008,0,real
FaceForensics++_C23/original/009.mp4,ffpp_real_009,0,real
FaceForensics++_C23/original/010.mp4,ffpp_real_010,0,real
FaceForensics++_C23/original/011.mp4,ffpp_real_011,0,real
FaceForensics++_C23/original/012.mp4,ffpp_real_012,0,real
FaceForensics++_C23/original/013.mp4,ffpp_real_013,0,real
FaceForensics++_C23/original/014.mp4,ffpp_real_014,0,real
FaceForensics++_C23/original/015.mp4,ffpp_real_015,0,real
FaceForensics++_C23/original/016.mp4,ffpp_real_016,0,real
FaceForensics++_C23/original/017.mp4,ffpp_real_017,0,real
FaceForensics++_C23/original/018.mp4,ffpp_real_018,0,real
FaceForensics++_C23/original/019.mp4,ffpp_real_019,0,real
FaceForensics++_C23/original/020.mp4,ffpp_real_020,0,real
FaceForensics++_C23/original/021.mp4,ffpp_real_021,0,real
FaceForensics++_C23/original/022.mp4,ffpp_real_022,0,real
FaceForensics++_C23/original/023.mp4,ffpp_real_023,0,real
FaceForensics++_C23/original/024.mp4,ffpp_real_024,0,real
FaceForensics++_C23/original/025.mp4,ffpp_real_025,0,real
FaceForensics++_C23/original/026.mp4,ffpp_real_026,0,real
FaceForensics++_C23/original/027.mp4,ffpp_real_027,0,real
FaceForensics++_C23/original/028.mp4,ffpp_real_028,0,real
FaceForensics++_C23/original/029.mp4,ffpp_real_029,0,real
FaceForensics++_C23/original/030.mp4,ffpp_real_030,0,real
FaceForensics++_C23/original/031.mp4,ffpp_real_031,0,real
FaceForensics++_C23/original/032.mp4,ffpp_real_032,0,real
FaceForensics++_C23/original/033.mp4,ffpp_real_033,0,real
FaceForensics++_C23/original/034.mp4,ffpp_real_034,0,real
FaceForensics++_C23/original/035.mp4,ffpp_real_035,0,real
FaceForensics++_C23/original/036.mp4,ffpp_real_036,0,real
FaceForensics++_C23/original/037.mp4,ffpp_real_037,0,real
FaceForensics++_C23/original/038.mp4,ffpp_real_038,0,real
FaceForensics++_C23/original/039.mp4,ffpp_real_039,0,real
FaceForensics++_C23/original/040.mp4,ffpp_real_040,0,real
FaceForensics++_C23/original/041.mp4,ffpp_real_041,0,real
FaceForensics++_C23/original/042.mp4,ffpp_real_042,0,real
FaceForensics++_C23/original/043.mp4,ffpp_real_043,0,real
FaceForensics++_C23/original/044.mp4,ffpp_real_044,0,real
FaceForensics++_C23/original/045.mp4,ffpp_real_045,0,real
FaceForensics++_C23/original/046.mp4,ffpp_real_046,0,real
FaceForensics++_C23/original/047.mp4,ffpp_real_047,0,real
FaceForensics++_C23/original/048.mp4,ffpp_real_048,0,real
FaceForensics++_C23/original/049.mp4,ffpp_real_049,0,real
FaceForensics++_C23/original/050.mp4,ffpp_real_050,0,real
FaceForensics++_C23/original/051.mp4,ffpp_real_051,0,real
FaceForensics++_C23/original/052.mp4,ffpp_real_052,0,real
FaceForensics++_C23/original/053.mp4,ffpp_real_053,0,real
FaceForensics++_C23/original/054.mp4,ffpp_real_054,0,real
FaceForensics++_C23/original/055.mp4,ffpp_real_055,0,real
FaceForensics++_C23/original/056.mp4,ffpp_real_056,0,real
FaceForensics++_C23/original/057.mp4,ffpp_real_057,0,real
FaceForensics++_C23/original/058.mp4,ffpp_real_058,0,real
FaceForensics++_C23/original/059.mp4,ffpp_real_059,0,real
FaceForensics++_C23/original/060.mp4,ffpp_real_060,0,real
FaceForensics++_C23/original/061.mp4,ffpp_real_061,0,real
FaceForensics++_C23/original/062.mp4,ffpp_real_062,0,real
FaceForensics++_C23/original/063.mp4,ffpp_real_063,0,real
FaceForensics++_C23/original/064.mp4,ffpp_real_064,0,real
FaceForensics++_C23/original/065.mp4,ffpp_real_065,0,real
FaceForensics++_C23/original/066.mp4,ffpp_real_066,0,real
FaceForensics++_C23/original/067.mp4,ffpp_real_067,0,real
FaceForensics++_C23/original/068.mp4,ffpp_real_068,0,real
FaceForensics++_C23/original/069.mp4,ffpp_real_069,0,real
FaceForensics++_C23/original/070.mp4,ffpp_real_070,0,real
FaceForensics++_C23/original/071.mp4,ffpp_real_071,0,real
FaceForensics++_C23/original/072.mp4,ffpp_real_072,0,real
FaceForensics++_C23/original/073.mp4,ffpp_real_073,0,real
FaceForensics++_C23/original/074.mp4,ffpp_real_074,0,real
FaceForensics++_C23/original/075.mp4,ffpp_real_075,0,real
FaceForensics++_C23/original/076.mp4,ffpp_real_076,0,real
FaceForensics++_C23/original/077.mp4,ffpp_real_077,0,real
FaceForensics++_C23/original/078.mp4,ffpp_real_078,0,real
FaceForensics++_C23/original/079.mp4,ffpp_real_079,0,real
FaceForensics++_C23/original/080.mp4,ffpp_real_080,0,real
FaceForensics++_C23/original/081.mp4,ffpp_real_081,0,real
FaceForensics++_C23/original/082.mp4,ffpp_real_082,0,real
FaceForensics++_C23/original/083.mp4,ffpp_real_083,0,real
FaceForensics++_C23/original/084.mp4,ffpp_real_084,0,real
FaceForensics++_C23/original/085.mp4,ffpp_real_085,0,real
FaceForensics++_C23/original/086.mp4,ffpp_real_086,0,real
FaceForensics++_C23/original/087.mp4,ffpp_real_087,0,real
FaceForensics++_C23/original/088.mp4,ffpp_real_088,0,real
FaceForensics++_C23/original/089.mp4,ffpp_real_089,0,real
FaceForensics++_C23/original/090.mp4,ffpp_real_090,0,real
FaceForensics++_C23/original/091.mp4,ffpp_real_091,0,real
FaceForensics++_C23/original/092.mp4,ffpp_real_092,0,real
FaceForensics++_C23/original/093.mp4,ffpp_real_093,0,real
FaceForensics++_C23/original/094.mp4,ffpp_real_094,0,real
FaceForensics++_C23/original/095.mp4,ffpp_real_095,0,real
FaceForensics++_C23/original/096.mp4,ffpp_real_096,0,real
FaceForensics++_C23/original/097.mp4,ffpp_real_097,0,real
FaceForensics++_C23/original/098.mp4,ffpp_real_098,0,real
FaceForensics++_C23/original/099.mp4,ffpp_real_099,0,real
FaceForensics++_C23/original/100.mp4,ffpp_real_100,0,real
FaceForensics++_C23/original/101.mp4,ffpp_real_101,0,real
FaceForensics++_C23/original/102.mp4,ffpp_real_102,0,real
FaceForensics++_C23/original/103.mp4,ffpp_real_103,0,real
FaceForensics++_C23/original/104.mp4,ffpp_real_104,0,real
FaceForensics++_C23/original/105.mp4,ffpp_real_105,0,real
FaceForensics++_C23/original/106.mp4,ffpp_real_106,0,real
FaceForensics++_C23/original/107.mp4,ffpp_real_107,0,real
FaceForensics++_C23/original/108.mp4,ffpp_real_108,0,real
FaceForensics++_C23/original/109.mp4,ffpp_real_109,0,real
FaceForensics++_C23/original/110.mp4,ffpp_real_110,0,real
FaceForensics++_C23/original/111.mp4,ffpp_real_111,0,real
FaceForensics++_C23/original/112.mp4,ffpp_real_112,0,real
FaceForensics++_C23/original/113.mp4,ffpp_real_113,0,real
FaceForensics++_C23/original/114.mp4,ffpp_real_114,0,real
FaceForensics++_C23/original/115.mp4,ffpp_real_115,0,real
FaceForensics++_C23/original/116.mp4,ffpp_real_116,0,real
FaceForensics++_C23/original/117.mp4,ffpp_real_117,0,real
FaceForensics++_C23/original/118.mp4,ffpp_real_118,0,real
FaceForensics++_C23/original/119.mp4,ffpp_real_119,0,real
FaceForensics++_C23/original/120.mp4,ffpp_real_120,0,real
FaceForensics++_C23/original/121.mp4,ffpp_real_121,0,real
FaceForensics++_C23/original/122.mp4,ffpp_real_122,0,real
FaceForensics++_C23/original/123.mp4,ffpp_real_123,0,real
FaceForensics++_C23/original/124.mp4,ffpp_real_124,0,real
FaceForensics++_C23/original/125.mp4,ffpp_real_125,0,real
FaceForensics++_C23/original/126.mp4,ffpp_real_126,0,real
FaceForensics++_C23/original/127.mp4,ffpp_real_127,0,real
FaceForensics++_C23/original/128.mp4,ffpp_real_128,0,real
FaceForensics++_C23/original/129.mp4,ffpp_real_129,0,real
FaceForensics++_C23/original/130.mp4,ffpp_real_130,0,real
FaceForensics++_C23/original/131.mp4,ffpp_real_131,0,real
FaceForensics++_C23/original/132.mp4,ffpp_real_132,0,real
FaceForensics++_C23/original/133.mp4,ffpp_real_133,0,real
FaceForensics++_C23/original/134.mp4,ffpp_real_134,0,real
FaceForensics++_C23/original/135.mp4,ffpp_real_135,0,real
FaceForensics++_C23/original/136.mp4,ffpp_real_136,0,real
FaceForensics++_C23/original/137.mp4,ffpp_real_137,0,real
FaceForensics++_C23/original/138.mp4,ffpp_real_138,0,real
FaceForensics++_C23/original/139.mp4,ffpp_real_139,0,real
FaceForensics++_C23/original/140.mp4,ffpp_real_140,0,real
FaceForensics++_C23/original/141.mp4,ffpp_real_141,0,real
FaceForensics++_C23/original/142.mp4,ffpp_real_142,0,real
FaceForensics++_C23/original/143.mp4,ffpp_real_143,0,real
FaceForensics++_C23/original/144.mp4,ffpp_real_144,0,real
FaceForensics++_C23/original/145.mp4,ffpp_real_145,0,real
FaceForensics++_C23/original/146.mp4,ffpp_real_146,0,real
FaceForensics++_C23/original/147.mp4,ffpp_real_147,0,real
FaceForensics++_C23/original/148.mp4,ffpp_real_148,0,real
FaceForensics++_C23/original/149.mp4,ffpp_real_149,0,real
FaceForensics++_C23/original/150.mp4,ffpp_real_150,0,real
FaceForensics++_C23/original/151.mp4,ffpp_real_151,0,real
FaceForensics++_C23/original/152.mp4,ffpp_real_152,0,real
FaceForensics++_C23/original/153.mp4,ffpp_real_153,0,real
FaceForensics++_C23/original/154.mp4,ffpp_real_154,0,real
FaceForensics++_C23/original/155.mp4,ffpp_real_155,0,real
FaceForensics++_C23/original/156.mp4,ffpp_real_156,0,real
FaceForensics++_C23/original/157.mp4,ffpp_real_157,0,real
FaceForensics++_C23/original/158.mp4,ffpp_real_158,0,real
FaceForensics++_C23/original/159.mp4,ffpp_real_159,0,real
FaceForensics++_C23/original/160.mp4,ffpp_real_160,0,real
FaceForensics++_C23/original/161.mp4,ffpp_real_161,0,real
FaceForensics++_C23/original/162.mp4,ffpp_real_162,0,real
FaceForensics++_C23/original/163.mp4,ffpp_real_163,0,real
FaceForensics++_C23/original/164.mp4,ffpp_real_164,0,real
FaceForensics++_C23/original/165.mp4,ffpp_real_165,0,real
FaceForensics++_C23/original/166.mp4,ffpp_real_166,0,real
FaceForensics++_C23/original/167.mp4,ffpp_real_167,0,real
FaceForensics++_C23/original/168.mp4,ffpp_real_168,0,real
FaceForensics++_C23/original/169.mp4,ffpp_real_169,0,real
FaceForensics++_C23/original/170.mp4,ffpp_real_170,0,real
FaceForensics++_C23/original/171.mp4,ffpp_real_171,0,real
FaceForensics++_C23/original/172.mp4,ffpp_real_172,0,real
FaceForensics++_C23/original/173.mp4,ffpp_real_173,0,real
FaceForensics++_C23/original/174.mp4,ffpp_real_174,0,real
FaceForensics++_C23/original/175.mp4,ffpp_real_175,0,real
FaceForensics++_C23/original/176.mp4,ffpp_real_176,0,real
FaceForensics++_C23/original/177.mp4,ffpp_real_177,0,real
FaceForensics++_C23/original/178.mp4,ffpp_real_178,0,real
FaceForensics++_C23/original/179.mp4,ffpp_real_179,0,real
FaceForensics++_C23/original/180.mp4,ffpp_real_180,0,real
FaceForensics++_C23/original/181.mp4,ffpp_real_181,0,real
FaceForensics++_C23/original/182.mp4,ffpp_real_182,0,real
FaceForensics++_C23/original/183.mp4,ffpp_real_183,0,real
FaceForensics++_C23/original/184.mp4,ffpp_real_184,0,real
FaceForensics++_C23/original/185.mp4,ffpp_real_185,0,real
FaceForensics++_C23/original/186.mp4,ffpp_real_186,0,real
FaceForensics++_C23/original/187.mp4,ffpp_real_187,0,real
FaceForensics++_C23/original/188.mp4,ffpp_real_188,0,real
FaceForensics++_C23/original/189.mp4,ffpp_real_189,0,real
FaceForensics++_C23/original/190.mp4,ffpp_real_190,0,real
FaceForensics++_C23/original/191.mp4,ffpp_real_191,0,real
FaceForensics++_C23/original/192.mp4,ffpp_real_192,0,real
FaceForensics++_C23/original/193.mp4,ffpp_real_193,0,real
FaceForensics++_C23/original/194.mp4,ffpp_real_194,0,real
FaceForensics++_C23/original/195.mp4,ffpp_real_195,0,real
FaceForensics++_C23/original/196.mp4,ffpp_real_196,0,real
FaceForensics++_C23/original/197.mp4,ffpp_real_197,0,real
FaceForensics++_C23/original/198.mp4,ffpp_real_198,0,real
FaceForensics++_C23/original/199.mp4,ffpp_real_199,0,real
FaceForensics++_C23/original/200.mp4,ffpp_real_200,0,real
FaceForensics++_C23/original/201.mp4,ffpp_real_201,0,real
FaceForensics++_C23/original/202.mp4,ffpp_real_202,0,real
FaceForensics++_C23/original/203.mp4,ffpp_real_203,0,real
FaceForensics++_C23/original/204.mp4,ffpp_real_204,0,real
FaceForensics++_C23/original/205.mp4,ffpp_real_205,0,real
FaceForensics++_C23/original/206.mp4,ffpp_real_206,0,real
FaceForensics++_C23/original/207.mp4,ffpp_real_207,0,real
FaceForensics++_C23/original/208.mp4,ffpp_real_208,0,real
FaceForensics++_C23/original/209.mp4,ffpp_real_209,0,real
FaceForensics++_C23/original/210.mp4,ffpp_real_210,0,real
FaceForensics++_C23/original/211.mp4,ffpp_real_211,0,real
FaceForensics++_C23/original/212.mp4,ffpp_real_212,0,real
FaceForensics++_C23/original/213.mp4,ffpp_real_213,0,real
FaceForensics++_C23/original/214.mp4,ffpp_real_214,0,real
FaceForensics++_C23/original/215.mp4,ffpp_real_215,0,real
FaceForensics++_C23/original/216.mp4,ffpp_real_216,0,real
FaceForensics++_C23/original/217.mp4,ffpp_real_217,0,real
FaceForensics++_C23/original/218.mp4,ffpp_real_218,0,real
FaceForensics++_C23/original/219.mp4,ffpp_real_219,0,real
FaceForensics++_C23/original/220.mp4,ffpp_real_220,0,real
FaceForensics++_C23/original/221.mp4,ffpp_real_221,0,real
FaceForensics++_C23/original/222.mp4,ffpp_real_222,0,real
FaceForensics++_C23/original/223.mp4,ffpp_real_223,0,real
FaceForensics++_C23/original/224.mp4,ffpp_real_224,0,real
FaceForensics++_C23/original/225.mp4,ffpp_real_225,0,real
FaceForensics++_C23/original/226.mp4,ffpp_real_226,0,real
FaceForensics++_C23/original/227.mp4,ffpp_real_227,0,real
FaceForensics++_C23/original/228.mp4,ffpp_real_228,0,real
FaceForensics++_C23/original/229.mp4,ffpp_real_229,0,real
FaceForensics++_C23/original/230.mp4,ffpp_real_230,0,real
FaceForensics++_C23/original/231.mp4,ffpp_real_231,0,real
FaceForensics++_C23/original/232.mp4,ffpp_real_232,0,real
FaceForensics++_C23/original/233.mp4,ffpp_real_233,0,real
FaceForensics++_C23/original/234.mp4,ffpp_real_234,0,real
FaceForensics++_C23/original/235.mp4,ffpp_real_235,0,real
FaceForensics++_C23/original/236.mp4,ffpp_real_236,0,real
FaceForensics++_C23/original/237.mp4,ffpp_real_237,0,real
FaceForensics++_C23/original/238.mp4,ffpp_real_238,0,real
FaceForensics++_C23/original/239.mp4,ffpp_real_239,0,real
FaceForensics++_C23/original/240.mp4,ffpp_real_240,0,real
FaceForensics++_C23/original/241.mp4,ffpp_real_241,0,real
FaceForensics++_C23/original/242.mp4,ffpp_real_242,0,real
FaceForensics++_C23/original/243.mp4,ffpp_real_243,0,real
FaceForensics++_C23/original/244.mp4,ffpp_real_244,0,real
FaceForensics++_C23/original/245.mp4,ffpp_real_245,0,real
FaceForensics++_C23/original/246.mp4,ffpp_real_246,0,real
FaceForensics++_C23/original/247.mp4,ffpp_real_247,0,real
FaceForensics++_C23/original/248.mp4,ffpp_real_248,0,real
FaceForensics++_C23/original/249.mp4,ffpp_real_249,0,real
FaceForensics++_C23/original/250.mp4,ffpp_real_250,0,real
FaceForensics++_C23/original/251.mp4,ffpp_real_251,0,real
FaceForensics++_C23/original/252.mp4,ffpp_real_252,0,real
FaceForensics++_C23/original/253.mp4,ffpp_real_253,0,real
FaceForensics++_C23/original/254.mp4,ffpp_real_254,0,real
FaceForensics++_C23/original/255.mp4,ffpp_real_255,0,real
FaceForensics++_C23/original/256.mp4,ffpp_real_256,0,real
FaceForensics++_C23/original/257.mp4,ffpp_real_257,0,real
FaceForensics++_C23/original/258.mp4,ffpp_real_258,0,real
FaceForensics++_C23/original/259.mp4,ffpp_real_259,0,real
FaceForensics++_C23/original/260.mp4,ffpp_real_260,0,real
FaceForensics++_C23/original/261.mp4,ffpp_real_261,0,real
FaceForensics++_C23/original/262.mp4,ffpp_real_262,0,real
FaceForensics++_C23/original/263.mp4,ffpp_real_263,0,real
FaceForensics++_C23/original/264.mp4,ffpp_real_264,0,real
FaceForensics++_C23/original/265.mp4,ffpp_real_265,0,real
FaceForensics++_C23/original/266.mp4,ffpp_real_266,0,real
FaceForensics++_C23/original/267.mp4,ffpp_real_267,0,real
FaceForensics++_C23/original/268.mp4,ffpp_real_268,0,real
FaceForensics++_C23/original/269.mp4,ffpp_real_269,0,real
FaceForensics++_C23/original/270.mp4,ffpp_real_270,0,real
FaceForensics++_C23/original/271.mp4,ffpp_real_271,0,real
FaceForensics++_C23/original/272.mp4,ffpp_real_272,0,real
FaceForensics++_C23/original/273.mp4,ffpp_real_273,0,real
FaceForensics++_C23/original/274.mp4,ffpp_real_274,0,real
FaceForensics++_C23/original/275.mp4,ffpp_real_275,0,real
FaceForensics++_C23/original/276.mp4,ffpp_real_276,0,real
FaceForensics++_C23/original/277.mp4,ffpp_real_277,0,real
FaceForensics++_C23/original/278.mp4,ffpp_real_278,0,real
FaceForensics++_C23/original/279.mp4,ffpp_real_279,0,real
FaceForensics++_C23/original/280.mp4,ffpp_real_280,0,real
FaceForensics++_C23/original/281.mp4,ffpp_real_281,0,real
FaceForensics++_C23/original/282.mp4,ffpp_real_282,0,real
FaceForensics++_C23/original/283.mp4,ffpp_real_283,0,real
FaceForensics++_C23/original/284.mp4,ffpp_real_284,0,real
FaceForensics++_C23/original/285.mp4,ffpp_real_285,0,real
FaceForensics++_C23/original/286.mp4,ffpp_real_286,0,real
FaceForensics++_C23/original/287.mp4,ffpp_real_287,0,real
FaceForensics++_C23/original/288.mp4,ffpp_real_288,0,real
FaceForensics++_C23/original/289.mp4,ffpp_real_289,0,real
FaceForensics++_C23/original/290.mp4,ffpp_real_290,0,real
FaceForensics++_C23/original/291.mp4,ffpp_real_291,0,real
FaceForensics++_C23/original/292.mp4,ffpp_real_292,0,real
FaceForensics++_C23/original/293.mp4,ffpp_real_293,0,real
FaceForensics++_C23/original/294.mp4,ffpp_real_294,0,real
FaceForensics++_C23/original/295.mp4,ffpp_real_295,0,real
FaceForensics++_C23/original/296.mp4,ffpp_real_296,0,real
FaceForensics++_C23/original/297.mp4,ffpp_real_297,0,real
FaceForensics++_C23/original/298.mp4,ffpp_real_298,0,real
FaceForensics++_C23/original/299.mp4,ffpp_real_299,0,real
FaceForensics++_C23/original/300.mp4,ffpp_real_300,0,real
FaceForensics++_C23/original/301.mp4,ffpp_real_301,0,real
FaceForensics++_C23/original/302.mp4,ffpp_real_302,0,real
FaceForensics++_C23/original/303.mp4,ffpp_real_303,0,real
FaceForensics++_C23/original/304.mp4,ffpp_real_304,0,real
FaceForensics++_C23/original/305.mp4,ffpp_real_305,0,real
FaceForensics++_C23/original/306.mp4,ffpp_real_306,0,real
FaceForensics++_C23/original/307.mp4,ffpp_real_307,0,real
FaceForensics++_C23/original/308.mp4,ffpp_real_308,0,real
FaceForensics++_C23/original/309.mp4,ffpp_real_309,0,real
FaceForensics++_C23/original/310.mp4,ffpp_real_310,0,real
FaceForensics++_C23/original/311.mp4,ffpp_real_311,0,real
FaceForensics++_C23/original/312.mp4,ffpp_real_312,0,real
FaceForensics++_C23/original/313.mp4,ffpp_real_313,0,real
FaceForensics++_C23/original/314.mp4,ffpp_real_314,0,real
FaceForensics++_C23/original/315.mp4,ffpp_real_315,0,real
FaceForensics++_C23/original/316.mp4,ffpp_real_316,0,real
FaceForensics++_C23/original/317.mp4,ffpp_real_317,0,real
FaceForensics++_C23/original/318.mp4,ffpp_real_318,0,real
FaceForensics++_C23/original/319.mp4,ffpp_real_319,0,real
FaceForensics++_C23/original/320.mp4,ffpp_real_320,0,real
FaceForensics++_C23/original/321.mp4,ffpp_real_321,0,real
FaceForensics++_C23/original/322.mp4,ffpp_real_322,0,real
FaceForensics++_C23/original/323.mp4,ffpp_real_323,0,real
FaceForensics++_C23/original/324.mp4,ffpp_real_324,0,real
FaceForensics++_C23/original/325.mp4,ffpp_real_325,0,real
FaceForensics++_C23/original/326.mp4,ffpp_real_326,0,real
FaceForensics++_C23/original/327.mp4,ffpp_real_327,0,real
FaceForensics++_C23/original/328.mp4,ffpp_real_328,0,real
FaceForensics++_C23/original/329.mp4,ffpp_real_329,0,real
FaceForensics++_C23/original/330.mp4,ffpp_real_330,0,real
FaceForensics++_C23/original/331.mp4,ffpp_real_331,0,real
FaceForensics++_C23/original/332.mp4,ffpp_real_332,0,real
FaceForensics++_C23/original/333.mp4,ffpp_real_333,0,real
FaceForensics++_C23/original/334.mp4,ffpp_real_334,0,real
FaceForensics++_C23/original/335.mp4,ffpp_real_335,0,real
FaceForensics++_C23/original/336.mp4,ffpp_real_336,0,real
FaceForensics++_C23/original/337.mp4,ffpp_real_337,0,real
FaceForensics++_C23/original/338.mp4,ffpp_real_338,0,real
FaceForensics++_C23/original/339.mp4,ffpp_real_339,0,real
FaceForensics++_C23/original/340.mp4,ffpp_real_340,0,real
FaceForensics++_C23/original/341.mp4,ffpp_real_341,0,real
FaceForensics++_C23/original/342.mp4,ffpp_real_342,0,real
FaceForensics++_C23/original/343.mp4,ffpp_real_343,0,real
FaceForensics++_C23/original/344.mp4,ffpp_real_344,0,real
FaceForensics++_C23/original/345.mp4,ffpp_real_345,0,real
FaceForensics++_C23/original/346.mp4,ffpp_real_346,0,real
FaceForensics++_C23/original/347.mp4,ffpp_real_347,0,real
FaceForensics++_C23/original/348.mp4,ffpp_real_348,0,real
FaceForensics++_C23/original/349.mp4,ffpp_real_349,0,real
FaceForensics++_C23/original/350.mp4,ffpp_real_350,0,real
FaceForensics++_C23/original/351.mp4,ffpp_real_351,0,real
FaceForensics++_C23/original/352.mp4,ffpp_real_352,0,real
FaceForensics++_C23/original/353.mp4,ffpp_real_353,0,real
FaceForensics++_C23/original/354.mp4,ffpp_real_354,0,real
FaceForensics++_C23/original/355.mp4,ffpp_real_355,0,real
FaceForensics++_C23/original/356.mp4,ffpp_real_356,0,real
FaceForensics++_C23/original/357.mp4,ffpp_real_357,0,real
FaceForensics++_C23/original/358.mp4,ffpp_real_358,0,real
FaceForensics++_C23/original/359.mp4,ffpp_real_359,0,real
FaceForensics++_C23/original/360.mp4,ffpp_real_360,0,real
FaceForensics++_C23/original/361.mp4,ffpp_real_361,0,real
FaceForensics++_C23/original/362.mp4,ffpp_real_362,0,real
FaceForensics++_C23/original/363.mp4,ffpp_real_363,0,real
FaceForensics++_C23/original/364.mp4,ffpp_real_364,0,real
FaceForensics++_C23/original/365.mp4,ffpp_real_365,0,real
FaceForensics++_C23/original/366.mp4,ffpp_real_366,0,real
FaceForensics++_C23/original/367.mp4,ffpp_real_367,0,real
FaceForensics++_C23/original/368.mp4,ffpp_real_368,0,real
FaceForensics++_C23/original/369.mp4,ffpp_real_369,0,real
FaceForensics++_C23/original/370.mp4,ffpp_real_370,0,real
FaceForensics++_C23/original/371.mp4,ffpp_real_371,0,real
FaceForensics++_C23/original/372.mp4,ffpp_real_372,0,real
FaceForensics++_C23/original/373.mp4,ffpp_real_373,0,real
FaceForensics++_C23/original/374.mp4,ffpp_real_374,0,real
FaceForensics++_C23/original/375.mp4,ffpp_real_375,0,real
FaceForensics++_C23/original/376.mp4,ffpp_real_376,0,real
FaceForensics++_C23/original/377.mp4,ffpp_real_377,0,real
FaceForensics++_C23/original/378.mp4,ffpp_real_378,0,real
FaceForensics++_C23/original/379.mp4,ffpp_real_379,0,real
FaceForensics++_C23/original/380.mp4,ffpp_real_380,0,real
FaceForensics++_C23/original/381.mp4,ffpp_real_381,0,real
FaceForensics++_C23/original/382.mp4,ffpp_real_382,0,real
FaceForensics++_C23/original/383.mp4,ffpp_real_383,0,real
FaceForensics++_C23/original/384.mp4,ffpp_real_384,0,real
FaceForensics++_C23/original/385.mp4,ffpp_real_385,0,real
FaceForensics++_C23/original/386.mp4,ffpp_real_386,0,real
FaceForensics++_C23/original/387.mp4,ffpp_real_387,0,real
FaceForensics++_C23/original/388.mp4,ffpp_real_388,0,real
FaceForensics++_C23/original/389.mp4,ffpp_real_389,0,real
FaceForensics++_C23/original/390.mp4,ffpp_real_390,0,real
FaceForensics++_C23/original/391.mp4,ffpp_real_391,0,real
FaceForensics++_C23/original/392.mp4,ffpp_real_392,0,real
FaceForensics++_C23/original/393.mp4,ffpp_real_393,0,real
FaceForensics++_C23/original/394.mp4,ffpp_real_394,0,real
FaceForensics++_C23/original/395.mp4,ffpp_real_395,0,real
FaceForensics++_C23/original/396.mp4,ffpp_real_396,0,real
FaceForensics++_C23/original/397.mp4,ffpp_real_397,0,real
FaceForensics++_C23/original/398.mp4,ffpp_real_398,0,real
FaceForensics++_C23/original/399.mp4,ffpp_real_399,0,real
FaceForensics++_C23/original/400.mp4,ffpp_real_400,0,real
FaceForensics++_C23/original/401.mp4,ffpp_real_401,0,real
FaceForensics++_C23/original/402.mp4,ffpp_real_402,0,real
FaceForensics++_C23/original/403.mp4,ffpp_real_403,0,real
FaceForensics++_C23/original/404.mp4,ffpp_real_404,0,real
FaceForensics++_C23/original/405.mp4,ffpp_real_405,0,real
FaceForensics++_C23/original/406.mp4,ffpp_real_406,0,real
FaceForensics++_C23/original/407.mp4,ffpp_real_407,0,real
FaceForensics++_C23/original/408.mp4,ffpp_real_408,0,real
FaceForensics++_C23/original/409.mp4,ffpp_real_409,0,real
FaceForensics++_C23/original/410.mp4,ffpp_real_410,0,real
FaceForensics++_C23/original/411.mp4,ffpp_real_411,0,real
FaceForensics++_C23/original/412.mp4,ffpp_real_412,0,real
FaceForensics++_C23/original/413.mp4,ffpp_real_413,0,real
FaceForensics++_C23/original/414.mp4,ffpp_real_414,0,real
FaceForensics++_C23/original/415.mp4,ffpp_real_415,0,real
FaceForensics++_C23/original/416.mp4,ffpp_real_416,0,real
FaceForensics++_C23/original/417.mp4,ffpp_real_417,0,real
FaceForensics++_C23/original/418.mp4,ffpp_real_418,0,real
FaceForensics++_C23/original/419.mp4,ffpp_real_419,0,real
FaceForensics++_C23/original/420.mp4,ffpp_real_420,0,real
FaceForensics++_C23/original/421.mp4,ffpp_real_421,0,real
FaceForensics++_C23/original/422.mp4,ffpp_real_422,0,real
FaceForensics++_C23/original/423.mp4,ffpp_real_423,0,real
FaceForensics++_C23/original/424.mp4,ffpp_real_424,0,real
FaceForensics++_C23/original/425.mp4,ffpp_real_425,0,real
FaceForensics++_C23/original/426.mp4,ffpp_real_426,0,real
FaceForensics++_C23/original/427.mp4,ffpp_real_427,0,real
FaceForensics++_C23/original/428.mp4,ffpp_real_428,0,real
FaceForensics++_C23/original/429.mp4,ffpp_real_429,0,real
FaceForensics++_C23/original/430.mp4,ffpp_real_430,0,real
FaceForensics++_C23/original/431.mp4,ffpp_real_431,0,real
FaceForensics++_C23/original/432.mp4,ffpp_real_432,0,real
FaceForensics++_C23/original/433.mp4,ffpp_real_433,0,real
FaceForensics++_C23/original/434.mp4,ffpp_real_434,0,real
FaceForensics++_C23/original/435.mp4,ffpp_real_435,0,real
FaceForensics++_C23/original/436.mp4,ffpp_real_436,0,real
FaceForensics++_C23/original/437.mp4,ffpp_real_437,0,real
FaceForensics++_C23/original/438.mp4,ffpp_real_438,0,real
FaceForensics++_C23/original/439.mp4,ffpp_real_439,0,real
FaceForensics++_C23/original/440.mp4,ffpp_real_440,0,real
FaceForensics++_C23/original/441.mp4,ffpp_real_441,0,real
FaceForensics++_C23/original/442.mp4,ffpp_real_442,0,real
FaceForensics++_C23/original/443.mp4,ffpp_real_443,0,real
FaceForensics++_C23/original/444.mp4,ffpp_real_444,0,real
FaceForensics++_C23/original/445.mp4,ffpp_real_445,0,real
FaceForensics++_C23/original/446.mp4,ffpp_real_446,0,real
FaceForensics++_C23/original/447.mp4,ffpp_real_447,0,real
FaceForensics++_C23/original/448.mp4,ffpp_real_448,0,real
FaceForensics++_C23/original/449.mp4,ffpp_real_449,0,real
FaceForensics++_C23/original/450.mp4,ffpp_real_450,0,real
FaceForensics++_C23/original/451.mp4,ffpp_real_451,0,real
FaceForensics++_C23/original/452.mp4,ffpp_real_452,0,real
FaceForensics++_C23/original/453.mp4,ffpp_real_453,0,real
FaceForensics++_C23/original/454.mp4,ffpp_real_454,0,real
FaceForensics++_C23/original/455.mp4,ffpp_real_455,0,real
FaceForensics++_C23/original/456.mp4,ffpp_real_456,0,real
FaceForensics++_C23/original/457.mp4,ffpp_real_457,0,real
FaceForensics++_C23/original/458.mp4,ffpp_real_458,0,real
FaceForensics++_C23/original/459.mp4,ffpp_real_459,0,real
FaceForensics++_C23/original/460.mp4,ffpp_real_460,0,real
FaceForensics++_C23/original/461.mp4,ffpp_real_461,0,real
FaceForensics++_C23/original/462.mp4,ffpp_real_462,0,real
FaceForensics++_C23/original/463.mp4,ffpp_real_463,0,real
FaceForensics++_C23/original/464.mp4,ffpp_real_464,0,real
FaceForensics++_C23/original/465.mp4,ffpp_real_465,0,real
FaceForensics++_C23/original/466.mp4,ffpp_real_466,0,real
FaceForensics++_C23/original/467.mp4,ffpp_real_467,0,real
FaceForensics++_C23/original/468.mp4,ffpp_real_468,0,real
FaceForensics++_C23/original/469.mp4,ffpp_real_469,0,real
FaceForensics++_C23/original/470.mp4,ffpp_real_470,0,real
FaceForensics++_C23/original/471.mp4,ffpp_real_471,0,real
FaceForensics++_C23/original/472.mp4,ffpp_real_472,0,real
FaceForensics++_C23/original/473.mp4,ffpp_real_473,0,real
FaceForensics++_C23/original/474.mp4,ffpp_real_474,0,real
FaceForensics++_C23/original/475.mp4,ffpp_real_475,0,real
FaceForensics++_C23/original/476.mp4,ffpp_real_476,0,real
FaceForensics++_C23/original/477.mp4,ffpp_real_477,0,real
FaceForensics++_C23/original/478.mp4,ffpp_real_478,0,real
FaceForensics++_C23/original/479.mp4,ffpp_real_479,0,real
FaceForensics++_C23/original/480.mp4,ffpp_real_480,0,real
FaceForensics++_C23/original/481.mp4,ffpp_real_481,0,real
FaceForensics++_C23/original/482.mp4,ffpp_real_482,0,real
FaceForensics++_C23/original/483.mp4,ffpp_real_483,0,real
FaceForensics++_C23/original/484.mp4,ffpp_real_484,0,real
FaceForensics++_C23/original/485.mp4,ffpp_real_485,0,real
FaceForensics++_C23/original/486.mp4,ffpp_real_486,0,real
FaceForensics++_C23/original/487.mp4,ffpp_real_487,0,real
FaceForensics++_C23/original/488.mp4,ffpp_real_488,0,real
FaceForensics++_C23/original/489.mp4,ffpp_real_489,0,real
FaceForensics++_C23/original/490.mp4,ffpp_real_490,0,real
FaceForensics++_C23/original/491.mp4,ffpp_real_491,0,real
FaceForensics++_C23/original/492.mp4,ffpp_real_492,0,real
FaceForensics++_C23/original/493.mp4,ffpp_real_493,0,real
FaceForensics++_C23/original/494.mp4,ffpp_real_494,0,real
FaceForensics++_C23/original/495.mp4,ffpp_real_495,0,real
FaceForensics++_C23/original/496.mp4,ffpp_real_496,0,real
FaceForensics++_C23/original/497.mp4,ffpp_real_497,0,real
FaceForensics++_C23/original/498.mp4,ffpp_real_498,0,real
FaceForensics++_C23/original/499.mp4,ffpp_real_499,0,real
FaceForensics++_C23/original/500.mp4,ffpp_real_500,0,real
FaceForensics++_C23/original/501.mp4,ffpp_real_501,0,real
FaceForensics++_C23/original/502.mp4,ffpp_real_502,0,real
FaceForensics++_C23/original/503.mp4,ffpp_real_503,0,real
FaceForensics++_C23/original/504.mp4,ffpp_real_504,0,real
FaceForensics++_C23/original/505.mp4,ffpp_real_505,0,real
FaceForensics++_C23/original/506.mp4,ffpp_real_506,0,real
FaceForensics++_C23/original/507.mp4,ffpp_real_507,0,real
FaceForensics++_C23/original/508.mp4,ffpp_real_508,0,real
FaceForensics++_C23/original/509.mp4,ffpp_real_509,0,real
FaceForensics++_C23/original/510.mp4,ffpp_real_510,0,real
FaceForensics++_C23/original/511.mp4,ffpp_real_511,0,real
FaceForensics++_C23/original/512.mp4,ffpp_real_512,0,real
FaceForensics++_C23/original/513.mp4,ffpp_real_513,0,real
FaceForensics++_C23/original/514.mp4,ffpp_real_514,0,real
FaceForensics++_C23/original/515.mp4,ffpp_real_515,0,real
FaceForensics++_C23/original/516.mp4,ffpp_real_516,0,real
FaceForensics++_C23/original/517.mp4,ffpp_real_517,0,real
FaceForensics++_C23/original/518.mp4,ffpp_real_518,0,real
FaceForensics++_C23/original/519.mp4,ffpp_real_519,0,real
FaceForensics++_C23/original/520.mp4,ffpp_real_520,0,real
FaceForensics++_C23/original/521.mp4,ffpp_real_521,0,real
FaceForensics++_C23/original/522.mp4,ffpp_real_522,0,real
FaceForensics++_C23/original/523.mp4,ffpp_real_523,0,real
FaceForensics++_C23/original/524.mp4,ffpp_real_524,0,real
FaceForensics++_C23/original/525.mp4,ffpp_real_525,0,real
FaceForensics++_C23/original/526.mp4,ffpp_real_526,0,real
FaceForensics++_C23/original/527.mp4,ffpp_real_527,0,real
FaceForensics++_C23/original/528.mp4,ffpp_real_528,0,real
FaceForensics++_C23/original/529.mp4,ffpp_real_529,0,real
FaceForensics++_C23/original/530.mp4,ffpp_real_530,0,real
FaceForensics++_C23/original/531.mp4,ffpp_real_531,0,real
FaceForensics++_C23/original/532.mp4,ffpp_real_532,0,real
FaceForensics++_C23/original/533.mp4,ffpp_real_533,0,real
FaceForensics++_C23/original/534.mp4,ffpp_real_534,0,real
FaceForensics++_C23/original/535.mp4,ffpp_real_535,0,real
FaceForensics++_C23/original/536.mp4,ffpp_real_536,0,real
FaceForensics++_C23/original/537.mp4,ffpp_real_537,0,real
FaceForensics++_C23/original/538.mp4,ffpp_real_538,0,real
FaceForensics++_C23/original/539.mp4,ffpp_real_539,0,real
FaceForensics++_C23/original/540.mp4,ffpp_real_540,0,real
FaceForensics++_C23/original/541.mp4,ffpp_real_541,0,real
FaceForensics++_C23/original/542.mp4,ffpp_real_542,0,real
FaceForensics++_C23/original/543.mp4,ffpp_real_543,0,real
FaceForensics++_C23/original/544.mp4,ffpp_real_544,0,real
FaceForensics++_C23/original/545.mp4,ffpp_real_545,0,real
FaceForensics++_C23/original/546.mp4,ffpp_real_546,0,real
FaceForensics++_C23/original/547.mp4,ffpp_real_547,0,real
FaceForensics++_C23/original/548.mp4,ffpp_real_548,0,real
FaceForensics++_C23/original/549.mp4,ffpp_real_549,0,real
FaceForensics++_C23/original/550.mp4,ffpp_real_550,0,real
FaceForensics++_C23/original/551.mp4,ffpp_real_551,0,real
FaceForensics++_C23/original/552.mp4,ffpp_real_552,0,real
FaceForensics++_C23/original/553.mp4,ffpp_real_553,0,real
FaceForensics++_C23/original/554.mp4,ffpp_real_554,0,real
FaceForensics++_C23/original/555.mp4,ffpp_real_555,0,real
FaceForensics++_C23/original/556.mp4,ffpp_real_556,0,real
FaceForensics++_C23/original/557.mp4,ffpp_real_557,0,real
FaceForensics++_C23/original/558.mp4,ffpp_real_558,0,real
FaceForensics++_C23/original/559.mp4,ffpp_real_559,0,real
FaceForensics++_C23/original/560.mp4,ffpp_real_560,0,real
FaceForensics++_C23/original/561.mp4,ffpp_real_561,0,real
FaceForensics++_C23/original/562.mp4,ffpp_real_562,0,real
FaceForensics++_C23/original/563.mp4,ffpp_real_563,0,real
FaceForensics++_C23/original/564.mp4,ffpp_real_564,0,real
FaceForensics++_C23/original/565.mp4,ffpp_real_565,0,real
FaceForensics++_C23/original/566.mp4,ffpp_real_566,0,real
FaceForensics++_C23/original/567.mp4,ffpp_real_567,0,real
FaceForensics++_C23/original/568.mp4,ffpp_real_568,0,real
FaceForensics++_C23/original/569.mp4,ffpp_real_569,0,real
FaceForensics++_C23/original/570.mp4,ffpp_real_570,0,real
FaceForensics++_C23/original/571.mp4,ffpp_real_571,0,real
FaceForensics++_C23/original/572.mp4,ffpp_real_572,0,real
FaceForensics++_C23/original/573.mp4,ffpp_real_573,0,real
FaceForensics++_C23/original/574.mp4,ffpp_real_574,0,real
FaceForensics++_C23/original/575.mp4,ffpp_real_575,0,real
FaceForensics++_C23/original/576.mp4,ffpp_real_576,0,real
FaceForensics++_C23/original/577.mp4,ffpp_real_577,0,real
FaceForensics++_C23/original/578.mp4,ffpp_real_578,0,real
FaceForensics++_C23/original/579.mp4,ffpp_real_579,0,real
FaceForensics++_C23/original/580.mp4,ffpp_real_580,0,real
FaceForensics++_C23/original/581.mp4,ffpp_real_581,0,real
FaceForensics++_C23/original/582.mp4,ffpp_real_582,0,real
FaceForensics++_C23/original/583.mp4,ffpp_real_583,0,real
FaceForensics++_C23/original/584.mp4,ffpp_real_584,0,real
FaceForensics++_C23/original/585.mp4,ffpp_real_585,0,real
FaceForensics++_C23/original/586.mp4,ffpp_real_586,0,real
FaceForensics++_C23/original/587.mp4,ffpp_real_587,0,real
FaceForensics++_C23/original/588.mp4,ffpp_real_588,0,real
FaceForensics++_C23/original/589.mp4,ffpp_real_589,0,real
FaceForensics++_C23/original/590.mp4,ffpp_real_590,0,real
FaceForensics++_C23/original/591.mp4,ffpp_real_591,0,real
FaceForensics++_C23/original/592.mp4,ffpp_real_592,0,real
FaceForensics++_C23/original/593.mp4,ffpp_real_593,0,real
FaceForensics++_C23/original/594.mp4,ffpp_real_594,0,real
FaceForensics++_C23/original/595.mp4,ffpp_real_595,0,real
FaceForensics++_C23/original/596.mp4,ffpp_real_596,0,real
FaceForensics++_C23/original/597.mp4,ffpp_real_597,0,real
FaceForensics++_C23/original/598.mp4,ffpp_real_598,0,real
FaceForensics++_C23/original/599.mp4,ffpp_real_599,0,real
FaceForensics++_C23/original/600.mp4,ffpp_real_600,0,real
FaceForensics++_C23/original/601.mp4,ffpp_real_601,0,real
FaceForensics++_C23/original/602.mp4,ffpp_real_602,0,real
FaceForensics++_C23/original/603.mp4,ffpp_real_603,0,real
FaceForensics++_C23/original/604.mp4,ffpp_real_604,0,real
FaceForensics++_C23/original/605.mp4,ffpp_real_605,0,real
FaceForensics++_C23/original/606.mp4,ffpp_real_606,0,real
FaceForensics++_C23/original/607.mp4,ffpp_real_607,0,real
FaceForensics++_C23/original/608.mp4,ffpp_real_608,0,real
FaceForensics++_C23/original/609.mp4,ffpp_real_609,0,real
FaceForensics++_C23/original/610.mp4,ffpp_real_610,0,real
FaceForensics++_C23/original/611.mp4,ffpp_real_611,0,real
FaceForensics++_C23/original/612.mp4,ffpp_real_612,0,real
FaceForensics++_C23/original/613.mp4,ffpp_real_613,0,real
FaceForensics++_C23/original/614.mp4,ffpp_real_614,0,real
FaceForensics++_C23/original/615.mp4,ffpp_real_615,0,real
FaceForensics++_C23/original/616.mp4,ffpp_real_616,0,real
FaceForensics++_C23/original/617.mp4,ffpp_real_617,0,real
FaceForensics++_C23/original/618.mp4,ffpp_real_618,0,real
FaceForensics++_C23/original/619.mp4,ffpp_real_619,0,real
FaceForensics++_C23/original/620.mp4,ffpp_real_620,0,real
FaceForensics++_C23/original/621.mp4,ffpp_real_621,0,real
FaceForensics++_C23/original/622.mp4,ffpp_real_622,0,real
FaceForensics++_C23/original/623.mp4,ffpp_real_623,0,real
FaceForensics++_C23/original/624.mp4,ffpp_real_624,0,real
FaceForensics++_C23/original/625.mp4,ffpp_real_625,0,real
FaceForensics++_C23/original/626.mp4,ffpp_real_626,0,real
FaceForensics++_C23/original/627.mp4,ffpp_real_627,0,real
FaceForensics++_C23/original/628.mp4,ffpp_real_628,0,real
FaceForensics++_C23/original/629.mp4,ffpp_real_629,0,real
FaceForensics++_C23/original/630.mp4,ffpp_real_630,0,real
FaceForensics++_C23/original/631.mp4,ffpp_real_631,0,real
FaceForensics++_C23/original/632.mp4,ffpp_real_632,0,real
FaceForensics++_C23/original/633.mp4,ffpp_real_633,0,real
FaceForensics++_C23/original/634.mp4,ffpp_real_634,0,real
FaceForensics++_C23/original/635.mp4,ffpp_real_635,0,real
FaceForensics++_C23/original/636.mp4,ffpp_real_636,0,real
FaceForensics++_C23/original/637.mp4,ffpp_real_637,0,real
FaceForensics++_C23/original/638.mp4,ffpp_real_638,0,real
FaceForensics++_C23/original/639.mp4,ffpp_real_639,0,real
FaceForensics++_C23/original/640.mp4,ffpp_real_640,0,real
FaceForensics++_C23/original/641.mp4,ffpp_real_641,0,real
FaceForensics++_C23/original/642.mp4,ffpp_real_642,0,real
FaceForensics++_C23/original/643.mp4,ffpp_real_643,0,real
FaceForensics++_C23/original/644.mp4,ffpp_real_644,0,real
FaceForensics++_C23/original/645.mp4,ffpp_real_645,0,real
FaceForensics++_C23/original/646.mp4,ffpp_real_646,0,real
FaceForensics++_C23/original/647.mp4,ffpp_real_647,0,real
FaceForensics++_C23/original/648.mp4,ffpp_real_648,0,real
FaceForensics++_C23/original/649.mp4,ffpp_real_649,0,real
FaceForensics++_C23/original/650.mp4,ffpp_real_650,0,real
FaceForensics++_C23/original/651.mp4,ffpp_real_651,0,real
FaceForensics++_C23/original/652.mp4,ffpp_real_652,0,real
FaceForensics++_C23/original/653.mp4,ffpp_real_653,0,real
FaceForensics++_C23/original/654.mp4,ffpp_real_654,0,real
FaceForensics++_C23/original/655.mp4,ffpp_real_655,0,real
FaceForensics++_C23/original/656.mp4,ffpp_real_656,0,real
FaceForensics++_C23/original/657.mp4,ffpp_real_657,0,real
FaceForensics++_C23/original/658.mp4,ffpp_real_658,0,real
FaceForensics++_C23/original/659.mp4,ffpp_real_659,0,real
FaceForensics++_C23/original/660.mp4,ffpp_real_660,0,real
FaceForensics++_C23/original/661.mp4,ffpp_real_661,0,real
FaceForensics++_C23/original/662.mp4,ffpp_real_662,0,real
FaceForensics++_C23/original/663.mp4,ffpp_real_663,0,real
FaceForensics++_C23/original/664.mp4,ffpp_real_664,0,real
FaceForensics++_C23/original/665.mp4,ffpp_real_665,0,real
FaceForensics++_C23/original/666.mp4,ffpp_real_666,0,real
FaceForensics++_C23/original/667.mp4,ffpp_real_667,0,real
FaceForensics++_C23/original/668.mp4,ffpp_real_668,0,real
FaceForensics++_C23/original/669.mp4,ffpp_real_669,0,real
FaceForensics++_C23/original/670.mp4,ffpp_real_670,0,real
FaceForensics++_C23/original/671.mp4,ffpp_real_671,0,real
FaceForensics++_C23/original/672.mp4,ffpp_real_672,0,real
FaceForensics++_C23/original/673.mp4,ffpp_real_673,0,real
FaceForensics++_C23/original/674.mp4,ffpp_real_674,0,real
FaceForensics++_C23/original/675.mp4,ffpp_real_675,0,real
FaceForensics++_C23/original/676.mp4,ffpp_real_676,0,real
FaceForensics++_C23/original/677.mp4,ffpp_real_677,0,real
FaceForensics++_C23/original/678.mp4,ffpp_real_678,0,real
FaceForensics++_C23/original/679.mp4,ffpp_real_679,0,real
FaceForensics++_C23/original/680.mp4,ffpp_real_680,0,real
FaceForensics++_C23/original/681.mp4,ffpp_real_681,0,real
FaceForensics++_C23/original/682.mp4,ffpp_real_682,0,real
FaceForensics++_C23/original/683.mp4,ffpp_real_683,0,real
FaceForensics++_C23/original/684.mp4,ffpp_real_684,0,real
FaceForensics++_C23/original/685.mp4,ffpp_real_685,0,real
FaceForensics++_C23/original/686.mp4,ffpp_real_686,0,real
FaceForensics++_C23/original/687.mp4,ffpp_real_687,0,real
FaceForensics++_C23/original/688.mp4,ffpp_real_688,0,real
FaceForensics++_C23/original/689.mp4,ffpp_real_689,0,real
FaceForensics++_C23/original/690.mp4,ffpp_real_690,0,real
FaceForensics++_C23/original/691.mp4,ffpp_real_691,0,real
FaceForensics++_C23/original/692.mp4,ffpp_real_692,0,real
FaceForensics++_C23/original/693.mp4,ffpp_real_693,0,real
FaceForensics++_C23/original/694.mp4,ffpp_real_694,0,real
FaceForensics++_C23/original/695.mp4,ffpp_real_695,0,real
FaceForensics++_C23/original/696.mp4,ffpp_real_696,0,real
FaceForensics++_C23/original/697.mp4,ffpp_real_697,0,real
FaceForensics++_C23/original/698.mp4,ffpp_real_698,0,real
FaceForensics++_C23/original/699.mp4,ffpp_real_699,0,real
FaceForensics++_C23/original/700.mp4,ffpp_real_700,0,real
FaceForensics++_C23/original/701.mp4,ffpp_real_701,0,real
FaceForensics++_C23/original/702.mp4,ffpp_real_702,0,real
FaceForensics++_C23/original/703.mp4,ffpp_real_703,0,real
FaceForensics++_C23/original/704.mp4,ffpp_real_704,0,real
FaceForensics++_C23/original/705.mp4,ffpp_real_705,0,real
FaceForensics++_C23/original/706.mp4,ffpp_real_706,0,real
FaceForensics++_C23/original/707.mp4,ffpp_real_707,0,real
FaceForensics++_C23/original/708.mp4,ffpp_real_708,0,real
FaceForensics++_C23/original/709.mp4,ffpp_real_709,0,real
FaceForensics++_C23/original/710.mp4,ffpp_real_710,0,real
FaceForensics++_C23/original/711.mp4,ffpp_real_711,0,real
FaceForensics++_C23/original/712.mp4,ffpp_real_712,0,real
FaceForensics++_C23/original/713.mp4,ffpp_real_713,0,real
FaceForensics++_C23/original/714.mp4,ffpp_real_714,0,real
FaceForensics++_C23/original/715.mp4,ffpp_real_715,0,real
FaceForensics++_C23/original/716.mp4,ffpp_real_716,0,real
FaceForensics++_C23/original/717.mp4,ffpp_real_717,0,real
FaceForensics++_C23/original/718.mp4,ffpp_real_718,0,real
FaceForensics++_C23/original/719.mp4,ffpp_real_719,0,real
FaceForensics++_C23/original/720.mp4,ffpp_real_720,0,real
FaceForensics++_C23/original/721.mp4,ffpp_real_721,0,real
FaceForensics++_C23/original/722.mp4,ffpp_real_722,0,real
FaceForensics++_C23/original/723.mp4,ffpp_real_723,0,real
FaceForensics++_C23/original/724.mp4,ffpp_real_724,0,real
FaceForensics++_C23/original/725.mp4,ffpp_real_725,0,real
FaceForensics++_C23/original/726.mp4,ffpp_real_726,0,real
FaceForensics++_C23/original/727.mp4,ffpp_real_727,0,real
FaceForensics++_C23/original/728.mp4,ffpp_real_728,0,real
FaceForensics++_C23/original/729.mp4,ffpp_real_729,0,real
FaceForensics++_C23/original/730.mp4,ffpp_real_730,0,real
FaceForensics++_C23/original/731.mp4,ffpp_real_731,0,real
FaceForensics++_C23/original/732.mp4,ffpp_real_732,0,real
FaceForensics++_C23/original/733.mp4,ffpp_real_733,0,real
FaceForensics++_C23/original/734.mp4,ffpp_real_734,0,real
FaceForensics++_C23/original/735.mp4,ffpp_real_735,0,real
FaceForensics++_C23/original/736.mp4,ffpp_real_736,0,real
FaceForensics++_C23/original/737.mp4,ffpp_real_737,0,real
FaceForensics++_C23/original/738.mp4,ffpp_real_738,0,real
FaceForensics++_C23/original/739.mp4,ffpp_real_739,0,real
FaceForensics++_C23/original/740.mp4,ffpp_real_740,0,real
FaceForensics++_C23/original/741.mp4,ffpp_real_741,0,real
FaceForensics++_C23/original/742.mp4,ffpp_real_742,0,real
FaceForensics++_C23/original/743.mp4,ffpp_real_743,0,real
FaceForensics++_C23/original/744.mp4,ffpp_real_744,0,real
FaceForensics++_C23/original/745.mp4,ffpp_real_745,0,real
FaceForensics++_C23/original/746.mp4,ffpp_real_746,0,real
FaceForensics++_C23/original/747.mp4,ffpp_real_747,0,real
FaceForensics++_C23/original/748.mp4,ffpp_real_748,0,real
FaceForensics++_C23/original/749.mp4,ffpp_real_749,0,real
FaceForensics++_C23/original/750.mp4,ffpp_real_750,0,real
FaceForensics++_C23/original/751.mp4,ffpp_real_751,0,real
FaceForensics++_C23/original/752.mp4,ffpp_real_752,0,real
FaceForensics++_C23/original/753.mp4,ffpp_real_753,0,real
FaceForensics++_C23/original/754.mp4,ffpp_real_754,0,real
FaceForensics++_C23/original/755.mp4,ffpp_real_755,0,real
FaceForensics++_C23/original/756.mp4,ffpp_real_756,0,real
FaceForensics++_C23/original/757.mp4,ffpp_real_757,0,real
FaceForensics++_C23/original/758.mp4,ffpp_real_758,0,real
FaceForensics++_C23/original/759.mp4,ffpp_real_759,0,real
FaceForensics++_C23/original/760.mp4,ffpp_real_760,0,real
FaceForensics++_C23/original/761.mp4,ffpp_real_761,0,real
FaceForensics++_C23/original/762.mp4,ffpp_real_762,0,real
FaceForensics++_C23/original/763.mp4,ffpp_real_763,0,real
FaceForensics++_C23/original/764.mp4,ffpp_real_764,0,real
FaceForensics++_C23/original/765.mp4,ffpp_real_765,0,real
FaceForensics++_C23/original/766.mp4,ffpp_real_766,0,real
FaceForensics++_C23/original/767.mp4,ffpp_real_767,0,real
FaceForensics++_C23/original/768.mp4,ffpp_real_768,0,real
FaceForensics++_C23/original/769.mp4,ffpp_real_769,0,real
FaceForensics++_C23/original/770.mp4,ffpp_real_770,0,real
FaceForensics++_C23/original/771.mp4,ffpp_real_771,0,real
FaceForensics++_C23/original/772.mp4,ffpp_real_772,0,real
FaceForensics++_C23/original/773.mp4,ffpp_real_773,0,real
FaceForensics++_C23/original/774.mp4,ffpp_real_774,0,real
FaceForensics++_C23/original/775.mp4,ffpp_real_775,0,real
FaceForensics++_C23/original/776.mp4,ffpp_real_776,0,real
FaceForensics++_C23/original/777.mp4,ffpp_real_777,0,real
FaceForensics++_C23/original/778.mp4,ffpp_real_778,0,real
FaceForensics++_C23/original/779.mp4,ffpp_real_779,0,real
FaceForensics++_C23/original/780.mp4,ffpp_real_780,0,real
FaceForensics++_C23/original/781.mp4,ffpp_real_781,0,real
FaceForensics++_C23/original/782.mp4,ffpp_real_782,0,real
FaceForensics++_C23/original/783.mp4,ffpp_real_783,0,real
FaceForensics++_C23/original/784.mp4,ffpp_real_784,0,real
FaceForensics++_C23/original/785.mp4,ffpp_real_785,0,real
FaceForensics++_C23/original/786.mp4,ffpp_real_786,0,real
FaceForensics++_C23/original/787.mp4,ffpp_real_787,0,real
FaceForensics++_C23/original/788.mp4,ffpp_real_788,0,real
FaceForensics++_C23/original/789.mp4,ffpp_real_789,0,real
FaceForensics++_C23/original/790.mp4,ffpp_real_790,0,real
FaceForensics++_C23/original/791.mp4,ffpp_real_791,0,real
FaceForensics++_C23/original/792.mp4,ffpp_real_792,0,real
FaceForensics++_C23/original/793.mp4,ffpp_real_793,0,real
FaceForensics++_C23/original/794.mp4,ffpp_real_794,0,real
FaceForensics++_C23/original/795.mp4,ffpp_real_795,0,real
FaceForensics++_C23/original/796.mp4,ffpp_real_796,0,real
FaceForensics++_C23/original/797.mp4,ffpp_real_797,0,real
FaceForensics++_C23/original/798.mp4,ffpp_real_798,0,real
FaceForensics++_C23/original/799.mp4,ffpp_real_799,0,real
FaceForensics++_C23/original/800.mp4,ffpp_real_800,0,real
FaceForensics++_C23/original/801.mp4,ffpp_real_801,0,real
FaceForensics++_C23/original/802.mp4,ffpp_real_802,0,real
FaceForensics++_C23/original/803.mp4,ffpp_real_803,0,real
FaceForensics++_C23/original/804.mp4,ffpp_real_804,0,real
FaceForensics++_C23/original/805.mp4,ffpp_real_805,0,real
FaceForensics++_C23/original/806.mp4,ffpp_real_806,0,real
FaceForensics++_C23/original/807.mp4,ffpp_real_807,0,real
FaceForensics++_C23/original/808.mp4,ffpp_real_808,0,real
FaceForensics++_C23/original/809.mp4,ffpp_real_809,0,real
FaceForensics++_C23/original/810.mp4,ffpp_real_810,0,real
FaceForensics++_C23/original/811.mp4,ffpp_real_811,0,real
FaceForensics++_C23/original/812.mp4,ffpp_real_812,0,real
FaceForensics++_C23/original/813.mp4,ffpp_real_813,0,real
FaceForensics++_C23/original/814.mp4,ffpp_real_814,0,real
FaceForensics++_C23/original/815.mp4,ffpp_real_815,0,real
FaceForensics++_C23/original/816.mp4,ffpp_real_816,0,real
FaceForensics++_C23/original/817.mp4,ffpp_real_817,0,real
FaceForensics++_C23/original/818.mp4,ffpp_real_818,0,real
FaceForensics++_C23/original/819.mp4,ffpp_real_819,0,real
FaceForensics++_C23/original/820.mp4,ffpp_real_820,0,real
FaceForensics++_C23/original/821.mp4,ffpp_real_821,0,real
FaceForensics++_C23/original/822.mp4,ffpp_real_822,0,real
FaceForensics++_C23/original/823.mp4,ffpp_real_823,0,real
FaceForensics++_C23/original/824.mp4,ffpp_real_824,0,real
FaceForensics++_C23/original/825.mp4,ffpp_real_825,0,real
FaceForensics++_C23/original/826.mp4,ffpp_real_826,0,real
FaceForensics++_C23/original/827.mp4,ffpp_real_827,0,real
FaceForensics++_C23/original/828.mp4,ffpp_real_828,0,real
FaceForensics++_C23/original/829.mp4,ffpp_real_829,0,real
FaceForensics++_C23/original/830.mp4,ffpp_real_830,0,real
FaceForensics++_C23/original/831.mp4,ffpp_real_831,0,real
FaceForensics++_C23/original/832.mp4,ffpp_real_832,0,real
FaceForensics++_C23/original/833.mp4,ffpp_real_833,0,real
FaceForensics++_C23/original/834.mp4,ffpp_real_834,0,real
FaceForensics++_C23/original/835.mp4,ffpp_real_835,0,real
FaceForensics++_C23/original/836.mp4,ffpp_real_836,0,real
FaceForensics++_C23/original/837.mp4,ffpp_real_837,0,real
FaceForensics++_C23/original/838.mp4,ffpp_real_838,0,real
FaceForensics++_C23/original/839.mp4,ffpp_real_839,0,real
FaceForensics++_C23/original/840.mp4,ffpp_real_840,0,real
FaceForensics++_C23/original/841.mp4,ffpp_real_841,0,real
FaceForensics++_C23/original/842.mp4,ffpp_real_842,0,real
FaceForensics++_C23/original/843.mp4,ffpp_real_843,0,real
FaceForensics++_C23/original/844.mp4,ffpp_real_844,0,real
FaceForensics++_C23/original/845.mp4,ffpp_real_845,0,real
FaceForensics++_C23/original/846.mp4,ffpp_real_846,0,real
FaceForensics++_C23/original/847.mp4,ffpp_real_847,0,real
FaceForensics++_C23/original/848.mp4,ffpp_real_848,0,real
FaceForensics++_C23/original/849.mp4,ffpp_real_849,0,real
FaceForensics++_C23/original/850.mp4,ffpp_real_850,0,real
FaceForensics++_C23/original/851.mp4,ffpp_real_851,0,real
FaceForensics++_C23/original/852.mp4,ffpp_real_852,0,real
FaceForensics++_C23/original/853.mp4,ffpp_real_853,0,real
FaceForensics++_C23/original/854.mp4,ffpp_real_854,0,real
FaceForensics++_C23/original/855.mp4,ffpp_real_855,0,real
FaceForensics++_C23/original/856.mp4,ffpp_real_856,0,real
FaceForensics++_C23/original/857.mp4,ffpp_real_857,0,real
FaceForensics++_C23/original/858.mp4,ffpp_real_858,0,real
FaceForensics++_C23/original/859.mp4,ffpp_real_859,0,real
FaceForensics++_C23/original/860.mp4,ffpp_real_860,0,real
FaceForensics++_C23/original/861.mp4,ffpp_real_861,0,real
FaceForensics++_C23/original/862.mp4,ffpp_real_862,0,real
FaceForensics++_C23/original/863.mp4,ffpp_real_863,0,real
FaceForensics++_C23/original/864.mp4,ffpp_real_864,0,real
FaceForensics++_C23/original/865.mp4,ffpp_real_865,0,real
FaceForensics++_C23/original/866.mp4,ffpp_real_866,0,real
FaceForensics++_C23/original/867.mp4,ffpp_real_867,0,real
FaceForensics++_C23/original/868.mp4,ffpp_real_868,0,real
FaceForensics++_C23/original/869.mp4,ffpp_real_869,0,real
FaceForensics++_C23/original/870.mp4,ffpp_real_870,0,real
FaceForensics++_C23/original/871.mp4,ffpp_real_871,0,real
FaceForensics++_C23/original/872.mp4,ffpp_real_872,0,real
FaceForensics++_C23/original/873.mp4,ffpp_real_873,0,real
FaceForensics++_C23/original/874.mp4,ffpp_real_874,0,real
FaceForensics++_C23/original/875.mp4,ffpp_real_875,0,real
FaceForensics++_C23/original/876.mp4,ffpp_real_876,0,real
FaceForensics++_C23/original/877.mp4,ffpp_real_877,0,real
FaceForensics++_C23/original/878.mp4,ffpp_real_878,0,real
FaceForensics++_C23/original/879.mp4,ffpp_real_879,0,real
FaceForensics++_C23/original/880.mp4,ffpp_real_880,0,real
FaceForensics++_C23/original/881.mp4,ffpp_real_881,0,real
FaceForensics++_C23/original/882.mp4,ffpp_real_882,0,real
FaceForensics++_C23/original/883.mp4,ffpp_real_883,0,real
FaceForensics++_C23/original/884.mp4,ffpp_real_884,0,real
FaceForensics++_C23/original/885.mp4,ffpp_real_885,0,real
FaceForensics++_C23/original/886.mp4,ffpp_real_886,0,real
FaceForensics++_C23/original/887.mp4,ffpp_real_887,0,real
FaceForensics++_C23/original/888.mp4,ffpp_real_888,0,real
FaceForensics++_C23/original/889.mp4,ffpp_real_889,0,real
FaceForensics++_C23/original/890.mp4,ffpp_real_890,0,real
FaceForensics++_C23/original/891.mp4,ffpp_real_891,0,real
FaceForensics++_C23/original/892.mp4,ffpp_real_892,0,real
FaceForensics++_C23/original/893.mp4,ffpp_real_893,0,real
FaceForensics++_C23/original/894.mp4,ffpp_real_894,0,real
FaceForensics++_C23/original/895.mp4,ffpp_real_895,0,real
FaceForensics++_C23/original/896.mp4,ffpp_real_896,0,real
FaceForensics++_C23/original/897.mp4,ffpp_real_897,0,real
FaceForensics++_C23/original/898.mp4,ffpp_real_898,0,real
FaceForensics++_C23/original/899.mp4,ffpp_real_899,0,real
FaceForensics++_C23/original/900.mp4,ffpp_real_900,0,real
FaceForensics++_C23/original/901.mp4,ffpp_real_901,0,real
FaceForensics++_C23/original/902.mp4,ffpp_real_902,0,real
FaceForensics++_C23/original/903.mp4,ffpp_real_903,0,real
FaceForensics++_C23/original/904.mp4,ffpp_real_904,0,real
FaceForensics++_C23/original/905.mp4,ffpp_real_905,0,real
FaceForensics++_C23/original/906.mp4,ffpp_real_906,0,real
FaceForensics++_C23/original/907.mp4,ffpp_real_907,0,real
FaceForensics++_C23/original/908.mp4,ffpp_real_908,0,real
FaceForensics++_C23/original/909.mp4,ffpp_real_909,0,real
FaceForensics++_C23/original/910.mp4,ffpp_real_910,0,real
FaceForensics++_C23/original/911.mp4,ffpp_real_911,0,real
FaceForensics++_C23/original/912.mp4,ffpp_real_912,0,real
FaceForensics++_C23/original/913.mp4,ffpp_real_913,0,real
FaceForensics++_C23/original/914.mp4,ffpp_real_914,0,real
FaceForensics++_C23/original/915.mp4,ffpp_real_915,0,real
FaceForensics++_C23/original/916.mp4,ffpp_real_916,0,real
FaceForensics++_C23/original/917.mp4,ffpp_real_917,0,real
FaceForensics++_C23/original/918.mp4,ffpp_real_918,0,real
FaceForensics++_C23/original/919.mp4,ffpp_real_919,0,real
FaceForensics++_C23/original/920.mp4,ffpp_real_920,0,real
FaceForensics++_C23/original/921.mp4,ffpp_real_921,0,real
FaceForensics++_C23/original/922.mp4,ffpp_real_922,0,real
FaceForensics++_C23/original/923.mp4,ffpp_real_923,0,real
FaceForensics++_C23/original/924.mp4,ffpp_real_924,0,real
FaceForensics++_C23/original/925.mp4,ffpp_real_925,0,real
FaceForensics++_C23/original/926.mp4,ffpp_real_926,0,real
FaceForensics++_C23/original/927.mp4,ffpp_real_927,0,real
FaceForensics++_C23/original/928.mp4,ffpp_real_928,0,real
FaceForensics++_C23/original/929.mp4,ffpp_real_929,0,real
FaceForensics++_C23/original/930.mp4,ffpp_real_930,0,real
FaceForensics++_C23/original/931.mp4,ffpp_real_931,0,real
FaceForensics++_C23/original/932.mp4,ffpp_real_932,0,real
FaceForensics++_C23/original/933.mp4,ffpp_real_933,0,real
FaceForensics++_C23/original/934.mp4,ffpp_real_934,0,real
FaceForensics++_C23/original/935.mp4,ffpp_real_935,0,real
FaceForensics++_C23/original/936.mp4,ffpp_real_936,0,real
FaceForensics++_C23/original/937.mp4,ffpp_real_937,0,real
FaceForensics++_C23/original/938.mp4,ffpp_real_938,0,real
FaceForensics++_C23/original/939.mp4,ffpp_real_939,0,real
FaceForensics++_C23/original/940.mp4,ffpp_real_940,0,real
FaceForensics++_C23/original/941.mp4,ffpp_real_941,0,real
FaceForensics++_C23/original/942.mp4,ffpp_real_942,0,real
FaceForensics++_C23/original/943.mp4,ffpp_real_943,0,real
FaceForensics++_C23/original/944.mp4,ffpp_real_944,0,real
FaceForensics++_C23/original/945.mp4,ffpp_real_945,0,real
FaceForensics++_C23/original/946.mp4,ffpp_real_946,0,real
FaceForensics++_C23/original/947.mp4,ffpp_real_947,0,real
FaceForensics++_C23/original/948.mp4,ffpp_real_948,0,real
FaceForensics++_C23/original/949.mp4,ffpp_real_949,0,real
FaceForensics++_C23/original/950.mp4,ffpp_real_950,0,real
FaceForensics++_C23/original/951.mp4,ffpp_real_951,0,real
FaceForensics++_C23/original/952.mp4,ffpp_real_952,0,real
FaceForensics++_C23/original/953.mp4,ffpp_real_953,0,real
FaceForensics++_C23/original/954.mp4,ffpp_real_954,0,real
FaceForensics++_C23/original/955.mp4,ffpp_real_955,0,real
FaceForensics++_C23/original/956.mp4,ffpp_real_956,0,real
FaceForensics++_C23/original/957.mp4,ffpp_real_957,0,real
FaceForensics++_C23/original/958.mp4,ffpp_real_958,0,real
FaceForensics++_C23/original/959.mp4,ffpp_real_959,0,real
FaceForensics++_C23/original/960.mp4,ffpp_real_960,0,real
FaceForensics++_C23/original/961.mp4,ffpp_real_961,0,real
FaceForensics++_C23/original/962.mp4,ffpp_real_962,0,real
FaceForensics++_C23/original/963.mp4,ffpp_real_963,0,real
FaceForensics++_C23/original/964.mp4,ffpp_real_964,0,real
FaceForensics++_C23/original/965.mp4,ffpp_real_965,0,real
FaceForensics++_C23/original/966.mp4,ffpp_real_966,0,real
FaceForensics++_C23/original/967.mp4,ffpp_real_967,0,real
FaceForensics++_C23/original/968.mp4,ffpp_real_968,0,real
FaceForensics++_C23/original/969.mp4,ffpp_real_969,0,real
FaceForensics++_C23/original/970.mp4,ffpp_real_970,0,real
FaceForensics++_C23/original/971.mp4,ffpp_real_971,0,real
FaceForensics++_C23/original/972.mp4,ffpp_real_972,0,real
FaceForensics++_C23/original/973.mp4,ffpp_real_973,0,real
FaceForensics++_C23/original/974.mp4,ffpp_real_974,0,real
FaceForensics++_C23/original/975.mp4,ffpp_real_975,0,real
FaceForensics++_C23/original/976.mp4,ffpp_real_976,0,real
FaceForensics++_C23/original/977.mp4,ffpp_real_977,0,real
FaceForensics++_C23/original/978.mp4,ffpp_real_978,0,real
FaceForensics++_C23/original/979.mp4,ffpp_real_979,0,real
FaceForensics++_C23/original/980.mp4,ffpp_real_980,0,real
FaceForensics++_C23/original/981.mp4,ffpp_real_981,0,real
FaceForensics++_C23/original/982.mp4,ffpp_real_982,0,real
FaceForensics++_C23/original/983.mp4,ffpp_real_983,0,real
FaceForensics++_C23/original/984.mp4,ffpp_real_984,0,real
FaceForensics++_C23/original/985.mp4,ffpp_real_985,0,real
FaceForensics++_C23/original/986.mp4,ffpp_real_986,0,real
FaceForensics++_C23/original/987.mp4,ffpp_real_987,0,real
FaceForensics++_C23/original/988.mp4,ffpp_real_988,0,real
FaceForensics++_C23/original/989.mp4,ffpp_real_989,0,real
FaceForensics++_C23/original/990.mp4,ffpp_real_990,0,real
FaceForensics++_C23/original/991.mp4,ffpp_real_991,0,real
FaceForensics++_C23/original/992.mp4,ffpp_real_992,0,real
FaceForensics++_C23/original/993.mp4,ffpp_real_993,0,real
FaceForensics++_C23/original/994.mp4,ffpp_real_994,0,real
FaceForensics++_C23/original/995.mp4,ffpp_real_995,0,real
FaceForensics++_C23/original/996.mp4,ffpp_real_996,0,real
FaceForensics++_C23/original/997.mp4,ffpp_real_997,0,real
FaceForensics++_C23/original/998.mp4,ffpp_real_998,0,real
FaceForensics++_C23/original/999.mp4,ffpp_real_999,0,real
FaceForensics++_C23/DeepFakeDetection/01_02__meeting_serious__YVGY8LOK.mp4,ffpp_DeepFakeDetection_01_02__meeting_serious__YVGY8LOK,1,DeepFakeDetection
FaceForensics++_C23/DeepFakeDetection/01_03__hugging_happy__ISF9SP4G.mp4,ffpp_DeepFakeDetection_01_03__hugging_happy__ISF9SP4G,1,DeepFakeDetection
FaceForensics++_C23/DeepFakeDetection/01_04__talking_angry_couch__0XUW13RW.mp4,ffpp_DeepFakeDetection_01_04__talking_angry_couch__0XUW13RW,1,DeepFakeDetection
FaceForensics++_C23/DeepFakeDetection/01_11__outside_talking_pan_laughing__WIZ7GKOD.mp4,ffpp_DeepFakeDetection_01_11__outside_talking_pan_laughing__WIZ7GKOD,1,DeepFakeDetection
FaceForensics++_C23/DeepFakeDetection/01_12__outside_talking_pan_laughing__TNI7KUZ6.mp4,ffpp_DeepFakeDetection_01_12__outside_talking_pan_laughing__TNI7KUZ6,1,DeepFakeDetection
FaceForensics++_C23/DeepFakeDetection/01_20__hugging_happy__FW94AIMJ.mp4,ffpp_DeepFakeDetection_01_20__hugging_happy__FW94AIMJ,1,DeepFakeDetection
FaceForensics++_C23/DeepFakeDetection/01_21__walk_down_hall_angry__03X7CELV.mp4,ffpp_DeepFakeDetection_01_21__walk_down_hall_angry__03X7CELV,1,DeepFakeDetection
FaceForensics++_C23/DeepFakeDetection/01_27__walking_outside_cafe_disgusted__ZYCZ30C0.mp4,ffpp_DeepFakeDetection_01_27__walking_outside_cafe_disgusted__ZYCZ30C0,1,DeepFakeDetection
FaceForensics++_C23/DeepFakeDetection/02_03__walking_outside_cafe_disgusted__QH3Y0IG0.mp4,ffpp_DeepFakeDetection_02_03__walking_outside_cafe_disgusted__QH3Y0IG0,1,DeepFakeDetection
FaceForensics++_C23/DeepFakeDetection/02_06__talking_angry_couch__J1W9R0NG.mp4,ffpp_DeepFakeDetection_02_06__talking_angry_couch__J1W9R0NG,1,DeepFakeDetection
FaceForensics++_C23/DeepFakeDetection/02_07__hugging_happy__1JCLEEBQ.mp4,ffpp_DeepFakeDetection_02_07__hugging_happy__1JCLEEBQ,1,DeepFakeDetection
FaceForensics++_C23/DeepFakeDetection/02_07__walking_down_street_outside_angry__O4SXNLRL.mp4,ffpp_DeepFakeDetection_02_07__walking_down_street_outside_angry__O4SXNLRL,1,DeepFakeDetection
FaceForensics++_C23/DeepFakeDetection/02_09__talking_angry_couch__6KUOFMZW.mp4,ffpp_DeepFakeDetection_02_09__talking_angry_couch__6KUOFMZW,1,DeepFakeDetection
FaceForensics++_C23/DeepFakeDetection/02_13__exit_phone_room__CP5HFV3K.mp4,ffpp_DeepFakeDetection_02_13__exit_phone_room__CP5HFV3K,1,DeepFakeDetection
FaceForensics++_C23/DeepFakeDetection/02_13__podium_speech_happy__2YSYT2N3.mp4,ffpp_DeepFakeDetection_02_13__podium_speech_happy__2YSYT2N3,1,DeepFakeDetection
FaceForensics++_C23/DeepFakeDetection/02_15__exit_phone_room__MZWH8ATN.mp4,ffpp_DeepFakeDetection_02_15__exit_phone_room__MZWH8ATN,1,DeepFakeDetection
FaceForensics++_C23/DeepFakeDetection/02_15__outside_talking_pan_laughing__SB6PMCO0.mp4,ffpp_DeepFakeDetection_02_15__outside_talking_pan_laughing__SB6PMCO0,1,DeepFakeDetection
FaceForensics++_C23/DeepFakeDetection/02_15__walk_down_hall_angry__TN2CWM3K.mp4,ffpp_DeepFakeDetection_02_15__walk_down_hall_angry__TN2CWM3K,1,DeepFakeDetection
FaceForensics++_C23/DeepFakeDetection/02_18__outside_talking_pan_laughing__OXMEEFUQ.mp4,ffpp_DeepFakeDetection_02_18__outside_talking_pan_laughing__OXMEEFUQ,1,DeepFakeDetection
FaceForensics++_C23/DeepFakeDetection/02_25__talking_against_wall__Z7FQ69VP.mp4,ffpp_DeepFakeDetection_02_25__talking_against_wall__Z7FQ69VP,1,DeepFakeDetection
FaceForensics++_C23/DeepFakeDetection/03_01__outside_talking_still_laughing__JZUXXFRB.mp4,ffpp_DeepFakeDetection_03_01__outside_talking_still_laughing__JZUXXFRB,1,DeepFakeDetection
FaceForensics++_C23/DeepFakeDetection/03_06__exit_phone_room__1IXGY2FK.mp4,ffpp_DeepFakeDetection_03_06__exit_phone_room__1IXGY2FK,1,DeepFakeDetection
FaceForensics++_C23/DeepFakeDetection/03_07__kitchen_pan__WPT3Z2KN.mp4,ffpp_DeepFakeDetection_03_07__kitchen_pan__WPT3Z2KN,1,DeepFakeDetection
FaceForensics++_C23/DeepFakeDetection/03_07__walking_outside_cafe_disgusted__IFSURI9X.mp4,ffpp_DeepFakeDetection_03_07__walking_outside_cafe_disgusted__IFSURI9X,1,DeepFakeDetection
FaceForensics++_C23/DeepFakeDetection/03_11__talking_against_wall__P08VGHTA.mp4,ffpp_DeepFakeDetection_03_11__talking_against_wall__P08VGHTA,1,DeepFakeDetection
FaceForensics++_C23/DeepFakeDetection/03_13__outside_talking_still_laughing__GBYWJW06.mp4,ffpp_DeepFakeDetection_03_13__outside_talking_still_laughing__GBYWJW06,1,DeepFakeDetection
FaceForensics++_C23/DeepFakeDetection/03_14__talking_against_wall__ZC2KYASW.mp4,ffpp_DeepFakeDetection_03_14__talking_against_wall__ZC2KYASW,1,DeepFakeDetection
FaceForensics++_C23/DeepFakeDetection/03_15__meeting_serious__DNUJD8M2.mp4,ffpp_DeepFakeDetection_03_15__meeting_serious__DNUJD8M2,1,DeepFakeDetection
FaceForensics++_C23/DeepFakeDetection/03_18__walking_and_outside_surprised__8HNSXOBW.mp4,ffpp_DeepFakeDetection_03_18__walking_and_outside_surprised__8HNSXOBW,1,DeepFakeDetection
FaceForensics++_C23/DeepFakeDetection/03_21__meeting_serious__V53E3RVB.mp4,ffpp_DeepFakeDetection_03_21__meeting_serious__V53E3RVB,1,DeepFakeDetection
FaceForensics++_C23/DeepFakeDetection/03_27__walk_down_hall_angry__IL675GCI.mp4,ffpp_DeepFakeDetection_03_27__walk_down_hall_angry__IL675GCI,1,DeepFakeDetection
FaceForensics++_C23/DeepFakeDetection/04_01__kitchen_still__GBC7ZGDP.mp4,ffpp_DeepFakeDetection_04_01__kitchen_still__GBC7ZGDP,1,DeepFakeDetection
FaceForensics++_C23/DeepFakeDetection/04_06__kitchen_still__ZK95PQDE.mp4,ffpp_DeepFakeDetection_04_06__kitchen_still__ZK95PQDE,1,DeepFakeDetection
FaceForensics++_C23/DeepFakeDetection/04_13__podium_speech_happy__00T3UYOR.mp4,ffpp_DeepFakeDetection_04_13__podium_speech_happy__00T3UYOR,1,DeepFakeDetection
FaceForensics++_C23/DeepFakeDetection/04_21__talking_angry_couch__5Y31RZP8.mp4,ffpp_DeepFakeDetection_04_21__talking_angry_couch__5Y31RZP8,1,DeepFakeDetection
FaceForensics++_C23/DeepFakeDetection/04_27__walking_outside_cafe_disgusted__2CCI2ND1.mp4,ffpp_DeepFakeDetection_04_27__walking_outside_cafe_disgusted__2CCI2ND1,1,DeepFakeDetection
FaceForensics++_C23/DeepFakeDetection/05_16__walk_down_hall_angry__OSXCUOHX.mp4,ffpp_DeepFakeDetection_05_16__walk_down_hall_angry__OSXCUOHX,1,DeepFakeDetection
FaceForensics++_C23/DeepFakeDetection/05_28__exit_phone_room__U9LRLJ6N.mp4,ffpp_DeepFakeDetection_05_28__exit_phone_room__U9LRLJ6N,1,DeepFakeDetection
FaceForensics++_C23/DeepFakeDetection/06_02__walking_down_indoor_hall_disgust__GH8TGTBS.mp4,ffpp_DeepFakeDetection_06_02__walking_down_indoor_hall_disgust__GH8TGTBS,1,DeepFakeDetection
FaceForensics++_C23/DeepFakeDetection/06_07__outside_talking_pan_laughing__NMGYPBXE.mp4,ffpp_DeepFakeDetection_06_07__outside_talking_pan_laughing__NMGYPBXE,1,DeepFakeDetection
FaceForensics++_C23/DeepFakeDetection/06_11__walking_outside_cafe_disgusted__MX659QU8.mp4,ffpp_DeepFakeDetection_06_11__walking_outside_cafe_disgusted__MX659QU8,1,DeepFakeDetection
FaceForensics++_C23/DeepFakeDetection/06_14__outside_talking_pan_laughing__8U9ULZDT.mp4,ffpp_DeepFakeDetection_06_14__outside_talking_pan_laughing__8U9ULZDT,1,DeepFakeDetection
FaceForensics++_C23/DeepFakeDetection/06_15__outside_talking_still_laughing__E98QYYXO.mp4,ffpp_DeepFakeDetection_06_15__outside_talking_still_laughing__E98QYYXO,1,DeepFakeDetection
FaceForensics++_C23/DeepFakeDetection/06_18__outside_talking_still_laughing__M36D0OJT.mp4,ffpp_DeepFakeDetection_06_18__outside_talking_still_laughing__M36D0OJT,1,DeepFakeDetection
FaceForensics++_C23/DeepFakeDetection/06_18__walking_down_street_outside_angry__MVXBDKGB.mp4,ffpp_DeepFakeDetection_06_18__walking_down_street_outside_angry__MVXBDKGB,1,DeepFakeDetection
FaceForensics++_C23/DeepFakeDetection/06_26__kitchen_still__L5BVR5L9.mp4,ffpp_DeepFakeDetection_06_26__kitchen_still__L5BVR5L9,1,DeepFakeDetection
FaceForensics++_C23/DeepFakeDetection/06_27__walking_and_outside_surprised__SZWVBWY4.mp4,ffpp_DeepFakeDetection_06_27__walking_and_outside_surprised__SZWVBWY4,1,DeepFakeDetection
FaceForensics++_C23/DeepFakeDetection/07_02__talking_angry_couch__1H07DFQJ.mp4,ffpp_DeepFakeDetection_07_02__talking_angry_couch__1H07DFQJ,1,DeepFakeDetection
FaceForensics++_C23/DeepFakeDetection/07_03__outside_talking_pan_laughing__6PHZRQ4H.mp4,ffpp_DeepFakeDetection_07_03__outside_talking_pan_laughing__6PHZRQ4H,1,DeepFakeDetection
FaceForensics++_C23/DeepFakeDetection/07_03__talking_angry_couch__WPT3Z2KN.mp4,ffpp_DeepFakeDetection_07_03__talking_angry_couch__WPT3Z2KN,1,DeepFakeDetection
FaceForensics++_C23/DeepFakeDetection/07_04__outside_talking_still_laughing__XRK7FGZX.mp4,ffpp_DeepFakeDetection_07_04__outside_talking_still_laughing__XRK7FGZX,1,DeepFakeDetection
FaceForensics++_C23/DeepFakeDetection/07_09__walk_down_hall_angry__N9CWME71.mp4,ffpp_DeepFakeDetection_07_09__walk_down_hall_angry__N9CWME71,1,DeepFakeDetection
FaceForensics++_C23/DeepFakeDetection/07_14__outside_talking_pan_laughing__P9QFO50U.mp4,ffpp_DeepFakeDetection_07_14__outside_talking_pan_laughing__P9QFO50U,1,DeepFakeDetection
FaceForensics++_C23/DeepFakeDetection/07_15__walking_down_street_outside_angry__NYPO7U50.mp4,ffpp_DeepFakeDetection_07_15__walking_down_street_outside_angry__NYPO7U50,1,DeepFakeDetection
FaceForensics++_C23/DeepFakeDetection/07_21__talking_against_wall__MKU99DVX.mp4,ffpp_DeepFakeDetection_07_21__talking_against_wall__MKU99DVX,1,DeepFakeDetection
FaceForensics++_C23/DeepFakeDetection/07_26__walking_down_street_outside_angry__FGNGC2GT.mp4,ffpp_DeepFakeDetection_07_26__walking_down_street_outside_angry__FGNGC2GT,1,DeepFakeDetection
FaceForensics++_C23/DeepFakeDetection/08_16__talking_against_wall__8Q7JCS95.mp4,ffpp_DeepFakeDetection_08_16__talking_against_wall__8Q7JCS95,1,DeepFakeDetection
FaceForensics++_C23/DeepFakeDetection/08_28__outside_talking_still_laughing__8BC35RFU.mp4,ffpp_DeepFakeDetection_08_28__outside_talking_still_laughing__8BC35RFU,1,DeepFakeDetection
FaceForensics++_C23/DeepFakeDetection/09_02__walking_down_street_outside_angry__9TDCEK1Q.mp4,ffpp_DeepFakeDetection_09_02__walking_down_street_outside_angry__9TDCEK1Q,1,DeepFakeDetection
FaceForensics++_C23/DeepFakeDetection/09_13__exit_phone_room__YP7MGDQ6.mp4,ffpp_DeepFakeDetection_09_13__exit_phone_room__YP7MGDQ6,1,DeepFakeDetection
FaceForensics++_C23/DeepFakeDetection/09_13__walking_down_street_outside_angry__NDMHWBT1.mp4,ffpp_DeepFakeDetection_09_13__walking_down_street_outside_angry__NDMHWBT1,1,DeepFakeDetection
FaceForensics++_C23/DeepFakeDetection/09_20__outside_talking_still_laughing__MKEWB4SM.mp4,ffpp_DeepFakeDetection_09_20__outside_talking_still_laughing__MKEWB4SM,1,DeepFakeDetection
FaceForensics++_C23/DeepFakeDetection/09_25__talking_angry_couch__5041ODBN.mp4,ffpp_DeepFakeDetection_09_25__talking_angry_couch__5041ODBN,1,DeepFakeDetection
FaceForensics++_C23/DeepFakeDetection/10_19__kitchen_still__IDX76N5R.mp4,ffpp_DeepFakeDetection_10_19__kitchen_still__IDX76N5R,1,DeepFakeDetection
FaceForensics++_C23/DeepFakeDetection/10_22__kitchen_still__EHARPYBT.mp4,ffpp_DeepFakeDetection_10_22__kitchen_still__EHARPYBT,1,DeepFakeDetection
FaceForensics++_C23/DeepFakeDetection/10_23__outside_talking_pan_laughing__ZHJO34DY.mp4,ffpp_DeepFakeDetection_10_23__outside_talking_pan_laughing__ZHJO34DY,1,DeepFakeDetection
FaceForensics++_C23/DeepFakeDetection/11_01__talking_against_wall__EKE2KNRE.mp4,ffpp_DeepFakeDetection_11_01__talking_against_wall__EKE2KNRE,1,DeepFakeDetection
FaceForensics++_C23/DeepFakeDetection/11_06__outside_talking_pan_laughing__C8C4FW99.mp4,ffpp_DeepFakeDetection_11_06__outside_talking_pan_laughing__C8C4FW99,1,DeepFakeDetection
FaceForensics++_C23/DeepFakeDetection/11_13__talking_angry_couch__61T622EK.mp4,ffpp_DeepFakeDetection_11_13__talking_angry_couch__61T622EK,1,DeepFakeDetection
FaceForensics++_C23/DeepFakeDetection/11_26__kitchen_still__7C0VKV43.mp4,ffpp_DeepFakeDetection_11_26__kitchen_still__7C0VKV43,1,DeepFakeDetection
FaceForensics++_C23/DeepFakeDetection/12_06__podium_speech_happy__0VR4Y891.mp4,ffpp_DeepFakeDetection_12_06__podium_speech_happy__0VR4Y891,1,DeepFakeDetection
FaceForensics++_C23/DeepFakeDetection/12_07__walking_down_indoor_hall_disgust__KAG65PEE.mp4,ffpp_DeepFakeDetection_12_07__walking_down_indoor_hall_disgust__KAG65PEE,1,DeepFakeDetection
FaceForensics++_C23/DeepFakeDetection/12_14__outside_talking_pan_laughing__Z7EWFA0P.mp4,ffpp_DeepFakeDetection_12_14__outside_talking_pan_laughing__Z7EWFA0P,1,DeepFakeDetection
FaceForensics++_C23/DeepFakeDetection/12_15__talking_angry_couch__N0SRODQD.mp4,ffpp_DeepFakeDetection_12_15__talking_angry_couch__N0SRODQD,1,DeepFakeDetection
FaceForensics++_C23/DeepFakeDetection/12_18__walking_outside_cafe_disgusted__IKH1LBBY.mp4,ffpp_DeepFakeDetection_12_18__walking_outside_cafe_disgusted__IKH1LBBY,1,DeepFakeDetection
FaceForensics++_C23/DeepFakeDetection/12_21__outside_talking_still_laughing__J54W3PV1.mp4,ffpp_DeepFakeDetection_12_21__outside_talking_still_laughing__J54W3PV1,1,DeepFakeDetection
FaceForensics++_C23/DeepFakeDetection/12_26__podium_speech_happy__BFBNM8FR.mp4,ffpp_DeepFakeDetection_12_26__podium_speech_happy__BFBNM8FR,1,DeepFakeDetection
FaceForensics++_C23/DeepFakeDetection/13_02__kitchen_pan__CP5HFV3K.mp4,ffpp_DeepFakeDetection_13_02__kitchen_pan__CP5HFV3K,1,DeepFakeDetection
FaceForensics++_C23/DeepFakeDetection/13_03__outside_talking_still_laughing__GBYWJW06.mp4,ffpp_DeepFakeDetection_13_03__outside_talking_still_laughing__GBYWJW06,1,DeepFakeDetection
FaceForensics++_C23/DeepFakeDetection/13_07__secret_conversation__RVQCPCJF.mp4,ffpp_DeepFakeDetection_13_07__secret_conversation__RVQCPCJF,1,DeepFakeDetection
FaceForensics++_C23/DeepFakeDetection/13_09__walking_down_street_outside_angry__B41GFUV2.mp4,ffpp_DeepFakeDetection_13_09__walking_down_street_outside_angry__B41GFUV2,1,DeepFakeDetection
FaceForensics++_C23/DeepFakeDetection/13_12__secret_conversation__6G44TDN4.mp4,ffpp_DeepFakeDetection_13_12__secret_conversation__6G44TDN4,1,DeepFakeDetection
FaceForensics++_C23/DeepFakeDetection/13_14__outside_talking_pan_laughing__KMQ3AW6A.mp4,ffpp_DeepFakeDetection_13_14__outside_talking_pan_laughing__KMQ3AW6A,1,DeepFakeDetection
FaceForensics++_C23/DeepFakeDetection/13_20__walking_down_indoor_hall_disgust__VO2YZXLN.mp4,ffpp_DeepFakeDetection_13_20__walking_down_indoor_hall_disgust__VO2YZXLN,1,DeepFakeDetection
FaceForensics++_C23/DeepFakeDetection/13_25__walking_down_street_outside_angry__IW9OFVMG.mp4,ffpp_DeepFakeDetection_13_25__walking_down_street_outside_angry__IW9OFVMG,1,DeepFakeDetection
FaceForensics++_C23/DeepFakeDetection/14_01__hugging_happy__0S0NS5C6.mp4,ffpp_DeepFakeDetection_14_01__hugging_happy__0S0NS5C6,1,DeepFakeDetection
FaceForensics++_C23/DeepFakeDetection/14_02__outside_talking_pan_laughing__3IUBEKCT.mp4,ffpp_DeepFakeDetection_14_02__outside_talking_pan_laughing__3IUBEKCT,1,DeepFakeDetection
FaceForensics++_C23/DeepFakeDetection/14_03__outside_talking_still_laughing__KJ221YN0.mp4,ffpp_DeepFakeDetection_14_03__outside_talking_still_laughing__KJ221YN0,1,DeepFakeDetection
FaceForensics++_C23/DeepFakeDetection/14_06__secret_conversation__8U9ULZDT.mp4,ffpp_DeepFakeDetection_14_06__secret_conversation__8U9ULZDT,1,DeepFakeDetection
FaceForensics++_C23/DeepFakeDetection/14_13__hugging_happy__KMQ3AW6A.mp4,ffpp_DeepFakeDetection_14_13__hugging_happy__KMQ3AW6A,1,DeepFakeDetection
FaceForensics++_C23/DeepFakeDetection/14_15__hugging_happy__3FRJCJ0V.mp4,ffpp_DeepFakeDetection_14_15__hugging_happy__3FRJCJ0V,1,DeepFakeDetection
FaceForensics++_C23/DeepFakeDetection/14_18__hugging_happy__0YRBHIKG.mp4,ffpp_DeepFakeDetection_14_18__hugging_happy__0YRBHIKG,1,DeepFakeDetection
FaceForensics++_C23/DeepFakeDetection/14_18__walking_down_indoor_hall_disgust__0YRBHIKG.mp4,ffpp_DeepFakeDetection_14_18__walking_down_indoor_hall_disgust__0YRBHIKG,1,DeepFakeDetection
FaceForensics++_C23/DeepFakeDetection/14_20__walking_outside_cafe_disgusted__3HWOJRAM.mp4,ffpp_DeepFakeDetection_14_20__walking_outside_cafe_disgusted__3HWOJRAM,1,DeepFakeDetection
FaceForensics++_C23/DeepFakeDetection/14_26__kitchen_still__ILLP29ZH.mp4,ffpp_DeepFakeDetection_14_26__kitchen_still__ILLP29ZH,1,DeepFakeDetection
FaceForensics++_C23/DeepFakeDetection/15_01__kitchen_still__02HILKYO.mp4,ffpp_DeepFakeDetection_15_01__kitchen_still__02HILKYO,1,DeepFakeDetection
FaceForensics++_C23/DeepFakeDetection/15_02__talking_against_wall__HTG660F8.mp4,ffpp_DeepFakeDetection_15_02__talking_against_wall__HTG660F8,1,DeepFakeDetection
FaceForensics++_C23/DeepFakeDetection/15_03__kitchen_pan__DG8ITQO3.mp4,ffpp_DeepFakeDetection_15_03__kitchen_pan__DG8ITQO3,1,DeepFakeDetection
FaceForensics++_C23/DeepFakeDetection/15_04__kitchen_pan__46TJ9IOJ.mp4,ffpp_DeepFakeDetection_15_04__kitchen_pan__46TJ9IOJ,1,DeepFakeDetection
FaceForensics++_C23/DeepFakeDetection/15_06__kitchen_still__E98QYYXO.mp4,ffpp_DeepFakeDetection_15_06__kitchen_still__E98QYYXO,1,DeepFakeDetection
FaceForensics++_C23/DeepFakeDetection/15_07__kitchen_still__9Z2MLKVX.mp4,ffpp_DeepFakeDetection_15_07__kitchen_still__9Z2MLKVX,1,DeepFakeDetection
FaceForensics++_C23/DeepFakeDetection/15_12__talking_angry_couch__RK17XFJ9.mp4,ffpp_DeepFakeDetection_15_12__talking_angry_couch__RK17XFJ9,1,DeepFakeDetection
FaceForensics++_C23/DeepFakeDetection/15_14__talking_against_wall__4SO1CSAM.mp4,ffpp_DeepFakeDetection_15_14__talking_against_wall__4SO1CSAM,1,DeepFakeDetection
FaceForensics++_C23/DeepFakeDetection/15_20__outside_talking_still_laughing__99NHTFBM.mp4,ffpp_DeepFakeDetection_15_20__outside_talking_still_laughing__99NHTFBM,1,DeepFakeDetection
FaceForensics++_C23/DeepFakeDetection/16_05__kitchen_still__053HPS1G.mp4,ffpp_DeepFakeDetection_16_05__kitchen_still__053HPS1G,1,DeepFakeDetection
FaceForensics++_C23/DeepFakeDetection/16_17__walking_outside_cafe_disgusted__S7UMSIQV.mp4,ffpp_DeepFakeDetection_16_17__walking_outside_cafe_disgusted__S7UMSIQV,1,DeepFakeDetection
FaceForensics++_C23/DeepFakeDetection/17_08__outside_talking_still_laughing__PBVFRHF5.mp4,ffpp_DeepFakeDetection_17_08__outside_talking_still_laughing__PBVFRHF5,1,DeepFakeDetection
FaceForensics++_C23/DeepFakeDetection/17_16__hugging_happy__S7UMSIQV.mp4,ffpp_DeepFakeDetection_17_16__hugging_happy__S7UMSIQV,1,DeepFakeDetection
FaceForensics++_C23/DeepFakeDetection/18_02__kitchen_still__B95S4G6F.mp4,ffpp_DeepFakeDetection_18_02__kitchen_still__B95S4G6F,1,DeepFakeDetection
FaceForensics++_C23/DeepFakeDetection/18_03__walking_down_street_outside_angry__22UBC0BS.mp4,ffpp_DeepFakeDetection_18_03__walking_down_street_outside_angry__22UBC0BS,1,DeepFakeDetection
FaceForensics++_C23/DeepFakeDetection/18_06__walking_down_street_outside_angry__MVXBDKGB.mp4,ffpp_DeepFakeDetection_18_06__walking_down_street_outside_angry__MVXBDKGB,1,DeepFakeDetection
FaceForensics++_C23/DeepFakeDetection/18_11__secret_conversation__JJ1YREUN.mp4,ffpp_DeepFakeDetection_18_11__secret_conversation__JJ1YREUN,1,DeepFakeDetection
FaceForensics++_C23/DeepFakeDetection/18_14__exit_phone_room__0YRBHIKG.mp4,ffpp_DeepFakeDetection_18_14__exit_phone_room__0YRBHIKG,1,DeepFakeDetection
FaceForensics++_C23/DeepFakeDetection/18_15__kitchen_still__V5VHLCOW.mp4,ffpp_DeepFakeDetection_18_15__kitchen_still__V5VHLCOW,1,DeepFakeDetection
FaceForensics++_C23/DeepFakeDetection/18_25__walking_outside_cafe_disgusted__SEGFKFJG.mp4,ffpp_DeepFakeDetection_18_25__walking_outside_cafe_disgusted__SEGFKFJG,1,DeepFakeDetection
FaceForensics++_C23/DeepFakeDetection/18_27__kitchen_still__NYHE8D0J.mp4,ffpp_DeepFakeDetection_18_27__kitchen_still__NYHE8D0J,1,DeepFakeDetection
FaceForensics++_C23/DeepFakeDetection/19_10__walk_down_hall_angry__BVVPN5D5.mp4,ffpp_DeepFakeDetection_19_10__walk_down_hall_angry__BVVPN5D5,1,DeepFakeDetection
FaceForensics++_C23/DeepFakeDetection/19_23__talking_angry_couch__F7U8UY7V.mp4,ffpp_DeepFakeDetection_19_23__talking_angry_couch__F7U8UY7V,1,DeepFakeDetection
FaceForensics++_C23/DeepFakeDetection/19_24__kitchen_still__GNHYZ84G.mp4,ffpp_DeepFakeDetection_19_24__kitchen_still__GNHYZ84G,1,DeepFakeDetection
FaceForensics++_C23/DeepFakeDetection/19_24__talking_angry_couch__W1DEM0XM.mp4,ffpp_DeepFakeDetection_19_24__talking_angry_couch__W1DEM0XM,1,DeepFakeDetection
FaceForensics++_C23/DeepFakeDetection/20_01__kitchen_still__FW94AIMJ.mp4,ffpp_DeepFakeDetection_20_01__kitchen_still__FW94AIMJ,1,DeepFakeDetection
FaceForensics++_C23/DeepFakeDetection/20_03__walk_down_hall_angry__61SVZ2J7.mp4,ffpp_DeepFakeDetection_20_03__walk_down_hall_angry__61SVZ2J7,1,DeepFakeDetection
FaceForensics++_C23/DeepFakeDetection/20_09__outside_talking_pan_laughing__MKEWB4SM.mp4,ffpp_DeepFakeDetection_20_09__outside_talking_pan_laughing__MKEWB4SM,1,DeepFakeDetection
FaceForensics++_C23/DeepFakeDetection/20_12__kitchen_still__VD7BCF1U.mp4,ffpp_DeepFakeDetection_20_12__kitchen_still__VD7BCF1U,1,DeepFakeDetection
FaceForensics++_C23/DeepFakeDetection/20_13__kitchen_still__NJEO6L5O.mp4,ffpp_DeepFakeDetection_20_13__kitchen_still__NJEO6L5O,1,DeepFakeDetection
FaceForensics++_C23/DeepFakeDetection/20_14__outside_talking_pan_laughing__R7SPX6OK.mp4,ffpp_DeepFakeDetection_20_14__outside_talking_pan_laughing__R7SPX6OK,1,DeepFakeDetection
FaceForensics++_C23/DeepFakeDetection/20_15__walking_down_indoor_hall_disgust__99NHTFBM.mp4,ffpp_DeepFakeDetection_20_15__walking_down_indoor_hall_disgust__99NHTFBM,1,DeepFakeDetection
FaceForensics++_C23/DeepFakeDetection/20_21__secret_conversation__ZCB5OMEW.mp4,ffpp_DeepFakeDetection_20_21__secret_conversation__ZCB5OMEW,1,DeepFakeDetection
FaceForensics++_C23/DeepFakeDetection/20_25__outside_talking_still_laughing__DW2L6D2V.mp4,ffpp_DeepFakeDetection_20_25__outside_talking_still_laughing__DW2L6D2V,1,DeepFakeDetection
FaceForensics++_C23/DeepFakeDetection/20_25__walking_down_street_outside_angry__ZG0SRZOA.mp4,ffpp_DeepFakeDetection_20_25__walking_down_street_outside_angry__ZG0SRZOA,1,DeepFakeDetection
FaceForensics++_C23/DeepFakeDetection/21_01__kitchen_pan__03X7CELV.mp4,ffpp_DeepFakeDetection_21_01__kitchen_pan__03X7CELV,1,DeepFakeDetection
FaceForensics++_C23/DeepFakeDetection/21_03__outside_talking_still_laughing__V53E3RVB.mp4,ffpp_DeepFakeDetection_21_03__outside_talking_still_laughing__V53E3RVB,1,DeepFakeDetection
FaceForensics++_C23/DeepFakeDetection/21_07__exit_phone_room__K7KXUHMU.mp4,ffpp_DeepFakeDetection_21_07__exit_phone_room__K7KXUHMU,1,DeepFakeDetection
FaceForensics++_C23/DeepFakeDetection/21_07__walking_down_street_outside_angry__MKU99DVX.mp4,ffpp_DeepFakeDetection_21_07__walking_down_street_outside_angry__MKU99DVX,1,DeepFakeDetection
FaceForensics++_C23/DeepFakeDetection/21_09__talking_against_wall__LBQF8ZN1.mp4,ffpp_DeepFakeDetection_21_09__talking_against_wall__LBQF8ZN1,1,DeepFakeDetection
FaceForensics++_C23/DeepFakeDetection/21_11__walking_down_indoor_hall_disgust__T7DK03O1.mp4,ffpp_DeepFakeDetection_21_11__walking_down_indoor_hall_disgust__T7DK03O1,1,DeepFakeDetection
FaceForensics++_C23/DeepFakeDetection/21_14__podium_speech_happy__N0WM4GSV.mp4,ffpp_DeepFakeDetection_21_14__podium_speech_happy__N0WM4GSV,1,DeepFakeDetection
FaceForensics++_C23/DeepFakeDetection/21_25__walk_down_hall_angry__NFBISHIN.mp4,ffpp_DeepFakeDetection_21_25__walk_down_hall_angry__NFBISHIN,1,DeepFakeDetection
FaceForensics++_C23/DeepFakeDetection/22_19__walk_down_hall_angry__VK6BF5NV.mp4,ffpp_DeepFakeDetection_22_19__walk_down_hall_angry__VK6BF5NV,1,DeepFakeDetection
FaceForensics++_C23/DeepFakeDetection/22_23__outside_talking_still_laughing__W9MT3Q5K.mp4,ffpp_DeepFakeDetection_22_23__outside_talking_still_laughing__W9MT3Q5K,1,DeepFakeDetection
FaceForensics++_C23/DeepFakeDetection/22_24__walking_down_street_outside_angry__7E3GY85F.mp4,ffpp_DeepFakeDetection_22_24__walking_down_street_outside_angry__7E3GY85F,1,DeepFakeDetection
FaceForensics++_C23/DeepFakeDetection/23_19__walk_down_hall_angry__H4SUVFTL.mp4,ffpp_DeepFakeDetection_23_19__walk_down_hall_angry__H4SUVFTL,1,DeepFakeDetection
FaceForensics++_C23/DeepFakeDetection/23_22__talking_against_wall__AKZRL2QD.mp4,ffpp_DeepFakeDetection_23_22__talking_against_wall__AKZRL2QD,1,DeepFakeDetection
FaceForensics++_C23/DeepFakeDetection/24_10__walking_down_street_outside_angry__356HPS7R.mp4,ffpp_DeepFakeDetection_24_10__walking_down_street_outside_angry__356HPS7R,1,DeepFakeDetection
FaceForensics++_C23/DeepFakeDetection/24_19__outside_talking_still_laughing__RKQTC50P.mp4,ffpp_DeepFakeDetection_24_19__outside_talking_still_laughing__RKQTC50P,1,DeepFakeDetection
FaceForensics++_C23/DeepFakeDetection/24_19__walk_down_hall_angry__QD5K7BP2.mp4,ffpp_DeepFakeDetection_24_19__walk_down_hall_angry__QD5K7BP2,1,DeepFakeDetection
FaceForensics++_C23/DeepFakeDetection/24_22__walk_down_hall_angry__7E3GY85F.mp4,ffpp_DeepFakeDetection_24_22__walk_down_hall_angry__7E3GY85F,1,DeepFakeDetection
FaceForensics++_C23/DeepFakeDetection/25_02__talking_against_wall__Z7FQ69VP.mp4,ffpp_DeepFakeDetection_25_02__talking_against_wall__Z7FQ69VP,1,DeepFakeDetection
FaceForensics++_C23/DeepFakeDetection/25_09__talking_against_wall__ODAQ7BZL.mp4,ffpp_DeepFakeDetection_25_09__talking_against_wall__ODAQ7BZL,1,DeepFakeDetection
FaceForensics++_C23/DeepFakeDetection/25_18__outside_talking_pan_laughing__SEGFKFJG.mp4,ffpp_DeepFakeDetection_25_18__outside_talking_pan_laughing__SEGFKFJG,1,DeepFakeDetection
FaceForensics++_C23/DeepFakeDetection/25_20__talking_against_wall__ZG0SRZOA.mp4,ffpp_DeepFakeDetection_25_20__talking_against_wall__ZG0SRZOA,1,DeepFakeDetection
FaceForensics++_C23/DeepFakeDetection/25_26__exit_phone_room__7ZRKCFMS.mp4,ffpp_DeepFakeDetection_25_26__exit_phone_room__7ZRKCFMS,1,DeepFakeDetection
FaceForensics++_C23/DeepFakeDetection/25_27__talking_against_wall__ZTV6TUQ9.mp4,ffpp_DeepFakeDetection_25_27__talking_against_wall__ZTV6TUQ9,1,DeepFakeDetection
FaceForensics++_C23/DeepFakeDetection/26_04__kitchen_still__WX836VLY.mp4,ffpp_DeepFakeDetection_26_04__kitchen_still__WX836VLY,1,DeepFakeDetection
FaceForensics++_C23/DeepFakeDetection/26_06__podium_speech_happy__L5BVR5L9.mp4,ffpp_DeepFakeDetection_26_06__podium_speech_happy__L5BVR5L9,1,DeepFakeDetection
FaceForensics++_C23/DeepFakeDetection/26_12__exit_phone_room__HEKDCIHW.mp4,ffpp_DeepFakeDetection_26_12__exit_phone_room__HEKDCIHW,1,DeepFakeDetection
FaceForensics++_C23/DeepFakeDetection/26_13__secret_conversation__XRS5W2NC.mp4,ffpp_DeepFakeDetection_26_13__secret_conversation__XRS5W2NC,1,DeepFakeDetection
FaceForensics++_C23/DeepFakeDetection/26_20__kitchen_pan__C8GN41DU.mp4,ffpp_DeepFakeDetection_26_20__kitchen_pan__C8GN41DU,1,DeepFakeDetection
FaceForensics++_C23/DeepFakeDetection/26_25__exit_phone_room__7ZRKCFMS.mp4,ffpp_DeepFakeDetection_26_25__exit_phone_room__7ZRKCFMS,1,DeepFakeDetection
FaceForensics++_C23/DeepFakeDetection/26_25__walk_down_hall_angry__XKQAYTLI.mp4,ffpp_DeepFakeDetection_26_25__walk_down_hall_angry__XKQAYTLI,1,DeepFakeDetection
FaceForensics++_C23/DeepFakeDetection/27_01__hugging_happy__ZYCZ30C0.mp4,ffpp_DeepFakeDetection_27_01__hugging_happy__ZYCZ30C0,1,DeepFakeDetection
FaceForensics++_C23/DeepFakeDetection/27_02__kitchen_pan__3L1MLH3D.mp4,ffpp_DeepFakeDetection_27_02__kitchen_pan__3L1MLH3D,1,DeepFakeDetection
FaceForensics++_C23/DeepFakeDetection/27_03__walking_and_outside_surprised__KWGI1LSZ.mp4,ffpp_DeepFakeDetection_27_03__walking_and_outside_surprised__KWGI1LSZ,1,DeepFakeDetection
FaceForensics++_C23/DeepFakeDetection/27_18__outside_talking_pan_laughing__NYHE8D0J.mp4,ffpp_DeepFakeDetection_27_18__outside_talking_pan_laughing__NYHE8D0J,1,DeepFakeDetection
FaceForensics++_C23/DeepFakeDetection/27_25__walking_outside_cafe_disgusted__1KU29EUL.mp4,ffpp_DeepFakeDetection_27_25__walking_outside_cafe_disgusted__1KU29EUL,1,DeepFakeDetection
FaceForensics++_C23/DeepFakeDetection/28_05__walking_down_street_outside_angry__W3J028UG.mp4,ffpp_DeepFakeDetection_28_05__walking_down_street_outside_angry__W3J028UG,1,DeepFakeDetection
FaceForensics++_C23/DeepFakeDetection/28_08__outside_talking_pan_laughing__GGCUYQA4.mp4,ffpp_DeepFakeDetection_28_08__outside_talking_pan_laughing__GGCUYQA4,1,DeepFakeDetection
FaceForensics++_C23/Deepfakes/000_003.mp4,ffpp_Deepfakes_000_003,1,Deepfakes
FaceForensics++_C23/Deepfakes/005_010.mp4,ffpp_Deepfakes_005_010,1,Deepfakes
FaceForensics++_C23/Deepfakes/011_805.mp4,ffpp_Deepfakes_011_805,1,Deepfakes
FaceForensics++_C23/Deepfakes/017_803.mp4,ffpp_Deepfakes_017_803,1,Deepfakes
FaceForensics++_C23/Deepfakes/023_923.mp4,ffpp_Deepfakes_023_923,1,Deepfakes
FaceForensics++_C23/Deepfakes/029_048.mp4,ffpp_Deepfakes_029_048,1,Deepfakes
FaceForensics++_C23/Deepfakes/035_036.mp4,ffpp_Deepfakes_035_036,1,Deepfakes
FaceForensics++_C23/Deepfakes/041_063.mp4,ffpp_Deepfakes_041_063,1,Deepfakes
FaceForensics++_C23/Deepfakes/047_862.mp4,ffpp_Deepfakes_047_862,1,Deepfakes
FaceForensics++_C23/Deepfakes/053_095.mp4,ffpp_Deepfakes_053_095,1,Deepfakes
FaceForensics++_C23/Deepfakes/059_050.mp4,ffpp_Deepfakes_059_050,1,Deepfakes
FaceForensics++_C23/Deepfakes/065_089.mp4,ffpp_Deepfakes_065_089,1,Deepfakes
FaceForensics++_C23/Deepfakes/071_054.mp4,ffpp_Deepfakes_071_054,1,Deepfakes
FaceForensics++_C23/Deepfakes/077_100.mp4,ffpp_Deepfakes_077_100,1,Deepfakes
FaceForensics++_C23/Deepfakes/083_213.mp4,ffpp_Deepfakes_083_213,1,Deepfakes
FaceForensics++_C23/Deepfakes/089_065.mp4,ffpp_Deepfakes_089_065,1,Deepfakes
FaceForensics++_C23/Deepfakes/095_053.mp4,ffpp_Deepfakes_095_053,1,Deepfakes
FaceForensics++_C23/Deepfakes/101_096.mp4,ffpp_Deepfakes_101_096,1,Deepfakes
FaceForensics++_C23/Deepfakes/107_109.mp4,ffpp_Deepfakes_107_109,1,Deepfakes
FaceForensics++_C23/Deepfakes/113_983.mp4,ffpp_Deepfakes_113_983,1,Deepfakes
FaceForensics++_C23/Deepfakes/119_123.mp4,ffpp_Deepfakes_119_123,1,Deepfakes
FaceForensics++_C23/Deepfakes/125_038.mp4,ffpp_Deepfakes_125_038,1,Deepfakes
FaceForensics++_C23/Deepfakes/131_518.mp4,ffpp_Deepfakes_131_518,1,Deepfakes
FaceForensics++_C23/Deepfakes/137_165.mp4,ffpp_Deepfakes_137_165,1,Deepfakes
FaceForensics++_C23/Deepfakes/143_140.mp4,ffpp_Deepfakes_143_140,1,Deepfakes
FaceForensics++_C23/Deepfakes/149_152.mp4,ffpp_Deepfakes_149_152,1,Deepfakes
FaceForensics++_C23/Deepfakes/155_576.mp4,ffpp_Deepfakes_155_576,1,Deepfakes
FaceForensics++_C23/Deepfakes/161_141.mp4,ffpp_Deepfakes_161_141,1,Deepfakes
FaceForensics++_C23/Deepfakes/167_166.mp4,ffpp_Deepfakes_167_166,1,Deepfakes
FaceForensics++_C23/Deepfakes/173_171.mp4,ffpp_Deepfakes_173_171,1,Deepfakes
FaceForensics++_C23/Deepfakes/179_212.mp4,ffpp_Deepfakes_179_212,1,Deepfakes
FaceForensics++_C23/Deepfakes/185_276.mp4,ffpp_Deepfakes_185_276,1,Deepfakes
FaceForensics++_C23/Deepfakes/191_188.mp4,ffpp_Deepfakes_191_188,1,Deepfakes
FaceForensics++_C23/Deepfakes/197_224.mp4,ffpp_Deepfakes_197_224,1,Deepfakes
FaceForensics++_C23/Deepfakes/203_201.mp4,ffpp_Deepfakes_203_201,1,Deepfakes
FaceForensics++_C23/Deepfakes/209_016.mp4,ffpp_Deepfakes_209_016,1,Deepfakes
FaceForensics++_C23/Deepfakes/215_208.mp4,ffpp_Deepfakes_215_208,1,Deepfakes
FaceForensics++_C23/Deepfakes/221_206.mp4,ffpp_Deepfakes_221_206,1,Deepfakes
FaceForensics++_C23/Deepfakes/227_169.mp4,ffpp_Deepfakes_227_169,1,Deepfakes
FaceForensics++_C23/Deepfakes/233_995.mp4,ffpp_Deepfakes_233_995,1,Deepfakes
FaceForensics++_C23/Deepfakes/239_218.mp4,ffpp_Deepfakes_239_218,1,Deepfakes
FaceForensics++_C23/Deepfakes/245_157.mp4,ffpp_Deepfakes_245_157,1,Deepfakes
FaceForensics++_C23/Deepfakes/251_375.mp4,ffpp_Deepfakes_251_375,1,Deepfakes
FaceForensics++_C23/Deepfakes/257_420.mp4,ffpp_Deepfakes_257_420,1,Deepfakes
FaceForensics++_C23/Deepfakes/263_284.mp4,ffpp_Deepfakes_263_284,1,Deepfakes
FaceForensics++_C23/Deepfakes/269_268.mp4,ffpp_Deepfakes_269_268,1,Deepfakes
FaceForensics++_C23/Deepfakes/275_887.mp4,ffpp_Deepfakes_275_887,1,Deepfakes
FaceForensics++_C23/Deepfakes/281_474.mp4,ffpp_Deepfakes_281_474,1,Deepfakes
FaceForensics++_C23/Deepfakes/287_426.mp4,ffpp_Deepfakes_287_426,1,Deepfakes
FaceForensics++_C23/Deepfakes/293_296.mp4,ffpp_Deepfakes_293_296,1,Deepfakes
FaceForensics++_C23/Deepfakes/299_145.mp4,ffpp_Deepfakes_299_145,1,Deepfakes
FaceForensics++_C23/Deepfakes/305_513.mp4,ffpp_Deepfakes_305_513,1,Deepfakes
FaceForensics++_C23/Deepfakes/311_387.mp4,ffpp_Deepfakes_311_387,1,Deepfakes
FaceForensics++_C23/Deepfakes/317_359.mp4,ffpp_Deepfakes_317_359,1,Deepfakes
FaceForensics++_C23/Deepfakes/323_302.mp4,ffpp_Deepfakes_323_302,1,Deepfakes
FaceForensics++_C23/Deepfakes/329_327.mp4,ffpp_Deepfakes_329_327,1,Deepfakes
FaceForensics++_C23/Deepfakes/335_277.mp4,ffpp_Deepfakes_335_277,1,Deepfakes
FaceForensics++_C23/Deepfakes/341_340.mp4,ffpp_Deepfakes_341_340,1,Deepfakes
FaceForensics++_C23/Deepfakes/347_314.mp4,ffpp_Deepfakes_347_314,1,Deepfakes
FaceForensics++_C23/Deepfakes/353_383.mp4,ffpp_Deepfakes_353_383,1,Deepfakes
FaceForensics++_C23/Deepfakes/359_317.mp4,ffpp_Deepfakes_359_317,1,Deepfakes
FaceForensics++_C23/Deepfakes/365_307.mp4,ffpp_Deepfakes_365_307,1,Deepfakes
FaceForensics++_C23/Deepfakes/371_367.mp4,ffpp_Deepfakes_371_367,1,Deepfakes
FaceForensics++_C23/Deepfakes/377_333.mp4,ffpp_Deepfakes_377_333,1,Deepfakes
FaceForensics++_C23/Deepfakes/383_353.mp4,ffpp_Deepfakes_383_353,1,Deepfakes
FaceForensics++_C23/Deepfakes/389_480.mp4,ffpp_Deepfakes_389_480,1,Deepfakes
FaceForensics++_C23/Deepfakes/395_401.mp4,ffpp_Deepfakes_395_401,1,Deepfakes
FaceForensics++_C23/Deepfakes/401_395.mp4,ffpp_Deepfakes_401_395,1,Deepfakes
FaceForensics++_C23/Deepfakes/407_374.mp4,ffpp_Deepfakes_407_374,1,Deepfakes
FaceForensics++_C23/Deepfakes/413_372.mp4,ffpp_Deepfakes_413_372,1,Deepfakes
FaceForensics++_C23/Deepfakes/419_824.mp4,ffpp_Deepfakes_419_824,1,Deepfakes
FaceForensics++_C23/Deepfakes/425_485.mp4,ffpp_Deepfakes_425_485,1,Deepfakes
FaceForensics++_C23/Deepfakes/431_447.mp4,ffpp_Deepfakes_431_447,1,Deepfakes
FaceForensics++_C23/Deepfakes/437_360.mp4,ffpp_Deepfakes_437_360,1,Deepfakes
FaceForensics++_C23/Deepfakes/443_514.mp4,ffpp_Deepfakes_443_514,1,Deepfakes
FaceForensics++_C23/Deepfakes/449_451.mp4,ffpp_Deepfakes_449_451,1,Deepfakes
FaceForensics++_C23/Deepfakes/455_471.mp4,ffpp_Deepfakes_455_471,1,Deepfakes
FaceForensics++_C23/Deepfakes/461_250.mp4,ffpp_Deepfakes_461_250,1,Deepfakes
FaceForensics++_C23/Deepfakes/467_462.mp4,ffpp_Deepfakes_467_462,1,Deepfakes
FaceForensics++_C23/Deepfakes/473_366.mp4,ffpp_Deepfakes_473_366,1,Deepfakes
FaceForensics++_C23/Deepfakes/479_706.mp4,ffpp_Deepfakes_479_706,1,Deepfakes
FaceForensics++_C23/Deepfakes/485_425.mp4,ffpp_Deepfakes_485_425,1,Deepfakes
FaceForensics++_C23/Deepfakes/491_226.mp4,ffpp_Deepfakes_491_226,1,Deepfakes
FaceForensics++_C23/Deepfakes/497_403.mp4,ffpp_Deepfakes_497_403,1,Deepfakes
FaceForensics++_C23/Deepfakes/502_504.mp4,ffpp_Deepfakes_502_504,1,Deepfakes
FaceForensics++_C23/Deepfakes/508_831.mp4,ffpp_Deepfakes_508_831,1,Deepfakes
FaceForensics++_C23/Deepfakes/514_443.mp4,ffpp_Deepfakes_514_443,1,Deepfakes
FaceForensics++_C23/Deepfakes/520_542.mp4,ffpp_Deepfakes_520_542,1,Deepfakes
FaceForensics++_C23/Deepfakes/526_436.mp4,ffpp_Deepfakes_526_436,1,Deepfakes
FaceForensics++_C23/Deepfakes/532_544.mp4,ffpp_Deepfakes_532_544,1,Deepfakes
FaceForensics++_C23/Deepfakes/538_493.mp4,ffpp_Deepfakes_538_493,1,Deepfakes
FaceForensics++_C23/Deepfakes/544_532.mp4,ffpp_Deepfakes_544_532,1,Deepfakes
FaceForensics++_C23/Deepfakes/550_452.mp4,ffpp_Deepfakes_550_452,1,Deepfakes
FaceForensics++_C23/Deepfakes/556_588.mp4,ffpp_Deepfakes_556_588,1,Deepfakes
FaceForensics++_C23/Deepfakes/562_626.mp4,ffpp_Deepfakes_562_626,1,Deepfakes
FaceForensics++_C23/Deepfakes/568_628.mp4,ffpp_Deepfakes_568_628,1,Deepfakes
FaceForensics++_C23/Deepfakes/574_547.mp4,ffpp_Deepfakes_574_547,1,Deepfakes
FaceForensics++_C23/Deepfakes/580_524.mp4,ffpp_Deepfakes_580_524,1,Deepfakes
FaceForensics++_C23/Deepfakes/586_223.mp4,ffpp_Deepfakes_586_223,1,Deepfakes
FaceForensics++_C23/Deepfakes/592_500.mp4,ffpp_Deepfakes_592_500,1,Deepfakes
FaceForensics++_C23/Deepfakes/598_178.mp4,ffpp_Deepfakes_598_178,1,Deepfakes
FaceForensics++_C23/Deepfakes/604_703.mp4,ffpp_Deepfakes_604_703,1,Deepfakes
FaceForensics++_C23/Deepfakes/610_692.mp4,ffpp_Deepfakes_610_692,1,Deepfakes
FaceForensics++_C23/Deepfakes/616_614.mp4,ffpp_Deepfakes_616_614,1,Deepfakes
FaceForensics++_C23/Deepfakes/622_647.mp4,ffpp_Deepfakes_622_647,1,Deepfakes
FaceForensics++_C23/Deepfakes/628_568.mp4,ffpp_Deepfakes_628_568,1,Deepfakes
FaceForensics++_C23/Deepfakes/634_660.mp4,ffpp_Deepfakes_634_660,1,Deepfakes
FaceForensics++_C23/Deepfakes/640_638.mp4,ffpp_Deepfakes_640_638,1,Deepfakes
FaceForensics++_C23/Deepfakes/646_643.mp4,ffpp_Deepfakes_646_643,1,Deepfakes
FaceForensics++_C23/Deepfakes/652_773.mp4,ffpp_Deepfakes_652_773,1,Deepfakes
FaceForensics++_C23/Deepfakes/658_627.mp4,ffpp_Deepfakes_658_627,1,Deepfakes
FaceForensics++_C23/Deepfakes/664_668.mp4,ffpp_Deepfakes_664_668,1,Deepfakes
FaceForensics++_C23/Deepfakes/670_661.mp4,ffpp_Deepfakes_670_661,1,Deepfakes
FaceForensics++_C23/Deepfakes/676_776.mp4,ffpp_Deepfakes_676_776,1,Deepfakes
FaceForensics++_C23/Deepfakes/682_669.mp4,ffpp_Deepfakes_682_669,1,Deepfakes
FaceForensics++_C23/Deepfakes/688_645.mp4,ffpp_Deepfakes_688_645,1,Deepfakes
FaceForensics++_C23/Deepfakes/694_767.mp4,ffpp_Deepfakes_694_767,1,Deepfakes
FaceForensics++_C23/Deepfakes/700_813.mp4,ffpp_Deepfakes_700_813,1,Deepfakes
FaceForensics++_C23/Deepfakes/706_479.mp4,ffpp_Deepfakes_706_479,1,Deepfakes
FaceForensics++_C23/Deepfakes/712_716.mp4,ffpp_Deepfakes_712_716,1,Deepfakes
FaceForensics++_C23/Deepfakes/718_972.mp4,ffpp_Deepfakes_718_972,1,Deepfakes
FaceForensics++_C23/Deepfakes/724_725.mp4,ffpp_Deepfakes_724_725,1,Deepfakes
FaceForensics++_C23/Deepfakes/730_815.mp4,ffpp_Deepfakes_730_815,1,Deepfakes
FaceForensics++_C23/Deepfakes/736_785.mp4,ffpp_Deepfakes_736_785,1,Deepfakes
FaceForensics++_C23/Deepfakes/742_775.mp4,ffpp_Deepfakes_742_775,1,Deepfakes
FaceForensics++_C23/Deepfakes/748_355.mp4,ffpp_Deepfakes_748_355,1,Deepfakes
FaceForensics++_C23/Deepfakes/754_758.mp4,ffpp_Deepfakes_754_758,1,Deepfakes
FaceForensics++_C23/Deepfakes/760_611.mp4,ffpp_Deepfakes_760_611,1,Deepfakes
FaceForensics++_C23/Deepfakes/766_761.mp4,ffpp_Deepfakes_766_761,1,Deepfakes
FaceForensics++_C23/Deepfakes/772_708.mp4,ffpp_Deepfakes_772_708,1,Deepfakes
FaceForensics++_C23/Deepfakes/778_798.mp4,ffpp_Deepfakes_778_798,1,Deepfakes
FaceForensics++_C23/Deepfakes/784_769.mp4,ffpp_Deepfakes_784_769,1,Deepfakes
FaceForensics++_C23/Deepfakes/790_014.mp4,ffpp_Deepfakes_790_014,1,Deepfakes
FaceForensics++_C23/Deepfakes/796_740.mp4,ffpp_Deepfakes_796_740,1,Deepfakes
FaceForensics++_C23/Deepfakes/802_885.mp4,ffpp_Deepfakes_802_885,1,Deepfakes
FaceForensics++_C23/Deepfakes/808_829.mp4,ffpp_Deepfakes_808_829,1,Deepfakes
FaceForensics++_C23/Deepfakes/814_871.mp4,ffpp_Deepfakes_814_871,1,Deepfakes
FaceForensics++_C23/Deepfakes/820_818.mp4,ffpp_Deepfakes_820_818,1,Deepfakes
FaceForensics++_C23/Deepfakes/826_833.mp4,ffpp_Deepfakes_826_833,1,Deepfakes
FaceForensics++_C23/Deepfakes/832_762.mp4,ffpp_Deepfakes_832_762,1,Deepfakes
FaceForensics++_C23/Deepfakes/838_810.mp4,ffpp_Deepfakes_838_810,1,Deepfakes
FaceForensics++_C23/Deepfakes/844_797.mp4,ffpp_Deepfakes_844_797,1,Deepfakes
FaceForensics++_C23/Deepfakes/850_764.mp4,ffpp_Deepfakes_850_764,1,Deepfakes
FaceForensics++_C23/Deepfakes/856_881.mp4,ffpp_Deepfakes_856_881,1,Deepfakes
FaceForensics++_C23/Deepfakes/862_047.mp4,ffpp_Deepfakes_862_047,1,Deepfakes
FaceForensics++_C23/Deepfakes/868_949.mp4,ffpp_Deepfakes_868_949,1,Deepfakes
FaceForensics++_C23/Deepfakes/874_291.mp4,ffpp_Deepfakes_874_291,1,Deepfakes
FaceForensics++_C23/Deepfakes/880_135.mp4,ffpp_Deepfakes_880_135,1,Deepfakes
FaceForensics++_C23/Deepfakes/886_877.mp4,ffpp_Deepfakes_886_877,1,Deepfakes
FaceForensics++_C23/Deepfakes/892_112.mp4,ffpp_Deepfakes_892_112,1,Deepfakes
FaceForensics++_C23/Deepfakes/898_922.mp4,ffpp_Deepfakes_898_922,1,Deepfakes
FaceForensics++_C23/Deepfakes/904_046.mp4,ffpp_Deepfakes_904_046,1,Deepfakes
FaceForensics++_C23/Deepfakes/910_911.mp4,ffpp_Deepfakes_910_911,1,Deepfakes
FaceForensics++_C23/Deepfakes/916_783.mp4,ffpp_Deepfakes_916_783,1,Deepfakes
FaceForensics++_C23/Deepfakes/922_898.mp4,ffpp_Deepfakes_922_898,1,Deepfakes
FaceForensics++_C23/Deepfakes/928_160.mp4,ffpp_Deepfakes_928_160,1,Deepfakes
FaceForensics++_C23/Deepfakes/934_918.mp4,ffpp_Deepfakes_934_918,1,Deepfakes
FaceForensics++_C23/Deepfakes/940_941.mp4,ffpp_Deepfakes_940_941,1,Deepfakes
FaceForensics++_C23/Deepfakes/946_049.mp4,ffpp_Deepfakes_946_049,1,Deepfakes
FaceForensics++_C23/Deepfakes/952_882.mp4,ffpp_Deepfakes_952_882,1,Deepfakes
FaceForensics++_C23/Deepfakes/958_956.mp4,ffpp_Deepfakes_958_956,1,Deepfakes
FaceForensics++_C23/Deepfakes/964_174.mp4,ffpp_Deepfakes_964_174,1,Deepfakes
FaceForensics++_C23/Deepfakes/970_973.mp4,ffpp_Deepfakes_970_973,1,Deepfakes
FaceForensics++_C23/Deepfakes/976_954.mp4,ffpp_Deepfakes_976_954,1,Deepfakes
FaceForensics++_C23/Deepfakes/982_004.mp4,ffpp_Deepfakes_982_004,1,Deepfakes
FaceForensics++_C23/Deepfakes/988_966.mp4,ffpp_Deepfakes_988_966,1,Deepfakes
FaceForensics++_C23/Deepfakes/994_986.mp4,ffpp_Deepfakes_994_986,1,Deepfakes
FaceForensics++_C23/Face2Face/000_003.mp4,ffpp_Face2Face_000_003,1,Face2Face
FaceForensics++_C23/Face2Face/005_010.mp4,ffpp_Face2Face_005_010,1,Face2Face
FaceForensics++_C23/Face2Face/011_805.mp4,ffpp_Face2Face_011_805,1,Face2Face
FaceForensics++_C23/Face2Face/017_803.mp4,ffpp_Face2Face_017_803,1,Face2Face
FaceForensics++_C23/Face2Face/023_923.mp4,ffpp_Face2Face_023_923,1,Face2Face
FaceForensics++_C23/Face2Face/029_048.mp4,ffpp_Face2Face_029_048,1,Face2Face
FaceForensics++_C23/Face2Face/035_036.mp4,ffpp_Face2Face_035_036,1,Face2Face
FaceForensics++_C23/Face2Face/041_063.mp4,ffpp_Face2Face_041_063,1,Face2Face
FaceForensics++_C23/Face2Face/047_862.mp4,ffpp_Face2Face_047_862,1,Face2Face
FaceForensics++_C23/Face2Face/053_095.mp4,ffpp_Face2Face_053_095,1,Face2Face
FaceForensics++_C23/Face2Face/059_050.mp4,ffpp_Face2Face_059_050,1,Face2Face
FaceForensics++_C23/Face2Face/065_089.mp4,ffpp_Face2Face_065_089,1,Face2Face
FaceForensics++_C23/Face2Face/071_054.mp4,ffpp_Face2Face_071_054,1,Face2Face
FaceForensics++_C23/Face2Face/077_100.mp4,ffpp_Face2Face_077_100,1,Face2Face
FaceForensics++_C23/Face2Face/083_213.mp4,ffpp_Face2Face_083_213,1,Face2Face
FaceForensics++_C23/Face2Face/089_065.mp4,ffpp_Face2Face_089_065,1,Face2Face
FaceForensics++_C23/Face2Face/095_053.mp4,ffpp_Face2Face_095_053,1,Face2Face
FaceForensics++_C23/Face2Face/101_096.mp4,ffpp_Face2Face_101_096,1,Face2Face
FaceForensics++_C23/Face2Face/107_109.mp4,ffpp_Face2Face_107_109,1,Face2Face
FaceForensics++_C23/Face2Face/113_983.mp4,ffpp_Face2Face_113_983,1,Face2Face
FaceForensics++_C23/Face2Face/119_123.mp4,ffpp_Face2Face_119_123,1,Face2Face
FaceForensics++_C23/Face2Face/125_038.mp4,ffpp_Face2Face_125_038,1,Face2Face
FaceForensics++_C23/Face2Face/131_518.mp4,ffpp_Face2Face_131_518,1,Face2Face
FaceForensics++_C23/Face2Face/137_165.mp4,ffpp_Face2Face_137_165,1,Face2Face
FaceForensics++_C23/Face2Face/143_140.mp4,ffpp_Face2Face_143_140,1,Face2Face
FaceForensics++_C23/Face2Face/149_152.mp4,ffpp_Face2Face_149_152,1,Face2Face
FaceForensics++_C23/Face2Face/155_576.mp4,ffpp_Face2Face_155_576,1,Face2Face
FaceForensics++_C23/Face2Face/161_141.mp4,ffpp_Face2Face_161_141,1,Face2Face
FaceForensics++_C23/Face2Face/167_166.mp4,ffpp_Face2Face_167_166,1,Face2Face
FaceForensics++_C23/Face2Face/173_171.mp4,ffpp_Face2Face_173_171,1,Face2Face
FaceForensics++_C23/Face2Face/179_212.mp4,ffpp_Face2Face_179_212,1,Face2Face
FaceForensics++_C23/Face2Face/185_276.mp4,ffpp_Face2Face_185_276,1,Face2Face
FaceForensics++_C23/Face2Face/191_188.mp4,ffpp_Face2Face_191_188,1,Face2Face
FaceForensics++_C23/Face2Face/197_224.mp4,ffpp_Face2Face_197_224,1,Face2Face
FaceForensics++_C23/Face2Face/203_201.mp4,ffpp_Face2Face_203_201,1,Face2Face
FaceForensics++_C23/Face2Face/209_016.mp4,ffpp_Face2Face_209_016,1,Face2Face
FaceForensics++_C23/Face2Face/215_208.mp4,ffpp_Face2Face_215_208,1,Face2Face
FaceForensics++_C23/Face2Face/221_206.mp4,ffpp_Face2Face_221_206,1,Face2Face
FaceForensics++_C23/Face2Face/227_169.mp4,ffpp_Face2Face_227_169,1,Face2Face
FaceForensics++_C23/Face2Face/233_995.mp4,ffpp_Face2Face_233_995,1,Face2Face
FaceForensics++_C23/Face2Face/239_218.mp4,ffpp_Face2Face_239_218,1,Face2Face
FaceForensics++_C23/Face2Face/245_157.mp4,ffpp_Face2Face_245_157,1,Face2Face
FaceForensics++_C23/Face2Face/251_375.mp4,ffpp_Face2Face_251_375,1,Face2Face
FaceForensics++_C23/Face2Face/257_420.mp4,ffpp_Face2Face_257_420,1,Face2Face
FaceForensics++_C23/Face2Face/263_284.mp4,ffpp_Face2Face_263_284,1,Face2Face
FaceForensics++_C23/Face2Face/269_268.mp4,ffpp_Face2Face_269_268,1,Face2Face
FaceForensics++_C23/Face2Face/275_887.mp4,ffpp_Face2Face_275_887,1,Face2Face
FaceForensics++_C23/Face2Face/281_474.mp4,ffpp_Face2Face_281_474,1,Face2Face
FaceForensics++_C23/Face2Face/287_426.mp4,ffpp_Face2Face_287_426,1,Face2Face
FaceForensics++_C23/Face2Face/293_296.mp4,ffpp_Face2Face_293_296,1,Face2Face
FaceForensics++_C23/Face2Face/299_145.mp4,ffpp_Face2Face_299_145,1,Face2Face
FaceForensics++_C23/Face2Face/305_513.mp4,ffpp_Face2Face_305_513,1,Face2Face
FaceForensics++_C23/Face2Face/311_387.mp4,ffpp_Face2Face_311_387,1,Face2Face
FaceForensics++_C23/Face2Face/317_359.mp4,ffpp_Face2Face_317_359,1,Face2Face
FaceForensics++_C23/Face2Face/323_302.mp4,ffpp_Face2Face_323_302,1,Face2Face
FaceForensics++_C23/Face2Face/329_327.mp4,ffpp_Face2Face_329_327,1,Face2Face
FaceForensics++_C23/Face2Face/335_277.mp4,ffpp_Face2Face_335_277,1,Face2Face
FaceForensics++_C23/Face2Face/341_340.mp4,ffpp_Face2Face_341_340,1,Face2Face
FaceForensics++_C23/Face2Face/347_314.mp4,ffpp_Face2Face_347_314,1,Face2Face
FaceForensics++_C23/Face2Face/353_383.mp4,ffpp_Face2Face_353_383,1,Face2Face
FaceForensics++_C23/Face2Face/359_317.mp4,ffpp_Face2Face_359_317,1,Face2Face
FaceForensics++_C23/Face2Face/365_307.mp4,ffpp_Face2Face_365_307,1,Face2Face
FaceForensics++_C23/Face2Face/371_367.mp4,ffpp_Face2Face_371_367,1,Face2Face
FaceForensics++_C23/Face2Face/377_333.mp4,ffpp_Face2Face_377_333,1,Face2Face
FaceForensics++_C23/Face2Face/383_353.mp4,ffpp_Face2Face_383_353,1,Face2Face
FaceForensics++_C23/Face2Face/389_480.mp4,ffpp_Face2Face_389_480,1,Face2Face
FaceForensics++_C23/Face2Face/395_401.mp4,ffpp_Face2Face_395_401,1,Face2Face
FaceForensics++_C23/Face2Face/401_395.mp4,ffpp_Face2Face_401_395,1,Face2Face
FaceForensics++_C23/Face2Face/407_374.mp4,ffpp_Face2Face_407_374,1,Face2Face
FaceForensics++_C23/Face2Face/413_372.mp4,ffpp_Face2Face_413_372,1,Face2Face
FaceForensics++_C23/Face2Face/419_824.mp4,ffpp_Face2Face_419_824,1,Face2Face
FaceForensics++_C23/Face2Face/425_485.mp4,ffpp_Face2Face_425_485,1,Face2Face
FaceForensics++_C23/Face2Face/431_447.mp4,ffpp_Face2Face_431_447,1,Face2Face
FaceForensics++_C23/Face2Face/437_360.mp4,ffpp_Face2Face_437_360,1,Face2Face
FaceForensics++_C23/Face2Face/443_514.mp4,ffpp_Face2Face_443_514,1,Face2Face
FaceForensics++_C23/Face2Face/449_451.mp4,ffpp_Face2Face_449_451,1,Face2Face
FaceForensics++_C23/Face2Face/455_471.mp4,ffpp_Face2Face_455_471,1,Face2Face
FaceForensics++_C23/Face2Face/461_250.mp4,ffpp_Face2Face_461_250,1,Face2Face
FaceForensics++_C23/Face2Face/467_462.mp4,ffpp_Face2Face_467_462,1,Face2Face
FaceForensics++_C23/Face2Face/473_366.mp4,ffpp_Face2Face_473_366,1,Face2Face
FaceForensics++_C23/Face2Face/479_706.mp4,ffpp_Face2Face_479_706,1,Face2Face
FaceForensics++_C23/Face2Face/485_425.mp4,ffpp_Face2Face_485_425,1,Face2Face
FaceForensics++_C23/Face2Face/491_226.mp4,ffpp_Face2Face_491_226,1,Face2Face
FaceForensics++_C23/Face2Face/497_403.mp4,ffpp_Face2Face_497_403,1,Face2Face
FaceForensics++_C23/Face2Face/502_504.mp4,ffpp_Face2Face_502_504,1,Face2Face
FaceForensics++_C23/Face2Face/508_831.mp4,ffpp_Face2Face_508_831,1,Face2Face
FaceForensics++_C23/Face2Face/514_443.mp4,ffpp_Face2Face_514_443,1,Face2Face
FaceForensics++_C23/Face2Face/520_542.mp4,ffpp_Face2Face_520_542,1,Face2Face
FaceForensics++_C23/Face2Face/526_436.mp4,ffpp_Face2Face_526_436,1,Face2Face
FaceForensics++_C23/Face2Face/532_544.mp4,ffpp_Face2Face_532_544,1,Face2Face
FaceForensics++_C23/Face2Face/538_493.mp4,ffpp_Face2Face_538_493,1,Face2Face
FaceForensics++_C23/Face2Face/544_532.mp4,ffpp_Face2Face_544_532,1,Face2Face
FaceForensics++_C23/Face2Face/550_452.mp4,ffpp_Face2Face_550_452,1,Face2Face
FaceForensics++_C23/Face2Face/556_588.mp4,ffpp_Face2Face_556_588,1,Face2Face
FaceForensics++_C23/Face2Face/562_626.mp4,ffpp_Face2Face_562_626,1,Face2Face
FaceForensics++_C23/Face2Face/568_628.mp4,ffpp_Face2Face_568_628,1,Face2Face
FaceForensics++_C23/Face2Face/574_547.mp4,ffpp_Face2Face_574_547,1,Face2Face
FaceForensics++_C23/Face2Face/580_524.mp4,ffpp_Face2Face_580_524,1,Face2Face
FaceForensics++_C23/Face2Face/586_223.mp4,ffpp_Face2Face_586_223,1,Face2Face
FaceForensics++_C23/Face2Face/592_500.mp4,ffpp_Face2Face_592_500,1,Face2Face
FaceForensics++_C23/Face2Face/598_178.mp4,ffpp_Face2Face_598_178,1,Face2Face
FaceForensics++_C23/Face2Face/604_703.mp4,ffpp_Face2Face_604_703,1,Face2Face
FaceForensics++_C23/Face2Face/610_692.mp4,ffpp_Face2Face_610_692,1,Face2Face
FaceForensics++_C23/Face2Face/616_614.mp4,ffpp_Face2Face_616_614,1,Face2Face
FaceForensics++_C23/Face2Face/622_647.mp4,ffpp_Face2Face_622_647,1,Face2Face
FaceForensics++_C23/Face2Face/628_568.mp4,ffpp_Face2Face_628_568,1,Face2Face
FaceForensics++_C23/Face2Face/634_660.mp4,ffpp_Face2Face_634_660,1,Face2Face
FaceForensics++_C23/Face2Face/640_638.mp4,ffpp_Face2Face_640_638,1,Face2Face
FaceForensics++_C23/Face2Face/646_643.mp4,ffpp_Face2Face_646_643,1,Face2Face
FaceForensics++_C23/Face2Face/652_773.mp4,ffpp_Face2Face_652_773,1,Face2Face
FaceForensics++_C23/Face2Face/658_627.mp4,ffpp_Face2Face_658_627,1,Face2Face
FaceForensics++_C23/Face2Face/664_668.mp4,ffpp_Face2Face_664_668,1,Face2Face
FaceForensics++_C23/Face2Face/670_661.mp4,ffpp_Face2Face_670_661,1,Face2Face
FaceForensics++_C23/Face2Face/676_776.mp4,ffpp_Face2Face_676_776,1,Face2Face
FaceForensics++_C23/Face2Face/682_669.mp4,ffpp_Face2Face_682_669,1,Face2Face
FaceForensics++_C23/Face2Face/688_645.mp4,ffpp_Face2Face_688_645,1,Face2Face
FaceForensics++_C23/Face2Face/694_767.mp4,ffpp_Face2Face_694_767,1,Face2Face
FaceForensics++_C23/Face2Face/700_813.mp4,ffpp_Face2Face_700_813,1,Face2Face
FaceForensics++_C23/Face2Face/706_479.mp4,ffpp_Face2Face_706_479,1,Face2Face
FaceForensics++_C23/Face2Face/712_716.mp4,ffpp_Face2Face_712_716,1,Face2Face
FaceForensics++_C23/Face2Face/718_972.mp4,ffpp_Face2Face_718_972,1,Face2Face
FaceForensics++_C23/Face2Face/724_725.mp4,ffpp_Face2Face_724_725,1,Face2Face
FaceForensics++_C23/Face2Face/730_815.mp4,ffpp_Face2Face_730_815,1,Face2Face
FaceForensics++_C23/Face2Face/736_785.mp4,ffpp_Face2Face_736_785,1,Face2Face
FaceForensics++_C23/Face2Face/742_775.mp4,ffpp_Face2Face_742_775,1,Face2Face
FaceForensics++_C23/Face2Face/748_355.mp4,ffpp_Face2Face_748_355,1,Face2Face
FaceForensics++_C23/Face2Face/754_758.mp4,ffpp_Face2Face_754_758,1,Face2Face
FaceForensics++_C23/Face2Face/760_611.mp4,ffpp_Face2Face_760_611,1,Face2Face
FaceForensics++_C23/Face2Face/766_761.mp4,ffpp_Face2Face_766_761,1,Face2Face
FaceForensics++_C23/Face2Face/772_708.mp4,ffpp_Face2Face_772_708,1,Face2Face
FaceForensics++_C23/Face2Face/778_798.mp4,ffpp_Face2Face_778_798,1,Face2Face
FaceForensics++_C23/Face2Face/784_769.mp4,ffpp_Face2Face_784_769,1,Face2Face
FaceForensics++_C23/Face2Face/790_014.mp4,ffpp_Face2Face_790_014,1,Face2Face
FaceForensics++_C23/Face2Face/796_740.mp4,ffpp_Face2Face_796_740,1,Face2Face
FaceForensics++_C23/Face2Face/802_885.mp4,ffpp_Face2Face_802_885,1,Face2Face
FaceForensics++_C23/Face2Face/808_829.mp4,ffpp_Face2Face_808_829,1,Face2Face
FaceForensics++_C23/Face2Face/814_871.mp4,ffpp_Face2Face_814_871,1,Face2Face
FaceForensics++_C23/Face2Face/820_818.mp4,ffpp_Face2Face_820_818,1,Face2Face
FaceForensics++_C23/Face2Face/826_833.mp4,ffpp_Face2Face_826_833,1,Face2Face
FaceForensics++_C23/Face2Face/832_762.mp4,ffpp_Face2Face_832_762,1,Face2Face
FaceForensics++_C23/Face2Face/838_810.mp4,ffpp_Face2Face_838_810,1,Face2Face
FaceForensics++_C23/Face2Face/844_797.mp4,ffpp_Face2Face_844_797,1,Face2Face
FaceForensics++_C23/Face2Face/850_764.mp4,ffpp_Face2Face_850_764,1,Face2Face
FaceForensics++_C23/Face2Face/856_881.mp4,ffpp_Face2Face_856_881,1,Face2Face
FaceForensics++_C23/Face2Face/862_047.mp4,ffpp_Face2Face_862_047,1,Face2Face
FaceForensics++_C23/Face2Face/868_949.mp4,ffpp_Face2Face_868_949,1,Face2Face
FaceForensics++_C23/Face2Face/874_291.mp4,ffpp_Face2Face_874_291,1,Face2Face
FaceForensics++_C23/Face2Face/880_135.mp4,ffpp_Face2Face_880_135,1,Face2Face
FaceForensics++_C23/Face2Face/886_877.mp4,ffpp_Face2Face_886_877,1,Face2Face
FaceForensics++_C23/Face2Face/892_112.mp4,ffpp_Face2Face_892_112,1,Face2Face
FaceForensics++_C23/Face2Face/898_922.mp4,ffpp_Face2Face_898_922,1,Face2Face
FaceForensics++_C23/Face2Face/904_046.mp4,ffpp_Face2Face_904_046,1,Face2Face
FaceForensics++_C23/Face2Face/910_911.mp4,ffpp_Face2Face_910_911,1,Face2Face
FaceForensics++_C23/Face2Face/916_783.mp4,ffpp_Face2Face_916_783,1,Face2Face
FaceForensics++_C23/Face2Face/922_898.mp4,ffpp_Face2Face_922_898,1,Face2Face
FaceForensics++_C23/Face2Face/928_160.mp4,ffpp_Face2Face_928_160,1,Face2Face
FaceForensics++_C23/Face2Face/934_918.mp4,ffpp_Face2Face_934_918,1,Face2Face
FaceForensics++_C23/Face2Face/940_941.mp4,ffpp_Face2Face_940_941,1,Face2Face
FaceForensics++_C23/Face2Face/946_049.mp4,ffpp_Face2Face_946_049,1,Face2Face
FaceForensics++_C23/Face2Face/952_882.mp4,ffpp_Face2Face_952_882,1,Face2Face
FaceForensics++_C23/Face2Face/958_956.mp4,ffpp_Face2Face_958_956,1,Face2Face
FaceForensics++_C23/Face2Face/964_174.mp4,ffpp_Face2Face_964_174,1,Face2Face
FaceForensics++_C23/Face2Face/970_973.mp4,ffpp_Face2Face_970_973,1,Face2Face
FaceForensics++_C23/Face2Face/976_954.mp4,ffpp_Face2Face_976_954,1,Face2Face
FaceForensics++_C23/Face2Face/982_004.mp4,ffpp_Face2Face_982_004,1,Face2Face
FaceForensics++_C23/Face2Face/988_966.mp4,ffpp_Face2Face_988_966,1,Face2Face
FaceForensics++_C23/Face2Face/994_986.mp4,ffpp_Face2Face_994_986,1,Face2Face
FaceForensics++_C23/FaceShifter/000_003.mp4,ffpp_FaceShifter_000_003,1,FaceShifter
FaceForensics++_C23/FaceShifter/005_010.mp4,ffpp_FaceShifter_005_010,1,FaceShifter
FaceForensics++_C23/FaceShifter/011_805.mp4,ffpp_FaceShifter_011_805,1,FaceShifter
FaceForensics++_C23/FaceShifter/017_803.mp4,ffpp_FaceShifter_017_803,1,FaceShifter
FaceForensics++_C23/FaceShifter/023_923.mp4,ffpp_FaceShifter_023_923,1,FaceShifter
FaceForensics++_C23/FaceShifter/029_048.mp4,ffpp_FaceShifter_029_048,1,FaceShifter
FaceForensics++_C23/FaceShifter/035_036.mp4,ffpp_FaceShifter_035_036,1,FaceShifter
FaceForensics++_C23/FaceShifter/041_063.mp4,ffpp_FaceShifter_041_063,1,FaceShifter
FaceForensics++_C23/FaceShifter/047_862.mp4,ffpp_FaceShifter_047_862,1,FaceShifter
FaceForensics++_C23/FaceShifter/053_095.mp4,ffpp_FaceShifter_053_095,1,FaceShifter
FaceForensics++_C23/FaceShifter/059_050.mp4,ffpp_FaceShifter_059_050,1,FaceShifter
FaceForensics++_C23/FaceShifter/065_089.mp4,ffpp_FaceShifter_065_089,1,FaceShifter
FaceForensics++_C23/FaceShifter/071_054.mp4,ffpp_FaceShifter_071_054,1,FaceShifter
FaceForensics++_C23/FaceShifter/077_100.mp4,ffpp_FaceShifter_077_100,1,FaceShifter
FaceForensics++_C23/FaceShifter/083_213.mp4,ffpp_FaceShifter_083_213,1,FaceShifter
FaceForensics++_C23/FaceShifter/089_065.mp4,ffpp_FaceShifter_089_065,1,FaceShifter
FaceForensics++_C23/FaceShifter/095_053.mp4,ffpp_FaceShifter_095_053,1,FaceShifter
FaceForensics++_C23/FaceShifter/101_096.mp4,ffpp_FaceShifter_101_096,1,FaceShifter
FaceForensics++_C23/FaceShifter/107_109.mp4,ffpp_FaceShifter_107_109,1,FaceShifter
FaceForensics++_C23/FaceShifter/113_983.mp4,ffpp_FaceShifter_113_983,1,FaceShifter
FaceForensics++_C23/FaceShifter/119_123.mp4,ffpp_FaceShifter_119_123,1,FaceShifter
FaceForensics++_C23/FaceShifter/125_038.mp4,ffpp_FaceShifter_125_038,1,FaceShifter
FaceForensics++_C23/FaceShifter/131_518.mp4,ffpp_FaceShifter_131_518,1,FaceShifter
FaceForensics++_C23/FaceShifter/137_165.mp4,ffpp_FaceShifter_137_165,1,FaceShifter
FaceForensics++_C23/FaceShifter/143_140.mp4,ffpp_FaceShifter_143_140,1,FaceShifter
FaceForensics++_C23/FaceShifter/149_152.mp4,ffpp_FaceShifter_149_152,1,FaceShifter
FaceForensics++_C23/FaceShifter/155_576.mp4,ffpp_FaceShifter_155_576,1,FaceShifter
FaceForensics++_C23/FaceShifter/161_141.mp4,ffpp_FaceShifter_161_141,1,FaceShifter
FaceForensics++_C23/FaceShifter/167_166.mp4,ffpp_FaceShifter_167_166,1,FaceShifter
FaceForensics++_C23/FaceShifter/173_171.mp4,ffpp_FaceShifter_173_171,1,FaceShifter
FaceForensics++_C23/FaceShifter/179_212.mp4,ffpp_FaceShifter_179_212,1,FaceShifter
FaceForensics++_C23/FaceShifter/185_276.mp4,ffpp_FaceShifter_185_276,1,FaceShifter
FaceForensics++_C23/FaceShifter/191_188.mp4,ffpp_FaceShifter_191_188,1,FaceShifter
FaceForensics++_C23/FaceShifter/197_224.mp4,ffpp_FaceShifter_197_224,1,FaceShifter
FaceForensics++_C23/FaceShifter/203_201.mp4,ffpp_FaceShifter_203_201,1,FaceShifter
FaceForensics++_C23/FaceShifter/209_016.mp4,ffpp_FaceShifter_209_016,1,FaceShifter
FaceForensics++_C23/FaceShifter/215_208.mp4,ffpp_FaceShifter_215_208,1,FaceShifter
FaceForensics++_C23/FaceShifter/221_206.mp4,ffpp_FaceShifter_221_206,1,FaceShifter
FaceForensics++_C23/FaceShifter/227_169.mp4,ffpp_FaceShifter_227_169,1,FaceShifter
FaceForensics++_C23/FaceShifter/233_995.mp4,ffpp_FaceShifter_233_995,1,FaceShifter
FaceForensics++_C23/FaceShifter/239_218.mp4,ffpp_FaceShifter_239_218,1,FaceShifter
FaceForensics++_C23/FaceShifter/245_157.mp4,ffpp_FaceShifter_245_157,1,FaceShifter
FaceForensics++_C23/FaceShifter/251_375.mp4,ffpp_FaceShifter_251_375,1,FaceShifter
FaceForensics++_C23/FaceShifter/257_420.mp4,ffpp_FaceShifter_257_420,1,FaceShifter
FaceForensics++_C23/FaceShifter/263_284.mp4,ffpp_FaceShifter_263_284,1,FaceShifter
FaceForensics++_C23/FaceShifter/269_268.mp4,ffpp_FaceShifter_269_268,1,FaceShifter
FaceForensics++_C23/FaceShifter/275_887.mp4,ffpp_FaceShifter_275_887,1,FaceShifter
FaceForensics++_C23/FaceShifter/281_474.mp4,ffpp_FaceShifter_281_474,1,FaceShifter
FaceForensics++_C23/FaceShifter/287_426.mp4,ffpp_FaceShifter_287_426,1,FaceShifter
FaceForensics++_C23/FaceShifter/293_296.mp4,ffpp_FaceShifter_293_296,1,FaceShifter
FaceForensics++_C23/FaceShifter/299_145.mp4,ffpp_FaceShifter_299_145,1,FaceShifter
FaceForensics++_C23/FaceShifter/305_513.mp4,ffpp_FaceShifter_305_513,1,FaceShifter
FaceForensics++_C23/FaceShifter/311_387.mp4,ffpp_FaceShifter_311_387,1,FaceShifter
FaceForensics++_C23/FaceShifter/317_359.mp4,ffpp_FaceShifter_317_359,1,FaceShifter
FaceForensics++_C23/FaceShifter/323_302.mp4,ffpp_FaceShifter_323_302,1,FaceShifter
FaceForensics++_C23/FaceShifter/329_327.mp4,ffpp_FaceShifter_329_327,1,FaceShifter
FaceForensics++_C23/FaceShifter/335_277.mp4,ffpp_FaceShifter_335_277,1,FaceShifter
FaceForensics++_C23/FaceShifter/341_340.mp4,ffpp_FaceShifter_341_340,1,FaceShifter
FaceForensics++_C23/FaceShifter/347_314.mp4,ffpp_FaceShifter_347_314,1,FaceShifter
FaceForensics++_C23/FaceShifter/353_383.mp4,ffpp_FaceShifter_353_383,1,FaceShifter
FaceForensics++_C23/FaceShifter/359_317.mp4,ffpp_FaceShifter_359_317,1,FaceShifter
FaceForensics++_C23/FaceShifter/365_307.mp4,ffpp_FaceShifter_365_307,1,FaceShifter
FaceForensics++_C23/FaceShifter/371_367.mp4,ffpp_FaceShifter_371_367,1,FaceShifter
FaceForensics++_C23/FaceShifter/377_333.mp4,ffpp_FaceShifter_377_333,1,FaceShifter
FaceForensics++_C23/FaceShifter/383_353.mp4,ffpp_FaceShifter_383_353,1,FaceShifter
FaceForensics++_C23/FaceShifter/389_480.mp4,ffpp_FaceShifter_389_480,1,FaceShifter
FaceForensics++_C23/FaceShifter/395_401.mp4,ffpp_FaceShifter_395_401,1,FaceShifter
FaceForensics++_C23/FaceShifter/401_395.mp4,ffpp_FaceShifter_401_395,1,FaceShifter
FaceForensics++_C23/FaceShifter/407_374.mp4,ffpp_FaceShifter_407_374,1,FaceShifter
FaceForensics++_C23/FaceShifter/413_372.mp4,ffpp_FaceShifter_413_372,1,FaceShifter
FaceForensics++_C23/FaceShifter/419_824.mp4,ffpp_FaceShifter_419_824,1,FaceShifter
FaceForensics++_C23/FaceShifter/425_485.mp4,ffpp_FaceShifter_425_485,1,FaceShifter
FaceForensics++_C23/FaceShifter/431_447.mp4,ffpp_FaceShifter_431_447,1,FaceShifter
FaceForensics++_C23/FaceShifter/437_360.mp4,ffpp_FaceShifter_437_360,1,FaceShifter
FaceForensics++_C23/FaceShifter/443_514.mp4,ffpp_FaceShifter_443_514,1,FaceShifter
FaceForensics++_C23/FaceShifter/449_451.mp4,ffpp_FaceShifter_449_451,1,FaceShifter
FaceForensics++_C23/FaceShifter/455_471.mp4,ffpp_FaceShifter_455_471,1,FaceShifter
FaceForensics++_C23/FaceShifter/461_250.mp4,ffpp_FaceShifter_461_250,1,FaceShifter
FaceForensics++_C23/FaceShifter/467_462.mp4,ffpp_FaceShifter_467_462,1,FaceShifter
FaceForensics++_C23/FaceShifter/473_366.mp4,ffpp_FaceShifter_473_366,1,FaceShifter
FaceForensics++_C23/FaceShifter/479_706.mp4,ffpp_FaceShifter_479_706,1,FaceShifter
FaceForensics++_C23/FaceShifter/485_425.mp4,ffpp_FaceShifter_485_425,1,FaceShifter
FaceForensics++_C23/FaceShifter/491_226.mp4,ffpp_FaceShifter_491_226,1,FaceShifter
FaceForensics++_C23/FaceShifter/497_403.mp4,ffpp_FaceShifter_497_403,1,FaceShifter
FaceForensics++_C23/FaceShifter/502_504.mp4,ffpp_FaceShifter_502_504,1,FaceShifter
FaceForensics++_C23/FaceShifter/508_831.mp4,ffpp_FaceShifter_508_831,1,FaceShifter
FaceForensics++_C23/FaceShifter/514_443.mp4,ffpp_FaceShifter_514_443,1,FaceShifter
FaceForensics++_C23/FaceShifter/520_542.mp4,ffpp_FaceShifter_520_542,1,FaceShifter
FaceForensics++_C23/FaceShifter/526_436.mp4,ffpp_FaceShifter_526_436,1,FaceShifter
FaceForensics++_C23/FaceShifter/532_544.mp4,ffpp_FaceShifter_532_544,1,FaceShifter
FaceForensics++_C23/FaceShifter/538_493.mp4,ffpp_FaceShifter_538_493,1,FaceShifter
FaceForensics++_C23/FaceShifter/544_532.mp4,ffpp_FaceShifter_544_532,1,FaceShifter
FaceForensics++_C23/FaceShifter/550_452.mp4,ffpp_FaceShifter_550_452,1,FaceShifter
FaceForensics++_C23/FaceShifter/556_588.mp4,ffpp_FaceShifter_556_588,1,FaceShifter
FaceForensics++_C23/FaceShifter/562_626.mp4,ffpp_FaceShifter_562_626,1,FaceShifter
FaceForensics++_C23/FaceShifter/568_628.mp4,ffpp_FaceShifter_568_628,1,FaceShifter
FaceForensics++_C23/FaceShifter/574_547.mp4,ffpp_FaceShifter_574_547,1,FaceShifter
FaceForensics++_C23/FaceShifter/580_524.mp4,ffpp_FaceShifter_580_524,1,FaceShifter
FaceForensics++_C23/FaceShifter/586_223.mp4,ffpp_FaceShifter_586_223,1,FaceShifter
FaceForensics++_C23/FaceShifter/592_500.mp4,ffpp_FaceShifter_592_500,1,FaceShifter
FaceForensics++_C23/FaceShifter/598_178.mp4,ffpp_FaceShifter_598_178,1,FaceShifter
FaceForensics++_C23/FaceShifter/604_703.mp4,ffpp_FaceShifter_604_703,1,FaceShifter
FaceForensics++_C23/FaceShifter/610_692.mp4,ffpp_FaceShifter_610_692,1,FaceShifter
FaceForensics++_C23/FaceShifter/616_614.mp4,ffpp_FaceShifter_616_614,1,FaceShifter
FaceForensics++_C23/FaceShifter/622_647.mp4,ffpp_FaceShifter_622_647,1,FaceShifter
FaceForensics++_C23/FaceShifter/628_568.mp4,ffpp_FaceShifter_628_568,1,FaceShifter
FaceForensics++_C23/FaceShifter/634_660.mp4,ffpp_FaceShifter_634_660,1,FaceShifter
FaceForensics++_C23/FaceShifter/640_638.mp4,ffpp_FaceShifter_640_638,1,FaceShifter
FaceForensics++_C23/FaceShifter/646_643.mp4,ffpp_FaceShifter_646_643,1,FaceShifter
FaceForensics++_C23/FaceShifter/652_773.mp4,ffpp_FaceShifter_652_773,1,FaceShifter
FaceForensics++_C23/FaceShifter/658_627.mp4,ffpp_FaceShifter_658_627,1,FaceShifter
FaceForensics++_C23/FaceShifter/664_668.mp4,ffpp_FaceShifter_664_668,1,FaceShifter
FaceForensics++_C23/FaceShifter/670_661.mp4,ffpp_FaceShifter_670_661,1,FaceShifter
FaceForensics++_C23/FaceShifter/676_776.mp4,ffpp_FaceShifter_676_776,1,FaceShifter
FaceForensics++_C23/FaceShifter/682_669.mp4,ffpp_FaceShifter_682_669,1,FaceShifter
FaceForensics++_C23/FaceShifter/688_645.mp4,ffpp_FaceShifter_688_645,1,FaceShifter
FaceForensics++_C23/FaceShifter/694_767.mp4,ffpp_FaceShifter_694_767,1,FaceShifter
FaceForensics++_C23/FaceShifter/700_813.mp4,ffpp_FaceShifter_700_813,1,FaceShifter
FaceForensics++_C23/FaceShifter/706_479.mp4,ffpp_FaceShifter_706_479,1,FaceShifter
FaceForensics++_C23/FaceShifter/712_716.mp4,ffpp_FaceShifter_712_716,1,FaceShifter
FaceForensics++_C23/FaceShifter/718_972.mp4,ffpp_FaceShifter_718_972,1,FaceShifter
FaceForensics++_C23/FaceShifter/724_725.mp4,ffpp_FaceShifter_724_725,1,FaceShifter
FaceForensics++_C23/FaceShifter/730_815.mp4,ffpp_FaceShifter_730_815,1,FaceShifter
FaceForensics++_C23/FaceShifter/736_785.mp4,ffpp_FaceShifter_736_785,1,FaceShifter
FaceForensics++_C23/FaceShifter/742_775.mp4,ffpp_FaceShifter_742_775,1,FaceShifter
FaceForensics++_C23/FaceShifter/748_355.mp4,ffpp_FaceShifter_748_355,1,FaceShifter
FaceForensics++_C23/FaceShifter/754_758.mp4,ffpp_FaceShifter_754_758,1,FaceShifter
FaceForensics++_C23/FaceShifter/760_611.mp4,ffpp_FaceShifter_760_611,1,FaceShifter
FaceForensics++_C23/FaceShifter/766_761.mp4,ffpp_FaceShifter_766_761,1,FaceShifter
FaceForensics++_C23/FaceShifter/772_708.mp4,ffpp_FaceShifter_772_708,1,FaceShifter
FaceForensics++_C23/FaceShifter/778_798.mp4,ffpp_FaceShifter_778_798,1,FaceShifter
FaceForensics++_C23/FaceShifter/784_769.mp4,ffpp_FaceShifter_784_769,1,FaceShifter
FaceForensics++_C23/FaceShifter/790_014.mp4,ffpp_FaceShifter_790_014,1,FaceShifter
FaceForensics++_C23/FaceShifter/796_740.mp4,ffpp_FaceShifter_796_740,1,FaceShifter
FaceForensics++_C23/FaceShifter/802_885.mp4,ffpp_FaceShifter_802_885,1,FaceShifter
FaceForensics++_C23/FaceShifter/808_829.mp4,ffpp_FaceShifter_808_829,1,FaceShifter
FaceForensics++_C23/FaceShifter/814_871.mp4,ffpp_FaceShifter_814_871,1,FaceShifter
FaceForensics++_C23/FaceShifter/820_818.mp4,ffpp_FaceShifter_820_818,1,FaceShifter
FaceForensics++_C23/FaceShifter/826_833.mp4,ffpp_FaceShifter_826_833,1,FaceShifter
FaceForensics++_C23/FaceShifter/832_762.mp4,ffpp_FaceShifter_832_762,1,FaceShifter
FaceForensics++_C23/FaceShifter/838_810.mp4,ffpp_FaceShifter_838_810,1,FaceShifter
FaceForensics++_C23/FaceShifter/844_797.mp4,ffpp_FaceShifter_844_797,1,FaceShifter
FaceForensics++_C23/FaceShifter/850_764.mp4,ffpp_FaceShifter_850_764,1,FaceShifter
FaceForensics++_C23/FaceShifter/856_881.mp4,ffpp_FaceShifter_856_881,1,FaceShifter
FaceForensics++_C23/FaceShifter/862_047.mp4,ffpp_FaceShifter_862_047,1,FaceShifter
FaceForensics++_C23/FaceShifter/868_949.mp4,ffpp_FaceShifter_868_949,1,FaceShifter
FaceForensics++_C23/FaceShifter/874_291.mp4,ffpp_FaceShifter_874_291,1,FaceShifter
FaceForensics++_C23/FaceShifter/880_135.mp4,ffpp_FaceShifter_880_135,1,FaceShifter
FaceForensics++_C23/FaceShifter/886_877.mp4,ffpp_FaceShifter_886_877,1,FaceShifter
FaceForensics++_C23/FaceShifter/892_112.mp4,ffpp_FaceShifter_892_112,1,FaceShifter
FaceForensics++_C23/FaceShifter/898_922.mp4,ffpp_FaceShifter_898_922,1,FaceShifter
FaceForensics++_C23/FaceShifter/904_046.mp4,ffpp_FaceShifter_904_046,1,FaceShifter
FaceForensics++_C23/FaceShifter/910_911.mp4,ffpp_FaceShifter_910_911,1,FaceShifter
FaceForensics++_C23/FaceShifter/916_783.mp4,ffpp_FaceShifter_916_783,1,FaceShifter
FaceForensics++_C23/FaceShifter/922_898.mp4,ffpp_FaceShifter_922_898,1,FaceShifter
FaceForensics++_C23/FaceShifter/928_160.mp4,ffpp_FaceShifter_928_160,1,FaceShifter
FaceForensics++_C23/FaceShifter/934_918.mp4,ffpp_FaceShifter_934_918,1,FaceShifter
FaceForensics++_C23/FaceShifter/940_941.mp4,ffpp_FaceShifter_940_941,1,FaceShifter
FaceForensics++_C23/FaceShifter/946_049.mp4,ffpp_FaceShifter_946_049,1,FaceShifter
FaceForensics++_C23/FaceShifter/952_882.mp4,ffpp_FaceShifter_952_882,1,FaceShifter
FaceForensics++_C23/FaceShifter/958_956.mp4,ffpp_FaceShifter_958_956,1,FaceShifter
FaceForensics++_C23/FaceShifter/964_174.mp4,ffpp_FaceShifter_964_174,1,FaceShifter
FaceForensics++_C23/FaceShifter/970_973.mp4,ffpp_FaceShifter_970_973,1,FaceShifter
FaceForensics++_C23/FaceShifter/976_954.mp4,ffpp_FaceShifter_976_954,1,FaceShifter
FaceForensics++_C23/FaceShifter/982_004.mp4,ffpp_FaceShifter_982_004,1,FaceShifter
FaceForensics++_C23/FaceShifter/988_966.mp4,ffpp_FaceShifter_988_966,1,FaceShifter
FaceForensics++_C23/FaceShifter/994_986.mp4,ffpp_FaceShifter_994_986,1,FaceShifter
FaceForensics++_C23/FaceSwap/000_003.mp4,ffpp_FaceSwap_000_003,1,FaceSwap
FaceForensics++_C23/FaceSwap/005_010.mp4,ffpp_FaceSwap_005_010,1,FaceSwap
FaceForensics++_C23/FaceSwap/011_805.mp4,ffpp_FaceSwap_011_805,1,FaceSwap
FaceForensics++_C23/FaceSwap/017_803.mp4,ffpp_FaceSwap_017_803,1,FaceSwap
FaceForensics++_C23/FaceSwap/023_923.mp4,ffpp_FaceSwap_023_923,1,FaceSwap
FaceForensics++_C23/FaceSwap/029_048.mp4,ffpp_FaceSwap_029_048,1,FaceSwap
FaceForensics++_C23/FaceSwap/035_036.mp4,ffpp_FaceSwap_035_036,1,FaceSwap
FaceForensics++_C23/FaceSwap/041_063.mp4,ffpp_FaceSwap_041_063,1,FaceSwap
FaceForensics++_C23/FaceSwap/047_862.mp4,ffpp_FaceSwap_047_862,1,FaceSwap
FaceForensics++_C23/FaceSwap/053_095.mp4,ffpp_FaceSwap_053_095,1,FaceSwap
FaceForensics++_C23/FaceSwap/059_050.mp4,ffpp_FaceSwap_059_050,1,FaceSwap
FaceForensics++_C23/FaceSwap/065_089.mp4,ffpp_FaceSwap_065_089,1,FaceSwap
FaceForensics++_C23/FaceSwap/071_054.mp4,ffpp_FaceSwap_071_054,1,FaceSwap
FaceForensics++_C23/FaceSwap/077_100.mp4,ffpp_FaceSwap_077_100,1,FaceSwap
FaceForensics++_C23/FaceSwap/083_213.mp4,ffpp_FaceSwap_083_213,1,FaceSwap
FaceForensics++_C23/FaceSwap/089_065.mp4,ffpp_FaceSwap_089_065,1,FaceSwap
FaceForensics++_C23/FaceSwap/095_053.mp4,ffpp_FaceSwap_095_053,1,FaceSwap
FaceForensics++_C23/FaceSwap/101_096.mp4,ffpp_FaceSwap_101_096,1,FaceSwap
FaceForensics++_C23/FaceSwap/107_109.mp4,ffpp_FaceSwap_107_109,1,FaceSwap
FaceForensics++_C23/FaceSwap/113_983.mp4,ffpp_FaceSwap_113_983,1,FaceSwap
FaceForensics++_C23/FaceSwap/119_123.mp4,ffpp_FaceSwap_119_123,1,FaceSwap
FaceForensics++_C23/FaceSwap/125_038.mp4,ffpp_FaceSwap_125_038,1,FaceSwap
FaceForensics++_C23/FaceSwap/131_518.mp4,ffpp_FaceSwap_131_518,1,FaceSwap
FaceForensics++_C23/FaceSwap/137_165.mp4,ffpp_FaceSwap_137_165,1,FaceSwap
FaceForensics++_C23/FaceSwap/143_140.mp4,ffpp_FaceSwap_143_140,1,FaceSwap
FaceForensics++_C23/FaceSwap/149_152.mp4,ffpp_FaceSwap_149_152,1,FaceSwap
FaceForensics++_C23/FaceSwap/155_576.mp4,ffpp_FaceSwap_155_576,1,FaceSwap
FaceForensics++_C23/FaceSwap/161_141.mp4,ffpp_FaceSwap_161_141,1,FaceSwap
FaceForensics++_C23/FaceSwap/167_166.mp4,ffpp_FaceSwap_167_166,1,FaceSwap
FaceForensics++_C23/FaceSwap/173_171.mp4,ffpp_FaceSwap_173_171,1,FaceSwap
FaceForensics++_C23/FaceSwap/179_212.mp4,ffpp_FaceSwap_179_212,1,FaceSwap
FaceForensics++_C23/FaceSwap/185_276.mp4,ffpp_FaceSwap_185_276,1,FaceSwap
FaceForensics++_C23/FaceSwap/191_188.mp4,ffpp_FaceSwap_191_188,1,FaceSwap
FaceForensics++_C23/FaceSwap/197_224.mp4,ffpp_FaceSwap_197_224,1,FaceSwap
FaceForensics++_C23/FaceSwap/203_201.mp4,ffpp_FaceSwap_203_201,1,FaceSwap
FaceForensics++_C23/FaceSwap/209_016.mp4,ffpp_FaceSwap_209_016,1,FaceSwap
FaceForensics++_C23/FaceSwap/215_208.mp4,ffpp_FaceSwap_215_208,1,FaceSwap
FaceForensics++_C23/FaceSwap/221_206.mp4,ffpp_FaceSwap_221_206,1,FaceSwap
FaceForensics++_C23/FaceSwap/227_169.mp4,ffpp_FaceSwap_227_169,1,FaceSwap
FaceForensics++_C23/FaceSwap/233_995.mp4,ffpp_FaceSwap_233_995,1,FaceSwap
FaceForensics++_C23/FaceSwap/239_218.mp4,ffpp_FaceSwap_239_218,1,FaceSwap
FaceForensics++_C23/FaceSwap/245_157.mp4,ffpp_FaceSwap_245_157,1,FaceSwap
FaceForensics++_C23/FaceSwap/251_375.mp4,ffpp_FaceSwap_251_375,1,FaceSwap
FaceForensics++_C23/FaceSwap/257_420.mp4,ffpp_FaceSwap_257_420,1,FaceSwap
FaceForensics++_C23/FaceSwap/263_284.mp4,ffpp_FaceSwap_263_284,1,FaceSwap
FaceForensics++_C23/FaceSwap/269_268.mp4,ffpp_FaceSwap_269_268,1,FaceSwap
FaceForensics++_C23/FaceSwap/275_887.mp4,ffpp_FaceSwap_275_887,1,FaceSwap
FaceForensics++_C23/FaceSwap/281_474.mp4,ffpp_FaceSwap_281_474,1,FaceSwap
FaceForensics++_C23/FaceSwap/287_426.mp4,ffpp_FaceSwap_287_426,1,FaceSwap
FaceForensics++_C23/FaceSwap/293_296.mp4,ffpp_FaceSwap_293_296,1,FaceSwap
FaceForensics++_C23/FaceSwap/299_145.mp4,ffpp_FaceSwap_299_145,1,FaceSwap
FaceForensics++_C23/FaceSwap/305_513.mp4,ffpp_FaceSwap_305_513,1,FaceSwap
FaceForensics++_C23/FaceSwap/311_387.mp4,ffpp_FaceSwap_311_387,1,FaceSwap
FaceForensics++_C23/FaceSwap/317_359.mp4,ffpp_FaceSwap_317_359,1,FaceSwap
FaceForensics++_C23/FaceSwap/323_302.mp4,ffpp_FaceSwap_323_302,1,FaceSwap
FaceForensics++_C23/FaceSwap/329_327.mp4,ffpp_FaceSwap_329_327,1,FaceSwap
FaceForensics++_C23/FaceSwap/335_277.mp4,ffpp_FaceSwap_335_277,1,FaceSwap
FaceForensics++_C23/FaceSwap/341_340.mp4,ffpp_FaceSwap_341_340,1,FaceSwap
FaceForensics++_C23/FaceSwap/347_314.mp4,ffpp_FaceSwap_347_314,1,FaceSwap
FaceForensics++_C23/FaceSwap/353_383.mp4,ffpp_FaceSwap_353_383,1,FaceSwap
FaceForensics++_C23/FaceSwap/359_317.mp4,ffpp_FaceSwap_359_317,1,FaceSwap
FaceForensics++_C23/FaceSwap/365_307.mp4,ffpp_FaceSwap_365_307,1,FaceSwap
FaceForensics++_C23/FaceSwap/371_367.mp4,ffpp_FaceSwap_371_367,1,FaceSwap
FaceForensics++_C23/FaceSwap/377_333.mp4,ffpp_FaceSwap_377_333,1,FaceSwap
FaceForensics++_C23/FaceSwap/383_353.mp4,ffpp_FaceSwap_383_353,1,FaceSwap
FaceForensics++_C23/FaceSwap/389_480.mp4,ffpp_FaceSwap_389_480,1,FaceSwap
FaceForensics++_C23/FaceSwap/395_401.mp4,ffpp_FaceSwap_395_401,1,FaceSwap
FaceForensics++_C23/FaceSwap/401_395.mp4,ffpp_FaceSwap_401_395,1,FaceSwap
FaceForensics++_C23/FaceSwap/407_374.mp4,ffpp_FaceSwap_407_374,1,FaceSwap
FaceForensics++_C23/FaceSwap/413_372.mp4,ffpp_FaceSwap_413_372,1,FaceSwap
FaceForensics++_C23/FaceSwap/419_824.mp4,ffpp_FaceSwap_419_824,1,FaceSwap
FaceForensics++_C23/FaceSwap/425_485.mp4,ffpp_FaceSwap_425_485,1,FaceSwap
FaceForensics++_C23/FaceSwap/431_447.mp4,ffpp_FaceSwap_431_447,1,FaceSwap
FaceForensics++_C23/FaceSwap/437_360.mp4,ffpp_FaceSwap_437_360,1,FaceSwap
FaceForensics++_C23/FaceSwap/443_514.mp4,ffpp_FaceSwap_443_514,1,FaceSwap
FaceForensics++_C23/FaceSwap/449_451.mp4,ffpp_FaceSwap_449_451,1,FaceSwap
FaceForensics++_C23/FaceSwap/455_471.mp4,ffpp_FaceSwap_455_471,1,FaceSwap
FaceForensics++_C23/FaceSwap/461_250.mp4,ffpp_FaceSwap_461_250,1,FaceSwap
FaceForensics++_C23/FaceSwap/467_462.mp4,ffpp_FaceSwap_467_462,1,FaceSwap
FaceForensics++_C23/FaceSwap/473_366.mp4,ffpp_FaceSwap_473_366,1,FaceSwap
FaceForensics++_C23/FaceSwap/479_706.mp4,ffpp_FaceSwap_479_706,1,FaceSwap
FaceForensics++_C23/FaceSwap/485_425.mp4,ffpp_FaceSwap_485_425,1,FaceSwap
FaceForensics++_C23/FaceSwap/491_226.mp4,ffpp_FaceSwap_491_226,1,FaceSwap
FaceForensics++_C23/FaceSwap/497_403.mp4,ffpp_FaceSwap_497_403,1,FaceSwap
FaceForensics++_C23/FaceSwap/502_504.mp4,ffpp_FaceSwap_502_504,1,FaceSwap
FaceForensics++_C23/FaceSwap/508_831.mp4,ffpp_FaceSwap_508_831,1,FaceSwap
FaceForensics++_C23/FaceSwap/514_443.mp4,ffpp_FaceSwap_514_443,1,FaceSwap
FaceForensics++_C23/FaceSwap/520_542.mp4,ffpp_FaceSwap_520_542,1,FaceSwap
FaceForensics++_C23/FaceSwap/526_436.mp4,ffpp_FaceSwap_526_436,1,FaceSwap
FaceForensics++_C23/FaceSwap/532_544.mp4,ffpp_FaceSwap_532_544,1,FaceSwap
FaceForensics++_C23/FaceSwap/538_493.mp4,ffpp_FaceSwap_538_493,1,FaceSwap
FaceForensics++_C23/FaceSwap/544_532.mp4,ffpp_FaceSwap_544_532,1,FaceSwap
FaceForensics++_C23/FaceSwap/550_452.mp4,ffpp_FaceSwap_550_452,1,FaceSwap
FaceForensics++_C23/FaceSwap/556_588.mp4,ffpp_FaceSwap_556_588,1,FaceSwap
FaceForensics++_C23/FaceSwap/562_626.mp4,ffpp_FaceSwap_562_626,1,FaceSwap
FaceForensics++_C23/FaceSwap/568_628.mp4,ffpp_FaceSwap_568_628,1,FaceSwap
FaceForensics++_C23/FaceSwap/574_547.mp4,ffpp_FaceSwap_574_547,1,FaceSwap
FaceForensics++_C23/FaceSwap/580_524.mp4,ffpp_FaceSwap_580_524,1,FaceSwap
FaceForensics++_C23/FaceSwap/586_223.mp4,ffpp_FaceSwap_586_223,1,FaceSwap
FaceForensics++_C23/FaceSwap/592_500.mp4,ffpp_FaceSwap_592_500,1,FaceSwap
FaceForensics++_C23/FaceSwap/598_178.mp4,ffpp_FaceSwap_598_178,1,FaceSwap
FaceForensics++_C23/FaceSwap/604_703.mp4,ffpp_FaceSwap_604_703,1,FaceSwap
FaceForensics++_C23/FaceSwap/610_692.mp4,ffpp_FaceSwap_610_692,1,FaceSwap
FaceForensics++_C23/FaceSwap/616_614.mp4,ffpp_FaceSwap_616_614,1,FaceSwap
FaceForensics++_C23/FaceSwap/622_647.mp4,ffpp_FaceSwap_622_647,1,FaceSwap
FaceForensics++_C23/FaceSwap/628_568.mp4,ffpp_FaceSwap_628_568,1,FaceSwap
FaceForensics++_C23/FaceSwap/634_660.mp4,ffpp_FaceSwap_634_660,1,FaceSwap
FaceForensics++_C23/FaceSwap/640_638.mp4,ffpp_FaceSwap_640_638,1,FaceSwap
FaceForensics++_C23/FaceSwap/646_643.mp4,ffpp_FaceSwap_646_643,1,FaceSwap
FaceForensics++_C23/FaceSwap/652_773.mp4,ffpp_FaceSwap_652_773,1,FaceSwap
FaceForensics++_C23/FaceSwap/658_627.mp4,ffpp_FaceSwap_658_627,1,FaceSwap
FaceForensics++_C23/FaceSwap/664_668.mp4,ffpp_FaceSwap_664_668,1,FaceSwap
FaceForensics++_C23/FaceSwap/670_661.mp4,ffpp_FaceSwap_670_661,1,FaceSwap
FaceForensics++_C23/FaceSwap/676_776.mp4,ffpp_FaceSwap_676_776,1,FaceSwap
FaceForensics++_C23/FaceSwap/682_669.mp4,ffpp_FaceSwap_682_669,1,FaceSwap
FaceForensics++_C23/FaceSwap/688_645.mp4,ffpp_FaceSwap_688_645,1,FaceSwap
FaceForensics++_C23/FaceSwap/694_767.mp4,ffpp_FaceSwap_694_767,1,FaceSwap
FaceForensics++_C23/FaceSwap/700_813.mp4,ffpp_FaceSwap_700_813,1,FaceSwap
FaceForensics++_C23/FaceSwap/706_479.mp4,ffpp_FaceSwap_706_479,1,FaceSwap
FaceForensics++_C23/FaceSwap/712_716.mp4,ffpp_FaceSwap_712_716,1,FaceSwap
FaceForensics++_C23/FaceSwap/718_972.mp4,ffpp_FaceSwap_718_972,1,FaceSwap
FaceForensics++_C23/FaceSwap/724_725.mp4,ffpp_FaceSwap_724_725,1,FaceSwap
FaceForensics++_C23/FaceSwap/730_815.mp4,ffpp_FaceSwap_730_815,1,FaceSwap
FaceForensics++_C23/FaceSwap/736_785.mp4,ffpp_FaceSwap_736_785,1,FaceSwap
FaceForensics++_C23/FaceSwap/742_775.mp4,ffpp_FaceSwap_742_775,1,FaceSwap
FaceForensics++_C23/FaceSwap/748_355.mp4,ffpp_FaceSwap_748_355,1,FaceSwap
FaceForensics++_C23/FaceSwap/754_758.mp4,ffpp_FaceSwap_754_758,1,FaceSwap
FaceForensics++_C23/FaceSwap/760_611.mp4,ffpp_FaceSwap_760_611,1,FaceSwap
FaceForensics++_C23/FaceSwap/766_761.mp4,ffpp_FaceSwap_766_761,1,FaceSwap
FaceForensics++_C23/FaceSwap/772_708.mp4,ffpp_FaceSwap_772_708,1,FaceSwap
FaceForensics++_C23/FaceSwap/778_798.mp4,ffpp_FaceSwap_778_798,1,FaceSwap
FaceForensics++_C23/FaceSwap/784_769.mp4,ffpp_FaceSwap_784_769,1,FaceSwap
FaceForensics++_C23/FaceSwap/790_014.mp4,ffpp_FaceSwap_790_014,1,FaceSwap
FaceForensics++_C23/FaceSwap/796_740.mp4,ffpp_FaceSwap_796_740,1,FaceSwap
FaceForensics++_C23/FaceSwap/802_885.mp4,ffpp_FaceSwap_802_885,1,FaceSwap
FaceForensics++_C23/FaceSwap/808_829.mp4,ffpp_FaceSwap_808_829,1,FaceSwap
FaceForensics++_C23/FaceSwap/814_871.mp4,ffpp_FaceSwap_814_871,1,FaceSwap
FaceForensics++_C23/FaceSwap/820_818.mp4,ffpp_FaceSwap_820_818,1,FaceSwap
FaceForensics++_C23/FaceSwap/826_833.mp4,ffpp_FaceSwap_826_833,1,FaceSwap
FaceForensics++_C23/FaceSwap/832_762.mp4,ffpp_FaceSwap_832_762,1,FaceSwap
FaceForensics++_C23/FaceSwap/838_810.mp4,ffpp_FaceSwap_838_810,1,FaceSwap
FaceForensics++_C23/FaceSwap/844_797.mp4,ffpp_FaceSwap_844_797,1,FaceSwap
FaceForensics++_C23/FaceSwap/850_764.mp4,ffpp_FaceSwap_850_764,1,FaceSwap
FaceForensics++_C23/FaceSwap/856_881.mp4,ffpp_FaceSwap_856_881,1,FaceSwap
FaceForensics++_C23/FaceSwap/862_047.mp4,ffpp_FaceSwap_862_047,1,FaceSwap
FaceForensics++_C23/FaceSwap/868_949.mp4,ffpp_FaceSwap_868_949,1,FaceSwap
FaceForensics++_C23/FaceSwap/874_291.mp4,ffpp_FaceSwap_874_291,1,FaceSwap
FaceForensics++_C23/FaceSwap/880_135.mp4,ffpp_FaceSwap_880_135,1,FaceSwap
FaceForensics++_C23/FaceSwap/886_877.mp4,ffpp_FaceSwap_886_877,1,FaceSwap
FaceForensics++_C23/FaceSwap/892_112.mp4,ffpp_FaceSwap_892_112,1,FaceSwap
FaceForensics++_C23/FaceSwap/898_922.mp4,ffpp_FaceSwap_898_922,1,FaceSwap
FaceForensics++_C23/FaceSwap/904_046.mp4,ffpp_FaceSwap_904_046,1,FaceSwap
FaceForensics++_C23/FaceSwap/910_911.mp4,ffpp_FaceSwap_910_911,1,FaceSwap
FaceForensics++_C23/FaceSwap/916_783.mp4,ffpp_FaceSwap_916_783,1,FaceSwap
FaceForensics++_C23/FaceSwap/922_898.mp4,ffpp_FaceSwap_922_898,1,FaceSwap
FaceForensics++_C23/FaceSwap/928_160.mp4,ffpp_FaceSwap_928_160,1,FaceSwap
FaceForensics++_C23/FaceSwap/934_918.mp4,ffpp_FaceSwap_934_918,1,FaceSwap
FaceForensics++_C23/FaceSwap/940_941.mp4,ffpp_FaceSwap_940_941,1,FaceSwap
FaceForensics++_C23/FaceSwap/946_049.mp4,ffpp_FaceSwap_946_049,1,FaceSwap
FaceForensics++_C23/FaceSwap/952_882.mp4,ffpp_FaceSwap_952_882,1,FaceSwap
FaceForensics++_C23/FaceSwap/958_956.mp4,ffpp_FaceSwap_958_956,1,FaceSwap
FaceForensics++_C23/FaceSwap/964_174.mp4,ffpp_FaceSwap_964_174,1,FaceSwap
FaceForensics++_C23/FaceSwap/970_973.mp4,ffpp_FaceSwap_970_973,1,FaceSwap
FaceForensics++_C23/FaceSwap/976_954.mp4,ffpp_FaceSwap_976_954,1,FaceSwap
FaceForensics++_C23/FaceSwap/982_004.mp4,ffpp_FaceSwap_982_004,1,FaceSwap
FaceForensics++_C23/FaceSwap/988_966.mp4,ffpp_FaceSwap_988_966,1,FaceSwap
FaceForensics++_C23/FaceSwap/994_986.mp4,ffpp_FaceSwap_994_986,1,FaceSwap
FaceForensics++_C23/NeuralTextures/000_003.mp4,ffpp_NeuralTextures_000_003,1,NeuralTextures
FaceForensics++_C23/NeuralTextures/005_010.mp4,ffpp_NeuralTextures_005_010,1,NeuralTextures
FaceForensics++_C23/NeuralTextures/011_805.mp4,ffpp_NeuralTextures_011_805,1,NeuralTextures
FaceForensics++_C23/NeuralTextures/017_803.mp4,ffpp_NeuralTextures_017_803,1,NeuralTextures
FaceForensics++_C23/NeuralTextures/023_923.mp4,ffpp_NeuralTextures_023_923,1,NeuralTextures
FaceForensics++_C23/NeuralTextures/029_048.mp4,ffpp_NeuralTextures_029_048,1,NeuralTextures
FaceForensics++_C23/NeuralTextures/035_036.mp4,ffpp_NeuralTextures_035_036,1,NeuralTextures
FaceForensics++_C23/NeuralTextures/041_063.mp4,ffpp_NeuralTextures_041_063,1,NeuralTextures
FaceForensics++_C23/NeuralTextures/047_862.mp4,ffpp_NeuralTextures_047_862,1,NeuralTextures
FaceForensics++_C23/NeuralTextures/053_095.mp4,ffpp_NeuralTextures_053_095,1,NeuralTextures
FaceForensics++_C23/NeuralTextures/059_050.mp4,ffpp_NeuralTextures_059_050,1,NeuralTextures
FaceForensics++_C23/NeuralTextures/065_089.mp4,ffpp_NeuralTextures_065_089,1,NeuralTextures
FaceForensics++_C23/NeuralTextures/071_054.mp4,ffpp_NeuralTextures_071_054,1,NeuralTextures
FaceForensics++_C23/NeuralTextures/077_100.mp4,ffpp_NeuralTextures_077_100,1,NeuralTextures
FaceForensics++_C23/NeuralTextures/083_213.mp4,ffpp_NeuralTextures_083_213,1,NeuralTextures
FaceForensics++_C23/NeuralTextures/089_065.mp4,ffpp_NeuralTextures_089_065,1,NeuralTextures
FaceForensics++_C23/NeuralTextures/095_053.mp4,ffpp_NeuralTextures_095_053,1,NeuralTextures
FaceForensics++_C23/NeuralTextures/101_096.mp4,ffpp_NeuralTextures_101_096,1,NeuralTextures
FaceForensics++_C23/NeuralTextures/107_109.mp4,ffpp_NeuralTextures_107_109,1,NeuralTextures
FaceForensics++_C23/NeuralTextures/113_983.mp4,ffpp_NeuralTextures_113_983,1,NeuralTextures
FaceForensics++_C23/NeuralTextures/119_123.mp4,ffpp_NeuralTextures_119_123,1,NeuralTextures
FaceForensics++_C23/NeuralTextures/125_038.mp4,ffpp_NeuralTextures_125_038,1,NeuralTextures
FaceForensics++_C23/NeuralTextures/131_518.mp4,ffpp_NeuralTextures_131_518,1,NeuralTextures
FaceForensics++_C23/NeuralTextures/137_165.mp4,ffpp_NeuralTextures_137_165,1,NeuralTextures
FaceForensics++_C23/NeuralTextures/143_140.mp4,ffpp_NeuralTextures_143_140,1,NeuralTextures
FaceForensics++_C23/NeuralTextures/149_152.mp4,ffpp_NeuralTextures_149_152,1,NeuralTextures
FaceForensics++_C23/NeuralTextures/155_576.mp4,ffpp_NeuralTextures_155_576,1,NeuralTextures
FaceForensics++_C23/NeuralTextures/161_141.mp4,ffpp_NeuralTextures_161_141,1,NeuralTextures
FaceForensics++_C23/NeuralTextures/167_166.mp4,ffpp_NeuralTextures_167_166,1,NeuralTextures
FaceForensics++_C23/NeuralTextures/173_171.mp4,ffpp_NeuralTextures_173_171,1,NeuralTextures
FaceForensics++_C23/NeuralTextures/179_212.mp4,ffpp_NeuralTextures_179_212,1,NeuralTextures
FaceForensics++_C23/NeuralTextures/185_276.mp4,ffpp_NeuralTextures_185_276,1,NeuralTextures
FaceForensics++_C23/NeuralTextures/191_188.mp4,ffpp_NeuralTextures_191_188,1,NeuralTextures
FaceForensics++_C23/NeuralTextures/197_224.mp4,ffpp_NeuralTextures_197_224,1,NeuralTextures
FaceForensics++_C23/NeuralTextures/203_201.mp4,ffpp_NeuralTextures_203_201,1,NeuralTextures
FaceForensics++_C23/NeuralTextures/209_016.mp4,ffpp_NeuralTextures_209_016,1,NeuralTextures
FaceForensics++_C23/NeuralTextures/215_208.mp4,ffpp_NeuralTextures_215_208,1,NeuralTextures
FaceForensics++_C23/NeuralTextures/221_206.mp4,ffpp_NeuralTextures_221_206,1,NeuralTextures
FaceForensics++_C23/NeuralTextures/227_169.mp4,ffpp_NeuralTextures_227_169,1,NeuralTextures
FaceForensics++_C23/NeuralTextures/233_995.mp4,ffpp_NeuralTextures_233_995,1,NeuralTextures
FaceForensics++_C23/NeuralTextures/239_218.mp4,ffpp_NeuralTextures_239_218,1,NeuralTextures
FaceForensics++_C23/NeuralTextures/245_157.mp4,ffpp_NeuralTextures_245_157,1,NeuralTextures
FaceForensics++_C23/NeuralTextures/251_375.mp4,ffpp_NeuralTextures_251_375,1,NeuralTextures
FaceForensics++_C23/NeuralTextures/257_420.mp4,ffpp_NeuralTextures_257_420,1,NeuralTextures
FaceForensics++_C23/NeuralTextures/263_284.mp4,ffpp_NeuralTextures_263_284,1,NeuralTextures
FaceForensics++_C23/NeuralTextures/269_268.mp4,ffpp_NeuralTextures_269_268,1,NeuralTextures
FaceForensics++_C23/NeuralTextures/275_887.mp4,ffpp_NeuralTextures_275_887,1,NeuralTextures
FaceForensics++_C23/NeuralTextures/281_474.mp4,ffpp_NeuralTextures_281_474,1,NeuralTextures
FaceForensics++_C23/NeuralTextures/287_426.mp4,ffpp_NeuralTextures_287_426,1,NeuralTextures
FaceForensics++_C23/NeuralTextures/293_296.mp4,ffpp_NeuralTextures_293_296,1,NeuralTextures
FaceForensics++_C23/NeuralTextures/299_145.mp4,ffpp_NeuralTextures_299_145,1,NeuralTextures
FaceForensics++_C23/NeuralTextures/305_513.mp4,ffpp_NeuralTextures_305_513,1,NeuralTextures
FaceForensics++_C23/NeuralTextures/311_387.mp4,ffpp_NeuralTextures_311_387,1,NeuralTextures
FaceForensics++_C23/NeuralTextures/317_359.mp4,ffpp_NeuralTextures_317_359,1,NeuralTextures
FaceForensics++_C23/NeuralTextures/323_302.mp4,ffpp_NeuralTextures_323_302,1,NeuralTextures
FaceForensics++_C23/NeuralTextures/329_327.mp4,ffpp_NeuralTextures_329_327,1,NeuralTextures
FaceForensics++_C23/NeuralTextures/335_277.mp4,ffpp_NeuralTextures_335_277,1,NeuralTextures
FaceForensics++_C23/NeuralTextures/341_340.mp4,ffpp_NeuralTextures_341_340,1,NeuralTextures
FaceForensics++_C23/NeuralTextures/347_314.mp4,ffpp_NeuralTextures_347_314,1,NeuralTextures
FaceForensics++_C23/NeuralTextures/353_383.mp4,ffpp_NeuralTextures_353_383,1,NeuralTextures
FaceForensics++_C23/NeuralTextures/359_317.mp4,ffpp_NeuralTextures_359_317,1,NeuralTextures
FaceForensics++_C23/NeuralTextures/365_307.mp4,ffpp_NeuralTextures_365_307,1,NeuralTextures
FaceForensics++_C23/NeuralTextures/371_367.mp4,ffpp_NeuralTextures_371_367,1,NeuralTextures
FaceForensics++_C23/NeuralTextures/377_333.mp4,ffpp_NeuralTextures_377_333,1,NeuralTextures
FaceForensics++_C23/NeuralTextures/383_353.mp4,ffpp_NeuralTextures_383_353,1,NeuralTextures
FaceForensics++_C23/NeuralTextures/389_480.mp4,ffpp_NeuralTextures_389_480,1,NeuralTextures
FaceForensics++_C23/NeuralTextures/395_401.mp4,ffpp_NeuralTextures_395_401,1,NeuralTextures
FaceForensics++_C23/NeuralTextures/401_395.mp4,ffpp_NeuralTextures_401_395,1,NeuralTextures
FaceForensics++_C23/NeuralTextures/407_374.mp4,ffpp_NeuralTextures_407_374,1,NeuralTextures
FaceForensics++_C23/NeuralTextures/413_372.mp4,ffpp_NeuralTextures_413_372,1,NeuralTextures
FaceForensics++_C23/NeuralTextures/419_824.mp4,ffpp_NeuralTextures_419_824,1,NeuralTextures
FaceForensics++_C23/NeuralTextures/425_485.mp4,ffpp_NeuralTextures_425_485,1,NeuralTextures
FaceForensics++_C23/NeuralTextures/431_447.mp4,ffpp_NeuralTextures_431_447,1,NeuralTextures
FaceForensics++_C23/NeuralTextures/437_360.mp4,ffpp_NeuralTextures_437_360,1,NeuralTextures
FaceForensics++_C23/NeuralTextures/443_514.mp4,ffpp_NeuralTextures_443_514,1,NeuralTextures
FaceForensics++_C23/NeuralTextures/449_451.mp4,ffpp_NeuralTextures_449_451,1,NeuralTextures
FaceForensics++_C23/NeuralTextures/455_471.mp4,ffpp_NeuralTextures_455_471,1,NeuralTextures
FaceForensics++_C23/NeuralTextures/461_250.mp4,ffpp_NeuralTextures_461_250,1,NeuralTextures
FaceForensics++_C23/NeuralTextures/467_462.mp4,ffpp_NeuralTextures_467_462,1,NeuralTextures
FaceForensics++_C23/NeuralTextures/473_366.mp4,ffpp_NeuralTextures_473_366,1,NeuralTextures
FaceForensics++_C23/NeuralTextures/479_706.mp4,ffpp_NeuralTextures_479_706,1,NeuralTextures
FaceForensics++_C23/NeuralTextures/485_425.mp4,ffpp_NeuralTextures_485_425,1,NeuralTextures
FaceForensics++_C23/NeuralTextures/491_226.mp4,ffpp_NeuralTextures_491_226,1,NeuralTextures
FaceForensics++_C23/NeuralTextures/497_403.mp4,ffpp_NeuralTextures_497_403,1,NeuralTextures
FaceForensics++_C23/NeuralTextures/502_504.mp4,ffpp_NeuralTextures_502_504,1,NeuralTextures
FaceForensics++_C23/NeuralTextures/508_831.mp4,ffpp_NeuralTextures_508_831,1,NeuralTextures
FaceForensics++_C23/NeuralTextures/514_443.mp4,ffpp_NeuralTextures_514_443,1,NeuralTextures
FaceForensics++_C23/NeuralTextures/520_542.mp4,ffpp_NeuralTextures_520_542,1,NeuralTextures
FaceForensics++_C23/NeuralTextures/526_436.mp4,ffpp_NeuralTextures_526_436,1,NeuralTextures
FaceForensics++_C23/NeuralTextures/532_544.mp4,ffpp_NeuralTextures_532_544,1,NeuralTextures
FaceForensics++_C23/NeuralTextures/538_493.mp4,ffpp_NeuralTextures_538_493,1,NeuralTextures
FaceForensics++_C23/NeuralTextures/544_532.mp4,ffpp_NeuralTextures_544_532,1,NeuralTextures
FaceForensics++_C23/NeuralTextures/550_452.mp4,ffpp_NeuralTextures_550_452,1,NeuralTextures
FaceForensics++_C23/NeuralTextures/556_588.mp4,ffpp_NeuralTextures_556_588,1,NeuralTextures
FaceForensics++_C23/NeuralTextures/562_626.mp4,ffpp_NeuralTextures_562_626,1,NeuralTextures
FaceForensics++_C23/NeuralTextures/568_628.mp4,ffpp_NeuralTextures_568_628,1,NeuralTextures
FaceForensics++_C23/NeuralTextures/574_547.mp4,ffpp_NeuralTextures_574_547,1,NeuralTextures
FaceForensics++_C23/NeuralTextures/580_524.mp4,ffpp_NeuralTextures_580_524,1,NeuralTextures
FaceForensics++_C23/NeuralTextures/586_223.mp4,ffpp_NeuralTextures_586_223,1,NeuralTextures
FaceForensics++_C23/NeuralTextures/592_500.mp4,ffpp_NeuralTextures_592_500,1,NeuralTextures
FaceForensics++_C23/NeuralTextures/598_178.mp4,ffpp_NeuralTextures_598_178,1,NeuralTextures
FaceForensics++_C23/NeuralTextures/604_703.mp4,ffpp_NeuralTextures_604_703,1,NeuralTextures
FaceForensics++_C23/NeuralTextures/610_692.mp4,ffpp_NeuralTextures_610_692,1,NeuralTextures
FaceForensics++_C23/NeuralTextures/616_614.mp4,ffpp_NeuralTextures_616_614,1,NeuralTextures
FaceForensics++_C23/NeuralTextures/622_647.mp4,ffpp_NeuralTextures_622_647,1,NeuralTextures
FaceForensics++_C23/NeuralTextures/628_568.mp4,ffpp_NeuralTextures_628_568,1,NeuralTextures
FaceForensics++_C23/NeuralTextures/634_660.mp4,ffpp_NeuralTextures_634_660,1,NeuralTextures
FaceForensics++_C23/NeuralTextures/640_638.mp4,ffpp_NeuralTextures_640_638,1,NeuralTextures
FaceForensics++_C23/NeuralTextures/646_643.mp4,ffpp_NeuralTextures_646_643,1,NeuralTextures
FaceForensics++_C23/NeuralTextures/652_773.mp4,ffpp_NeuralTextures_652_773,1,NeuralTextures
FaceForensics++_C23/NeuralTextures/658_627.mp4,ffpp_NeuralTextures_658_627,1,NeuralTextures
FaceForensics++_C23/NeuralTextures/664_668.mp4,ffpp_NeuralTextures_664_668,1,NeuralTextures
FaceForensics++_C23/NeuralTextures/670_661.mp4,ffpp_NeuralTextures_670_661,1,NeuralTextures
FaceForensics++_C23/NeuralTextures/676_776.mp4,ffpp_NeuralTextures_676_776,1,NeuralTextures
FaceForensics++_C23/NeuralTextures/682_669.mp4,ffpp_NeuralTextures_682_669,1,NeuralTextures
FaceForensics++_C23/NeuralTextures/688_645.mp4,ffpp_NeuralTextures_688_645,1,NeuralTextures
FaceForensics++_C23/NeuralTextures/694_767.mp4,ffpp_NeuralTextures_694_767,1,NeuralTextures
FaceForensics++_C23/NeuralTextures/700_813.mp4,ffpp_NeuralTextures_700_813,1,NeuralTextures
FaceForensics++_C23/NeuralTextures/706_479.mp4,ffpp_NeuralTextures_706_479,1,NeuralTextures
FaceForensics++_C23/NeuralTextures/712_716.mp4,ffpp_NeuralTextures_712_716,1,NeuralTextures
FaceForensics++_C23/NeuralTextures/718_972.mp4,ffpp_NeuralTextures_718_972,1,NeuralTextures
FaceForensics++_C23/NeuralTextures/724_725.mp4,ffpp_NeuralTextures_724_725,1,NeuralTextures
FaceForensics++_C23/NeuralTextures/730_815.mp4,ffpp_NeuralTextures_730_815,1,NeuralTextures
FaceForensics++_C23/NeuralTextures/736_785.mp4,ffpp_NeuralTextures_736_785,1,NeuralTextures
FaceForensics++_C23/NeuralTextures/742_775.mp4,ffpp_NeuralTextures_742_775,1,NeuralTextures
FaceForensics++_C23/NeuralTextures/748_355.mp4,ffpp_NeuralTextures_748_355,1,NeuralTextures
FaceForensics++_C23/NeuralTextures/754_758.mp4,ffpp_NeuralTextures_754_758,1,NeuralTextures
FaceForensics++_C23/NeuralTextures/760_611.mp4,ffpp_NeuralTextures_760_611,1,NeuralTextures
FaceForensics++_C23/NeuralTextures/766_761.mp4,ffpp_NeuralTextures_766_761,1,NeuralTextures
FaceForensics++_C23/NeuralTextures/772_708.mp4,ffpp_NeuralTextures_772_708,1,NeuralTextures
FaceForensics++_C23/NeuralTextures/778_798.mp4,ffpp_NeuralTextures_778_798,1,NeuralTextures
FaceForensics++_C23/NeuralTextures/784_769.mp4,ffpp_NeuralTextures_784_769,1,NeuralTextures
FaceForensics++_C23/NeuralTextures/790_014.mp4,ffpp_NeuralTextures_790_014,1,NeuralTextures
FaceForensics++_C23/NeuralTextures/796_740.mp4,ffpp_NeuralTextures_796_740,1,NeuralTextures
FaceForensics++_C23/NeuralTextures/802_885.mp4,ffpp_NeuralTextures_802_885,1,NeuralTextures
FaceForensics++_C23/NeuralTextures/808_829.mp4,ffpp_NeuralTextures_808_829,1,NeuralTextures
FaceForensics++_C23/NeuralTextures/814_871.mp4,ffpp_NeuralTextures_814_871,1,NeuralTextures
FaceForensics++_C23/NeuralTextures/820_818.mp4,ffpp_NeuralTextures_820_818,1,NeuralTextures
FaceForensics++_C23/NeuralTextures/826_833.mp4,ffpp_NeuralTextures_826_833,1,NeuralTextures
FaceForensics++_C23/NeuralTextures/832_762.mp4,ffpp_NeuralTextures_832_762,1,NeuralTextures
FaceForensics++_C23/NeuralTextures/838_810.mp4,ffpp_NeuralTextures_838_810,1,NeuralTextures
FaceForensics++_C23/NeuralTextures/844_797.mp4,ffpp_NeuralTextures_844_797,1,NeuralTextures
FaceForensics++_C23/NeuralTextures/850_764.mp4,ffpp_NeuralTextures_850_764,1,NeuralTextures
FaceForensics++_C23/NeuralTextures/856_881.mp4,ffpp_NeuralTextures_856_881,1,NeuralTextures
FaceForensics++_C23/NeuralTextures/862_047.mp4,ffpp_NeuralTextures_862_047,1,NeuralTextures
FaceForensics++_C23/NeuralTextures/868_949.mp4,ffpp_NeuralTextures_868_949,1,NeuralTextures
FaceForensics++_C23/NeuralTextures/874_291.mp4,ffpp_NeuralTextures_874_291,1,NeuralTextures
FaceForensics++_C23/NeuralTextures/880_135.mp4,ffpp_NeuralTextures_880_135,1,NeuralTextures
FaceForensics++_C23/NeuralTextures/886_877.mp4,ffpp_NeuralTextures_886_877,1,NeuralTextures
FaceForensics++_C23/NeuralTextures/892_112.mp4,ffpp_NeuralTextures_892_112,1,NeuralTextures
FaceForensics++_C23/NeuralTextures/898_922.mp4,ffpp_NeuralTextures_898_922,1,NeuralTextures
FaceForensics++_C23/NeuralTextures/904_046.mp4,ffpp_NeuralTextures_904_046,1,NeuralTextures
FaceForensics++_C23/NeuralTextures/910_911.mp4,ffpp_NeuralTextures_910_911,1,NeuralTextures
FaceForensics++_C23/NeuralTextures/916_783.mp4,ffpp_NeuralTextures_916_783,1,NeuralTextures
FaceForensics++_C23/NeuralTextures/922_898.mp4,ffpp_NeuralTextures_922_898,1,NeuralTextures
FaceForensics++_C23/NeuralTextures/928_160.mp4,ffpp_NeuralTextures_928_160,1,NeuralTextures
FaceForensics++_C23/NeuralTextures/934_918.mp4,ffpp_NeuralTextures_934_918,1,NeuralTextures
FaceForensics++_C23/NeuralTextures/940_941.mp4,ffpp_NeuralTextures_940_941,1,NeuralTextures
FaceForensics++_C23/NeuralTextures/946_049.mp4,ffpp_NeuralTextures_946_049,1,NeuralTextures
FaceForensics++_C23/NeuralTextures/952_882.mp4,ffpp_NeuralTextures_952_882,1,NeuralTextures
FaceForensics++_C23/NeuralTextures/958_956.mp4,ffpp_NeuralTextures_958_956,1,NeuralTextures
FaceForensics++_C23/NeuralTextures/964_174.mp4,ffpp_NeuralTextures_964_174,1,NeuralTextures
FaceForensics++_C23/NeuralTextures/970_973.mp4,ffpp_NeuralTextures_970_973,1,NeuralTextures
FaceForensics++_C23/NeuralTextures/976_954.mp4,ffpp_NeuralTextures_976_954,1,NeuralTextures
FaceForensics++_C23/NeuralTextures/982_004.mp4,ffpp_NeuralTextures_982_004,1,NeuralTextures
FaceForensics++_C23/NeuralTextures/988_966.mp4,ffpp_NeuralTextures_988_966,1,NeuralTextures
FaceForensics++_C23/NeuralTextures/994_986.mp4,ffpp_NeuralTextures_994_986,1,NeuralTextures
