video_id,label,source,group_id,split
celebdf_real_00000,0,CelebDF,yt_00000,train
celebdf_real_00001,0,CelebDF,yt_00001,train
celebdf_real_00002,0,CelebDF,yt_00002,train
celebdf_real_00003,0,CelebDF,yt_00003,train
celebdf_real_00004,0,CelebDF,yt_00004,train
celebdf_real_00005,0,CelebDF,yt_00005,train
celebdf_real_00006,0,CelebDF,yt_00006,train
celebdf_real_00007,0,CelebDF,yt_00007,train
celebdf_real_00008,0,CelebDF,yt_00008,train
celebdf_real_00009,0,CelebDF,yt_00009,train
celebdf_real_00010,0,CelebDF,yt_00010,train
celebdf_real_00011,0,CelebDF,yt_00011,train
celebdf_real_00012,0,CelebDF,yt_00012,train
celebdf_real_00013,0,CelebDF,yt_00013,train
celebdf_real_00014,0,CelebDF,yt_00014,train
celebdf_real_00015,0,CelebDF,yt_00015,train
celebdf_real_00016,0,CelebDF,yt_00016,train
celebdf_real_00017,0,CelebDF,yt_00017,train
celebdf_real_00018,0,CelebDF,yt_00018,train
celebdf_real_00019,0,CelebDF,yt_00019,train
celebdf_real_00020,0,CelebDF,yt_00020,train
celebdf_real_00021,0,CelebDF,yt_00021,train
celebdf_real_00022,0,CelebDF,yt_00022,train
celebdf_real_00023,0,CelebDF,yt_00023,train
celebdf_real_00024,0,CelebDF,yt_00024,train
celebdf_real_00025,0,CelebDF,yt_00025,train
celebdf_real_00026,0,CelebDF,yt_00026,train
celebdf_real_00027,0,CelebDF,yt_00027,train
celebdf_real_00028,0,CelebDF,yt_00028,train
celebdf_real_00029,0,CelebDF,yt_00029,train
celebdf_real_00030,0,CelebDF,yt_00030,train
celebdf_real_00031,0,CelebDF,yt_00031,train
celebdf_real_00032,0,CelebDF,yt_00032,train
celebdf_real_00033,0,CelebDF,yt_00033,train
celebdf_real_00034,0,CelebDF,yt_00034,train
celebdf_real_00035,0,CelebDF,yt_00035,train
celebdf_real_00036,0,CelebDF,yt_00036,train
celebdf_real_00037,0,CelebDF,yt_00037,train
celebdf_real_00038,0,CelebDF,yt_00038,train
celebdf_real_00039,0,CelebDF,yt_00039,train
celebdf_real_00040,0,CelebDF,yt_00040,train
celebdf_real_00041,0,CelebDF,yt_00041,train
celebdf_real_00042,0,CelebDF,yt_00042,train
celebdf_real_00043,0,CelebDF,yt_00043,train
celebdf_real_00044,0,CelebDF,yt_00044,train
celebdf_real_00045,0,CelebDF,yt_00045,train
celebdf_real_00046,0,CelebDF,yt_00046,train
celebdf_real_00047,0,CelebDF,yt_00047,train
celebdf_real_00048,0,CelebDF,yt_00048,train
celebdf_real_00049,0,CelebDF,yt_00049,train
celebdf_real_00050,0,CelebDF,yt_00050,train
celebdf_real_00051,0,CelebDF,yt_00051,train
celebdf_real_00052,0,CelebDF,yt_00052,train
celebdf_real_00053,0,CelebDF,yt_00053,train
celebdf_real_00054,0,CelebDF,yt_00054,train
celebdf_real_00055,0,CelebDF,yt_00055,train
celebdf_real_00056,0,CelebDF,yt_00056,train
celebdf_real_00057,0,CelebDF,yt_00057,train
celebdf_real_00058,0,CelebDF,yt_00058,train
celebdf_real_00059,0,CelebDF,yt_00059,train
celebdf_real_00060,0,CelebDF,yt_00060,train
celebdf_real_00061,0,CelebDF,yt_00061,train
celebdf_real_00062,0,CelebDF,yt_00062,train
celebdf_real_00063,0,CelebDF,yt_00063,train
celebdf_real_00064,0,CelebDF,yt_00064,train
celebdf_real_00065,0,CelebDF,yt_00065,train
celebdf_real_00066,0,CelebDF,yt_00066,train
celebdf_real_00067,0,CelebDF,yt_00067,train
celebdf_real_00068,0,CelebDF,yt_00068,train
celebdf_real_00069,0,CelebDF,yt_00069,train
celebdf_real_00070,0,CelebDF,yt_00070,train
celebdf_real_00071,0,CelebDF,yt_00071,train
celebdf_real_00072,0,CelebDF,yt_00072,train
celebdf_real_00073,0,CelebDF,yt_00073,train
celebdf_real_00074,0,CelebDF,yt_00074,train
celebdf_real_00075,0,CelebDF,yt_00075,train
celebdf_real_00076,0,CelebDF,yt_00076,train
celebdf_real_00077,0,CelebDF,yt_00077,train
celebdf_real_00078,0,CelebDF,yt_00078,train
celebdf_real_00079,0,CelebDF,yt_00079,train
celebdf_real_00080,0,CelebDF,yt_00080,train
celebdf_real_00081,0,CelebDF,yt_00081,train
celebdf_real_00082,0,CelebDF,yt_00082,train
celebdf_real_00083,0,CelebDF,yt_00083,train
celebdf_real_00084,0,CelebDF,yt_00084,train
celebdf_real_00085,0,CelebDF,yt_00085,train
celebdf_real_00086,0,CelebDF,yt_00086,train
celebdf_real_00087,0,CelebDF,yt_00087,train
celebdf_real_00088,0,CelebDF,yt_00088,train
celebdf_real_00089,0,CelebDF,yt_00089,train
celebdf_real_00090,0,CelebDF,yt_00090,train
celebdf_real_00091,0,CelebDF,yt_00091,train
celebdf_real_00092,0,CelebDF,yt_00092,train
celebdf_real_00093,0,CelebDF,yt_00093,train
celebdf_real_00094,0,CelebDF,yt_00094,train
celebdf_real_00095,0,CelebDF,yt_00095,train
celebdf_real_00096,0,CelebDF,yt_00096,train
celebdf_real_00097,0,CelebDF,yt_00097,train
celebdf_real_00098,0,CelebDF,yt_00098,train
celebdf_real_00099,0,CelebDF,yt_00099,train
celebdf_real_00100,0,CelebDF,yt_00100,train
celebdf_real_00101,0,CelebDF,yt_00101,train
celebdf_real_00102,0,CelebDF,yt_00102,train
celebdf_real_00103,0,CelebDF,yt_00103,train
celebdf_real_00104,0,CelebDF,yt_00104,train
celebdf_real_00105,0,CelebDF,yt_00105,train
celebdf_real_00106,0,CelebDF,yt_00106,train
celebdf_real_00107,0,CelebDF,yt_00107,train
celebdf_real_00108,0,CelebDF,yt_00108,train
celebdf_real_00109,0,CelebDF,yt_00109,train
celebdf_real_00110,0,CelebDF,yt_00110,train
celebdf_real_00111,0,CelebDF,yt_00111,train
celebdf_real_00112,0,CelebDF,yt_00112,train
celebdf_real_00113,0,CelebDF,yt_00113,train
celebdf_real_00114,0,CelebDF,yt_00114,train
celebdf_real_00115,0,CelebDF,yt_00115,train
celebdf_real_00116,0,CelebDF,yt_00116,train
celebdf_real_00117,0,CelebDF,yt_00117,train
celebdf_real_00118,0,CelebDF,yt_00118,train
celebdf_real_00119,0,CelebDF,yt_00119,train
celebdf_real_00120,0,CelebDF,yt_00120,train
celebdf_real_00121,0,CelebDF,yt_00121,train
celebdf_real_00122,0,CelebDF,yt_00122,train
celebdf_real_00123,0,CelebDF,yt_00123,train
celebdf_real_00124,0,CelebDF,yt_00124,train
celebdf_real_00125,0,CelebDF,yt_00125,train
celebdf_real_00126,0,CelebDF,yt_00126,train
celebdf_real_00127,0,CelebDF,yt_00127,train
celebdf_real_00128,0,CelebDF,yt_00128,train
celebdf_real_00129,0,CelebDF,yt_00129,train
celebdf_real_00130,0,CelebDF,yt_00130,train
celebdf_real_00131,0,CelebDF,yt_00131,train
celebdf_real_00132,0,CelebDF,yt_00132,train
celebdf_real_00133,0,CelebDF,yt_00133,train
celebdf_real_00134,0,CelebDF,yt_00134,train
celebdf_real_00135,0,CelebDF,yt_00135,train
celebdf_real_00136,0,CelebDF,yt_00136,train
celebdf_real_00137,0,CelebDF,yt_00137,train
celebdf_real_00138,0,CelebDF,yt_00138,train
celebdf_real_00139,0,CelebDF,yt_00139,train
celebdf_real_00140,0,CelebDF,yt_00140,train
celebdf_real_00141,0,CelebDF,yt_00141,train
celebdf_real_00142,0,CelebDF,yt_00142,train
celebdf_real_00143,0,CelebDF,yt_00143,train
celebdf_real_00144,0,CelebDF,yt_00144,train
celebdf_real_00145,0,CelebDF,yt_00145,train
celebdf_real_00146,0,CelebDF,yt_00146,train
celebdf_real_00147,0,CelebDF,yt_00147,train
celebdf_real_00148,0,CelebDF,yt_00148,train
celebdf_real_00149,0,CelebDF,yt_00149,train
celebdf_real_00150,0,CelebDF,yt_00150,train
celebdf_real_00151,0,CelebDF,yt_00151,train
celebdf_real_00152,0,CelebDF,yt_00152,train
celebdf_real_00153,0,CelebDF,yt_00153,train
celebdf_real_00154,0,CelebDF,yt_00154,train
celebdf_real_00155,0,CelebDF,yt_00155,train
celebdf_real_00156,0,CelebDF,yt_00156,train
celebdf_real_00157,0,CelebDF,yt_00157,train
celebdf_real_00158,0,CelebDF,yt_00158,train
celebdf_real_00159,0,CelebDF,yt_00159,train
celebdf_real_00160,0,CelebDF,yt_00160,train
celebdf_real_00161,0,CelebDF,yt_00161,train
celebdf_real_00162,0,CelebDF,yt_00162,train
celebdf_real_00163,0,CelebDF,yt_00163,train
celebdf_real_00164,0,CelebDF,yt_00164,train
celebdf_real_00165,0,CelebDF,yt_00165,train
celebdf_real_00166,0,CelebDF,yt_00166,train
celebdf_real_00167,0,CelebDF,yt_00167,train
celebdf_real_00168,0,CelebDF,yt_00168,train
celebdf_real_00169,0,CelebDF,yt_00169,train
celebdf_real_00170,0,CelebDF,yt_00170,train
celebdf_real_00171,0,CelebDF,yt_00171,train
celebdf_real_00172,0,CelebDF,yt_00172,train
celebdf_real_00173,0,CelebDF,yt_00173,train
celebdf_real_00174,0,CelebDF,yt_00174,train
celebdf_real_00175,0,CelebDF,yt_00175,train
celebdf_real_00176,0,CelebDF,yt_00176,train
celebdf_real_00177,0,CelebDF,yt_00177,train
celebdf_real_00178,0,CelebDF,yt_00178,train
celebdf_real_00179,0,CelebDF,yt_00179,train
celebdf_real_00180,0,CelebDF,yt_00180,train
celebdf_real_00181,0,CelebDF,yt_00181,train
celebdf_real_00182,0,CelebDF,yt_00182,train
celebdf_real_00183,0,CelebDF,yt_00183,train
celebdf_real_00184,0,CelebDF,yt_00184,train
celebdf_real_00185,0,CelebDF,yt_00185,train
celebdf_real_00186,0,CelebDF,yt_00186,train
celebdf_real_00187,0,CelebDF,yt_00187,train
celebdf_real_00188,0,CelebDF,yt_00188,train
celebdf_real_00189,0,CelebDF,yt_00189,train
celebdf_real_00190,0,CelebDF,yt_00190,train
celebdf_real_00191,0,CelebDF,yt_00191,train
celebdf_real_00192,0,CelebDF,yt_00192,train
celebdf_real_00193,0,CelebDF,yt_00193,train
celebdf_real_00194,0,CelebDF,yt_00194,train
celebdf_real_00195,0,CelebDF,yt_00195,train
celebdf_real_00196,0,CelebDF,yt_00196,train
celebdf_real_00197,0,CelebDF,yt_00197,train
celebdf_real_00198,0,CelebDF,yt_00198,train
celebdf_real_00199,0,CelebDF,yt_00199,train
celebdf_real_00200,0,CelebDF,yt_00200,train
celebdf_real_00201,0,CelebDF,yt_00201,train
celebdf_real_00202,0,CelebDF,yt_00202,train
celebdf_real_00203,0,CelebDF,yt_00203,train
celebdf_real_00204,0,CelebDF,yt_00204,train
celebdf_real_00205,0,CelebDF,yt_00205,train
celebdf_real_00206,0,CelebDF,yt_00206,train
celebdf_real_00207,0,CelebDF,yt_00207,train
celebdf_real_00208,0,CelebDF,yt_00208,train
celebdf_real_00209,0,CelebDF,yt_00209,train
celebdf_real_00210,0,CelebDF,yt_00210,train
celebdf_real_00211,0,CelebDF,yt_00211,train
celebdf_real_00212,0,CelebDF,yt_00212,train
celebdf_real_00213,0,CelebDF,yt_00213,train
celebdf_real_00214,0,CelebDF,yt_00214,train
celebdf_real_00215,0,CelebDF,yt_00215,train
celebdf_real_00216,0,CelebDF,yt_00216,train
celebdf_real_00217,0,CelebDF,yt_00217,train
celebdf_real_00218,0,CelebDF,yt_00218,train
celebdf_real_00219,0,CelebDF,yt_00219,train
celebdf_real_00220,0,CelebDF,yt_00220,train
celebdf_real_00221,0,CelebDF,yt_00221,train
celebdf_real_00222,0,CelebDF,yt_00222,train
celebdf_real_00223,0,CelebDF,yt_00223,train
celebdf_real_00224,0,CelebDF,yt_00224,train
celebdf_real_00225,0,CelebDF,yt_00225,train
celebdf_real_00226,0,CelebDF,yt_00226,train
celebdf_real_00227,0,CelebDF,yt_00227,train
celebdf_real_00228,0,CelebDF,yt_00228,train
celebdf_real_00229,0,CelebDF,yt_00229,train
celebdf_real_00230,0,CelebDF,yt_00230,train
celebdf_real_00231,0,CelebDF,yt_00231,train
celebdf_real_00232,0,CelebDF,yt_00232,train
celebdf_real_00233,0,CelebDF,yt_00233,train
celebdf_real_00234,0,CelebDF,yt_00234,train
celebdf_real_00235,0,CelebDF,yt_00235,train
celebdf_real_00236,0,CelebDF,yt_00236,train
celebdf_real_00237,0,CelebDF,yt_00237,train
celebdf_real_00238,0,CelebDF,yt_00238,train
celebdf_real_00239,0,CelebDF,yt_00239,train
celebdf_real_00240,0,CelebDF,yt_00240,train
celebdf_real_00241,0,CelebDF,yt_00241,train
celebdf_real_00242,0,CelebDF,yt_00242,train
celebdf_real_00243,0,CelebDF,yt_00243,train
celebdf_real_00244,0,CelebDF,yt_00244,train
celebdf_real_00245,0,CelebDF,yt_00245,train
celebdf_real_00246,0,CelebDF,yt_00246,train
celebdf_real_00247,0,CelebDF,yt_00247,train
celebdf_real_00248,0,CelebDF,yt_00248,train
celebdf_real_00249,0,CelebDF,yt_00249,train
celebdf_real_00250,0,CelebDF,yt_00250,train
celebdf_real_00251,0,CelebDF,yt_00251,train
celebdf_real_00252,0,CelebDF,yt_00252,train
celebdf_real_00253,0,CelebDF,yt_00253,train
celebdf_real_00254,0,CelebDF,yt_00254,train
celebdf_real_00255,0,CelebDF,yt_00255,train
celebdf_real_00256,0,CelebDF,yt_00256,train
celebdf_real_00257,0,CelebDF,yt_00257,train
celebdf_real_00258,0,CelebDF,yt_00258,train
celebdf_real_00259,0,CelebDF,yt_00259,train
celebdf_real_00260,0,CelebDF,yt_00260,train
celebdf_real_00261,0,CelebDF,yt_00261,train
celebdf_real_00262,0,CelebDF,yt_00262,train
celebdf_real_00263,0,CelebDF,yt_00263,train
celebdf_real_00264,0,CelebDF,yt_00264,train
celebdf_real_00265,0,CelebDF,yt_00265,train
celebdf_real_00266,0,CelebDF,yt_00266,train
celebdf_real_00267,0,CelebDF,yt_00267,train
celebdf_real_00268,0,CelebDF,yt_00268,train
celebdf_real_00269,0,CelebDF,yt_00269,train
celebdf_real_00270,0,CelebDF,yt_00270,train
celebdf_real_00271,0,CelebDF,yt_00271,train
celebdf_real_00272,0,CelebDF,yt_00272,train
celebdf_real_00273,0,CelebDF,yt_00273,train
celebdf_real_00274,0,CelebDF,yt_00274,train
celebdf_real_00275,0,CelebDF,yt_00275,train
celebdf_real_00276,0,CelebDF,yt_00276,train
celebdf_real_00277,0,CelebDF,yt_00277,train
celebdf_real_00278,0,CelebDF,yt_00278,train
celebdf_real_00279,0,CelebDF,yt_00279,train
celebdf_real_00280,0,CelebDF,yt_00280,train
celebdf_real_00281,0,CelebDF,yt_00281,train
celebdf_real_00282,0,CelebDF,yt_00282,train
celebdf_real_00283,0,CelebDF,yt_00283,train
celebdf_real_00284,0,CelebDF,yt_00284,train
celebdf_real_00285,0,CelebDF,yt_00285,train
celebdf_real_00286,0,CelebDF,yt_00286,train
celebdf_real_00287,0,CelebDF,yt_00287,train
celebdf_real_00288,0,CelebDF,yt_00288,train
celebdf_real_00289,0,CelebDF,yt_00289,train
celebdf_real_00290,0,CelebDF,yt_00290,train
celebdf_real_00291,0,CelebDF,yt_00291,train
celebdf_real_00292,0,CelebDF,yt_00292,train
celebdf_real_00293,0,CelebDF,yt_00293,train
celebdf_real_00294,0,CelebDF,yt_00294,train
celebdf_real_00295,0,CelebDF,yt_00295,train
celebdf_real_00296,0,CelebDF,yt_00296,train
celebdf_real_00297,0,CelebDF,yt_00297,train
celebdf_real_00298,0,CelebDF,yt_00298,train
celebdf_real_00299,0,CelebDF,yt_00299,train
celebdf_real_id0_0000,0,CelebDF,celeb_id5,train
celebdf_real_id0_0001,0,CelebDF,celeb_id5,train
celebdf_real_id0_0002,0,CelebDF,celeb_id5,train
celebdf_real_id0_0003,0,CelebDF,celeb_id5,train
celebdf_real_id0_0004,0,CelebDF,celeb_id5,train
celebdf_real_id0_0005,0,CelebDF,celeb_id5,train
celebdf_real_id0_0006,0,CelebDF,celeb_id5,train
celebdf_real_id0_0007,0,CelebDF,celeb_id5,train
celebdf_real_id0_0008,0,CelebDF,celeb_id5,train
celebdf_real_id0_0009,0,CelebDF,celeb_id5,train
celebdf_real_id10_0000,0,CelebDF,celeb_id10,train
celebdf_real_id10_0001,0,CelebDF,celeb_id10,train
celebdf_real_id10_0002,0,CelebDF,celeb_id10,train
celebdf_real_id10_0003,0,CelebDF,celeb_id10,train
celebdf_real_id10_0004,0,CelebDF,celeb_id10,train
celebdf_real_id10_0005,0,CelebDF,celeb_id10,train
celebdf_real_id10_0006,0,CelebDF,celeb_id10,train
celebdf_real_id10_0007,0,CelebDF,celeb_id10,train
celebdf_real_id10_0008,0,CelebDF,celeb_id10,train
celebdf_real_id10_0009,0,CelebDF,celeb_id10,train
celebdf_real_id11_0000,0,CelebDF,celeb_id10,train
celebdf_real_id11_0001,0,CelebDF,celeb_id10,train
celebdf_real_id11_0002,0,CelebDF,celeb_id10,train
celebdf_real_id11_0003,0,CelebDF,celeb_id10,train
celebdf_real_id11_0004,0,CelebDF,celeb_id10,train
celebdf_real_id11_0005,0,CelebDF,celeb_id10,train
celebdf_real_id11_0006,0,CelebDF,celeb_id10,train
celebdf_real_id11_0007,0,CelebDF,celeb_id10,train
celebdf_real_id11_0008,0,CelebDF,celeb_id10,train
celebdf_real_id11_0009,0,CelebDF,celeb_id10,train
celebdf_real_id11_0010,0,CelebDF,celeb_id10,train
celebdf_real_id12_0000,0,CelebDF,celeb_id10,train
celebdf_real_id12_0001,0,CelebDF,celeb_id10,train
celebdf_real_id12_0002,0,CelebDF,celeb_id10,train
celebdf_real_id12_0003,0,CelebDF,celeb_id10,train
celebdf_real_id12_0004,0,CelebDF,celeb_id10,train
celebdf_real_id12_0005,0,CelebDF,celeb_id10,train
celebdf_real_id12_0006,0,CelebDF,celeb_id10,train
celebdf_real_id13_0000,0,CelebDF,celeb_id10,train
celebdf_real_id13_0001,0,CelebDF,celeb_id10,train
celebdf_real_id13_0002,0,CelebDF,celeb_id10,train
celebdf_real_id13_0003,0,CelebDF,celeb_id10,train
celebdf_real_id13_0004,0,CelebDF,celeb_id10,train
celebdf_real_id13_0005,0,CelebDF,celeb_id10,train
celebdf_real_id13_0006,0,CelebDF,celeb_id10,train
celebdf_real_id13_0007,0,CelebDF,celeb_id10,train
celebdf_real_id13_0008,0,CelebDF,celeb_id10,train
celebdf_real_id13_0009,0,CelebDF,celeb_id10,train
celebdf_real_id13_0010,0,CelebDF,celeb_id10,train
celebdf_real_id13_0011,0,CelebDF,celeb_id10,train
celebdf_real_id13_0012,0,CelebDF,celeb_id10,train
celebdf_real_id13_0013,0,CelebDF,celeb_id10,train
celebdf_real_id13_0014,0,CelebDF,celeb_id10,train
celebdf_real_id13_0015,0,CelebDF,celeb_id10,train
celebdf_real_id16_0000,0,CelebDF,celeb_id5,train
celebdf_real_id16_0001,0,CelebDF,celeb_id5,train
celebdf_real_id16_0002,0,CelebDF,celeb_id5,train
celebdf_real_id16_0003,0,CelebDF,celeb_id5,train
celebdf_real_id16_0004,0,CelebDF,celeb_id5,train
celebdf_real_id16_0005,0,CelebDF,celeb_id5,train
celebdf_real_id16_0006,0,CelebDF,celeb_id5,train
celebdf_real_id16_0007,0,CelebDF,celeb_id5,train
celebdf_real_id16_0008,0,CelebDF,celeb_id5,train
celebdf_real_id16_0009,0,CelebDF,celeb_id5,train
celebdf_real_id16_0010,0,CelebDF,celeb_id5,train
celebdf_real_id16_0011,0,CelebDF,celeb_id5,train
celebdf_real_id16_0012,0,CelebDF,celeb_id5,train
celebdf_real_id16_0013,0,CelebDF,celeb_id5,train
celebdf_real_id17_0000,0,CelebDF,celeb_id5,train
celebdf_real_id17_0001,0,CelebDF,celeb_id5,train
celebdf_real_id17_0002,0,CelebDF,celeb_id5,train
celebdf_real_id17_0003,0,CelebDF,celeb_id5,train
celebdf_real_id17_0004,0,CelebDF,celeb_id5,train
celebdf_real_id17_0005,0,CelebDF,celeb_id5,train
celebdf_real_id17_0006,0,CelebDF,celeb_id5,train
celebdf_real_id17_0007,0,CelebDF,celeb_id5,train
celebdf_real_id17_0008,0,CelebDF,celeb_id5,train
celebdf_real_id17_0009,0,CelebDF,celeb_id5,train
celebdf_real_id19_0000,0,CelebDF,celeb_id5,train
celebdf_real_id19_0001,0,CelebDF,celeb_id5,train
celebdf_real_id19_0002,0,CelebDF,celeb_id5,train
celebdf_real_id19_0003,0,CelebDF,celeb_id5,train
celebdf_real_id19_0004,0,CelebDF,celeb_id5,train
celebdf_real_id19_0005,0,CelebDF,celeb_id5,train
celebdf_real_id19_0006,0,CelebDF,celeb_id5,train
celebdf_real_id19_0007,0,CelebDF,celeb_id5,train
celebdf_real_id19_0008,0,CelebDF,celeb_id5,train
celebdf_real_id19_0009,0,CelebDF,celeb_id5,train
celebdf_real_id1_0000,0,CelebDF,celeb_id5,train
celebdf_real_id1_0001,0,CelebDF,celeb_id5,train
celebdf_real_id1_0002,0,CelebDF,celeb_id5,train
celebdf_real_id1_0003,0,CelebDF,celeb_id5,train
celebdf_real_id1_0004,0,CelebDF,celeb_id5,train
celebdf_real_id1_0005,0,CelebDF,celeb_id5,train
celebdf_real_id1_0006,0,CelebDF,celeb_id5,train
celebdf_real_id1_0007,0,CelebDF,celeb_id5,train
celebdf_real_id1_0008,0,CelebDF,celeb_id5,train
celebdf_real_id1_0009,0,CelebDF,celeb_id5,train
celebdf_real_id20_0000,0,CelebDF,celeb_id5,train
celebdf_real_id20_0001,0,CelebDF,celeb_id5,train
celebdf_real_id20_0002,0,CelebDF,celeb_id5,train
celebdf_real_id20_0003,0,CelebDF,celeb_id5,train
celebdf_real_id20_0004,0,CelebDF,celeb_id5,train
celebdf_real_id20_0005,0,CelebDF,celeb_id5,train
celebdf_real_id20_0006,0,CelebDF,celeb_id5,train
celebdf_real_id20_0007,0,CelebDF,celeb_id5,train
celebdf_real_id20_0008,0,CelebDF,celeb_id5,train
celebdf_real_id20_0009,0,CelebDF,celeb_id5,train
celebdf_real_id21_0000,0,CelebDF,celeb_id5,train
celebdf_real_id21_0001,0,CelebDF,celeb_id5,train
celebdf_real_id21_0002,0,CelebDF,celeb_id5,train
celebdf_real_id21_0003,0,CelebDF,celeb_id5,train
celebdf_real_id21_0004,0,CelebDF,celeb_id5,train
celebdf_real_id21_0005,0,CelebDF,celeb_id5,train
celebdf_real_id21_0006,0,CelebDF,celeb_id5,train
celebdf_real_id21_0007,0,CelebDF,celeb_id5,train
celebdf_real_id21_0008,0,CelebDF,celeb_id5,train
celebdf_real_id21_0009,0,CelebDF,celeb_id5,train
celebdf_real_id22_0000,0,CelebDF,celeb_id5,train
celebdf_real_id22_0001,0,CelebDF,celeb_id5,train
celebdf_real_id22_0002,0,CelebDF,celeb_id5,train
celebdf_real_id22_0003,0,CelebDF,celeb_id5,train
celebdf_real_id22_0004,0,CelebDF,celeb_id5,train
celebdf_real_id22_0005,0,CelebDF,celeb_id5,train
celebdf_real_id22_0006,0,CelebDF,celeb_id5,train
celebdf_real_id22_0007,0,CelebDF,celeb_id5,train
celebdf_real_id22_0008,0,CelebDF,celeb_id5,train
celebdf_real_id22_0009,0,CelebDF,celeb_id5,train
celebdf_real_id23_0000,0,CelebDF,celeb_id5,train
celebdf_real_id23_0001,0,CelebDF,celeb_id5,train
celebdf_real_id23_0002,0,CelebDF,celeb_id5,train
celebdf_real_id23_0003,0,CelebDF,celeb_id5,train
celebdf_real_id23_0004,0,CelebDF,celeb_id5,train
celebdf_real_id23_0005,0,CelebDF,celeb_id5,train
celebdf_real_id23_0006,0,CelebDF,celeb_id5,train
celebdf_real_id23_0007,0,CelebDF,celeb_id5,train
celebdf_real_id23_0008,0,CelebDF,celeb_id5,train
celebdf_real_id23_0009,0,CelebDF,celeb_id5,train
celebdf_real_id24_0000,0,CelebDF,celeb_id5,train
celebdf_real_id24_0001,0,CelebDF,celeb_id5,train
celebdf_real_id24_0002,0,CelebDF,celeb_id5,train
celebdf_real_id24_0003,0,CelebDF,celeb_id5,train
celebdf_real_id24_0004,0,CelebDF,celeb_id5,train
celebdf_real_id24_0005,0,CelebDF,celeb_id5,train
celebdf_real_id24_0006,0,CelebDF,celeb_id5,train
celebdf_real_id24_0007,0,CelebDF,celeb_id5,train
celebdf_real_id24_0008,0,CelebDF,celeb_id5,train
celebdf_real_id24_0009,0,CelebDF,celeb_id5,train
celebdf_real_id25_0000,0,CelebDF,celeb_id5,train
celebdf_real_id25_0001,0,CelebDF,celeb_id5,train
celebdf_real_id25_0002,0,CelebDF,celeb_id5,train
celebdf_real_id25_0003,0,CelebDF,celeb_id5,train
celebdf_real_id25_0004,0,CelebDF,celeb_id5,train
celebdf_real_id25_0005,0,CelebDF,celeb_id5,train
celebdf_real_id25_0006,0,CelebDF,celeb_id5,train
celebdf_real_id25_0007,0,CelebDF,celeb_id5,train
celebdf_real_id25_0008,0,CelebDF,celeb_id5,train
celebdf_real_id25_0009,0,CelebDF,celeb_id5,train
celebdf_real_id25_0010,0,CelebDF,celeb_id5,train
celebdf_real_id26_0000,0,CelebDF,celeb_id5,train
celebdf_real_id26_0001,0,CelebDF,celeb_id5,train
celebdf_real_id26_0002,0,CelebDF,celeb_id5,train
celebdf_real_id26_0003,0,CelebDF,celeb_id5,train
celebdf_real_id26_0004,0,CelebDF,celeb_id5,train
celebdf_real_id26_0005,0,CelebDF,celeb_id5,train
celebdf_real_id26_0006,0,CelebDF,celeb_id5,train
celebdf_real_id26_0007,0,CelebDF,celeb_id5,train
celebdf_real_id26_0008,0,CelebDF,celeb_id5,train
celebdf_real_id26_0009,0,CelebDF,celeb_id5,train
celebdf_real_id27_0000,0,CelebDF,celeb_id5,train
celebdf_real_id27_0001,0,CelebDF,celeb_id5,train
celebdf_real_id27_0002,0,CelebDF,celeb_id5,train
celebdf_real_id27_0003,0,CelebDF,celeb_id5,train
celebdf_real_id27_0004,0,CelebDF,celeb_id5,train
celebdf_real_id27_0005,0,CelebDF,celeb_id5,train
celebdf_real_id27_0006,0,CelebDF,celeb_id5,train
celebdf_real_id27_0007,0,CelebDF,celeb_id5,train
celebdf_real_id27_0008,0,CelebDF,celeb_id5,train
celebdf_real_id27_0009,0,CelebDF,celeb_id5,train
celebdf_real_id28_0000,0,CelebDF,celeb_id5,train
celebdf_real_id28_0001,0,CelebDF,celeb_id5,train
celebdf_real_id28_0002,0,CelebDF,celeb_id5,train
celebdf_real_id28_0003,0,CelebDF,celeb_id5,train
celebdf_real_id28_0004,0,CelebDF,celeb_id5,train
celebdf_real_id28_0005,0,CelebDF,celeb_id5,train
celebdf_real_id28_0006,0,CelebDF,celeb_id5,train
celebdf_real_id28_0007,0,CelebDF,celeb_id5,train
celebdf_real_id28_0008,0,CelebDF,celeb_id5,train
celebdf_real_id28_0009,0,CelebDF,celeb_id5,train
celebdf_real_id29_0000,0,CelebDF,celeb_id5,train
celebdf_real_id29_0001,0,CelebDF,celeb_id5,train
celebdf_real_id29_0002,0,CelebDF,celeb_id5,train
celebdf_real_id29_0003,0,CelebDF,celeb_id5,train
celebdf_real_id29_0004,0,CelebDF,celeb_id5,train
celebdf_real_id29_0005,0,CelebDF,celeb_id5,train
celebdf_real_id29_0006,0,CelebDF,celeb_id5,train
celebdf_real_id29_0007,0,CelebDF,celeb_id5,train
celebdf_real_id29_0008,0,CelebDF,celeb_id5,train
celebdf_real_id29_0009,0,CelebDF,celeb_id5,train
celebdf_real_id2_0000,0,CelebDF,celeb_id5,train
celebdf_real_id2_0001,0,CelebDF,celeb_id5,train
celebdf_real_id2_0002,0,CelebDF,celeb_id5,train
celebdf_real_id2_0003,0,CelebDF,celeb_id5,train
celebdf_real_id2_0004,0,CelebDF,celeb_id5,train
celebdf_real_id2_0005,0,CelebDF,celeb_id5,train
celebdf_real_id2_0006,0,CelebDF,celeb_id5,train
celebdf_real_id2_0007,0,CelebDF,celeb_id5,train
celebdf_real_id2_0008,0,CelebDF,celeb_id5,train
celebdf_real_id2_0009,0,CelebDF,celeb_id5,train
celebdf_real_id30_0000,0,CelebDF,celeb_id5,train
celebdf_real_id30_0001,0,CelebDF,celeb_id5,train
celebdf_real_id30_0002,0,CelebDF,celeb_id5,train
celebdf_real_id30_0003,0,CelebDF,celeb_id5,train
celebdf_real_id30_0004,0,CelebDF,celeb_id5,train
celebdf_real_id30_0005,0,CelebDF,celeb_id5,train
celebdf_real_id30_0006,0,CelebDF,celeb_id5,train
celebdf_real_id30_0007,0,CelebDF,celeb_id5,train
celebdf_real_id30_0008,0,CelebDF,celeb_id5,train
celebdf_real_id30_0009,0,CelebDF,celeb_id5,train
celebdf_real_id31_0000,0,CelebDF,celeb_id5,train
celebdf_real_id31_0001,0,CelebDF,celeb_id5,train
celebdf_real_id31_0002,0,CelebDF,celeb_id5,train
celebdf_real_id31_0003,0,CelebDF,celeb_id5,train
celebdf_real_id31_0004,0,CelebDF,celeb_id5,train
celebdf_real_id31_0005,0,CelebDF,celeb_id5,train
celebdf_real_id31_0006,0,CelebDF,celeb_id5,train
celebdf_real_id31_0007,0,CelebDF,celeb_id5,train
celebdf_real_id31_0008,0,CelebDF,celeb_id5,train
celebdf_real_id31_0009,0,CelebDF,celeb_id5,train
celebdf_real_id32_0000,0,CelebDF,celeb_id5,train
celebdf_real_id32_0001,0,CelebDF,celeb_id5,train
celebdf_real_id32_0002,0,CelebDF,celeb_id5,train
celebdf_real_id32_0003,0,CelebDF,celeb_id5,train
celebdf_real_id32_0004,0,CelebDF,celeb_id5,train
celebdf_real_id32_0005,0,CelebDF,celeb_id5,train
celebdf_real_id32_0006,0,CelebDF,celeb_id5,train
celebdf_real_id32_0007,0,CelebDF,celeb_id5,train
celebdf_real_id32_0008,0,CelebDF,celeb_id5,train
celebdf_real_id32_0009,0,CelebDF,celeb_id5,train
celebdf_real_id33_0000,0,CelebDF,celeb_id5,train
celebdf_real_id33_0001,0,CelebDF,celeb_id5,train
celebdf_real_id33_0002,0,CelebDF,celeb_id5,train
celebdf_real_id33_0003,0,CelebDF,celeb_id5,train
celebdf_real_id33_0004,0,CelebDF,celeb_id5,train
celebdf_real_id33_0005,0,CelebDF,celeb_id5,train
celebdf_real_id33_0006,0,CelebDF,celeb_id5,train
celebdf_real_id33_0007,0,CelebDF,celeb_id5,train
celebdf_real_id33_0008,0,CelebDF,celeb_id5,train
celebdf_real_id33_0009,0,CelebDF,celeb_id5,train
celebdf_real_id34_0000,0,CelebDF,celeb_id5,train
celebdf_real_id34_0001,0,CelebDF,celeb_id5,train
celebdf_real_id34_0002,0,CelebDF,celeb_id5,train
celebdf_real_id34_0003,0,CelebDF,celeb_id5,train
celebdf_real_id34_0004,0,CelebDF,celeb_id5,train
celebdf_real_id34_0005,0,CelebDF,celeb_id5,train
celebdf_real_id34_0006,0,CelebDF,celeb_id5,train
celebdf_real_id34_0007,0,CelebDF,celeb_id5,train
celebdf_real_id34_0008,0,CelebDF,celeb_id5,train
celebdf_real_id34_0009,0,CelebDF,celeb_id5,train
celebdf_real_id35_0000,0,CelebDF,celeb_id5,train
celebdf_real_id35_0001,0,CelebDF,celeb_id5,train
celebdf_real_id35_0002,0,CelebDF,celeb_id5,train
celebdf_real_id35_0003,0,CelebDF,celeb_id5,train
celebdf_real_id35_0004,0,CelebDF,celeb_id5,train
celebdf_real_id35_0005,0,CelebDF,celeb_id5,train
celebdf_real_id35_0006,0,CelebDF,celeb_id5,train
celebdf_real_id35_0007,0,CelebDF,celeb_id5,train
celebdf_real_id35_0008,0,CelebDF,celeb_id5,train
celebdf_real_id35_0009,0,CelebDF,celeb_id5,train
celebdf_real_id36_0000,0,CelebDF,celeb_id36,train
celebdf_real_id36_0001,0,CelebDF,celeb_id36,train
celebdf_real_id36_0002,0,CelebDF,celeb_id36,train
celebdf_real_id36_0003,0,CelebDF,celeb_id36,train
celebdf_real_id36_0004,0,CelebDF,celeb_id36,train
celebdf_real_id36_0005,0,CelebDF,celeb_id36,train
celebdf_real_id36_0006,0,CelebDF,celeb_id36,train
celebdf_real_id36_0007,0,CelebDF,celeb_id36,train
celebdf_real_id36_0008,0,CelebDF,celeb_id36,train
celebdf_real_id36_0009,0,CelebDF,celeb_id36,train
celebdf_real_id37_0000,0,CelebDF,celeb_id5,train
celebdf_real_id37_0001,0,CelebDF,celeb_id5,train
celebdf_real_id37_0002,0,CelebDF,celeb_id5,train
celebdf_real_id37_0003,0,CelebDF,celeb_id5,train
celebdf_real_id37_0004,0,CelebDF,celeb_id5,train
celebdf_real_id37_0005,0,CelebDF,celeb_id5,train
celebdf_real_id37_0006,0,CelebDF,celeb_id5,train
celebdf_real_id37_0007,0,CelebDF,celeb_id5,train
celebdf_real_id37_0008,0,CelebDF,celeb_id5,train
celebdf_real_id37_0009,0,CelebDF,celeb_id5,train
celebdf_real_id38_0000,0,CelebDF,celeb_id5,train
celebdf_real_id38_0001,0,CelebDF,celeb_id5,train
celebdf_real_id38_0002,0,CelebDF,celeb_id5,train
celebdf_real_id38_0003,0,CelebDF,celeb_id5,train
celebdf_real_id38_0004,0,CelebDF,celeb_id5,train
celebdf_real_id38_0005,0,CelebDF,celeb_id5,train
celebdf_real_id38_0006,0,CelebDF,celeb_id5,train
celebdf_real_id38_0007,0,CelebDF,celeb_id5,train
celebdf_real_id38_0008,0,CelebDF,celeb_id5,train
celebdf_real_id38_0009,0,CelebDF,celeb_id5,train
celebdf_real_id39_0000,0,CelebDF,celeb_id39,test
celebdf_real_id39_0001,0,CelebDF,celeb_id39,test
celebdf_real_id39_0002,0,CelebDF,celeb_id39,test
celebdf_real_id39_0003,0,CelebDF,celeb_id39,test
celebdf_real_id39_0004,0,CelebDF,celeb_id39,test
celebdf_real_id39_0005,0,CelebDF,celeb_id39,test
celebdf_real_id39_0006,0,CelebDF,celeb_id39,test
celebdf_real_id39_0007,0,CelebDF,celeb_id39,test
celebdf_real_id39_0008,0,CelebDF,celeb_id39,test
celebdf_real_id39_0009,0,CelebDF,celeb_id39,test
celebdf_real_id3_0000,0,CelebDF,celeb_id5,train
celebdf_real_id3_0001,0,CelebDF,celeb_id5,train
celebdf_real_id3_0002,0,CelebDF,celeb_id5,train
celebdf_real_id3_0003,0,CelebDF,celeb_id5,train
celebdf_real_id3_0004,0,CelebDF,celeb_id5,train
celebdf_real_id3_0005,0,CelebDF,celeb_id5,train
celebdf_real_id3_0006,0,CelebDF,celeb_id5,train
celebdf_real_id3_0007,0,CelebDF,celeb_id5,train
celebdf_real_id3_0008,0,CelebDF,celeb_id5,train
celebdf_real_id3_0009,0,CelebDF,celeb_id5,train
celebdf_real_id40_0000,0,CelebDF,celeb_id39,test
celebdf_real_id40_0001,0,CelebDF,celeb_id39,test
celebdf_real_id40_0002,0,CelebDF,celeb_id39,test
celebdf_real_id40_0003,0,CelebDF,celeb_id39,test
celebdf_real_id40_0004,0,CelebDF,celeb_id39,test
celebdf_real_id40_0005,0,CelebDF,celeb_id39,test
celebdf_real_id40_0006,0,CelebDF,celeb_id39,test
celebdf_real_id40_0007,0,CelebDF,celeb_id39,test
celebdf_real_id40_0008,0,CelebDF,celeb_id39,test
celebdf_real_id40_0009,0,CelebDF,celeb_id39,test
celebdf_real_id41_0000,0,CelebDF,celeb_id39,test
celebdf_real_id41_0001,0,CelebDF,celeb_id39,test
celebdf_real_id41_0002,0,CelebDF,celeb_id39,test
celebdf_real_id41_0003,0,CelebDF,celeb_id39,test
celebdf_real_id41_0004,0,CelebDF,celeb_id39,test
celebdf_real_id41_0005,0,CelebDF,celeb_id39,test
celebdf_real_id41_0006,0,CelebDF,celeb_id39,test
celebdf_real_id41_0007,0,CelebDF,celeb_id39,test
celebdf_real_id41_0008,0,CelebDF,celeb_id39,test
celebdf_real_id41_0009,0,CelebDF,celeb_id39,test
celebdf_real_id42_0000,0,CelebDF,celeb_id39,test
celebdf_real_id42_0001,0,CelebDF,celeb_id39,test
celebdf_real_id42_0002,0,CelebDF,celeb_id39,test
celebdf_real_id42_0003,0,CelebDF,celeb_id39,test
celebdf_real_id42_0004,0,CelebDF,celeb_id39,test
celebdf_real_id43_0000,0,CelebDF,celeb_id39,test
celebdf_real_id43_0001,0,CelebDF,celeb_id39,test
celebdf_real_id43_0002,0,CelebDF,celeb_id39,test
celebdf_real_id43_0003,0,CelebDF,celeb_id39,test
celebdf_real_id43_0004,0,CelebDF,celeb_id39,test
celebdf_real_id43_0005,0,CelebDF,celeb_id39,test
celebdf_real_id43_0006,0,CelebDF,celeb_id39,test
celebdf_real_id43_0007,0,CelebDF,celeb_id39,test
celebdf_real_id43_0008,0,CelebDF,celeb_id39,test
celebdf_real_id43_0009,0,CelebDF,celeb_id39,test
celebdf_real_id44_0000,0,CelebDF,celeb_id39,test
celebdf_real_id44_0001,0,CelebDF,celeb_id39,test
celebdf_real_id44_0002,0,CelebDF,celeb_id39,test
celebdf_real_id44_0003,0,CelebDF,celeb_id39,test
celebdf_real_id44_0004,0,CelebDF,celeb_id39,test
celebdf_real_id44_0005,0,CelebDF,celeb_id39,test
celebdf_real_id45_0000,0,CelebDF,celeb_id39,test
celebdf_real_id45_0001,0,CelebDF,celeb_id39,test
celebdf_real_id45_0002,0,CelebDF,celeb_id39,test
celebdf_real_id45_0003,0,CelebDF,celeb_id39,test
celebdf_real_id45_0004,0,CelebDF,celeb_id39,test
celebdf_real_id45_0005,0,CelebDF,celeb_id39,test
celebdf_real_id45_0006,0,CelebDF,celeb_id39,test
celebdf_real_id45_0007,0,CelebDF,celeb_id39,test
celebdf_real_id45_0008,0,CelebDF,celeb_id39,test
celebdf_real_id45_0009,0,CelebDF,celeb_id39,test
celebdf_real_id46_0000,0,CelebDF,celeb_id39,test
celebdf_real_id46_0001,0,CelebDF,celeb_id39,test
celebdf_real_id46_0002,0,CelebDF,celeb_id39,test
celebdf_real_id46_0003,0,CelebDF,celeb_id39,test
celebdf_real_id46_0004,0,CelebDF,celeb_id39,test
celebdf_real_id46_0005,0,CelebDF,celeb_id39,test
celebdf_real_id46_0006,0,CelebDF,celeb_id39,test
celebdf_real_id46_0007,0,CelebDF,celeb_id39,test
celebdf_real_id46_0008,0,CelebDF,celeb_id39,test
celebdf_real_id46_0009,0,CelebDF,celeb_id39,test
celebdf_real_id47_0000,0,CelebDF,celeb_id39,test
celebdf_real_id47_0001,0,CelebDF,celeb_id39,test
celebdf_real_id47_0002,0,CelebDF,celeb_id39,test
celebdf_real_id47_0003,0,CelebDF,celeb_id39,test
celebdf_real_id47_0004,0,CelebDF,celeb_id39,test
celebdf_real_id47_0005,0,CelebDF,celeb_id39,test
celebdf_real_id47_0006,0,CelebDF,celeb_id39,test
celebdf_real_id47_0007,0,CelebDF,celeb_id39,test
celebdf_real_id47_0008,0,CelebDF,celeb_id39,test
celebdf_real_id47_0009,0,CelebDF,celeb_id39,test
celebdf_real_id48_0000,0,CelebDF,celeb_id39,test
celebdf_real_id48_0001,0,CelebDF,celeb_id39,test
celebdf_real_id48_0002,0,CelebDF,celeb_id39,test
celebdf_real_id48_0003,0,CelebDF,celeb_id39,test
celebdf_real_id48_0004,0,CelebDF,celeb_id39,test
celebdf_real_id48_0005,0,CelebDF,celeb_id39,test
celebdf_real_id48_0006,0,CelebDF,celeb_id39,test
celebdf_real_id48_0007,0,CelebDF,celeb_id39,test
celebdf_real_id48_0008,0,CelebDF,celeb_id39,test
celebdf_real_id48_0009,0,CelebDF,celeb_id39,test
celebdf_real_id49_0000,0,CelebDF,celeb_id49,val
celebdf_real_id49_0001,0,CelebDF,celeb_id49,val
celebdf_real_id49_0002,0,CelebDF,celeb_id49,val
celebdf_real_id49_0003,0,CelebDF,celeb_id49,val
celebdf_real_id49_0004,0,CelebDF,celeb_id49,val
celebdf_real_id49_0005,0,CelebDF,celeb_id49,val
celebdf_real_id49_0006,0,CelebDF,celeb_id49,val
celebdf_real_id49_0007,0,CelebDF,celeb_id49,val
celebdf_real_id49_0008,0,CelebDF,celeb_id49,val
celebdf_real_id49_0009,0,CelebDF,celeb_id49,val
celebdf_real_id4_0000,0,CelebDF,celeb_id5,train
celebdf_real_id4_0001,0,CelebDF,celeb_id5,train
celebdf_real_id4_0002,0,CelebDF,celeb_id5,train
celebdf_real_id4_0003,0,CelebDF,celeb_id5,train
celebdf_real_id4_0004,0,CelebDF,celeb_id5,train
celebdf_real_id4_0005,0,CelebDF,celeb_id5,train
celebdf_real_id4_0006,0,CelebDF,celeb_id5,train
celebdf_real_id4_0007,0,CelebDF,celeb_id5,train
celebdf_real_id4_0008,0,CelebDF,celeb_id5,train
celebdf_real_id4_0009,0,CelebDF,celeb_id5,train
celebdf_real_id50_0000,0,CelebDF,celeb_id49,val
celebdf_real_id50_0001,0,CelebDF,celeb_id49,val
celebdf_real_id50_0002,0,CelebDF,celeb_id49,val
celebdf_real_id50_0003,0,CelebDF,celeb_id49,val
celebdf_real_id50_0004,0,CelebDF,celeb_id49,val
celebdf_real_id50_0005,0,CelebDF,celeb_id49,val
celebdf_real_id50_0006,0,CelebDF,celeb_id49,val
celebdf_real_id50_0007,0,CelebDF,celeb_id49,val
celebdf_real_id50_0008,0,CelebDF,celeb_id49,val
celebdf_real_id50_0009,0,CelebDF,celeb_id49,val
celebdf_real_id51_0000,0,CelebDF,celeb_id49,val
celebdf_real_id51_0001,0,CelebDF,celeb_id49,val
celebdf_real_id51_0002,0,CelebDF,celeb_id49,val
celebdf_real_id51_0003,0,CelebDF,celeb_id49,val
celebdf_real_id51_0004,0,CelebDF,celeb_id49,val
celebdf_real_id51_0005,0,CelebDF,celeb_id49,val
celebdf_real_id51_0006,0,CelebDF,celeb_id49,val
celebdf_real_id51_0007,0,CelebDF,celeb_id49,val
celebdf_real_id51_0008,0,CelebDF,celeb_id49,val
celebdf_real_id51_0009,0,CelebDF,celeb_id49,val
celebdf_real_id52_0000,0,CelebDF,celeb_id49,val
celebdf_real_id52_0001,0,CelebDF,celeb_id49,val
celebdf_real_id52_0002,0,CelebDF,celeb_id49,val
celebdf_real_id52_0003,0,CelebDF,celeb_id49,val
celebdf_real_id52_0004,0,CelebDF,celeb_id49,val
celebdf_real_id52_0005,0,CelebDF,celeb_id49,val
celebdf_real_id52_0006,0,CelebDF,celeb_id49,val
celebdf_real_id52_0007,0,CelebDF,celeb_id49,val
celebdf_real_id52_0008,0,CelebDF,celeb_id49,val
celebdf_real_id52_0009,0,CelebDF,celeb_id49,val
celebdf_real_id53_0000,0,CelebDF,celeb_id49,val
celebdf_real_id53_0001,0,CelebDF,celeb_id49,val
celebdf_real_id53_0002,0,CelebDF,celeb_id49,val
celebdf_real_id53_0003,0,CelebDF,celeb_id49,val
celebdf_real_id53_0004,0,CelebDF,celeb_id49,val
celebdf_real_id53_0005,0,CelebDF,celeb_id49,val
celebdf_real_id53_0006,0,CelebDF,celeb_id49,val
celebdf_real_id53_0007,0,CelebDF,celeb_id49,val
celebdf_real_id53_0008,0,CelebDF,celeb_id49,val
celebdf_real_id53_0009,0,CelebDF,celeb_id49,val
celebdf_real_id54_0000,0,CelebDF,celeb_id49,val
celebdf_real_id54_0001,0,CelebDF,celeb_id49,val
celebdf_real_id54_0002,0,CelebDF,celeb_id49,val
celebdf_real_id54_0003,0,CelebDF,celeb_id49,val
celebdf_real_id54_0004,0,CelebDF,celeb_id49,val
celebdf_real_id54_0005,0,CelebDF,celeb_id49,val
celebdf_real_id54_0006,0,CelebDF,celeb_id49,val
celebdf_real_id54_0007,0,CelebDF,celeb_id49,val
celebdf_real_id54_0008,0,CelebDF,celeb_id49,val
celebdf_real_id54_0009,0,CelebDF,celeb_id49,val
celebdf_real_id55_0000,0,CelebDF,celeb_id49,val
celebdf_real_id55_0001,0,CelebDF,celeb_id49,val
celebdf_real_id55_0002,0,CelebDF,celeb_id49,val
celebdf_real_id55_0003,0,CelebDF,celeb_id49,val
celebdf_real_id55_0004,0,CelebDF,celeb_id49,val
celebdf_real_id55_0005,0,CelebDF,celeb_id49,val
celebdf_real_id55_0006,0,CelebDF,celeb_id49,val
celebdf_real_id55_0007,0,CelebDF,celeb_id49,val
celebdf_real_id55_0008,0,CelebDF,celeb_id49,val
celebdf_real_id55_0009,0,CelebDF,celeb_id49,val
celebdf_real_id56_0000,0,CelebDF,celeb_id49,val
celebdf_real_id56_0001,0,CelebDF,celeb_id49,val
celebdf_real_id56_0002,0,CelebDF,celeb_id49,val
celebdf_real_id56_0003,0,CelebDF,celeb_id49,val
celebdf_real_id56_0004,0,CelebDF,celeb_id49,val
celebdf_real_id56_0005,0,CelebDF,celeb_id49,val
celebdf_real_id56_0006,0,CelebDF,celeb_id49,val
celebdf_real_id56_0007,0,CelebDF,celeb_id49,val
celebdf_real_id56_0008,0,CelebDF,celeb_id49,val
celebdf_real_id56_0009,0,CelebDF,celeb_id49,val
celebdf_real_id57_0000,0,CelebDF,celeb_id49,val
celebdf_real_id57_0001,0,CelebDF,celeb_id49,val
celebdf_real_id57_0002,0,CelebDF,celeb_id49,val
celebdf_real_id57_0003,0,CelebDF,celeb_id49,val
celebdf_real_id57_0004,0,CelebDF,celeb_id49,val
celebdf_real_id57_0005,0,CelebDF,celeb_id49,val
celebdf_real_id57_0006,0,CelebDF,celeb_id49,val
celebdf_real_id57_0007,0,CelebDF,celeb_id49,val
celebdf_real_id57_0008,0,CelebDF,celeb_id49,val
celebdf_real_id57_0009,0,CelebDF,celeb_id49,val
celebdf_real_id58_0000,0,CelebDF,celeb_id49,val
celebdf_real_id58_0001,0,CelebDF,celeb_id49,val
celebdf_real_id58_0002,0,CelebDF,celeb_id49,val
celebdf_real_id58_0003,0,CelebDF,celeb_id49,val
celebdf_real_id58_0004,0,CelebDF,celeb_id49,val
celebdf_real_id58_0005,0,CelebDF,celeb_id49,val
celebdf_real_id58_0006,0,CelebDF,celeb_id49,val
celebdf_real_id58_0007,0,CelebDF,celeb_id49,val
celebdf_real_id58_0008,0,CelebDF,celeb_id49,val
celebdf_real_id58_0009,0,CelebDF,celeb_id49,val
celebdf_real_id59_0000,0,CelebDF,celeb_id5,train
celebdf_real_id59_0001,0,CelebDF,celeb_id5,train
celebdf_real_id59_0002,0,CelebDF,celeb_id5,train
celebdf_real_id59_0003,0,CelebDF,celeb_id5,train
celebdf_real_id59_0004,0,CelebDF,celeb_id5,train
celebdf_real_id59_0005,0,CelebDF,celeb_id5,train
celebdf_real_id59_0006,0,CelebDF,celeb_id5,train
celebdf_real_id59_0007,0,CelebDF,celeb_id5,train
celebdf_real_id59_0008,0,CelebDF,celeb_id5,train
celebdf_real_id59_0009,0,CelebDF,celeb_id5,train
celebdf_real_id5_0000,0,CelebDF,celeb_id5,train
celebdf_real_id5_0001,0,CelebDF,celeb_id5,train
celebdf_real_id5_0002,0,CelebDF,celeb_id5,train
celebdf_real_id5_0003,0,CelebDF,celeb_id5,train
celebdf_real_id5_0004,0,CelebDF,celeb_id5,train
celebdf_real_id5_0005,0,CelebDF,celeb_id5,train
celebdf_real_id5_0006,0,CelebDF,celeb_id5,train
celebdf_real_id5_0007,0,CelebDF,celeb_id5,train
celebdf_real_id5_0008,0,CelebDF,celeb_id5,train
celebdf_real_id5_0009,0,CelebDF,celeb_id5,train
celebdf_real_id60_0000,0,CelebDF,celeb_id5,train
celebdf_real_id60_0001,0,CelebDF,celeb_id5,train
celebdf_real_id60_0002,0,CelebDF,celeb_id5,train
celebdf_real_id60_0003,0,CelebDF,celeb_id5,train
celebdf_real_id60_0004,0,CelebDF,celeb_id5,train
celebdf_real_id60_0005,0,CelebDF,celeb_id5,train
celebdf_real_id60_0006,0,CelebDF,celeb_id5,train
celebdf_real_id60_0007,0,CelebDF,celeb_id5,train
celebdf_real_id60_0008,0,CelebDF,celeb_id5,train
celebdf_real_id60_0009,0,CelebDF,celeb_id5,train
celebdf_real_id61_0000,0,CelebDF,celeb_id5,train
celebdf_real_id61_0001,0,CelebDF,celeb_id5,train
celebdf_real_id61_0002,0,CelebDF,celeb_id5,train
celebdf_real_id61_0003,0,CelebDF,celeb_id5,train
celebdf_real_id61_0004,0,CelebDF,celeb_id5,train
celebdf_real_id61_0005,0,CelebDF,celeb_id5,train
celebdf_real_id61_0006,0,CelebDF,celeb_id5,train
celebdf_real_id61_0007,0,CelebDF,celeb_id5,train
celebdf_real_id61_0008,0,CelebDF,celeb_id5,train
celebdf_real_id61_0009,0,CelebDF,celeb_id5,train
celebdf_real_id6_0000,0,CelebDF,celeb_id5,train
celebdf_real_id6_0001,0,CelebDF,celeb_id5,train
celebdf_real_id6_0002,0,CelebDF,celeb_id5,train
celebdf_real_id6_0003,0,CelebDF,celeb_id5,train
celebdf_real_id6_0004,0,CelebDF,celeb_id5,train
celebdf_real_id6_0005,0,CelebDF,celeb_id5,train
celebdf_real_id6_0006,0,CelebDF,celeb_id5,train
celebdf_real_id6_0007,0,CelebDF,celeb_id5,train
celebdf_real_id6_0008,0,CelebDF,celeb_id5,train
celebdf_real_id6_0009,0,CelebDF,celeb_id5,train
celebdf_real_id7_0000,0,CelebDF,celeb_id10,train
celebdf_real_id7_0001,0,CelebDF,celeb_id10,train
celebdf_real_id7_0002,0,CelebDF,celeb_id10,train
celebdf_real_id7_0003,0,CelebDF,celeb_id10,train
celebdf_real_id7_0004,0,CelebDF,celeb_id10,train
celebdf_real_id7_0005,0,CelebDF,celeb_id10,train
celebdf_real_id7_0006,0,CelebDF,celeb_id10,train
celebdf_real_id7_0007,0,CelebDF,celeb_id10,train
celebdf_real_id7_0008,0,CelebDF,celeb_id10,train
celebdf_real_id7_0009,0,CelebDF,celeb_id10,train
celebdf_real_id8_0000,0,CelebDF,celeb_id5,train
celebdf_real_id8_0001,0,CelebDF,celeb_id5,train
celebdf_real_id8_0002,0,CelebDF,celeb_id5,train
celebdf_real_id8_0003,0,CelebDF,celeb_id5,train
celebdf_real_id8_0004,0,CelebDF,celeb_id5,train
celebdf_real_id8_0005,0,CelebDF,celeb_id5,train
celebdf_real_id8_0006,0,CelebDF,celeb_id5,train
celebdf_real_id8_0007,0,CelebDF,celeb_id5,train
celebdf_real_id8_0008,0,CelebDF,celeb_id5,train
celebdf_real_id8_0009,0,CelebDF,celeb_id5,train
celebdf_real_id9_0000,0,CelebDF,celeb_id5,train
celebdf_real_id9_0001,0,CelebDF,celeb_id5,train
celebdf_real_id9_0002,0,CelebDF,celeb_id5,train
celebdf_real_id9_0003,0,CelebDF,celeb_id5,train
celebdf_real_id9_0004,0,CelebDF,celeb_id5,train
celebdf_real_id9_0005,0,CelebDF,celeb_id5,train
celebdf_real_id9_0006,0,CelebDF,celeb_id5,train
celebdf_real_id9_0007,0,CelebDF,celeb_id5,train
celebdf_real_id9_0008,0,CelebDF,celeb_id5,train
celebdf_real_id9_0009,0,CelebDF,celeb_id5,train
celebdf_synthesis_id0_id16_0000,1,CelebDF,celeb_id5,train
celebdf_synthesis_id0_id16_0006,1,CelebDF,celeb_id5,train
celebdf_synthesis_id0_id17_0002,1,CelebDF,celeb_id5,train
celebdf_synthesis_id0_id1_0001,1,CelebDF,celeb_id5,train
celebdf_synthesis_id0_id1_0009,1,CelebDF,celeb_id5,train
celebdf_synthesis_id0_id20_0005,1,CelebDF,celeb_id5,train
celebdf_synthesis_id0_id21_0003,1,CelebDF,celeb_id5,train
celebdf_synthesis_id0_id23_0000,1,CelebDF,celeb_id5,train
celebdf_synthesis_id0_id23_0009,1,CelebDF,celeb_id5,train
celebdf_synthesis_id0_id26_0006,1,CelebDF,celeb_id5,train
celebdf_synthesis_id0_id28_0002,1,CelebDF,celeb_id5,train
celebdf_synthesis_id0_id28_0008,1,CelebDF,celeb_id5,train
celebdf_synthesis_id0_id2_0005,1,CelebDF,celeb_id5,train
celebdf_synthesis_id0_id3_0001,1,CelebDF,celeb_id5,train
celebdf_synthesis_id0_id3_0007,1,CelebDF,celeb_id5,train
celebdf_synthesis_id0_id4_0004,1,CelebDF,celeb_id5,train
celebdf_synthesis_id0_id6_0002,1,CelebDF,celeb_id5,train
celebdf_synthesis_id0_id9_0002,1,CelebDF,celeb_id5,train
celebdf_synthesis_id10_id11_0001,1,CelebDF,celeb_id10,train
celebdf_synthesis_id10_id11_0007,1,CelebDF,celeb_id10,train
celebdf_synthesis_id10_id12_0005,1,CelebDF,celeb_id10,train
celebdf_synthesis_id10_id13_0004,1,CelebDF,celeb_id10,train
celebdf_synthesis_id10_id7_0002,1,CelebDF,celeb_id10,train
celebdf_synthesis_id10_id7_0008,1,CelebDF,celeb_id10,train
celebdf_synthesis_id11_id7_0005,1,CelebDF,celeb_id10,train
celebdf_synthesis_id12_id10_0001,1,CelebDF,celeb_id10,train
celebdf_synthesis_id12_id7_0001,1,CelebDF,celeb_id10,train
celebdf_synthesis_id13_id10_0003,1,CelebDF,celeb_id10,train
celebdf_synthesis_id13_id10_0012,1,CelebDF,celeb_id10,train
celebdf_synthesis_id13_id7_0003,1,CelebDF,celeb_id10,train
celebdf_synthesis_id13_id7_0012,1,CelebDF,celeb_id10,train
celebdf_synthesis_id16_id0_0004,1,CelebDF,celeb_id5,train
celebdf_synthesis_id16_id0_0011,1,CelebDF,celeb_id5,train
celebdf_synthesis_id16_id17_0004,1,CelebDF,celeb_id5,train
celebdf_synthesis_id16_id17_0011,1,CelebDF,celeb_id5,train
celebdf_synthesis_id16_id1_0003,1,CelebDF,celeb_id5,train
celebdf_synthesis_id16_id1_0011,1,CelebDF,celeb_id5,train
celebdf_synthesis_id16_id20_0003,1,CelebDF,celeb_id5,train
celebdf_synthesis_id16_id20_0010,1,CelebDF,celeb_id5,train
celebdf_synthesis_id16_id21_0003,1,CelebDF,celeb_id5,train
celebdf_synthesis_id16_id21_0010,1,CelebDF,celeb_id5,train
celebdf_synthesis_id16_id23_0002,1,CelebDF,celeb_id5,train
celebdf_synthesis_id16_id23_0011,1,CelebDF,celeb_id5,train
celebdf_synthesis_id16_id26_0003,1,CelebDF,celeb_id5,train
celebdf_synthesis_id16_id26_0010,1,CelebDF,celeb_id5,train
celebdf_synthesis_id16_id28_0003,1,CelebDF,celeb_id5,train
celebdf_synthesis_id16_id28_0010,1,CelebDF,celeb_id5,train
celebdf_synthesis_id16_id2_0002,1,CelebDF,celeb_id5,train
celebdf_synthesis_id16_id2_0010,1,CelebDF,celeb_id5,train
celebdf_synthesis_id16_id30_0002,1,CelebDF,celeb_id5,train
celebdf_synthesis_id16_id30_0010,1,CelebDF,celeb_id5,train
celebdf_synthesis_id16_id31_0003,1,CelebDF,celeb_id5,train
celebdf_synthesis_id16_id31_0011,1,CelebDF,celeb_id5,train
celebdf_synthesis_id16_id35_0003,1,CelebDF,celeb_id5,train
celebdf_synthesis_id16_id35_0011,1,CelebDF,celeb_id5,train
celebdf_synthesis_id16_id37_0003,1,CelebDF,celeb_id5,train
celebdf_synthesis_id16_id37_0012,1,CelebDF,celeb_id5,train
celebdf_synthesis_id16_id3_0005,1,CelebDF,celeb_id5,train
celebdf_synthesis_id16_id3_0012,1,CelebDF,celeb_id5,train
celebdf_synthesis_id16_id6_0004,1,CelebDF,celeb_id5,train
celebdf_synthesis_id16_id6_0012,1,CelebDF,celeb_id5,train
celebdf_synthesis_id16_id9_0004,1,CelebDF,celeb_id5,train
celebdf_synthesis_id16_id9_0011,1,CelebDF,celeb_id5,train
celebdf_synthesis_id17_id0_0004,1,CelebDF,celeb_id5,train
celebdf_synthesis_id17_id16_0001,1,CelebDF,celeb_id5,train
celebdf_synthesis_id17_id16_0007,1,CelebDF,celeb_id5,train
celebdf_synthesis_id17_id1_0005,1,CelebDF,celeb_id5,train
celebdf_synthesis_id17_id20_0002,1,CelebDF,celeb_id5,train
celebdf_synthesis_id17_id20_0009,1,CelebDF,celeb_id5,train
celebdf_synthesis_id17_id21_0006,1,CelebDF,celeb_id5,train
celebdf_synthesis_id17_id23_0004,1,CelebDF,celeb_id5,train
celebdf_synthesis_id17_id26_0001,1,CelebDF,celeb_id5,train
celebdf_synthesis_id17_id26_0009,1,CelebDF,celeb_id5,train
celebdf_synthesis_id17_id28_0005,1,CelebDF,celeb_id5,train
celebdf_synthesis_id17_id2_0002,1,CelebDF,celeb_id5,train
celebdf_synthesis_id17_id30_0000,1,CelebDF,celeb_id5,train
celebdf_synthesis_id17_id30_0006,1,CelebDF,celeb_id5,train
celebdf_synthesis_id17_id31_0003,1,CelebDF,celeb_id5,train
celebdf_synthesis_id17_id35_0001,1,CelebDF,celeb_id5,train
celebdf_synthesis_id17_id35_0007,1,CelebDF,celeb_id5,train
celebdf_synthesis_id17_id37_0004,1,CelebDF,celeb_id5,train
celebdf_synthesis_id17_id3_0002,1,CelebDF,celeb_id5,train
celebdf_synthesis_id17_id3_0009,1,CelebDF,celeb_id5,train
celebdf_synthesis_id17_id6_0005,1,CelebDF,celeb_id5,train
celebdf_synthesis_id17_id9_0003,1,CelebDF,celeb_id5,train
celebdf_synthesis_id19_id20_0000,1,CelebDF,celeb_id5,train
celebdf_synthesis_id19_id20_0008,1,CelebDF,celeb_id5,train
celebdf_synthesis_id19_id21_0007,1,CelebDF,celeb_id5,train
celebdf_synthesis_id19_id22_0004,1,CelebDF,celeb_id5,train
celebdf_synthesis_id19_id23_0000,1,CelebDF,celeb_id5,train
celebdf_synthesis_id19_id23_0008,1,CelebDF,celeb_id5,train
celebdf_synthesis_id19_id24_0008,1,CelebDF,celeb_id5,train
celebdf_synthesis_id19_id25_0005,1,CelebDF,celeb_id5,train
celebdf_synthesis_id19_id26_0004,1,CelebDF,celeb_id5,train
celebdf_synthesis_id19_id27_0002,1,CelebDF,celeb_id5,train
celebdf_synthesis_id19_id28_0000,1,CelebDF,celeb_id5,train
celebdf_synthesis_id19_id28_0008,1,CelebDF,celeb_id5,train
celebdf_synthesis_id1_id0_0004,1,CelebDF,celeb_id5,train
celebdf_synthesis_id1_id16_0001,1,CelebDF,celeb_id5,train
celebdf_synthesis_id1_id16_0009,1,CelebDF,celeb_id5,train
celebdf_synthesis_id1_id17_0005,1,CelebDF,celeb_id5,train
celebdf_synthesis_id1_id20_0002,1,CelebDF,celeb_id5,train
celebdf_synthesis_id1_id21_0000,1,CelebDF,celeb_id5,train
celebdf_synthesis_id1_id21_0006,1,CelebDF,celeb_id5,train
celebdf_synthesis_id1_id23_0004,1,CelebDF,celeb_id5,train
celebdf_synthesis_id1_id26_0002,1,CelebDF,celeb_id5,train
celebdf_synthesis_id1_id26_0008,1,CelebDF,celeb_id5,train
celebdf_synthesis_id1_id28_0004,1,CelebDF,celeb_id5,train
celebdf_synthesis_id1_id2_0002,1,CelebDF,celeb_id5,train
celebdf_synthesis_id1_id2_0009,1,CelebDF,celeb_id5,train
celebdf_synthesis_id1_id30_0005,1,CelebDF,celeb_id5,train
celebdf_synthesis_id1_id31_0003,1,CelebDF,celeb_id5,train
celebdf_synthesis_id1_id35_0000,1,CelebDF,celeb_id5,train
celebdf_synthesis_id1_id35_0006,1,CelebDF,celeb_id5,train
celebdf_synthesis_id1_id37_0004,1,CelebDF,celeb_id5,train
celebdf_synthesis_id1_id3_0001,1,CelebDF,celeb_id5,train
celebdf_synthesis_id1_id3_0007,1,CelebDF,celeb_id5,train
celebdf_synthesis_id1_id4_0005,1,CelebDF,celeb_id5,train
celebdf_synthesis_id1_id6_0002,1,CelebDF,celeb_id5,train
celebdf_synthesis_id1_id6_0009,1,CelebDF,celeb_id5,train
celebdf_synthesis_id1_id9_0006,1,CelebDF,celeb_id5,train
celebdf_synthesis_id20_id0_0003,1,CelebDF,celeb_id5,train
celebdf_synthesis_id20_id16_0001,1,CelebDF,celeb_id5,train
celebdf_synthesis_id20_id16_0009,1,CelebDF,celeb_id5,train
celebdf_synthesis_id20_id17_0006,1,CelebDF,celeb_id5,train
celebdf_synthesis_id20_id19_0006,1,CelebDF,celeb_id5,train
celebdf_synthesis_id20_id1_0004,1,CelebDF,celeb_id5,train
celebdf_synthesis_id20_id21_0000,1,CelebDF,celeb_id5,train
celebdf_synthesis_id20_id21_0009,1,CelebDF,celeb_id5,train
celebdf_synthesis_id20_id22_0008,1,CelebDF,celeb_id5,train
celebdf_synthesis_id20_id23_0006,1,CelebDF,celeb_id5,train
celebdf_synthesis_id20_id24_0003,1,CelebDF,celeb_id5,train
celebdf_synthesis_id20_id25_0001,1,CelebDF,celeb_id5,train
celebdf_synthesis_id20_id26_0002,1,CelebDF,celeb_id5,train
celebdf_synthesis_id20_id27_0008,1,CelebDF,celeb_id5,train
celebdf_synthesis_id20_id28_0005,1,CelebDF,celeb_id5,train
celebdf_synthesis_id20_id29_0003,1,CelebDF,celeb_id5,train
celebdf_synthesis_id20_id2_0002,1,CelebDF,celeb_id5,train
celebdf_synthesis_id20_id2_0009,1,CelebDF,celeb_id5,train
celebdf_synthesis_id20_id30_0006,1,CelebDF,celeb_id5,train
celebdf_synthesis_id20_id31_0005,1,CelebDF,celeb_id5,train
celebdf_synthesis_id20_id32_0001,1,CelebDF,celeb_id5,train
celebdf_synthesis_id20_id32_0008,1,CelebDF,celeb_id5,train
celebdf_synthesis_id20_id33_0006,1,CelebDF,celeb_id5,train
celebdf_synthesis_id20_id34_0003,1,CelebDF,celeb_id5,train
celebdf_synthesis_id20_id35_0002,1,CelebDF,celeb_id5,train
celebdf_synthesis_id20_id35_0009,1,CelebDF,celeb_id5,train
celebdf_synthesis_id20_id37_0006,1,CelebDF,celeb_id5,train
celebdf_synthesis_id20_id38_0006,1,CelebDF,celeb_id5,train
celebdf_synthesis_id20_id3_0004,1,CelebDF,celeb_id5,train
celebdf_synthesis_id20_id4_0000,1,CelebDF,celeb_id5,train
celebdf_synthesis_id20_id4_0006,1,CelebDF,celeb_id5,train
celebdf_synthesis_id20_id6_0008,1,CelebDF,celeb_id5,train
celebdf_synthesis_id20_id9_0004,1,CelebDF,celeb_id5,train
celebdf_synthesis_id21_id0_0000,1,CelebDF,celeb_id5,train
celebdf_synthesis_id21_id0_0009,1,CelebDF,celeb_id5,train
celebdf_synthesis_id21_id16_0006,1,CelebDF,celeb_id5,train
celebdf_synthesis_id21_id17_0002,1,CelebDF,celeb_id5,train
celebdf_synthesis_id21_id19_0002,1,CelebDF,celeb_id5,train
celebdf_synthesis_id21_id1_0001,1,CelebDF,celeb_id5,train
celebdf_synthesis_id21_id1_0008,1,CelebDF,celeb_id5,train
celebdf_synthesis_id21_id20_0007,1,CelebDF,celeb_id5,train
celebdf_synthesis_id21_id22_0008,1,CelebDF,celeb_id5,train
celebdf_synthesis_id21_id23_0007,1,CelebDF,celeb_id5,train
celebdf_synthesis_id21_id24_0006,1,CelebDF,celeb_id5,train
celebdf_synthesis_id21_id25_0006,1,CelebDF,celeb_id5,train
celebdf_synthesis_id21_id26_0006,1,CelebDF,celeb_id5,train
celebdf_synthesis_id21_id27_0006,1,CelebDF,celeb_id5,train
celebdf_synthesis_id21_id28_0002,1,CelebDF,celeb_id5,train
celebdf_synthesis_id21_id29_0000,1,CelebDF,celeb_id5,train
celebdf_synthesis_id21_id29_0008,1,CelebDF,celeb_id5,train
celebdf_synthesis_id21_id2_0005,1,CelebDF,celeb_id5,train
celebdf_synthesis_id21_id30_0001,1,CelebDF,celeb_id5,train
celebdf_synthesis_id21_id30_0009,1,CelebDF,celeb_id5,train
celebdf_synthesis_id21_id31_0006,1,CelebDF,celeb_id5,train
celebdf_synthesis_id21_id32_0005,1,CelebDF,celeb_id5,train
celebdf_synthesis_id21_id33_0004,1,CelebDF,celeb_id5,train
celebdf_synthesis_id21_id34_0000,1,CelebDF,celeb_id5,train
celebdf_synthesis_id21_id34_0007,1,CelebDF,celeb_id5,train
celebdf_synthesis_id21_id35_0006,1,CelebDF,celeb_id5,train
celebdf_synthesis_id21_id37_0002,1,CelebDF,celeb_id5,train
celebdf_synthesis_id21_id37_0009,1,CelebDF,celeb_id5,train
celebdf_synthesis_id21_id38_0007,1,CelebDF,celeb_id5,train
celebdf_synthesis_id21_id3_0008,1,CelebDF,celeb_id5,train
celebdf_synthesis_id21_id6_0002,1,CelebDF,celeb_id5,train
celebdf_synthesis_id21_id9_0001,1,CelebDF,celeb_id5,train
celebdf_synthesis_id21_id9_0008,1,CelebDF,celeb_id5,train
celebdf_synthesis_id22_id19_0006,1,CelebDF,celeb_id5,train
celebdf_synthesis_id22_id21_0002,1,CelebDF,celeb_id5,train
celebdf_synthesis_id22_id23_0005,1,CelebDF,celeb_id5,train
celebdf_synthesis_id22_id24_0005,1,CelebDF,celeb_id5,train
celebdf_synthesis_id22_id25_0005,1,CelebDF,celeb_id5,train
celebdf_synthesis_id22_id26_0004,1,CelebDF,celeb_id5,train
celebdf_synthesis_id22_id27_0004,1,CelebDF,celeb_id5,train
celebdf_synthesis_id22_id28_0006,1,CelebDF,celeb_id5,train
celebdf_synthesis_id23_id0_0003,1,CelebDF,celeb_id5,train
celebdf_synthesis_id23_id16_0000,1,CelebDF,celeb_id5,train
celebdf_synthesis_id23_id16_0007,1,CelebDF,celeb_id5,train
celebdf_synthesis_id23_id17_0004,1,CelebDF,celeb_id5,train
celebdf_synthesis_id23_id19_0003,1,CelebDF,celeb_id5,train
celebdf_synthesis_id23_id1_0004,1,CelebDF,celeb_id5,train
celebdf_synthesis_id23_id20_0001,1,CelebDF,celeb_id5,train
celebdf_synthesis_id23_id20_0009,1,CelebDF,celeb_id5,train
celebdf_synthesis_id23_id22_0000,1,CelebDF,celeb_id5,train
celebdf_synthesis_id23_id24_0000,1,CelebDF,celeb_id5,train
celebdf_synthesis_id23_id24_0007,1,CelebDF,celeb_id5,train
celebdf_synthesis_id23_id25_0007,1,CelebDF,celeb_id5,train
celebdf_synthesis_id23_id26_0006,1,CelebDF,celeb_id5,train
celebdf_synthesis_id23_id27_0003,1,CelebDF,celeb_id5,train
celebdf_synthesis_id23_id28_0003,1,CelebDF,celeb_id5,train
celebdf_synthesis_id23_id29_0001,1,CelebDF,celeb_id5,train
celebdf_synthesis_id23_id29_0007,1,CelebDF,celeb_id5,train
celebdf_synthesis_id23_id2_0005,1,CelebDF,celeb_id5,train
celebdf_synthesis_id23_id30_0002,1,CelebDF,celeb_id5,train
celebdf_synthesis_id23_id30_0009,1,CelebDF,celeb_id5,train
celebdf_synthesis_id23_id31_0007,1,CelebDF,celeb_id5,train
celebdf_synthesis_id23_id32_0006,1,CelebDF,celeb_id5,train
celebdf_synthesis_id23_id33_0003,1,CelebDF,celeb_id5,train
celebdf_synthesis_id23_id34_0002,1,CelebDF,celeb_id5,train
celebdf_synthesis_id23_id35_0000,1,CelebDF,celeb_id5,train
celebdf_synthesis_id23_id35_0007,1,CelebDF,celeb_id5,train
celebdf_synthesis_id23_id37_0005,1,CelebDF,celeb_id5,train
celebdf_synthesis_id23_id38_0001,1,CelebDF,celeb_id5,train
celebdf_synthesis_id23_id38_0007,1,CelebDF,celeb_id5,train
celebdf_synthesis_id23_id3_0006,1,CelebDF,celeb_id5,train
celebdf_synthesis_id23_id4_0003,1,CelebDF,celeb_id5,train
celebdf_synthesis_id23_id6_0000,1,CelebDF,celeb_id5,train
celebdf_synthesis_id23_id6_0007,1,CelebDF,celeb_id5,train
celebdf_synthesis_id23_id9_0004,1,CelebDF,celeb_id5,train
celebdf_synthesis_id24_id19_0000,1,CelebDF,celeb_id5,train
celebdf_synthesis_id24_id20_0000,1,CelebDF,celeb_id5,train
celebdf_synthesis_id24_id20_0007,1,CelebDF,celeb_id5,train
celebdf_synthesis_id24_id21_0004,1,CelebDF,celeb_id5,train
celebdf_synthesis_id24_id22_0001,1,CelebDF,celeb_id5,train
celebdf_synthesis_id24_id22_0007,1,CelebDF,celeb_id5,train
celebdf_synthesis_id24_id23_0004,1,CelebDF,celeb_id5,train
celebdf_synthesis_id24_id25_0003,1,CelebDF,celeb_id5,train
celebdf_synthesis_id24_id25_0009,1,CelebDF,celeb_id5,train
celebdf_synthesis_id24_id26_0006,1,CelebDF,celeb_id5,train
celebdf_synthesis_id24_id27_0004,1,CelebDF,celeb_id5,train
celebdf_synthesis_id24_id28_0000,1,CelebDF,celeb_id5,train
celebdf_synthesis_id24_id28_0007,1,CelebDF,celeb_id5,train
celebdf_synthesis_id25_id19_0010,1,CelebDF,celeb_id5,train
celebdf_synthesis_id25_id20_0010,1,CelebDF,celeb_id5,train
celebdf_synthesis_id25_id21_0010,1,CelebDF,celeb_id5,train
celebdf_synthesis_id25_id23_0000,1,CelebDF,celeb_id5,train
celebdf_synthesis_id25_id23_0010,1,CelebDF,celeb_id5,train
celebdf_synthesis_id25_id24_0010,1,CelebDF,celeb_id5,train
celebdf_synthesis_id25_id26_0007,1,CelebDF,celeb_id5,train
celebdf_synthesis_id25_id27_0005,1,CelebDF,celeb_id5,train
celebdf_synthesis_id25_id28_0003,1,CelebDF,celeb_id5,train
celebdf_synthesis_id26_id0_0003,1,CelebDF,celeb_id5,train
celebdf_synthesis_id26_id16_0001,1,CelebDF,celeb_id5,train
celebdf_synthesis_id26_id17_0003,1,CelebDF,celeb_id5,train
celebdf_synthesis_id26_id19_0003,1,CelebDF,celeb_id5,train
celebdf_synthesis_id26_id1_0003,1,CelebDF,celeb_id5,train
celebdf_synthesis_id26_id20_0004,1,CelebDF,celeb_id5,train
celebdf_synthesis_id26_id21_0005,1,CelebDF,celeb_id5,train
celebdf_synthesis_id26_id22_0005,1,CelebDF,celeb_id5,train
celebdf_synthesis_id26_id24_0001,1,CelebDF,celeb_id5,train
celebdf_synthesis_id26_id25_0002,1,CelebDF,celeb_id5,train
celebdf_synthesis_id26_id25_0009,1,CelebDF,celeb_id5,train
celebdf_synthesis_id26_id28_0000,1,CelebDF,celeb_id5,train
celebdf_synthesis_id26_id28_0008,1,CelebDF,celeb_id5,train
celebdf_synthesis_id26_id29_0009,1,CelebDF,celeb_id5,train
celebdf_synthesis_id26_id2_0006,1,CelebDF,celeb_id5,train
celebdf_synthesis_id26_id30_0004,1,CelebDF,celeb_id5,train
celebdf_synthesis_id26_id31_0004,1,CelebDF,celeb_id5,train
celebdf_synthesis_id26_id32_0004,1,CelebDF,celeb_id5,train
celebdf_synthesis_id26_id33_0006,1,CelebDF,celeb_id5,train
celebdf_synthesis_id26_id35_0000,1,CelebDF,celeb_id5,train
celebdf_synthesis_id26_id37_0000,1,CelebDF,celeb_id5,train
celebdf_synthesis_id26_id37_0006,1,CelebDF,celeb_id5,train
celebdf_synthesis_id26_id38_0004,1,CelebDF,celeb_id5,train
celebdf_synthesis_id26_id3_0005,1,CelebDF,celeb_id5,train
celebdf_synthesis_id26_id4_0004,1,CelebDF,celeb_id5,train
celebdf_synthesis_id26_id6_0006,1,CelebDF,celeb_id5,train
celebdf_synthesis_id26_id9_0006,1,CelebDF,celeb_id5,train
celebdf_synthesis_id27_id19_0004,1,CelebDF,celeb_id5,train
celebdf_synthesis_id27_id20_0001,1,CelebDF,celeb_id5,train
celebdf_synthesis_id27_id20_0009,1,CelebDF,celeb_id5,train
celebdf_synthesis_id27_id21_0006,1,CelebDF,celeb_id5,train
celebdf_synthesis_id27_id22_0002,1,CelebDF,celeb_id5,train
celebdf_synthesis_id27_id23_0001,1,CelebDF,celeb_id5,train
celebdf_synthesis_id27_id23_0009,1,CelebDF,celeb_id5,train
celebdf_synthesis_id27_id24_0006,1,CelebDF,celeb_id5,train
celebdf_synthesis_id27_id25_0003,1,CelebDF,celeb_id5,train
celebdf_synthesis_id27_id26_0000,1,CelebDF,celeb_id5,train
celebdf_synthesis_id27_id26_0007,1,CelebDF,celeb_id5,train
celebdf_synthesis_id27_id28_0006,1,CelebDF,celeb_id5,train
celebdf_synthesis_id28_id0_0002,1,CelebDF,celeb_id5,train
celebdf_synthesis_id28_id0_0008,1,CelebDF,celeb_id5,train
celebdf_synthesis_id28_id16_0006,1,CelebDF,celeb_id5,train
celebdf_synthesis_id28_id17_0002,1,CelebDF,celeb_id5,train
celebdf_synthesis_id28_id17_0008,1,CelebDF,celeb_id5,train
celebdf_synthesis_id28_id19_0005,1,CelebDF,celeb_id5,train
celebdf_synthesis_id28_id1_0002,1,CelebDF,celeb_id5,train
celebdf_synthesis_id28_id1_0009,1,CelebDF,celeb_id5,train
celebdf_synthesis_id28_id20_0006,1,CelebDF,celeb_id5,train
celebdf_synthesis_id28_id21_0003,1,CelebDF,celeb_id5,train
celebdf_synthesis_id28_id22_0000,1,CelebDF,celeb_id5,train
celebdf_synthesis_id28_id22_0007,1,CelebDF,celeb_id5,train
celebdf_synthesis_id28_id23_0005,1,CelebDF,celeb_id5,train
celebdf_synthesis_id28_id24_0002,1,CelebDF,celeb_id5,train
celebdf_synthesis_id28_id25_0000,1,CelebDF,celeb_id5,train
celebdf_synthesis_id28_id25_0008,1,CelebDF,celeb_id5,train
celebdf_synthesis_id28_id26_0004,1,CelebDF,celeb_id5,train
celebdf_synthesis_id28_id27_0001,1,CelebDF,celeb_id5,train
celebdf_synthesis_id28_id27_0008,1,CelebDF,celeb_id5,train
celebdf_synthesis_id28_id29_0005,1,CelebDF,celeb_id5,train
celebdf_synthesis_id28_id2_0002,1,CelebDF,celeb_id5,train
celebdf_synthesis_id28_id2_0008,1,CelebDF,celeb_id5,train
celebdf_synthesis_id28_id30_0004,1,CelebDF,celeb_id5,train
celebdf_synthesis_id28_id31_0001,1,CelebDF,celeb_id5,train
celebdf_synthesis_id28_id31_0009,1,CelebDF,celeb_id5,train
celebdf_synthesis_id28_id32_0005,1,CelebDF,celeb_id5,train
celebdf_synthesis_id28_id33_0003,1,CelebDF,celeb_id5,train
celebdf_synthesis_id28_id34_0000,1,CelebDF,celeb_id5,train
celebdf_synthesis_id28_id34_0008,1,CelebDF,celeb_id5,train
celebdf_synthesis_id28_id35_0005,1,CelebDF,celeb_id5,train
celebdf_synthesis_id28_id37_0002,1,CelebDF,celeb_id5,train
celebdf_synthesis_id28_id37_0008,1,CelebDF,celeb_id5,train
celebdf_synthesis_id28_id38_0005,1,CelebDF,celeb_id5,train
celebdf_synthesis_id28_id3_0001,1,CelebDF,celeb_id5,train
celebdf_synthesis_id28_id3_0007,1,CelebDF,celeb_id5,train
celebdf_synthesis_id28_id4_0004,1,CelebDF,celeb_id5,train
celebdf_synthesis_id28_id6_0001,1,CelebDF,celeb_id5,train
celebdf_synthesis_id28_id6_0007,1,CelebDF,celeb_id5,train
celebdf_synthesis_id28_id9_0004,1,CelebDF,celeb_id5,train
celebdf_synthesis_id29_id20_0000,1,CelebDF,celeb_id5,train
celebdf_synthesis_id29_id20_0009,1,CelebDF,celeb_id5,train
celebdf_synthesis_id29_id21_0009,1,CelebDF,celeb_id5,train
celebdf_synthesis_id29_id23_0007,1,CelebDF,celeb_id5,train
celebdf_synthesis_id29_id26_0007,1,CelebDF,celeb_id5,train
celebdf_synthesis_id29_id28_0006,1,CelebDF,celeb_id5,train
celebdf_synthesis_id29_id30_0003,1,CelebDF,celeb_id5,train
celebdf_synthesis_id29_id30_0009,1,CelebDF,celeb_id5,train
celebdf_synthesis_id29_id31_0009,1,CelebDF,celeb_id5,train
celebdf_synthesis_id29_id32_0006,1,CelebDF,celeb_id5,train
celebdf_synthesis_id29_id33_0006,1,CelebDF,celeb_id5,train
celebdf_synthesis_id29_id34_0004,1,CelebDF,celeb_id5,train
celebdf_synthesis_id29_id35_0000,1,CelebDF,celeb_id5,train
celebdf_synthesis_id29_id35_0008,1,CelebDF,celeb_id5,train
celebdf_synthesis_id29_id37_0006,1,CelebDF,celeb_id5,train
celebdf_synthesis_id29_id38_0002,1,CelebDF,celeb_id5,train
celebdf_synthesis_id29_id38_0008,1,CelebDF,celeb_id5,train
celebdf_synthesis_id2_id0_0005,1,CelebDF,celeb_id5,train
celebdf_synthesis_id2_id16_0001,1,CelebDF,celeb_id5,train
celebdf_synthesis_id2_id16_0007,1,CelebDF,celeb_id5,train
celebdf_synthesis_id2_id17_0004,1,CelebDF,celeb_id5,train
celebdf_synthesis_id2_id1_0000,1,CelebDF,celeb_id5,train
celebdf_synthesis_id2_id1_0006,1,CelebDF,celeb_id5,train
celebdf_synthesis_id2_id20_0003,1,CelebDF,celeb_id5,train
celebdf_synthesis_id2_id20_0009,1,CelebDF,celeb_id5,train
celebdf_synthesis_id2_id21_0006,1,CelebDF,celeb_id5,train
celebdf_synthesis_id2_id23_0003,1,CelebDF,celeb_id5,train
celebdf_synthesis_id2_id26_0000,1,CelebDF,celeb_id5,train
celebdf_synthesis_id2_id26_0007,1,CelebDF,celeb_id5,train
celebdf_synthesis_id2_id28_0004,1,CelebDF,celeb_id5,train
celebdf_synthesis_id2_id30_0000,1,CelebDF,celeb_id5,train
celebdf_synthesis_id2_id30_0006,1,CelebDF,celeb_id5,train
celebdf_synthesis_id2_id31_0007,1,CelebDF,celeb_id5,train
celebdf_synthesis_id2_id35_0004,1,CelebDF,celeb_id5,train
celebdf_synthesis_id2_id37_0000,1,CelebDF,celeb_id5,train
celebdf_synthesis_id2_id37_0008,1,CelebDF,celeb_id5,train
celebdf_synthesis_id2_id3_0004,1,CelebDF,celeb_id5,train
celebdf_synthesis_id2_id4_0000,1,CelebDF,celeb_id5,train
celebdf_synthesis_id2_id4_0009,1,CelebDF,celeb_id5,train
celebdf_synthesis_id2_id6_0006,1,CelebDF,celeb_id5,train
celebdf_synthesis_id2_id9_0002,1,CelebDF,celeb_id5,train
celebdf_synthesis_id2_id9_0009,1,CelebDF,celeb_id5,train
celebdf_synthesis_id30_id16_0005,1,CelebDF,celeb_id5,train
celebdf_synthesis_id30_id17_0001,1,CelebDF,celeb_id5,train
celebdf_synthesis_id30_id17_0008,1,CelebDF,celeb_id5,train
celebdf_synthesis_id30_id1_0006,1,CelebDF,celeb_id5,train
celebdf_synthesis_id30_id20_0002,1,CelebDF,celeb_id5,train
celebdf_synthesis_id30_id20_0009,1,CelebDF,celeb_id5,train
celebdf_synthesis_id30_id21_0005,1,CelebDF,celeb_id5,train
celebdf_synthesis_id30_id23_0001,1,CelebDF,celeb_id5,train
celebdf_synthesis_id30_id23_0008,1,CelebDF,celeb_id5,train
celebdf_synthesis_id30_id26_0004,1,CelebDF,celeb_id5,train
celebdf_synthesis_id30_id28_0000,1,CelebDF,celeb_id5,train
celebdf_synthesis_id30_id28_0007,1,CelebDF,celeb_id5,train
celebdf_synthesis_id30_id29_0003,1,CelebDF,celeb_id5,train
celebdf_synthesis_id30_id2_0000,1,CelebDF,celeb_id5,train
celebdf_synthesis_id30_id2_0006,1,CelebDF,celeb_id5,train
celebdf_synthesis_id30_id31_0003,1,CelebDF,celeb_id5,train
celebdf_synthesis_id30_id32_0001,1,CelebDF,celeb_id5,train
celebdf_synthesis_id30_id32_0007,1,CelebDF,celeb_id5,train
celebdf_synthesis_id30_id33_0003,1,CelebDF,celeb_id5,train
celebdf_synthesis_id30_id34_0000,1,CelebDF,celeb_id5,train
celebdf_synthesis_id30_id34_0006,1,CelebDF,celeb_id5,train
celebdf_synthesis_id30_id35_0003,1,CelebDF,celeb_id5,train
celebdf_synthesis_id30_id37_0000,1,CelebDF,celeb_id5,train
celebdf_synthesis_id30_id37_0006,1,CelebDF,celeb_id5,train
celebdf_synthesis_id30_id38_0002,1,CelebDF,celeb_id5,train
celebdf_synthesis_id30_id38_0009,1,CelebDF,celeb_id5,train
celebdf_synthesis_id30_id3_0008,1,CelebDF,celeb_id5,train
celebdf_synthesis_id30_id4_0005,1,CelebDF,celeb_id5,train
celebdf_synthesis_id30_id6_0002,1,CelebDF,celeb_id5,train
celebdf_synthesis_id30_id6_0008,1,CelebDF,celeb_id5,train
celebdf_synthesis_id30_id9_0004,1,CelebDF,celeb_id5,train
celebdf_synthesis_id31_id16_0001,1,CelebDF,celeb_id5,train
celebdf_synthesis_id31_id16_0007,1,CelebDF,celeb_id5,train
celebdf_synthesis_id31_id17_0004,1,CelebDF,celeb_id5,train
celebdf_synthesis_id31_id1_0002,1,CelebDF,celeb_id5,train
celebdf_synthesis_id31_id1_0008,1,CelebDF,celeb_id5,train
celebdf_synthesis_id31_id20_0004,1,CelebDF,celeb_id5,train
celebdf_synthesis_id31_id21_0001,1,CelebDF,celeb_id5,train
celebdf_synthesis_id31_id21_0007,1,CelebDF,celeb_id5,train
celebdf_synthesis_id31_id23_0003,1,CelebDF,celeb_id5,train
celebdf_synthesis_id31_id26_0001,1,CelebDF,celeb_id5,train
celebdf_synthesis_id31_id26_0007,1,CelebDF,celeb_id5,train
celebdf_synthesis_id31_id28_0004,1,CelebDF,celeb_id5,train
celebdf_synthesis_id31_id29_0001,1,CelebDF,celeb_id5,train
celebdf_synthesis_id31_id29_0007,1,CelebDF,celeb_id5,train
celebdf_synthesis_id31_id2_0004,1,CelebDF,celeb_id5,train
celebdf_synthesis_id31_id30_0002,1,CelebDF,celeb_id5,train
celebdf_synthesis_id31_id30_0009,1,CelebDF,celeb_id5,train
celebdf_synthesis_id31_id32_0006,1,CelebDF,celeb_id5,train
celebdf_synthesis_id31_id33_0003,1,CelebDF,celeb_id5,train
celebdf_synthesis_id31_id33_0009,1,CelebDF,celeb_id5,train
celebdf_synthesis_id31_id34_0005,1,CelebDF,celeb_id5,train
celebdf_synthesis_id31_id35_0002,1,CelebDF,celeb_id5,train
celebdf_synthesis_id31_id35_0009,1,CelebDF,celeb_id5,train
celebdf_synthesis_id31_id37_0005,1,CelebDF,celeb_id5,train
celebdf_synthesis_id31_id38_0002,1,CelebDF,celeb_id5,train
celebdf_synthesis_id31_id38_0008,1,CelebDF,celeb_id5,train
celebdf_synthesis_id31_id3_0004,1,CelebDF,celeb_id5,train
celebdf_synthesis_id31_id4_0003,1,CelebDF,celeb_id5,train
celebdf_synthesis_id31_id6_0000,1,CelebDF,celeb_id5,train
celebdf_synthesis_id31_id6_0006,1,CelebDF,celeb_id5,train
celebdf_synthesis_id31_id9_0003,1,CelebDF,celeb_id5,train
celebdf_synthesis_id32_id20_0000,1,CelebDF,celeb_id5,train
celebdf_synthesis_id32_id21_0002,1,CelebDF,celeb_id5,train
celebdf_synthesis_id32_id23_0008,1,CelebDF,celeb_id5,train
celebdf_synthesis_id32_id26_0007,1,CelebDF,celeb_id5,train
celebdf_synthesis_id32_id28_0008,1,CelebDF,celeb_id5,train
celebdf_synthesis_id32_id29_0007,1,CelebDF,celeb_id5,train
celebdf_synthesis_id32_id30_0004,1,CelebDF,celeb_id5,train
celebdf_synthesis_id32_id31_0005,1,CelebDF,celeb_id5,train
celebdf_synthesis_id32_id33_0002,1,CelebDF,celeb_id5,train
celebdf_synthesis_id32_id33_0008,1,CelebDF,celeb_id5,train
celebdf_synthesis_id32_id34_0005,1,CelebDF,celeb_id5,train
celebdf_synthesis_id32_id35_0003,1,CelebDF,celeb_id5,train
celebdf_synthesis_id32_id35_0009,1,CelebDF,celeb_id5,train
celebdf_synthesis_id32_id37_0007,1,CelebDF,celeb_id5,train
celebdf_synthesis_id33_id20_0003,1,CelebDF,celeb_id5,train
celebdf_synthesis_id33_id21_0002,1,CelebDF,celeb_id5,train
celebdf_synthesis_id33_id23_0002,1,CelebDF,celeb_id5,train
celebdf_synthesis_id33_id23_0009,1,CelebDF,celeb_id5,train
celebdf_synthesis_id33_id26_0009,1,CelebDF,celeb_id5,train
celebdf_synthesis_id33_id28_0008,1,CelebDF,celeb_id5,train
celebdf_synthesis_id33_id29_0005,1,CelebDF,celeb_id5,train
celebdf_synthesis_id33_id30_0001,1,CelebDF,celeb_id5,train
celebdf_synthesis_id33_id30_0007,1,CelebDF,celeb_id5,train
celebdf_synthesis_id33_id31_0006,1,CelebDF,celeb_id5,train
celebdf_synthesis_id33_id32_0002,1,CelebDF,celeb_id5,train
celebdf_synthesis_id33_id32_0008,1,CelebDF,celeb_id5,train
celebdf_synthesis_id33_id34_0005,1,CelebDF,celeb_id5,train
celebdf_synthesis_id33_id35_0001,1,CelebDF,celeb_id5,train
celebdf_synthesis_id33_id35_0007,1,CelebDF,celeb_id5,train
celebdf_synthesis_id33_id37_0005,1,CelebDF,celeb_id5,train
celebdf_synthesis_id33_id38_0003,1,CelebDF,celeb_id5,train
celebdf_synthesis_id33_id38_0009,1,CelebDF,celeb_id5,train
celebdf_synthesis_id34_id21_0008,1,CelebDF,celeb_id5,train
celebdf_synthesis_id34_id26_0003,1,CelebDF,celeb_id5,train
celebdf_synthesis_id34_id29_0001,1,CelebDF,celeb_id5,train
celebdf_synthesis_id34_id30_0000,1,CelebDF,celeb_id5,train
celebdf_synthesis_id34_id30_0006,1,CelebDF,celeb_id5,train
celebdf_synthesis_id34_id31_0002,1,CelebDF,celeb_id5,train
celebdf_synthesis_id34_id32_0000,1,CelebDF,celeb_id5,train
celebdf_synthesis_id34_id32_0006,1,CelebDF,celeb_id5,train
celebdf_synthesis_id34_id33_0003,1,CelebDF,celeb_id5,train
celebdf_synthesis_id34_id35_0001,1,CelebDF,celeb_id5,train
celebdf_synthesis_id34_id35_0007,1,CelebDF,celeb_id5,train
celebdf_synthesis_id34_id37_0005,1,CelebDF,celeb_id5,train
celebdf_synthesis_id34_id38_0005,1,CelebDF,celeb_id5,train
celebdf_synthesis_id35_id16_0001,1,CelebDF,celeb_id5,train
celebdf_synthesis_id35_id16_0007,1,CelebDF,celeb_id5,train
celebdf_synthesis_id35_id17_0006,1,CelebDF,celeb_id5,train
celebdf_synthesis_id35_id1_0002,1,CelebDF,celeb_id5,train
celebdf_synthesis_id35_id20_0002,1,CelebDF,celeb_id5,train
celebdf_synthesis_id35_id21_0001,1,CelebDF,celeb_id5,train
celebdf_synthesis_id35_id21_0009,1,CelebDF,celeb_id5,train
celebdf_synthesis_id35_id23_0005,1,CelebDF,celeb_id5,train
celebdf_synthesis_id35_id26_0002,1,CelebDF,celeb_id5,train
celebdf_synthesis_id35_id26_0009,1,CelebDF,celeb_id5,train
celebdf_synthesis_id35_id28_0007,1,CelebDF,celeb_id5,train
celebdf_synthesis_id35_id29_0004,1,CelebDF,celeb_id5,train
celebdf_synthesis_id35_id2_0000,1,CelebDF,celeb_id5,train
celebdf_synthesis_id35_id2_0008,1,CelebDF,celeb_id5,train
celebdf_synthesis_id35_id30_0006,1,CelebDF,celeb_id5,train
celebdf_synthesis_id35_id31_0003,1,CelebDF,celeb_id5,train
celebdf_synthesis_id35_id32_0001,1,CelebDF,celeb_id5,train
celebdf_synthesis_id35_id32_0008,1,CelebDF,celeb_id5,train
celebdf_synthesis_id35_id33_0004,1,CelebDF,celeb_id5,train
celebdf_synthesis_id35_id34_0000,1,CelebDF,celeb_id5,train
celebdf_synthesis_id35_id34_0008,1,CelebDF,celeb_id5,train
celebdf_synthesis_id35_id37_0005,1,CelebDF,celeb_id5,train
celebdf_synthesis_id35_id38_0001,1,CelebDF,celeb_id5,train
celebdf_synthesis_id35_id38_0009,1,CelebDF,celeb_id5,train
celebdf_synthesis_id35_id3_0007,1,CelebDF,celeb_id5,train
celebdf_synthesis_id35_id4_0003,1,CelebDF,celeb_id5,train
celebdf_synthesis_id35_id6_0002,1,CelebDF,celeb_id5,train
celebdf_synthesis_id35_id9_0000,1,CelebDF,celeb_id5,train
celebdf_synthesis_id35_id9_0006,1,CelebDF,celeb_id5,train
celebdf_synthesis_id37_id16_0003,1,CelebDF,celeb_id5,train
celebdf_synthesis_id37_id17_0002,1,CelebDF,celeb_id5,train
celebdf_synthesis_id37_id1_0003,1,CelebDF,celeb_id5,train
celebdf_synthesis_id37_id20_0000,1,CelebDF,celeb_id5,train
celebdf_synthesis_id37_id21_0000,1,CelebDF,celeb_id5,train
celebdf_synthesis_id37_id21_0009,1,CelebDF,celeb_id5,train
celebdf_synthesis_id37_id26_0001,1,CelebDF,celeb_id5,train
celebdf_synthesis_id37_id26_0008,1,CelebDF,celeb_id5,train
celebdf_synthesis_id37_id28_0006,1,CelebDF,celeb_id5,train
celebdf_synthesis_id37_id29_0003,1,CelebDF,celeb_id5,train
celebdf_synthesis_id37_id2_0000,1,CelebDF,celeb_id5,train
celebdf_synthesis_id37_id2_0007,1,CelebDF,celeb_id5,train
celebdf_synthesis_id37_id30_0003,1,CelebDF,celeb_id5,train
celebdf_synthesis_id37_id31_0000,1,CelebDF,celeb_id5,train
celebdf_synthesis_id37_id31_0007,1,CelebDF,celeb_id5,train
celebdf_synthesis_id37_id32_0003,1,CelebDF,celeb_id5,train
celebdf_synthesis_id37_id33_0000,1,CelebDF,celeb_id5,train
celebdf_synthesis_id37_id33_0008,1,CelebDF,celeb_id5,train
celebdf_synthesis_id37_id34_0005,1,CelebDF,celeb_id5,train
celebdf_synthesis_id37_id35_0003,1,CelebDF,celeb_id5,train
celebdf_synthesis_id37_id38_0001,1,CelebDF,celeb_id5,train
celebdf_synthesis_id37_id3_0000,1,CelebDF,celeb_id5,train
celebdf_synthesis_id37_id3_0006,1,CelebDF,celeb_id5,train
celebdf_synthesis_id37_id4_0003,1,CelebDF,celeb_id5,train
celebdf_synthesis_id37_id4_0009,1,CelebDF,celeb_id5,train
celebdf_synthesis_id37_id6_0006,1,CelebDF,celeb_id5,train
celebdf_synthesis_id37_id9_0005,1,CelebDF,celeb_id5,train
celebdf_synthesis_id38_id20_0005,1,CelebDF,celeb_id5,train
celebdf_synthesis_id38_id23_0000,1,CelebDF,celeb_id5,train
celebdf_synthesis_id38_id23_0009,1,CelebDF,celeb_id5,train
celebdf_synthesis_id38_id26_0007,1,CelebDF,celeb_id5,train
celebdf_synthesis_id38_id28_0005,1,CelebDF,celeb_id5,train
celebdf_synthesis_id38_id29_0002,1,CelebDF,celeb_id5,train
celebdf_synthesis_id38_id29_0009,1,CelebDF,celeb_id5,train
celebdf_synthesis_id38_id30_0005,1,CelebDF,celeb_id5,train
celebdf_synthesis_id38_id31_0002,1,CelebDF,celeb_id5,train
celebdf_synthesis_id38_id31_0008,1,CelebDF,celeb_id5,train
celebdf_synthesis_id38_id33_0000,1,CelebDF,celeb_id5,train
celebdf_synthesis_id38_id33_0007,1,CelebDF,celeb_id5,train
celebdf_synthesis_id38_id34_0003,1,CelebDF,celeb_id5,train
celebdf_synthesis_id38_id34_0009,1,CelebDF,celeb_id5,train
celebdf_synthesis_id38_id35_0006,1,CelebDF,celeb_id5,train
celebdf_synthesis_id38_id37_0003,1,CelebDF,celeb_id5,train
celebdf_synthesis_id38_id37_0009,1,CelebDF,celeb_id5,train
celebdf_synthesis_id39_id40_0007,1,CelebDF,celeb_id39,test
celebdf_synthesis_id39_id42_0004,1,CelebDF,celeb_id39,test
celebdf_synthesis_id39_id43_0001,1,CelebDF,celeb_id39,test
celebdf_synthesis_id39_id43_0009,1,CelebDF,celeb_id39,test
celebdf_synthesis_id39_id44_0005,1,CelebDF,celeb_id39,test
celebdf_synthesis_id39_id45_0001,1,CelebDF,celeb_id39,test
celebdf_synthesis_id39_id45_0008,1,CelebDF,celeb_id39,test
celebdf_synthesis_id39_id46_0004,1,CelebDF,celeb_id39,test
celebdf_synthesis_id39_id47_0002,1,CelebDF,celeb_id39,test
celebdf_synthesis_id39_id48_0000,1,CelebDF,celeb_id39,test
celebdf_synthesis_id39_id48_0007,1,CelebDF,celeb_id39,test
celebdf_synthesis_id3_id0_0003,1,CelebDF,celeb_id5,train
celebdf_synthesis_id3_id16_0000,1,CelebDF,celeb_id5,train
celebdf_synthesis_id3_id16_0006,1,CelebDF,celeb_id5,train
celebdf_synthesis_id3_id17_0003,1,CelebDF,celeb_id5,train
celebdf_synthesis_id3_id1_0001,1,CelebDF,celeb_id5,train
celebdf_synthesis_id3_id1_0007,1,CelebDF,celeb_id5,train
celebdf_synthesis_id3_id20_0005,1,CelebDF,celeb_id5,train
celebdf_synthesis_id3_id21_0003,1,CelebDF,celeb_id5,train
celebdf_synthesis_id3_id23_0001,1,CelebDF,celeb_id5,train
celebdf_synthesis_id3_id23_0007,1,CelebDF,celeb_id5,train
celebdf_synthesis_id3_id26_0004,1,CelebDF,celeb_id5,train
celebdf_synthesis_id3_id28_0001,1,CelebDF,celeb_id5,train
celebdf_synthesis_id3_id28_0008,1,CelebDF,celeb_id5,train
celebdf_synthesis_id3_id2_0005,1,CelebDF,celeb_id5,train
celebdf_synthesis_id3_id30_0001,1,CelebDF,celeb_id5,train
celebdf_synthesis_id3_id30_0007,1,CelebDF,celeb_id5,train
celebdf_synthesis_id3_id31_0004,1,CelebDF,celeb_id5,train
celebdf_synthesis_id3_id35_0000,1,CelebDF,celeb_id5,train
celebdf_synthesis_id3_id35_0006,1,CelebDF,celeb_id5,train
celebdf_synthesis_id3_id37_0003,1,CelebDF,celeb_id5,train
celebdf_synthesis_id3_id37_0009,1,CelebDF,celeb_id5,train
celebdf_synthesis_id3_id4_0008,1,CelebDF,celeb_id5,train
celebdf_synthesis_id3_id6_0006,1,CelebDF,celeb_id5,train
celebdf_synthesis_id3_id9_0002,1,CelebDF,celeb_id5,train
celebdf_synthesis_id3_id9_0008,1,CelebDF,celeb_id5,train
celebdf_synthesis_id40_id39_0006,1,CelebDF,celeb_id39,test
celebdf_synthesis_id40_id41_0002,1,CelebDF,celeb_id39,test
celebdf_synthesis_id40_id41_0008,1,CelebDF,celeb_id39,test
celebdf_synthesis_id40_id42_0007,1,CelebDF,celeb_id39,test
celebdf_synthesis_id40_id43_0003,1,CelebDF,celeb_id39,test
celebdf_synthesis_id40_id43_0009,1,CelebDF,celeb_id39,test
celebdf_synthesis_id40_id44_0008,1,CelebDF,celeb_id39,test
celebdf_synthesis_id40_id45_0004,1,CelebDF,celeb_id39,test
celebdf_synthesis_id40_id46_0000,1,CelebDF,celeb_id39,test
celebdf_synthesis_id40_id46_0008,1,CelebDF,celeb_id39,test
celebdf_synthesis_id40_id47_0004,1,CelebDF,celeb_id39,test
celebdf_synthesis_id40_id48_0000,1,CelebDF,celeb_id39,test
celebdf_synthesis_id40_id48_0008,1,CelebDF,celeb_id39,test
celebdf_synthesis_id41_id40_0005,1,CelebDF,celeb_id39,test
celebdf_synthesis_id41_id42_0002,1,CelebDF,celeb_id39,test
celebdf_synthesis_id41_id43_0000,1,CelebDF,celeb_id39,test
celebdf_synthesis_id41_id43_0006,1,CelebDF,celeb_id39,test
celebdf_synthesis_id41_id44_0004,1,CelebDF,celeb_id39,test
celebdf_synthesis_id41_id45_0001,1,CelebDF,celeb_id39,test
celebdf_synthesis_id41_id45_0007,1,CelebDF,celeb_id39,test
celebdf_synthesis_id41_id46_0004,1,CelebDF,celeb_id39,test
celebdf_synthesis_id41_id47_0003,1,CelebDF,celeb_id39,test
celebdf_synthesis_id41_id47_0009,1,CelebDF,celeb_id39,test
celebdf_synthesis_id41_id48_0006,1,CelebDF,celeb_id39,test
celebdf_synthesis_id42_id39_0003,1,CelebDF,celeb_id39,test
celebdf_synthesis_id42_id41_0001,1,CelebDF,celeb_id39,test
celebdf_synthesis_id42_id43_0003,1,CelebDF,celeb_id39,test
celebdf_synthesis_id42_id45_0002,1,CelebDF,celeb_id39,test
celebdf_synthesis_id42_id47_0000,1,CelebDF,celeb_id39,test
celebdf_synthesis_id42_id48_0002,1,CelebDF,celeb_id39,test
celebdf_synthesis_id43_id39_0005,1,CelebDF,celeb_id39,test
celebdf_synthesis_id43_id40_0002,1,CelebDF,celeb_id39,test
celebdf_synthesis_id43_id40_0009,1,CelebDF,celeb_id39,test
celebdf_synthesis_id43_id41_0006,1,CelebDF,celeb_id39,test
celebdf_synthesis_id43_id42_0002,1,CelebDF,celeb_id39,test
celebdf_synthesis_id43_id44_0001,1,CelebDF,celeb_id39,test
celebdf_synthesis_id43_id45_0000,1,CelebDF,celeb_id39,test
celebdf_synthesis_id43_id45_0008,1,CelebDF,celeb_id39,test
celebdf_synthesis_id43_id46_0004,1,CelebDF,celeb_id39,test
celebdf_synthesis_id43_id47_0002,1,CelebDF,celeb_id39,test
celebdf_synthesis_id43_id47_0009,1,CelebDF,celeb_id39,test
celebdf_synthesis_id43_id48_0005,1,CelebDF,celeb_id39,test
celebdf_synthesis_id44_id39_0002,1,CelebDF,celeb_id39,test
celebdf_synthesis_id44_id41_0001,1,CelebDF,celeb_id39,test
celebdf_synthesis_id44_id42_0003,1,CelebDF,celeb_id39,test
celebdf_synthesis_id44_id43_0004,1,CelebDF,celeb_id39,test
celebdf_synthesis_id44_id45_0004,1,CelebDF,celeb_id39,test
celebdf_synthesis_id44_id46_0004,1,CelebDF,celeb_id39,test
celebdf_synthesis_id44_id48_0000,1,CelebDF,celeb_id39,test
celebdf_synthesis_id45_id39_0000,1,CelebDF,celeb_id39,test
celebdf_synthesis_id45_id39_0007,1,CelebDF,celeb_id39,test
celebdf_synthesis_id45_id40_0003,1,CelebDF,celeb_id39,test
celebdf_synthesis_id45_id40_0009,1,CelebDF,celeb_id39,test
celebdf_synthesis_id45_id41_0006,1,CelebDF,celeb_id39,test
celebdf_synthesis_id45_id42_0003,1,CelebDF,celeb_id39,test
celebdf_synthesis_id45_id43_0000,1,CelebDF,celeb_id39,test
celebdf_synthesis_id45_id43_0007,1,CelebDF,celeb_id39,test
celebdf_synthesis_id45_id44_0003,1,CelebDF,celeb_id39,test
celebdf_synthesis_id45_id44_0009,1,CelebDF,celeb_id39,test
celebdf_synthesis_id45_id46_0007,1,CelebDF,celeb_id39,test
celebdf_synthesis_id45_id47_0003,1,CelebDF,celeb_id39,test
celebdf_synthesis_id45_id47_0009,1,CelebDF,celeb_id39,test
celebdf_synthesis_id45_id48_0006,1,CelebDF,celeb_id39,test
celebdf_synthesis_id46_id39_0002,1,CelebDF,celeb_id39,test
celebdf_synthesis_id46_id39_0008,1,CelebDF,celeb_id39,test
celebdf_synthesis_id46_id41_0001,1,CelebDF,celeb_id39,test
celebdf_synthesis_id46_id41_0008,1,CelebDF,celeb_id39,test
celebdf_synthesis_id46_id42_0004,1,CelebDF,celeb_id39,test
celebdf_synthesis_id46_id43_0001,1,CelebDF,celeb_id39,test
celebdf_synthesis_id46_id43_0007,1,CelebDF,celeb_id39,test
celebdf_synthesis_id46_id44_0005,1,CelebDF,celeb_id39,test
celebdf_synthesis_id46_id45_0005,1,CelebDF,celeb_id39,test
celebdf_synthesis_id46_id47_0001,1,CelebDF,celeb_id39,test
celebdf_synthesis_id46_id47_0007,1,CelebDF,celeb_id39,test
celebdf_synthesis_id46_id48_0005,1,CelebDF,celeb_id39,test
celebdf_synthesis_id47_id39_0002,1,CelebDF,celeb_id39,test
celebdf_synthesis_id47_id39_0008,1,CelebDF,celeb_id39,test
celebdf_synthesis_id47_id40_0006,1,CelebDF,celeb_id39,test
celebdf_synthesis_id47_id41_0002,1,CelebDF,celeb_id39,test
celebdf_synthesis_id47_id41_0008,1,CelebDF,celeb_id39,test
celebdf_synthesis_id47_id42_0005,1,CelebDF,celeb_id39,test
celebdf_synthesis_id47_id43_0001,1,CelebDF,celeb_id39,test
celebdf_synthesis_id47_id43_0007,1,CelebDF,celeb_id39,test
celebdf_synthesis_id47_id44_0004,1,CelebDF,celeb_id39,test
celebdf_synthesis_id47_id45_0000,1,CelebDF,celeb_id39,test
celebdf_synthesis_id47_id45_0006,1,CelebDF,celeb_id39,test
celebdf_synthesis_id47_id46_0003,1,CelebDF,celeb_id39,test
celebdf_synthesis_id47_id46_0009,1,CelebDF,celeb_id39,test
celebdf_synthesis_id47_id48_0005,1,CelebDF,celeb_id39,test
celebdf_synthesis_id48_id39_0002,1,CelebDF,celeb_id39,test
celebdf_synthesis_id48_id39_0008,1,CelebDF,celeb_id39,test
celebdf_synthesis_id48_id40_0004,1,CelebDF,celeb_id39,test
celebdf_synthesis_id48_id41_0002,1,CelebDF,celeb_id39,test
celebdf_synthesis_id48_id42_0000,1,CelebDF,celeb_id39,test
celebdf_synthesis_id48_id42_0006,1,CelebDF,celeb_id39,test
celebdf_synthesis_id48_id43_0004,1,CelebDF,celeb_id39,test
celebdf_synthesis_id48_id44_0000,1,CelebDF,celeb_id39,test
celebdf_synthesis_id48_id44_0006,1,CelebDF,celeb_id39,test
celebdf_synthesis_id48_id45_0003,1,CelebDF,celeb_id39,test
celebdf_synthesis_id48_id45_0009,1,CelebDF,celeb_id39,test
celebdf_synthesis_id48_id46_0006,1,CelebDF,celeb_id39,test
celebdf_synthesis_id48_id47_0004,1,CelebDF,celeb_id39,test
celebdf_synthesis_id49_id50_0000,1,CelebDF,celeb_id49,val
celebdf_synthesis_id49_id50_0006,1,CelebDF,celeb_id49,val
celebdf_synthesis_id49_id51_0003,1,CelebDF,celeb_id49,val
celebdf_synthesis_id49_id51_0009,1,CelebDF,celeb_id49,val
celebdf_synthesis_id49_id52_0005,1,CelebDF,celeb_id49,val
celebdf_synthesis_id49_id53_0002,1,CelebDF,celeb_id49,val
celebdf_synthesis_id49_id54_0000,1,CelebDF,celeb_id49,val
celebdf_synthesis_id49_id54_0006,1,CelebDF,celeb_id49,val
celebdf_synthesis_id49_id55_0003,1,CelebDF,celeb_id49,val
celebdf_synthesis_id49_id55_0009,1,CelebDF,celeb_id49,val
celebdf_synthesis_id49_id56_0006,1,CelebDF,celeb_id49,val
celebdf_synthesis_id49_id57_0004,1,CelebDF,celeb_id49,val
celebdf_synthesis_id49_id58_0001,1,CelebDF,celeb_id49,val
celebdf_synthesis_id49_id58_0008,1,CelebDF,celeb_id49,val
celebdf_synthesis_id4_id0_0005,1,CelebDF,celeb_id5,train
celebdf_synthesis_id4_id1_0001,1,CelebDF,celeb_id5,train
celebdf_synthesis_id4_id1_0007,1,CelebDF,celeb_id5,train
celebdf_synthesis_id4_id20_0004,1,CelebDF,celeb_id5,train
celebdf_synthesis_id4_id21_0002,1,CelebDF,celeb_id5,train
celebdf_synthesis_id4_id23_0000,1,CelebDF,celeb_id5,train
celebdf_synthesis_id4_id23_0007,1,CelebDF,celeb_id5,train
celebdf_synthesis_id4_id26_0003,1,CelebDF,celeb_id5,train
celebdf_synthesis_id4_id26_0009,1,CelebDF,celeb_id5,train
celebdf_synthesis_id4_id28_0006,1,CelebDF,celeb_id5,train
celebdf_synthesis_id4_id2_0003,1,CelebDF,celeb_id5,train
celebdf_synthesis_id4_id2_0009,1,CelebDF,celeb_id5,train
celebdf_synthesis_id4_id30_0007,1,CelebDF,celeb_id5,train
celebdf_synthesis_id4_id31_0005,1,CelebDF,celeb_id5,train
celebdf_synthesis_id4_id35_0001,1,CelebDF,celeb_id5,train
celebdf_synthesis_id4_id35_0009,1,CelebDF,celeb_id5,train
celebdf_synthesis_id4_id37_0005,1,CelebDF,celeb_id5,train
celebdf_synthesis_id4_id3_0001,1,CelebDF,celeb_id5,train
celebdf_synthesis_id4_id3_0008,1,CelebDF,celeb_id5,train
celebdf_synthesis_id4_id6_0004,1,CelebDF,celeb_id5,train
celebdf_synthesis_id4_id9_0000,1,CelebDF,celeb_id5,train
celebdf_synthesis_id4_id9_0007,1,CelebDF,celeb_id5,train
celebdf_synthesis_id50_id49_0004,1,CelebDF,celeb_id49,val
celebdf_synthesis_id50_id51_0001,1,CelebDF,celeb_id49,val
celebdf_synthesis_id50_id51_0008,1,CelebDF,celeb_id49,val
celebdf_synthesis_id50_id52_0004,1,CelebDF,celeb_id49,val
celebdf_synthesis_id50_id53_0002,1,CelebDF,celeb_id49,val
celebdf_synthesis_id50_id54_0001,1,CelebDF,celeb_id49,val
celebdf_synthesis_id50_id54_0009,1,CelebDF,celeb_id49,val
celebdf_synthesis_id50_id55_0005,1,CelebDF,celeb_id49,val
celebdf_synthesis_id50_id56_0004,1,CelebDF,celeb_id49,val
celebdf_synthesis_id50_id57_0000,1,CelebDF,celeb_id49,val
celebdf_synthesis_id50_id57_0006,1,CelebDF,celeb_id49,val
celebdf_synthesis_id51_id49_0004,1,CelebDF,celeb_id49,val
celebdf_synthesis_id51_id50_0001,1,CelebDF,celeb_id49,val
celebdf_synthesis_id51_id50_0008,1,CelebDF,celeb_id49,val
celebdf_synthesis_id51_id53_0007,1,CelebDF,celeb_id49,val
celebdf_synthesis_id51_id54_0004,1,CelebDF,celeb_id49,val
celebdf_synthesis_id51_id55_0000,1,CelebDF,celeb_id49,val
celebdf_synthesis_id51_id55_0008,1,CelebDF,celeb_id49,val
celebdf_synthesis_id51_id56_0006,1,CelebDF,celeb_id49,val
celebdf_synthesis_id51_id57_0004,1,CelebDF,celeb_id49,val
celebdf_synthesis_id51_id58_0002,1,CelebDF,celeb_id49,val
celebdf_synthesis_id51_id58_0009,1,CelebDF,celeb_id49,val
celebdf_synthesis_id52_id49_0005,1,CelebDF,celeb_id49,val
celebdf_synthesis_id52_id50_0002,1,CelebDF,celeb_id49,val
celebdf_synthesis_id52_id50_0008,1,CelebDF,celeb_id49,val
celebdf_synthesis_id52_id53_0004,1,CelebDF,celeb_id49,val
celebdf_synthesis_id52_id54_0001,1,CelebDF,celeb_id49,val
celebdf_synthesis_id52_id54_0007,1,CelebDF,celeb_id49,val
celebdf_synthesis_id52_id55_0003,1,CelebDF,celeb_id49,val
celebdf_synthesis_id52_id56_0000,1,CelebDF,celeb_id49,val
celebdf_synthesis_id52_id56_0006,1,CelebDF,celeb_id49,val
celebdf_synthesis_id52_id57_0002,1,CelebDF,celeb_id49,val
celebdf_synthesis_id52_id57_0009,1,CelebDF,celeb_id49,val
celebdf_synthesis_id52_id58_0005,1,CelebDF,celeb_id49,val
celebdf_synthesis_id53_id49_0002,1,CelebDF,celeb_id49,val
celebdf_synthesis_id53_id50_0000,1,CelebDF,celeb_id49,val
celebdf_synthesis_id53_id50_0006,1,CelebDF,celeb_id49,val
celebdf_synthesis_id53_id51_0002,1,CelebDF,celeb_id49,val
celebdf_synthesis_id53_id51_0009,1,CelebDF,celeb_id49,val
celebdf_synthesis_id53_id52_0005,1,CelebDF,celeb_id49,val
celebdf_synthesis_id53_id54_0002,1,CelebDF,celeb_id49,val
celebdf_synthesis_id53_id54_0009,1,CelebDF,celeb_id49,val
celebdf_synthesis_id53_id55_0005,1,CelebDF,celeb_id49,val
celebdf_synthesis_id53_id56_0002,1,CelebDF,celeb_id49,val
celebdf_synthesis_id53_id56_0008,1,CelebDF,celeb_id49,val
celebdf_synthesis_id53_id57_0005,1,CelebDF,celeb_id49,val
celebdf_synthesis_id53_id58_0003,1,CelebDF,celeb_id49,val
celebdf_synthesis_id53_id58_0009,1,CelebDF,celeb_id49,val
celebdf_synthesis_id54_id49_0005,1,CelebDF,celeb_id49,val
celebdf_synthesis_id54_id50_0003,1,CelebDF,celeb_id49,val
celebdf_synthesis_id54_id51_0000,1,CelebDF,celeb_id49,val
celebdf_synthesis_id54_id51_0008,1,CelebDF,celeb_id49,val
celebdf_synthesis_id54_id52_0006,1,CelebDF,celeb_id49,val
celebdf_synthesis_id54_id53_0004,1,CelebDF,celeb_id49,val
celebdf_synthesis_id54_id55_0001,1,CelebDF,celeb_id49,val
celebdf_synthesis_id54_id55_0008,1,CelebDF,celeb_id49,val
celebdf_synthesis_id54_id56_0004,1,CelebDF,celeb_id49,val
celebdf_synthesis_id54_id57_0001,1,CelebDF,celeb_id49,val
celebdf_synthesis_id54_id57_0008,1,CelebDF,celeb_id49,val
celebdf_synthesis_id54_id58_0005,1,CelebDF,celeb_id49,val
celebdf_synthesis_id55_id49_0002,1,CelebDF,celeb_id49,val
celebdf_synthesis_id55_id50_0001,1,CelebDF,celeb_id49,val
celebdf_synthesis_id55_id50_0007,1,CelebDF,celeb_id49,val
celebdf_synthesis_id55_id51_0004,1,CelebDF,celeb_id49,val
celebdf_synthesis_id55_id52_0002,1,CelebDF,celeb_id49,val
celebdf_synthesis_id55_id52_0009,1,CelebDF,celeb_id49,val
celebdf_synthesis_id55_id53_0009,1,CelebDF,celeb_id49,val
celebdf_synthesis_id55_id54_0009,1,CelebDF,celeb_id49,val
celebdf_synthesis_id55_id56_0009,1,CelebDF,celeb_id49,val
celebdf_synthesis_id55_id57_0009,1,CelebDF,celeb_id49,val
celebdf_synthesis_id56_id49_0001,1,CelebDF,celeb_id49,val
celebdf_synthesis_id56_id49_0008,1,CelebDF,celeb_id49,val
celebdf_synthesis_id56_id50_0005,1,CelebDF,celeb_id49,val
celebdf_synthesis_id56_id51_0002,1,CelebDF,celeb_id49,val
celebdf_synthesis_id56_id51_0009,1,CelebDF,celeb_id49,val
celebdf_synthesis_id56_id52_0006,1,CelebDF,celeb_id49,val
celebdf_synthesis_id56_id53_0003,1,CelebDF,celeb_id49,val
celebdf_synthesis_id56_id54_0001,1,CelebDF,celeb_id49,val
celebdf_synthesis_id56_id54_0008,1,CelebDF,celeb_id49,val
celebdf_synthesis_id56_id55_0006,1,CelebDF,celeb_id49,val
celebdf_synthesis_id56_id57_0002,1,CelebDF,celeb_id49,val
celebdf_synthesis_id56_id57_0009,1,CelebDF,celeb_id49,val
celebdf_synthesis_id56_id58_0008,1,CelebDF,celeb_id49,val
celebdf_synthesis_id57_id50_0002,1,CelebDF,celeb_id49,val
celebdf_synthesis_id57_id51_0000,1,CelebDF,celeb_id49,val
celebdf_synthesis_id57_id51_0008,1,CelebDF,celeb_id49,val
celebdf_synthesis_id57_id52_0006,1,CelebDF,celeb_id49,val
celebdf_synthesis_id57_id53_0004,1,CelebDF,celeb_id49,val
celebdf_synthesis_id57_id54_0006,1,CelebDF,celeb_id49,val
celebdf_synthesis_id57_id55_0003,1,CelebDF,celeb_id49,val
celebdf_synthesis_id57_id56_0001,1,CelebDF,celeb_id49,val
celebdf_synthesis_id57_id56_0008,1,CelebDF,celeb_id49,val
celebdf_synthesis_id57_id58_0006,1,CelebDF,celeb_id49,val
celebdf_synthesis_id58_id49_0006,1,CelebDF,celeb_id49,val
celebdf_synthesis_id58_id51_0005,1,CelebDF,celeb_id49,val
celebdf_synthesis_id58_id52_0004,1,CelebDF,celeb_id49,val
celebdf_synthesis_id58_id53_0005,1,CelebDF,celeb_id49,val
celebdf_synthesis_id58_id54_0005,1,CelebDF,celeb_id49,val
celebdf_synthesis_id58_id55_0005,1,CelebDF,celeb_id49,val
celebdf_synthesis_id58_id56_0003,1,CelebDF,celeb_id49,val
celebdf_synthesis_id58_id57_0003,1,CelebDF,celeb_id49,val
celebdf_synthesis_id59_id5_0000,1,CelebDF,celeb_id5,train
celebdf_synthesis_id59_id5_0007,1,CelebDF,celeb_id5,train
celebdf_synthesis_id59_id60_0007,1,CelebDF,celeb_id5,train
celebdf_synthesis_id59_id61_0005,1,CelebDF,celeb_id5,train
celebdf_synthesis_id5_id59_0003,1,CelebDF,celeb_id5,train
celebdf_synthesis_id5_id60_0004,1,CelebDF,celeb_id5,train
celebdf_synthesis_id5_id61_0004,1,CelebDF,celeb_id5,train
celebdf_synthesis_id60_id59_0003,1,CelebDF,celeb_id5,train
celebdf_synthesis_id60_id5_0000,1,CelebDF,celeb_id5,train
celebdf_synthesis_id60_id5_0006,1,CelebDF,celeb_id5,train
celebdf_synthesis_id60_id61_0002,1,CelebDF,celeb_id5,train
celebdf_synthesis_id60_id61_0009,1,CelebDF,celeb_id5,train
celebdf_synthesis_id61_id5_0000,1,CelebDF,celeb_id5,train
celebdf_synthesis_id61_id60_0002,1,CelebDF,celeb_id5,train
celebdf_synthesis_id6_id0_0003,1,CelebDF,celeb_id5,train
celebdf_synthesis_id6_id0_0009,1,CelebDF,celeb_id5,train
celebdf_synthesis_id6_id16_0005,1,CelebDF,celeb_id5,train
celebdf_synthesis_id6_id17_0002,1,CelebDF,celeb_id5,train
celebdf_synthesis_id6_id17_0008,1,CelebDF,celeb_id5,train
celebdf_synthesis_id6_id1_0004,1,CelebDF,celeb_id5,train
celebdf_synthesis_id6_id20_0006,1,CelebDF,celeb_id5,train
celebdf_synthesis_id6_id21_0005,1,CelebDF,celeb_id5,train
celebdf_synthesis_id6_id23_0001,1,CelebDF,celeb_id5,train
celebdf_synthesis_id6_id26_0001,1,CelebDF,celeb_id5,train
celebdf_synthesis_id6_id28_0002,1,CelebDF,celeb_id5,train
celebdf_synthesis_id6_id28_0009,1,CelebDF,celeb_id5,train
celebdf_synthesis_id6_id2_0006,1,CelebDF,celeb_id5,train
celebdf_synthesis_id6_id30_0007,1,CelebDF,celeb_id5,train
celebdf_synthesis_id6_id31_0005,1,CelebDF,celeb_id5,train
celebdf_synthesis_id6_id35_0006,1,CelebDF,celeb_id5,train
celebdf_synthesis_id6_id37_0006,1,CelebDF,celeb_id5,train
celebdf_synthesis_id6_id3_0003,1,CelebDF,celeb_id5,train
celebdf_synthesis_id6_id4_0001,1,CelebDF,celeb_id5,train
celebdf_synthesis_id6_id4_0009,1,CelebDF,celeb_id5,train
celebdf_synthesis_id6_id9_0005,1,CelebDF,celeb_id5,train
celebdf_synthesis_id7_id10_0003,1,CelebDF,celeb_id10,train
celebdf_synthesis_id7_id11_0001,1,CelebDF,celeb_id10,train
celebdf_synthesis_id7_id11_0009,1,CelebDF,celeb_id10,train
celebdf_synthesis_id7_id13_0000,1,CelebDF,celeb_id10,train
celebdf_synthesis_id7_id13_0007,1,CelebDF,celeb_id10,train
celebdf_synthesis_id8_id1_0002,1,CelebDF,celeb_id5,train
celebdf_synthesis_id8_id2_0008,1,CelebDF,celeb_id5,train
celebdf_synthesis_id8_id5_0002,1,CelebDF,celeb_id5,train
celebdf_synthesis_id8_id6_0007,1,CelebDF,celeb_id5,train
celebdf_synthesis_id8_id9_0003,1,CelebDF,celeb_id5,train
celebdf_synthesis_id9_id0_0004,1,CelebDF,celeb_id5,train
celebdf_synthesis_id9_id16_0001,1,CelebDF,celeb_id5,train
celebdf_synthesis_id9_id16_0008,1,CelebDF,celeb_id5,train
celebdf_synthesis_id9_id17_0004,1,CelebDF,celeb_id5,train
celebdf_synthesis_id9_id1_0000,1,CelebDF,celeb_id5,train
celebdf_synthesis_id9_id1_0009,1,CelebDF,celeb_id5,train
celebdf_synthesis_id9_id21_0001,1,CelebDF,celeb_id5,train
celebdf_synthesis_id9_id23_0001,1,CelebDF,celeb_id5,train
celebdf_synthesis_id9_id26_0001,1,CelebDF,celeb_id5,train
celebdf_synthesis_id9_id26_0008,1,CelebDF,celeb_id5,train
celebdf_synthesis_id9_id28_0005,1,CelebDF,celeb_id5,train
celebdf_synthesis_id9_id2_0004,1,CelebDF,celeb_id5,train
celebdf_synthesis_id9_id30_0001,1,CelebDF,celeb_id5,train
celebdf_synthesis_id9_id31_0001,1,CelebDF,celeb_id5,train
celebdf_synthesis_id9_id35_0004,1,CelebDF,celeb_id5,train
celebdf_synthesis_id9_id37_0004,1,CelebDF,celeb_id5,train
celebdf_synthesis_id9_id3_0004,1,CelebDF,celeb_id5,train
celebdf_synthesis_id9_id4_0002,1,CelebDF,celeb_id5,train
celebdf_synthesis_id9_id6_0002,1,CelebDF,celeb_id5,train
ffpp_DeepFakeDetection_01_02__meeting_serious__YVGY8LOK,1,FFpp,ff_01,train
ffpp_DeepFakeDetection_01_03__hugging_happy__ISF9SP4G,1,FFpp,ff_01,train
ffpp_DeepFakeDetection_01_04__talking_angry_couch__0XUW13RW,1,FFpp,ff_01,train
ffpp_DeepFakeDetection_01_11__outside_talking_pan_laughing__WIZ7GKOD,1,FFpp,ff_01,train
ffpp_DeepFakeDetection_01_12__outside_talking_pan_laughing__TNI7KUZ6,1,FFpp,ff_01,train
ffpp_DeepFakeDetection_01_20__hugging_happy__FW94AIMJ,1,FFpp,ff_01,train
ffpp_DeepFakeDetection_01_21__walk_down_hall_angry__03X7CELV,1,FFpp,ff_01,train
ffpp_DeepFakeDetection_01_27__walking_outside_cafe_disgusted__ZYCZ30C0,1,FFpp,ff_01,train
ffpp_DeepFakeDetection_02_03__walking_outside_cafe_disgusted__QH3Y0IG0,1,FFpp,ff_01,train
ffpp_DeepFakeDetection_02_06__talking_angry_couch__J1W9R0NG,1,FFpp,ff_01,train
ffpp_DeepFakeDetection_02_07__hugging_happy__1JCLEEBQ,1,FFpp,ff_01,train
ffpp_DeepFakeDetection_02_07__walking_down_street_outside_angry__O4SXNLRL,1,FFpp,ff_01,train
ffpp_DeepFakeDetection_02_09__talking_angry_couch__6KUOFMZW,1,FFpp,ff_01,train
ffpp_DeepFakeDetection_02_13__exit_phone_room__CP5HFV3K,1,FFpp,ff_01,train
ffpp_DeepFakeDetection_02_13__podium_speech_happy__2YSYT2N3,1,FFpp,ff_01,train
ffpp_DeepFakeDetection_02_15__exit_phone_room__MZWH8ATN,1,FFpp,ff_01,train
ffpp_DeepFakeDetection_02_15__outside_talking_pan_laughing__SB6PMCO0,1,FFpp,ff_01,train
ffpp_DeepFakeDetection_02_15__walk_down_hall_angry__TN2CWM3K,1,FFpp,ff_01,train
ffpp_DeepFakeDetection_02_18__outside_talking_pan_laughing__OXMEEFUQ,1,FFpp,ff_01,train
ffpp_DeepFakeDetection_02_25__talking_against_wall__Z7FQ69VP,1,FFpp,ff_01,train
ffpp_DeepFakeDetection_03_01__outside_talking_still_laughing__JZUXXFRB,1,FFpp,ff_01,train
ffpp_DeepFakeDetection_03_06__exit_phone_room__1IXGY2FK,1,FFpp,ff_01,train
ffpp_DeepFakeDetection_03_07__kitchen_pan__WPT3Z2KN,1,FFpp,ff_01,train
ffpp_DeepFakeDetection_03_07__walking_outside_cafe_disgusted__IFSURI9X,1,FFpp,ff_01,train
ffpp_DeepFakeDetection_03_11__talking_against_wall__P08VGHTA,1,FFpp,ff_01,train
ffpp_DeepFakeDetection_03_13__outside_talking_still_laughing__GBYWJW06,1,FFpp,ff_01,train
ffpp_DeepFakeDetection_03_14__talking_against_wall__ZC2KYASW,1,FFpp,ff_01,train
ffpp_DeepFakeDetection_03_15__meeting_serious__DNUJD8M2,1,FFpp,ff_01,train
ffpp_DeepFakeDetection_03_18__walking_and_outside_surprised__8HNSXOBW,1,FFpp,ff_01,train
ffpp_DeepFakeDetection_03_21__meeting_serious__V53E3RVB,1,FFpp,ff_01,train
ffpp_DeepFakeDetection_03_27__walk_down_hall_angry__IL675GCI,1,FFpp,ff_01,train
ffpp_DeepFakeDetection_04_01__kitchen_still__GBC7ZGDP,1,FFpp,ff_01,train
ffpp_DeepFakeDetection_04_06__kitchen_still__ZK95PQDE,1,FFpp,ff_01,train
ffpp_DeepFakeDetection_04_13__podium_speech_happy__00T3UYOR,1,FFpp,ff_01,train
ffpp_DeepFakeDetection_04_21__talking_angry_couch__5Y31RZP8,1,FFpp,ff_01,train
ffpp_DeepFakeDetection_04_27__walking_outside_cafe_disgusted__2CCI2ND1,1,FFpp,ff_01,train
ffpp_DeepFakeDetection_05_16__walk_down_hall_angry__OSXCUOHX,1,FFpp,ff_08,train
ffpp_DeepFakeDetection_05_28__exit_phone_room__U9LRLJ6N,1,FFpp,ff_08,train
ffpp_DeepFakeDetection_06_02__walking_down_indoor_hall_disgust__GH8TGTBS,1,FFpp,ff_01,train
ffpp_DeepFakeDetection_06_07__outside_talking_pan_laughing__NMGYPBXE,1,FFpp,ff_01,train
ffpp_DeepFakeDetection_06_11__walking_outside_cafe_disgusted__MX659QU8,1,FFpp,ff_01,train
ffpp_DeepFakeDetection_06_14__outside_talking_pan_laughing__8U9ULZDT,1,FFpp,ff_01,train
ffpp_DeepFakeDetection_06_15__outside_talking_still_laughing__E98QYYXO,1,FFpp,ff_01,train
ffpp_DeepFakeDetection_06_18__outside_talking_still_laughing__M36D0OJT,1,FFpp,ff_01,train
ffpp_DeepFakeDetection_06_18__walking_down_street_outside_angry__MVXBDKGB,1,FFpp,ff_01,train
ffpp_DeepFakeDetection_06_26__kitchen_still__L5BVR5L9,1,FFpp,ff_01,train
ffpp_DeepFakeDetection_06_27__walking_and_outside_surprised__SZWVBWY4,1,FFpp,ff_01,train
ffpp_DeepFakeDetection_07_02__talking_angry_couch__1H07DFQJ,1,FFpp,ff_01,train
ffpp_DeepFakeDetection_07_03__outside_talking_pan_laughing__6PHZRQ4H,1,FFpp,ff_01,train
ffpp_DeepFakeDetection_07_03__talking_angry_couch__WPT3Z2KN,1,FFpp,ff_01,train
ffpp_DeepFakeDetection_07_04__outside_talking_still_laughing__XRK7FGZX,1,FFpp,ff_01,train
ffpp_DeepFakeDetection_07_09__walk_down_hall_angry__N9CWME71,1,FFpp,ff_01,train
ffpp_DeepFakeDetection_07_14__outside_talking_pan_laughing__P9QFO50U,1,FFpp,ff_01,train
ffpp_DeepFakeDetection_07_15__walking_down_street_outside_angry__NYPO7U50,1,FFpp,ff_01,train
ffpp_DeepFakeDetection_07_21__talking_against_wall__MKU99DVX,1,FFpp,ff_01,train
ffpp_DeepFakeDetection_07_26__walking_down_street_outside_angry__FGNGC2GT,1,FFpp,ff_01,train
ffpp_DeepFakeDetection_08_16__talking_against_wall__8Q7JCS95,1,FFpp,ff_08,train
ffpp_DeepFakeDetection_08_28__outside_talking_still_laughing__8BC35RFU,1,FFpp,ff_08,train
ffpp_DeepFakeDetection_09_02__walking_down_street_outside_angry__9TDCEK1Q,1,FFpp,ff_01,train
ffpp_DeepFakeDetection_09_13__exit_phone_room__YP7MGDQ6,1,FFpp,ff_01,train
ffpp_DeepFakeDetection_09_13__walking_down_street_outside_angry__NDMHWBT1,1,FFpp,ff_01,train
ffpp_DeepFakeDetection_09_20__outside_talking_still_laughing__MKEWB4SM,1,FFpp,ff_01,train
ffpp_DeepFakeDetection_09_25__talking_angry_couch__5041ODBN,1,FFpp,ff_01,train
ffpp_DeepFakeDetection_10_19__kitchen_still__IDX76N5R,1,FFpp,ff_10,val
ffpp_DeepFakeDetection_10_22__kitchen_still__EHARPYBT,1,FFpp,ff_10,val
ffpp_DeepFakeDetection_10_23__outside_talking_pan_laughing__ZHJO34DY,1,FFpp,ff_10,val
ffpp_DeepFakeDetection_11_01__talking_against_wall__EKE2KNRE,1,FFpp,ff_01,train
ffpp_DeepFakeDetection_11_06__outside_talking_pan_laughing__C8C4FW99,1,FFpp,ff_01,train
ffpp_DeepFakeDetection_11_13__talking_angry_couch__61T622EK,1,FFpp,ff_01,train
ffpp_DeepFakeDetection_11_26__kitchen_still__7C0VKV43,1,FFpp,ff_01,train
ffpp_DeepFakeDetection_12_06__podium_speech_happy__0VR4Y891,1,FFpp,ff_01,train
ffpp_DeepFakeDetection_12_07__walking_down_indoor_hall_disgust__KAG65PEE,1,FFpp,ff_01,train
ffpp_DeepFakeDetection_12_14__outside_talking_pan_laughing__Z7EWFA0P,1,FFpp,ff_01,train
ffpp_DeepFakeDetection_12_15__talking_angry_couch__N0SRODQD,1,FFpp,ff_01,train
ffpp_DeepFakeDetection_12_18__walking_outside_cafe_disgusted__IKH1LBBY,1,FFpp,ff_01,train
ffpp_DeepFakeDetection_12_21__outside_talking_still_laughing__J54W3PV1,1,FFpp,ff_01,train
ffpp_DeepFakeDetection_12_26__podium_speech_happy__BFBNM8FR,1,FFpp,ff_01,train
ffpp_DeepFakeDetection_13_02__kitchen_pan__CP5HFV3K,1,FFpp,ff_01,train
ffpp_DeepFakeDetection_13_03__outside_talking_still_laughing__GBYWJW06,1,FFpp,ff_01,train
ffpp_DeepFakeDetection_13_07__secret_conversation__RVQCPCJF,1,FFpp,ff_01,train
ffpp_DeepFakeDetection_13_09__walking_down_street_outside_angry__B41GFUV2,1,FFpp,ff_01,train
ffpp_DeepFakeDetection_13_12__secret_conversation__6G44TDN4,1,FFpp,ff_01,train
ffpp_DeepFakeDetection_13_14__outside_talking_pan_laughing__KMQ3AW6A,1,FFpp,ff_01,train
ffpp_DeepFakeDetection_13_20__walking_down_indoor_hall_disgust__VO2YZXLN,1,FFpp,ff_01,train
ffpp_DeepFakeDetection_13_25__walking_down_street_outside_angry__IW9OFVMG,1,FFpp,ff_01,train
ffpp_DeepFakeDetection_14_01__hugging_happy__0S0NS5C6,1,FFpp,ff_01,train
ffpp_DeepFakeDetection_14_02__outside_talking_pan_laughing__3IUBEKCT,1,FFpp,ff_01,train
ffpp_DeepFakeDetection_14_03__outside_talking_still_laughing__KJ221YN0,1,FFpp,ff_01,train
ffpp_DeepFakeDetection_14_06__secret_conversation__8U9ULZDT,1,FFpp,ff_01,train
ffpp_DeepFakeDetection_14_13__hugging_happy__KMQ3AW6A,1,FFpp,ff_01,train
ffpp_DeepFakeDetection_14_15__hugging_happy__3FRJCJ0V,1,FFpp,ff_01,train
ffpp_DeepFakeDetection_14_18__hugging_happy__0YRBHIKG,1,FFpp,ff_01,train
ffpp_DeepFakeDetection_14_18__walking_down_indoor_hall_disgust__0YRBHIKG,1,FFpp,ff_01,train
ffpp_DeepFakeDetection_14_20__walking_outside_cafe_disgusted__3HWOJRAM,1,FFpp,ff_01,train
ffpp_DeepFakeDetection_14_26__kitchen_still__ILLP29ZH,1,FFpp,ff_01,train
ffpp_DeepFakeDetection_15_01__kitchen_still__02HILKYO,1,FFpp,ff_01,train
ffpp_DeepFakeDetection_15_02__talking_against_wall__HTG660F8,1,FFpp,ff_01,train
ffpp_DeepFakeDetection_15_03__kitchen_pan__DG8ITQO3,1,FFpp,ff_01,train
ffpp_DeepFakeDetection_15_04__kitchen_pan__46TJ9IOJ,1,FFpp,ff_01,train
ffpp_DeepFakeDetection_15_06__kitchen_still__E98QYYXO,1,FFpp,ff_01,train
ffpp_DeepFakeDetection_15_07__kitchen_still__9Z2MLKVX,1,FFpp,ff_01,train
ffpp_DeepFakeDetection_15_12__talking_angry_couch__RK17XFJ9,1,FFpp,ff_01,train
ffpp_DeepFakeDetection_15_14__talking_against_wall__4SO1CSAM,1,FFpp,ff_01,train
ffpp_DeepFakeDetection_15_20__outside_talking_still_laughing__99NHTFBM,1,FFpp,ff_01,train
ffpp_DeepFakeDetection_16_05__kitchen_still__053HPS1G,1,FFpp,ff_08,train
ffpp_DeepFakeDetection_16_17__walking_outside_cafe_disgusted__S7UMSIQV,1,FFpp,ff_08,train
ffpp_DeepFakeDetection_17_08__outside_talking_still_laughing__PBVFRHF5,1,FFpp,ff_08,train
ffpp_DeepFakeDetection_17_16__hugging_happy__S7UMSIQV,1,FFpp,ff_08,train
ffpp_DeepFakeDetection_18_02__kitchen_still__B95S4G6F,1,FFpp,ff_01,train
ffpp_DeepFakeDetection_18_03__walking_down_street_outside_angry__22UBC0BS,1,FFpp,ff_01,train
ffpp_DeepFakeDetection_18_06__walking_down_street_outside_angry__MVXBDKGB,1,FFpp,ff_01,train
ffpp_DeepFakeDetection_18_11__secret_conversation__JJ1YREUN,1,FFpp,ff_01,train
ffpp_DeepFakeDetection_18_14__exit_phone_room__0YRBHIKG,1,FFpp,ff_01,train
ffpp_DeepFakeDetection_18_15__kitchen_still__V5VHLCOW,1,FFpp,ff_01,train
ffpp_DeepFakeDetection_18_25__walking_outside_cafe_disgusted__SEGFKFJG,1,FFpp,ff_01,train
ffpp_DeepFakeDetection_18_27__kitchen_still__NYHE8D0J,1,FFpp,ff_01,train
ffpp_DeepFakeDetection_19_10__walk_down_hall_angry__BVVPN5D5,1,FFpp,ff_10,val
ffpp_DeepFakeDetection_19_23__talking_angry_couch__F7U8UY7V,1,FFpp,ff_10,val
ffpp_DeepFakeDetection_19_24__kitchen_still__GNHYZ84G,1,FFpp,ff_10,val
ffpp_DeepFakeDetection_19_24__talking_angry_couch__W1DEM0XM,1,FFpp,ff_10,val
ffpp_DeepFakeDetection_20_01__kitchen_still__FW94AIMJ,1,FFpp,ff_01,train
ffpp_DeepFakeDetection_20_03__walk_down_hall_angry__61SVZ2J7,1,FFpp,ff_01,train
ffpp_DeepFakeDetection_20_09__outside_talking_pan_laughing__MKEWB4SM,1,FFpp,ff_01,train
ffpp_DeepFakeDetection_20_12__kitchen_still__VD7BCF1U,1,FFpp,ff_01,train
ffpp_DeepFakeDetection_20_13__kitchen_still__NJEO6L5O,1,FFpp,ff_01,train
ffpp_DeepFakeDetection_20_14__outside_talking_pan_laughing__R7SPX6OK,1,FFpp,ff_01,train
ffpp_DeepFakeDetection_20_15__walking_down_indoor_hall_disgust__99NHTFBM,1,FFpp,ff_01,train
ffpp_DeepFakeDetection_20_21__secret_conversation__ZCB5OMEW,1,FFpp,ff_01,train
ffpp_DeepFakeDetection_20_25__outside_talking_still_laughing__DW2L6D2V,1,FFpp,ff_01,train
ffpp_DeepFakeDetection_20_25__walking_down_street_outside_angry__ZG0SRZOA,1,FFpp,ff_01,train
ffpp_DeepFakeDetection_21_01__kitchen_pan__03X7CELV,1,FFpp,ff_01,train
ffpp_DeepFakeDetection_21_03__outside_talking_still_laughing__V53E3RVB,1,FFpp,ff_01,train
ffpp_DeepFakeDetection_21_07__exit_phone_room__K7KXUHMU,1,FFpp,ff_01,train
ffpp_DeepFakeDetection_21_07__walking_down_street_outside_angry__MKU99DVX,1,FFpp,ff_01,train
ffpp_DeepFakeDetection_21_09__talking_against_wall__LBQF8ZN1,1,FFpp,ff_01,train
ffpp_DeepFakeDetection_21_11__walking_down_indoor_hall_disgust__T7DK03O1,1,FFpp,ff_01,train
ffpp_DeepFakeDetection_21_14__podium_speech_happy__N0WM4GSV,1,FFpp,ff_01,train
ffpp_DeepFakeDetection_21_25__walk_down_hall_angry__NFBISHIN,1,FFpp,ff_01,train
ffpp_DeepFakeDetection_22_19__walk_down_hall_angry__VK6BF5NV,1,FFpp,ff_10,val
ffpp_DeepFakeDetection_22_23__outside_talking_still_laughing__W9MT3Q5K,1,FFpp,ff_10,val
ffpp_DeepFakeDetection_22_24__walking_down_street_outside_angry__7E3GY85F,1,FFpp,ff_10,val
ffpp_DeepFakeDetection_23_19__walk_down_hall_angry__H4SUVFTL,1,FFpp,ff_10,val
ffpp_DeepFakeDetection_23_22__talking_against_wall__AKZRL2QD,1,FFpp,ff_10,val
ffpp_DeepFakeDetection_24_10__walking_down_street_outside_angry__356HPS7R,1,FFpp,ff_10,val
ffpp_DeepFakeDetection_24_19__outside_talking_still_laughing__RKQTC50P,1,FFpp,ff_10,val
ffpp_DeepFakeDetection_24_19__walk_down_hall_angry__QD5K7BP2,1,FFpp,ff_10,val
ffpp_DeepFakeDetection_24_22__walk_down_hall_angry__7E3GY85F,1,FFpp,ff_10,val
ffpp_DeepFakeDetection_25_02__talking_against_wall__Z7FQ69VP,1,FFpp,ff_01,train
ffpp_DeepFakeDetection_25_09__talking_against_wall__ODAQ7BZL,1,FFpp,ff_01,train
ffpp_DeepFakeDetection_25_18__outside_talking_pan_laughing__SEGFKFJG,1,FFpp,ff_01,train
ffpp_DeepFakeDetection_25_20__talking_against_wall__ZG0SRZOA,1,FFpp,ff_01,train
ffpp_DeepFakeDetection_25_26__exit_phone_room__7ZRKCFMS,1,FFpp,ff_01,train
ffpp_DeepFakeDetection_25_27__talking_against_wall__ZTV6TUQ9,1,FFpp,ff_01,train
ffpp_DeepFakeDetection_26_04__kitchen_still__WX836VLY,1,FFpp,ff_01,train
ffpp_DeepFakeDetection_26_06__podium_speech_happy__L5BVR5L9,1,FFpp,ff_01,train
ffpp_DeepFakeDetection_26_12__exit_phone_room__HEKDCIHW,1,FFpp,ff_01,train
ffpp_DeepFakeDetection_26_13__secret_conversation__XRS5W2NC,1,FFpp,ff_01,train
ffpp_DeepFakeDetection_26_20__kitchen_pan__C8GN41DU,1,FFpp,ff_01,train
ffpp_DeepFakeDetection_26_25__exit_phone_room__7ZRKCFMS,1,FFpp,ff_01,train
ffpp_DeepFakeDetection_26_25__walk_down_hall_angry__XKQAYTLI,1,FFpp,ff_01,train
ffpp_DeepFakeDetection_27_01__hugging_happy__ZYCZ30C0,1,FFpp,ff_01,train
ffpp_DeepFakeDetection_27_02__kitchen_pan__3L1MLH3D,1,FFpp,ff_01,train
ffpp_DeepFakeDetection_27_03__walking_and_outside_surprised__KWGI1LSZ,1,FFpp,ff_01,train
ffpp_DeepFakeDetection_27_18__outside_talking_pan_laughing__NYHE8D0J,1,FFpp,ff_01,train
ffpp_DeepFakeDetection_27_25__walking_outside_cafe_disgusted__1KU29EUL,1,FFpp,ff_01,train
ffpp_DeepFakeDetection_28_05__walking_down_street_outside_angry__W3J028UG,1,FFpp,ff_08,train
ffpp_DeepFakeDetection_28_08__outside_talking_pan_laughing__GGCUYQA4,1,FFpp,ff_08,train
ffpp_Deepfakes_000_003,1,FFpp,ff_000,train
ffpp_Deepfakes_005_010,1,FFpp,ff_005,train
ffpp_Deepfakes_011_805,1,FFpp,ff_011,train
ffpp_Deepfakes_017_803,1,FFpp,ff_017,train
ffpp_Deepfakes_023_923,1,FFpp,ff_023,train
ffpp_Deepfakes_029_048,1,FFpp,ff_029,train
ffpp_Deepfakes_035_036,1,FFpp,ff_035,train
ffpp_Deepfakes_041_063,1,FFpp,ff_041,train
ffpp_Deepfakes_047_862,1,FFpp,ff_047,train
ffpp_Deepfakes_053_095,1,FFpp,ff_053,train
ffpp_Deepfakes_059_050,1,FFpp,ff_050,train
ffpp_Deepfakes_065_089,1,FFpp,ff_065,train
ffpp_Deepfakes_071_054,1,FFpp,ff_054,train
ffpp_Deepfakes_077_100,1,FFpp,ff_077,train
ffpp_Deepfakes_083_213,1,FFpp,ff_083,train
ffpp_Deepfakes_089_065,1,FFpp,ff_065,train
ffpp_Deepfakes_095_053,1,FFpp,ff_053,train
ffpp_Deepfakes_101_096,1,FFpp,ff_096,train
ffpp_Deepfakes_107_109,1,FFpp,ff_107,train
ffpp_Deepfakes_113_983,1,FFpp,ff_113,train
ffpp_Deepfakes_119_123,1,FFpp,ff_119,train
ffpp_Deepfakes_125_038,1,FFpp,ff_038,train
ffpp_Deepfakes_131_518,1,FFpp,ff_131,train
ffpp_Deepfakes_137_165,1,FFpp,ff_137,test
ffpp_Deepfakes_143_140,1,FFpp,ff_140,train
ffpp_Deepfakes_149_152,1,FFpp,ff_149,train
ffpp_Deepfakes_155_576,1,FFpp,ff_155,train
ffpp_Deepfakes_161_141,1,FFpp,ff_141,val
ffpp_Deepfakes_167_166,1,FFpp,ff_166,test
ffpp_Deepfakes_173_171,1,FFpp,ff_171,train
ffpp_Deepfakes_179_212,1,FFpp,ff_179,test
ffpp_Deepfakes_185_276,1,FFpp,ff_185,train
ffpp_Deepfakes_191_188,1,FFpp,ff_188,train
ffpp_Deepfakes_197_224,1,FFpp,ff_197,train
ffpp_Deepfakes_203_201,1,FFpp,ff_201,train
ffpp_Deepfakes_209_016,1,FFpp,ff_016,train
ffpp_Deepfakes_215_208,1,FFpp,ff_208,train
ffpp_Deepfakes_221_206,1,FFpp,ff_206,train
ffpp_Deepfakes_227_169,1,FFpp,ff_169,train
ffpp_Deepfakes_233_995,1,FFpp,ff_233,train
ffpp_Deepfakes_239_218,1,FFpp,ff_218,train
ffpp_Deepfakes_245_157,1,FFpp,ff_157,train
ffpp_Deepfakes_251_375,1,FFpp,ff_251,train
ffpp_Deepfakes_257_420,1,FFpp,ff_257,test
ffpp_Deepfakes_263_284,1,FFpp,ff_263,train
ffpp_Deepfakes_269_268,1,FFpp,ff_268,train
ffpp_Deepfakes_275_887,1,FFpp,ff_275,train
ffpp_Deepfakes_281_474,1,FFpp,ff_281,test
ffpp_Deepfakes_287_426,1,FFpp,ff_287,val
ffpp_Deepfakes_293_296,1,FFpp,ff_293,train
ffpp_Deepfakes_299_145,1,FFpp,ff_145,train
ffpp_Deepfakes_305_513,1,FFpp,ff_305,train
ffpp_Deepfakes_311_387,1,FFpp,ff_311,val
ffpp_Deepfakes_317_359,1,FFpp,ff_317,train
ffpp_Deepfakes_323_302,1,FFpp,ff_302,val
ffpp_Deepfakes_329_327,1,FFpp,ff_327,train
ffpp_Deepfakes_335_277,1,FFpp,ff_277,train
ffpp_Deepfakes_341_340,1,FFpp,ff_340,train
ffpp_Deepfakes_347_314,1,FFpp,ff_314,train
ffpp_Deepfakes_353_383,1,FFpp,ff_353,val
ffpp_Deepfakes_359_317,1,FFpp,ff_317,train
ffpp_Deepfakes_365_307,1,FFpp,ff_307,val
ffpp_Deepfakes_371_367,1,FFpp,ff_367,train
ffpp_Deepfakes_377_333,1,FFpp,ff_333,train
ffpp_Deepfakes_383_353,1,FFpp,ff_353,val
ffpp_Deepfakes_389_480,1,FFpp,ff_389,test
ffpp_Deepfakes_395_401,1,FFpp,ff_395,test
ffpp_Deepfakes_401_395,1,FFpp,ff_395,test
ffpp_Deepfakes_407_374,1,FFpp,ff_374,train
ffpp_Deepfakes_413_372,1,FFpp,ff_372,train
ffpp_Deepfakes_419_824,1,FFpp,ff_419,test
ffpp_Deepfakes_425_485,1,FFpp,ff_425,test
ffpp_Deepfakes_431_447,1,FFpp,ff_431,train
ffpp_Deepfakes_437_360,1,FFpp,ff_360,train
ffpp_Deepfakes_443_514,1,FFpp,ff_443,test
ffpp_Deepfakes_449_451,1,FFpp,ff_449,train
ffpp_Deepfakes_455_471,1,FFpp,ff_455,train
ffpp_Deepfakes_461_250,1,FFpp,ff_250,train
ffpp_Deepfakes_467_462,1,FFpp,ff_462,train
ffpp_Deepfakes_473_366,1,FFpp,ff_366,train
ffpp_Deepfakes_479_706,1,FFpp,ff_479,val
ffpp_Deepfakes_485_425,1,FFpp,ff_425,test
ffpp_Deepfakes_491_226,1,FFpp,ff_226,train
ffpp_Deepfakes_497_403,1,FFpp,ff_403,train
ffpp_Deepfakes_502_504,1,FFpp,ff_502,test
ffpp_Deepfakes_508_831,1,FFpp,ff_508,train
ffpp_Deepfakes_514_443,1,FFpp,ff_443,test
ffpp_Deepfakes_520_542,1,FFpp,ff_520,train
ffpp_Deepfakes_526_436,1,FFpp,ff_436,train
ffpp_Deepfakes_532_544,1,FFpp,ff_532,train
ffpp_Deepfakes_538_493,1,FFpp,ff_493,train
ffpp_Deepfakes_544_532,1,FFpp,ff_532,train
ffpp_Deepfakes_550_452,1,FFpp,ff_452,train
ffpp_Deepfakes_556_588,1,FFpp,ff_556,train
ffpp_Deepfakes_562_626,1,FFpp,ff_562,train
ffpp_Deepfakes_568_628,1,FFpp,ff_568,train
ffpp_Deepfakes_574_547,1,FFpp,ff_547,train
ffpp_Deepfakes_580_524,1,FFpp,ff_524,train
ffpp_Deepfakes_586_223,1,FFpp,ff_223,train
ffpp_Deepfakes_592_500,1,FFpp,ff_500,train
ffpp_Deepfakes_598_178,1,FFpp,ff_178,train
ffpp_Deepfakes_604_703,1,FFpp,ff_604,train
ffpp_Deepfakes_610_692,1,FFpp,ff_610,train
ffpp_Deepfakes_616_614,1,FFpp,ff_614,train
ffpp_Deepfakes_622_647,1,FFpp,ff_622,train
ffpp_Deepfakes_628_568,1,FFpp,ff_568,train
ffpp_Deepfakes_634_660,1,FFpp,ff_634,train
ffpp_Deepfakes_640_638,1,FFpp,ff_638,train
ffpp_Deepfakes_646_643,1,FFpp,ff_643,train
ffpp_Deepfakes_652_773,1,FFpp,ff_652,val
ffpp_Deepfakes_658_627,1,FFpp,ff_627,train
ffpp_Deepfakes_664_668,1,FFpp,ff_664,train
ffpp_Deepfakes_670_661,1,FFpp,ff_661,train
ffpp_Deepfakes_676_776,1,FFpp,ff_676,train
ffpp_Deepfakes_682_669,1,FFpp,ff_669,val
ffpp_Deepfakes_688_645,1,FFpp,ff_645,val
ffpp_Deepfakes_694_767,1,FFpp,ff_694,train
ffpp_Deepfakes_700_813,1,FFpp,ff_700,train
ffpp_Deepfakes_706_479,1,FFpp,ff_479,val
ffpp_Deepfakes_712_716,1,FFpp,ff_712,train
ffpp_Deepfakes_718_972,1,FFpp,ff_718,train
ffpp_Deepfakes_724_725,1,FFpp,ff_724,train
ffpp_Deepfakes_730_815,1,FFpp,ff_730,test
ffpp_Deepfakes_736_785,1,FFpp,ff_736,test
ffpp_Deepfakes_742_775,1,FFpp,ff_742,train
ffpp_Deepfakes_748_355,1,FFpp,ff_355,train
ffpp_Deepfakes_754_758,1,FFpp,ff_754,test
ffpp_Deepfakes_760_611,1,FFpp,ff_611,val
ffpp_Deepfakes_766_761,1,FFpp,ff_761,train
ffpp_Deepfakes_772_708,1,FFpp,ff_708,train
ffpp_Deepfakes_778_798,1,FFpp,ff_778,train
ffpp_Deepfakes_784_769,1,FFpp,ff_769,train
ffpp_Deepfakes_790_014,1,FFpp,ff_014,train
ffpp_Deepfakes_796_740,1,FFpp,ff_740,train
ffpp_Deepfakes_802_885,1,FFpp,ff_802,train
ffpp_Deepfakes_808_829,1,FFpp,ff_808,train
ffpp_Deepfakes_814_871,1,FFpp,ff_814,train
ffpp_Deepfakes_820_818,1,FFpp,ff_818,train
ffpp_Deepfakes_826_833,1,FFpp,ff_826,train
ffpp_Deepfakes_832_762,1,FFpp,ff_762,train
ffpp_Deepfakes_838_810,1,FFpp,ff_810,train
ffpp_Deepfakes_844_797,1,FFpp,ff_797,val
ffpp_Deepfakes_850_764,1,FFpp,ff_764,train
ffpp_Deepfakes_856_881,1,FFpp,ff_856,train
ffpp_Deepfakes_862_047,1,FFpp,ff_047,train
ffpp_Deepfakes_868_949,1,FFpp,ff_868,train
ffpp_Deepfakes_874_291,1,FFpp,ff_291,val
ffpp_Deepfakes_880_135,1,FFpp,ff_135,train
ffpp_Deepfakes_886_877,1,FFpp,ff_877,train
ffpp_Deepfakes_892_112,1,FFpp,ff_112,train
ffpp_Deepfakes_898_922,1,FFpp,ff_898,train
ffpp_Deepfakes_904_046,1,FFpp,ff_046,val
ffpp_Deepfakes_910_911,1,FFpp,ff_910,train
ffpp_Deepfakes_916_783,1,FFpp,ff_783,val
ffpp_Deepfakes_922_898,1,FFpp,ff_898,train
ffpp_Deepfakes_928_160,1,FFpp,ff_160,train
ffpp_Deepfakes_934_918,1,FFpp,ff_918,test
ffpp_Deepfakes_940_941,1,FFpp,ff_940,train
ffpp_Deepfakes_946_049,1,FFpp,ff_049,test
ffpp_Deepfakes_952_882,1,FFpp,ff_882,test
ffpp_Deepfakes_958_956,1,FFpp,ff_956,train
ffpp_Deepfakes_964_174,1,FFpp,ff_174,train
ffpp_Deepfakes_970_973,1,FFpp,ff_970,train
ffpp_Deepfakes_976_954,1,FFpp,ff_954,train
ffpp_Deepfakes_982_004,1,FFpp,ff_004,train
ffpp_Deepfakes_988_966,1,FFpp,ff_966,train
ffpp_Deepfakes_994_986,1,FFpp,ff_986,train
ffpp_Face2Face_000_003,1,FFpp,ff_000,train
ffpp_Face2Face_005_010,1,FFpp,ff_005,train
ffpp_Face2Face_011_805,1,FFpp,ff_011,train
ffpp_Face2Face_017_803,1,FFpp,ff_017,train
ffpp_Face2Face_023_923,1,FFpp,ff_023,train
ffpp_Face2Face_029_048,1,FFpp,ff_029,train
ffpp_Face2Face_035_036,1,FFpp,ff_035,train
ffpp_Face2Face_041_063,1,FFpp,ff_041,train
ffpp_Face2Face_047_862,1,FFpp,ff_047,train
ffpp_Face2Face_053_095,1,FFpp,ff_053,train
ffpp_Face2Face_059_050,1,FFpp,ff_050,train
ffpp_Face2Face_065_089,1,FFpp,ff_065,train
ffpp_Face2Face_071_054,1,FFpp,ff_054,train
ffpp_Face2Face_077_100,1,FFpp,ff_077,train
ffpp_Face2Face_083_213,1,FFpp,ff_083,train
ffpp_Face2Face_089_065,1,FFpp,ff_065,train
ffpp_Face2Face_095_053,1,FFpp,ff_053,train
ffpp_Face2Face_101_096,1,FFpp,ff_096,train
ffpp_Face2Face_107_109,1,FFpp,ff_107,train
ffpp_Face2Face_113_983,1,FFpp,ff_113,train
ffpp_Face2Face_119_123,1,FFpp,ff_119,train
ffpp_Face2Face_125_038,1,FFpp,ff_038,train
ffpp_Face2Face_131_518,1,FFpp,ff_131,train
ffpp_Face2Face_137_165,1,FFpp,ff_137,test
ffpp_Face2Face_143_140,1,FFpp,ff_140,train
ffpp_Face2Face_149_152,1,FFpp,ff_149,train
ffpp_Face2Face_155_576,1,FFpp,ff_155,train
ffpp_Face2Face_161_141,1,FFpp,ff_141,val
ffpp_Face2Face_167_166,1,FFpp,ff_166,test
ffpp_Face2Face_173_171,1,FFpp,ff_171,train
ffpp_Face2Face_179_212,1,FFpp,ff_179,test
ffpp_Face2Face_185_276,1,FFpp,ff_185,train
ffpp_Face2Face_191_188,1,FFpp,ff_188,train
ffpp_Face2Face_197_224,1,FFpp,ff_197,train
ffpp_Face2Face_203_201,1,FFpp,ff_201,train
ffpp_Face2Face_209_016,1,FFpp,ff_016,train
ffpp_Face2Face_215_208,1,FFpp,ff_208,train
ffpp_Face2Face_221_206,1,FFpp,ff_206,train
ffpp_Face2Face_227_169,1,FFpp,ff_169,train
ffpp_Face2Face_233_995,1,FFpp,ff_233,train
ffpp_Face2Face_239_218,1,FFpp,ff_218,train
ffpp_Face2Face_245_157,1,FFpp,ff_157,train
ffpp_Face2Face_251_375,1,FFpp,ff_251,train
ffpp_Face2Face_257_420,1,FFpp,ff_257,test
ffpp_Face2Face_263_284,1,FFpp,ff_263,train
ffpp_Face2Face_269_268,1,FFpp,ff_268,train
ffpp_Face2Face_275_887,1,FFpp,ff_275,train
ffpp_Face2Face_281_474,1,FFpp,ff_281,test
ffpp_Face2Face_287_426,1,FFpp,ff_287,val
ffpp_Face2Face_293_296,1,FFpp,ff_293,train
ffpp_Face2Face_299_145,1,FFpp,ff_145,train
ffpp_Face2Face_305_513,1,FFpp,ff_305,train
ffpp_Face2Face_311_387,1,FFpp,ff_311,val
ffpp_Face2Face_317_359,1,FFpp,ff_317,train
ffpp_Face2Face_323_302,1,FFpp,ff_302,val
ffpp_Face2Face_329_327,1,FFpp,ff_327,train
ffpp_Face2Face_335_277,1,FFpp,ff_277,train
ffpp_Face2Face_341_340,1,FFpp,ff_340,train
ffpp_Face2Face_347_314,1,FFpp,ff_314,train
ffpp_Face2Face_353_383,1,FFpp,ff_353,val
ffpp_Face2Face_359_317,1,FFpp,ff_317,train
ffpp_Face2Face_365_307,1,FFpp,ff_307,val
ffpp_Face2Face_371_367,1,FFpp,ff_367,train
ffpp_Face2Face_377_333,1,FFpp,ff_333,train
ffpp_Face2Face_383_353,1,FFpp,ff_353,val
ffpp_Face2Face_389_480,1,FFpp,ff_389,test
ffpp_Face2Face_395_401,1,FFpp,ff_395,test
ffpp_Face2Face_401_395,1,FFpp,ff_395,test
ffpp_Face2Face_407_374,1,FFpp,ff_374,train
ffpp_Face2Face_413_372,1,FFpp,ff_372,train
ffpp_Face2Face_419_824,1,FFpp,ff_419,test
ffpp_Face2Face_425_485,1,FFpp,ff_425,test
ffpp_Face2Face_431_447,1,FFpp,ff_431,train
ffpp_Face2Face_437_360,1,FFpp,ff_360,train
ffpp_Face2Face_443_514,1,FFpp,ff_443,test
ffpp_Face2Face_449_451,1,FFpp,ff_449,train
ffpp_Face2Face_455_471,1,FFpp,ff_455,train
ffpp_Face2Face_461_250,1,FFpp,ff_250,train
ffpp_Face2Face_467_462,1,FFpp,ff_462,train
ffpp_Face2Face_473_366,1,FFpp,ff_366,train
ffpp_Face2Face_479_706,1,FFpp,ff_479,val
ffpp_Face2Face_485_425,1,FFpp,ff_425,test
ffpp_Face2Face_491_226,1,FFpp,ff_226,train
ffpp_Face2Face_497_403,1,FFpp,ff_403,train
ffpp_Face2Face_502_504,1,FFpp,ff_502,test
ffpp_Face2Face_508_831,1,FFpp,ff_508,train
ffpp_Face2Face_514_443,1,FFpp,ff_443,test
ffpp_Face2Face_520_542,1,FFpp,ff_520,train
ffpp_Face2Face_526_436,1,FFpp,ff_436,train
ffpp_Face2Face_532_544,1,FFpp,ff_532,train
ffpp_Face2Face_538_493,1,FFpp,ff_493,train
ffpp_Face2Face_544_532,1,FFpp,ff_532,train
ffpp_Face2Face_550_452,1,FFpp,ff_452,train
ffpp_Face2Face_556_588,1,FFpp,ff_556,train
ffpp_Face2Face_562_626,1,FFpp,ff_562,train
ffpp_Face2Face_568_628,1,FFpp,ff_568,train
ffpp_Face2Face_574_547,1,FFpp,ff_547,train
ffpp_Face2Face_580_524,1,FFpp,ff_524,train
ffpp_Face2Face_586_223,1,FFpp,ff_223,train
ffpp_Face2Face_592_500,1,FFpp,ff_500,train
ffpp_Face2Face_598_178,1,FFpp,ff_178,train
ffpp_Face2Face_604_703,1,FFpp,ff_604,train
ffpp_Face2Face_610_692,1,FFpp,ff_610,train
ffpp_Face2Face_616_614,1,FFpp,ff_614,train
ffpp_Face2Face_622_647,1,FFpp,ff_622,train
ffpp_Face2Face_628_568,1,FFpp,ff_568,train
ffpp_Face2Face_634_660,1,FFpp,ff_634,train
ffpp_Face2Face_640_638,1,FFpp,ff_638,train
ffpp_Face2Face_646_643,1,FFpp,ff_643,train
ffpp_Face2Face_652_773,1,FFpp,ff_652,val
ffpp_Face2Face_658_627,1,FFpp,ff_627,train
ffpp_Face2Face_664_668,1,FFpp,ff_664,train
ffpp_Face2Face_670_661,1,FFpp,ff_661,train
ffpp_Face2Face_676_776,1,FFpp,ff_676,train
ffpp_Face2Face_682_669,1,FFpp,ff_669,val
ffpp_Face2Face_688_645,1,FFpp,ff_645,val
ffpp_Face2Face_694_767,1,FFpp,ff_694,train
ffpp_Face2Face_700_813,1,FFpp,ff_700,train
ffpp_Face2Face_706_479,1,FFpp,ff_479,val
ffpp_Face2Face_712_716,1,FFpp,ff_712,train
ffpp_Face2Face_718_972,1,FFpp,ff_718,train
ffpp_Face2Face_724_725,1,FFpp,ff_724,train
ffpp_Face2Face_730_815,1,FFpp,ff_730,test
ffpp_Face2Face_736_785,1,FFpp,ff_736,test
ffpp_Face2Face_742_775,1,FFpp,ff_742,train
ffpp_Face2Face_748_355,1,FFpp,ff_355,train
ffpp_Face2Face_754_758,1,FFpp,ff_754,test
ffpp_Face2Face_760_611,1,FFpp,ff_611,val
ffpp_Face2Face_766_761,1,FFpp,ff_761,train
ffpp_Face2Face_772_708,1,FFpp,ff_708,train
ffpp_Face2Face_778_798,1,FFpp,ff_778,train
ffpp_Face2Face_784_769,1,FFpp,ff_769,train
ffpp_Face2Face_790_014,1,FFpp,ff_014,train
ffpp_Face2Face_796_740,1,FFpp,ff_740,train
ffpp_Face2Face_802_885,1,FFpp,ff_802,train
ffpp_Face2Face_808_829,1,FFpp,ff_808,train
ffpp_Face2Face_814_871,1,FFpp,ff_814,train
ffpp_Face2Face_820_818,1,FFpp,ff_818,train
ffpp_Face2Face_826_833,1,FFpp,ff_826,train
ffpp_Face2Face_832_762,1,FFpp,ff_762,train
ffpp_Face2Face_838_810,1,FFpp,ff_810,train
ffpp_Face2Face_844_797,1,FFpp,ff_797,val
ffpp_Face2Face_850_764,1,FFpp,ff_764,train
ffpp_Face2Face_856_881,1,FFpp,ff_856,train
ffpp_Face2Face_862_047,1,FFpp,ff_047,train
ffpp_Face2Face_868_949,1,FFpp,ff_868,train
ffpp_Face2Face_874_291,1,FFpp,ff_291,val
ffpp_Face2Face_880_135,1,FFpp,ff_135,train
ffpp_Face2Face_886_877,1,FFpp,ff_877,train
ffpp_Face2Face_892_112,1,FFpp,ff_112,train
ffpp_Face2Face_898_922,1,FFpp,ff_898,train
ffpp_Face2Face_904_046,1,FFpp,ff_046,val
ffpp_Face2Face_910_911,1,FFpp,ff_910,train
ffpp_Face2Face_916_783,1,FFpp,ff_783,val
ffpp_Face2Face_922_898,1,FFpp,ff_898,train
ffpp_Face2Face_928_160,1,FFpp,ff_160,train
ffpp_Face2Face_934_918,1,FFpp,ff_918,test
ffpp_Face2Face_940_941,1,FFpp,ff_940,train
ffpp_Face2Face_946_049,1,FFpp,ff_049,test
ffpp_Face2Face_952_882,1,FFpp,ff_882,test
ffpp_Face2Face_958_956,1,FFpp,ff_956,train
ffpp_Face2Face_964_174,1,FFpp,ff_174,train
ffpp_Face2Face_970_973,1,FFpp,ff_970,train
ffpp_Face2Face_976_954,1,FFpp,ff_954,train
ffpp_Face2Face_982_004,1,FFpp,ff_004,train
ffpp_Face2Face_988_966,1,FFpp,ff_966,train
ffpp_Face2Face_994_986,1,FFpp,ff_986,train
ffpp_FaceShifter_000_003,1,FFpp,ff_000,train
ffpp_FaceShifter_005_010,1,FFpp,ff_005,train
ffpp_FaceShifter_011_805,1,FFpp,ff_011,train
ffpp_FaceShifter_017_803,1,FFpp,ff_017,train
ffpp_FaceShifter_023_923,1,FFpp,ff_023,train
ffpp_FaceShifter_029_048,1,FFpp,ff_029,train
ffpp_FaceShifter_035_036,1,FFpp,ff_035,train
ffpp_FaceShifter_041_063,1,FFpp,ff_041,train
ffpp_FaceShifter_047_862,1,FFpp,ff_047,train
ffpp_FaceShifter_053_095,1,FFpp,ff_053,train
ffpp_FaceShifter_059_050,1,FFpp,ff_050,train
ffpp_FaceShifter_065_089,1,FFpp,ff_065,train
ffpp_FaceShifter_071_054,1,FFpp,ff_054,train
ffpp_FaceShifter_077_100,1,FFpp,ff_077,train
ffpp_FaceShifter_083_213,1,FFpp,ff_083,train
ffpp_FaceShifter_089_065,1,FFpp,ff_065,train
ffpp_FaceShifter_095_053,1,FFpp,ff_053,train
ffpp_FaceShifter_101_096,1,FFpp,ff_096,train
ffpp_FaceShifter_107_109,1,FFpp,ff_107,train
ffpp_FaceShifter_113_983,1,FFpp,ff_113,train
ffpp_FaceShifter_119_123,1,FFpp,ff_119,train
ffpp_FaceShifter_125_038,1,FFpp,ff_038,train
ffpp_FaceShifter_131_518,1,FFpp,ff_131,train
ffpp_FaceShifter_137_165,1,FFpp,ff_137,test
ffpp_FaceShifter_143_140,1,FFpp,ff_140,train
ffpp_FaceShifter_149_152,1,FFpp,ff_149,train
ffpp_FaceShifter_155_576,1,FFpp,ff_155,train
ffpp_FaceShifter_161_141,1,FFpp,ff_141,val
ffpp_FaceShifter_167_166,1,FFpp,ff_166,test
ffpp_FaceShifter_173_171,1,FFpp,ff_171,train
ffpp_FaceShifter_179_212,1,FFpp,ff_179,test
ffpp_FaceShifter_185_276,1,FFpp,ff_185,train
ffpp_FaceShifter_191_188,1,FFpp,ff_188,train
ffpp_FaceShifter_197_224,1,FFpp,ff_197,train
ffpp_FaceShifter_203_201,1,FFpp,ff_201,train
ffpp_FaceShifter_209_016,1,FFpp,ff_016,train
ffpp_FaceShifter_215_208,1,FFpp,ff_208,train
ffpp_FaceShifter_221_206,1,FFpp,ff_206,train
ffpp_FaceShifter_227_169,1,FFpp,ff_169,train
ffpp_FaceShifter_233_995,1,FFpp,ff_233,train
ffpp_FaceShifter_239_218,1,FFpp,ff_218,train
ffpp_FaceShifter_245_157,1,FFpp,ff_157,train
ffpp_FaceShifter_251_375,1,FFpp,ff_251,train
ffpp_FaceShifter_257_420,1,FFpp,ff_257,test
ffpp_FaceShifter_263_284,1,FFpp,ff_263,train
ffpp_FaceShifter_269_268,1,FFpp,ff_268,train
ffpp_FaceShifter_275_887,1,FFpp,ff_275,train
ffpp_FaceShifter_281_474,1,FFpp,ff_281,test
ffpp_FaceShifter_287_426,1,FFpp,ff_287,val
ffpp_FaceShifter_293_296,1,FFpp,ff_293,train
ffpp_FaceShifter_299_145,1,FFpp,ff_145,train
ffpp_FaceShifter_305_513,1,FFpp,ff_305,train
ffpp_FaceShifter_311_387,1,FFpp,ff_311,val
ffpp_FaceShifter_317_359,1,FFpp,ff_317,train
ffpp_FaceShifter_323_302,1,FFpp,ff_302,val
ffpp_FaceShifter_329_327,1,FFpp,ff_327,train
ffpp_FaceShifter_335_277,1,FFpp,ff_277,train
ffpp_FaceShifter_341_340,1,FFpp,ff_340,train
ffpp_FaceShifter_347_314,1,FFpp,ff_314,train
ffpp_FaceShifter_353_383,1,FFpp,ff_353,val
ffpp_FaceShifter_359_317,1,FFpp,ff_317,train
ffpp_FaceShifter_365_307,1,FFpp,ff_307,val
ffpp_FaceShifter_371_367,1,FFpp,ff_367,train
ffpp_FaceShifter_377_333,1,FFpp,ff_333,train
ffpp_FaceShifter_383_353,1,FFpp,ff_353,val
ffpp_FaceShifter_389_480,1,FFpp,ff_389,test
ffpp_FaceShifter_395_401,1,FFpp,ff_395,test
ffpp_FaceShifter_401_395,1,FFpp,ff_395,test
ffpp_FaceShifter_407_374,1,FFpp,ff_374,train
ffpp_FaceShifter_413_372,1,FFpp,ff_372,train
ffpp_FaceShifter_419_824,1,FFpp,ff_419,test
ffpp_FaceShifter_425_485,1,FFpp,ff_425,test
ffpp_FaceShifter_431_447,1,FFpp,ff_431,train
ffpp_FaceShifter_437_360,1,FFpp,ff_360,train
ffpp_FaceShifter_443_514,1,FFpp,ff_443,test
ffpp_FaceShifter_449_451,1,FFpp,ff_449,train
ffpp_FaceShifter_455_471,1,FFpp,ff_455,train
ffpp_FaceShifter_461_250,1,FFpp,ff_250,train
ffpp_FaceShifter_467_462,1,FFpp,ff_462,train
ffpp_FaceShifter_473_366,1,FFpp,ff_366,train
ffpp_FaceShifter_479_706,1,FFpp,ff_479,val
ffpp_FaceShifter_485_425,1,FFpp,ff_425,test
ffpp_FaceShifter_491_226,1,FFpp,ff_226,train
ffpp_FaceShifter_497_403,1,FFpp,ff_403,train
ffpp_FaceShifter_502_504,1,FFpp,ff_502,test
ffpp_FaceShifter_508_831,1,FFpp,ff_508,train
ffpp_FaceShifter_514_443,1,FFpp,ff_443,test
ffpp_FaceShifter_520_542,1,FFpp,ff_520,train
ffpp_FaceShifter_526_436,1,FFpp,ff_436,train
ffpp_FaceShifter_532_544,1,FFpp,ff_532,train
ffpp_FaceShifter_538_493,1,FFpp,ff_493,train
ffpp_FaceShifter_544_532,1,FFpp,ff_532,train
ffpp_FaceShifter_550_452,1,FFpp,ff_452,train
ffpp_FaceShifter_556_588,1,FFpp,ff_556,train
ffpp_FaceShifter_562_626,1,FFpp,ff_562,train
ffpp_FaceShifter_568_628,1,FFpp,ff_568,train
ffpp_FaceShifter_574_547,1,FFpp,ff_547,train
ffpp_FaceShifter_580_524,1,FFpp,ff_524,train
ffpp_FaceShifter_586_223,1,FFpp,ff_223,train
ffpp_FaceShifter_592_500,1,FFpp,ff_500,train
ffpp_FaceShifter_598_178,1,FFpp,ff_178,train
ffpp_FaceShifter_604_703,1,FFpp,ff_604,train
ffpp_FaceShifter_610_692,1,FFpp,ff_610,train
ffpp_FaceShifter_616_614,1,FFpp,ff_614,train
ffpp_FaceShifter_622_647,1,FFpp,ff_622,train
ffpp_FaceShifter_628_568,1,FFpp,ff_568,train
ffpp_FaceShifter_634_660,1,FFpp,ff_634,train
ffpp_FaceShifter_640_638,1,FFpp,ff_638,train
ffpp_FaceShifter_646_643,1,FFpp,ff_643,train
ffpp_FaceShifter_652_773,1,FFpp,ff_652,val
ffpp_FaceShifter_658_627,1,FFpp,ff_627,train
ffpp_FaceShifter_664_668,1,FFpp,ff_664,train
ffpp_FaceShifter_670_661,1,FFpp,ff_661,train
ffpp_FaceShifter_676_776,1,FFpp,ff_676,train
ffpp_FaceShifter_682_669,1,FFpp,ff_669,val
ffpp_FaceShifter_688_645,1,FFpp,ff_645,val
ffpp_FaceShifter_694_767,1,FFpp,ff_694,train
ffpp_FaceShifter_700_813,1,FFpp,ff_700,train
ffpp_FaceShifter_706_479,1,FFpp,ff_479,val
ffpp_FaceShifter_712_716,1,FFpp,ff_712,train
ffpp_FaceShifter_718_972,1,FFpp,ff_718,train
ffpp_FaceShifter_724_725,1,FFpp,ff_724,train
ffpp_FaceShifter_730_815,1,FFpp,ff_730,test
ffpp_FaceShifter_736_785,1,FFpp,ff_736,test
ffpp_FaceShifter_742_775,1,FFpp,ff_742,train
ffpp_FaceShifter_748_355,1,FFpp,ff_355,train
ffpp_FaceShifter_754_758,1,FFpp,ff_754,test
ffpp_FaceShifter_760_611,1,FFpp,ff_611,val
ffpp_FaceShifter_766_761,1,FFpp,ff_761,train
ffpp_FaceShifter_772_708,1,FFpp,ff_708,train
ffpp_FaceShifter_778_798,1,FFpp,ff_778,train
ffpp_FaceShifter_784_769,1,FFpp,ff_769,train
ffpp_FaceShifter_790_014,1,FFpp,ff_014,train
ffpp_FaceShifter_796_740,1,FFpp,ff_740,train
ffpp_FaceShifter_802_885,1,FFpp,ff_802,train
ffpp_FaceShifter_808_829,1,FFpp,ff_808,train
ffpp_FaceShifter_814_871,1,FFpp,ff_814,train
ffpp_FaceShifter_820_818,1,FFpp,ff_818,train
ffpp_FaceShifter_826_833,1,FFpp,ff_826,train
ffpp_FaceShifter_832_762,1,FFpp,ff_762,train
ffpp_FaceShifter_838_810,1,FFpp,ff_810,train
ffpp_FaceShifter_844_797,1,FFpp,ff_797,val
ffpp_FaceShifter_850_764,1,FFpp,ff_764,train
ffpp_FaceShifter_856_881,1,FFpp,ff_856,train
ffpp_FaceShifter_862_047,1,FFpp,ff_047,train
ffpp_FaceShifter_868_949,1,FFpp,ff_868,train
ffpp_FaceShifter_874_291,1,FFpp,ff_291,val
ffpp_FaceShifter_880_135,1,FFpp,ff_135,train
ffpp_FaceShifter_886_877,1,FFpp,ff_877,train
ffpp_FaceShifter_892_112,1,FFpp,ff_112,train
ffpp_FaceShifter_898_922,1,FFpp,ff_898,train
ffpp_FaceShifter_904_046,1,FFpp,ff_046,val
ffpp_FaceShifter_910_911,1,FFpp,ff_910,train
ffpp_FaceShifter_916_783,1,FFpp,ff_783,val
ffpp_FaceShifter_922_898,1,FFpp,ff_898,train
ffpp_FaceShifter_928_160,1,FFpp,ff_160,train
ffpp_FaceShifter_934_918,1,FFpp,ff_918,test
ffpp_FaceShifter_940_941,1,FFpp,ff_940,train
ffpp_FaceShifter_946_049,1,FFpp,ff_049,test
ffpp_FaceShifter_952_882,1,FFpp,ff_882,test
ffpp_FaceShifter_958_956,1,FFpp,ff_956,train
ffpp_FaceShifter_964_174,1,FFpp,ff_174,train
ffpp_FaceShifter_970_973,1,FFpp,ff_970,train
ffpp_FaceShifter_976_954,1,FFpp,ff_954,train
ffpp_FaceShifter_982_004,1,FFpp,ff_004,train
ffpp_FaceShifter_988_966,1,FFpp,ff_966,train
ffpp_FaceShifter_994_986,1,FFpp,ff_986,train
ffpp_FaceSwap_000_003,1,FFpp,ff_000,train
ffpp_FaceSwap_005_010,1,FFpp,ff_005,train
ffpp_FaceSwap_011_805,1,FFpp,ff_011,train
ffpp_FaceSwap_017_803,1,FFpp,ff_017,train
ffpp_FaceSwap_023_923,1,FFpp,ff_023,train
ffpp_FaceSwap_029_048,1,FFpp,ff_029,train
ffpp_FaceSwap_035_036,1,FFpp,ff_035,train
ffpp_FaceSwap_041_063,1,FFpp,ff_041,train
ffpp_FaceSwap_047_862,1,FFpp,ff_047,train
ffpp_FaceSwap_053_095,1,FFpp,ff_053,train
ffpp_FaceSwap_059_050,1,FFpp,ff_050,train
ffpp_FaceSwap_065_089,1,FFpp,ff_065,train
ffpp_FaceSwap_071_054,1,FFpp,ff_054,train
ffpp_FaceSwap_077_100,1,FFpp,ff_077,train
ffpp_FaceSwap_083_213,1,FFpp,ff_083,train
ffpp_FaceSwap_089_065,1,FFpp,ff_065,train
ffpp_FaceSwap_095_053,1,FFpp,ff_053,train
ffpp_FaceSwap_101_096,1,FFpp,ff_096,train
ffpp_FaceSwap_107_109,1,FFpp,ff_107,train
ffpp_FaceSwap_113_983,1,FFpp,ff_113,train
ffpp_FaceSwap_119_123,1,FFpp,ff_119,train
ffpp_FaceSwap_125_038,1,FFpp,ff_038,train
ffpp_FaceSwap_131_518,1,FFpp,ff_131,train
ffpp_FaceSwap_137_165,1,FFpp,ff_137,test
ffpp_FaceSwap_143_140,1,FFpp,ff_140,train
ffpp_FaceSwap_149_152,1,FFpp,ff_149,train
ffpp_FaceSwap_155_576,1,FFpp,ff_155,train
ffpp_FaceSwap_161_141,1,FFpp,ff_141,val
ffpp_FaceSwap_167_166,1,FFpp,ff_166,test
ffpp_FaceSwap_173_171,1,FFpp,ff_171,train
ffpp_FaceSwap_179_212,1,FFpp,ff_179,test
ffpp_FaceSwap_185_276,1,FFpp,ff_185,train
ffpp_FaceSwap_191_188,1,FFpp,ff_188,train
ffpp_FaceSwap_197_224,1,FFpp,ff_197,train
ffpp_FaceSwap_203_201,1,FFpp,ff_201,train
ffpp_FaceSwap_209_016,1,FFpp,ff_016,train
ffpp_FaceSwap_215_208,1,FFpp,ff_208,train
ffpp_FaceSwap_221_206,1,FFpp,ff_206,train
ffpp_FaceSwap_227_169,1,FFpp,ff_169,train
ffpp_FaceSwap_233_995,1,FFpp,ff_233,train
ffpp_FaceSwap_239_218,1,FFpp,ff_218,train
ffpp_FaceSwap_245_157,1,FFpp,ff_157,train
ffpp_FaceSwap_251_375,1,FFpp,ff_251,train
ffpp_FaceSwap_257_420,1,FFpp,ff_257,test
ffpp_FaceSwap_263_284,1,FFpp,ff_263,train
ffpp_FaceSwap_269_268,1,FFpp,ff_268,train
ffpp_FaceSwap_275_887,1,FFpp,ff_275,train
ffpp_FaceSwap_281_474,1,FFpp,ff_281,test
ffpp_FaceSwap_287_426,1,FFpp,ff_287,val
ffpp_FaceSwap_293_296,1,FFpp,ff_293,train
ffpp_FaceSwap_299_145,1,FFpp,ff_145,train
ffpp_FaceSwap_305_513,1,FFpp,ff_305,train
ffpp_FaceSwap_311_387,1,FFpp,ff_311,val
ffpp_FaceSwap_317_359,1,FFpp,ff_317,train
ffpp_FaceSwap_323_302,1,FFpp,ff_302,val
ffpp_FaceSwap_329_327,1,FFpp,ff_327,train
ffpp_FaceSwap_335_277,1,FFpp,ff_277,train
ffpp_FaceSwap_341_340,1,FFpp,ff_340,train
ffpp_FaceSwap_347_314,1,FFpp,ff_314,train
ffpp_FaceSwap_353_383,1,FFpp,ff_353,val
ffpp_FaceSwap_359_317,1,FFpp,ff_317,train
ffpp_FaceSwap_365_307,1,FFpp,ff_307,val
ffpp_FaceSwap_371_367,1,FFpp,ff_367,train
ffpp_FaceSwap_377_333,1,FFpp,ff_333,train
ffpp_FaceSwap_383_353,1,FFpp,ff_353,val
ffpp_FaceSwap_389_480,1,FFpp,ff_389,test
ffpp_FaceSwap_395_401,1,FFpp,ff_395,test
ffpp_FaceSwap_401_395,1,FFpp,ff_395,test
ffpp_FaceSwap_407_374,1,FFpp,ff_374,train
ffpp_FaceSwap_413_372,1,FFpp,ff_372,train
ffpp_FaceSwap_419_824,1,FFpp,ff_419,test
ffpp_FaceSwap_425_485,1,FFpp,ff_425,test
ffpp_FaceSwap_431_447,1,FFpp,ff_431,train
ffpp_FaceSwap_437_360,1,FFpp,ff_360,train
ffpp_FaceSwap_443_514,1,FFpp,ff_443,test
ffpp_FaceSwap_449_451,1,FFpp,ff_449,train
ffpp_FaceSwap_455_471,1,FFpp,ff_455,train
ffpp_FaceSwap_461_250,1,FFpp,ff_250,train
ffpp_FaceSwap_467_462,1,FFpp,ff_462,train
ffpp_FaceSwap_473_366,1,FFpp,ff_366,train
ffpp_FaceSwap_479_706,1,FFpp,ff_479,val
ffpp_FaceSwap_485_425,1,FFpp,ff_425,test
ffpp_FaceSwap_491_226,1,FFpp,ff_226,train
ffpp_FaceSwap_497_403,1,FFpp,ff_403,train
ffpp_FaceSwap_502_504,1,FFpp,ff_502,test
ffpp_FaceSwap_508_831,1,FFpp,ff_508,train
ffpp_FaceSwap_514_443,1,FFpp,ff_443,test
ffpp_FaceSwap_520_542,1,FFpp,ff_520,train
ffpp_FaceSwap_526_436,1,FFpp,ff_436,train
ffpp_FaceSwap_532_544,1,FFpp,ff_532,train
ffpp_FaceSwap_538_493,1,FFpp,ff_493,train
ffpp_FaceSwap_544_532,1,FFpp,ff_532,train
ffpp_FaceSwap_550_452,1,FFpp,ff_452,train
ffpp_FaceSwap_556_588,1,FFpp,ff_556,train
ffpp_FaceSwap_562_626,1,FFpp,ff_562,train
ffpp_FaceSwap_568_628,1,FFpp,ff_568,train
ffpp_FaceSwap_574_547,1,FFpp,ff_547,train
ffpp_FaceSwap_580_524,1,FFpp,ff_524,train
ffpp_FaceSwap_586_223,1,FFpp,ff_223,train
ffpp_FaceSwap_592_500,1,FFpp,ff_500,train
ffpp_FaceSwap_598_178,1,FFpp,ff_178,train
ffpp_FaceSwap_604_703,1,FFpp,ff_604,train
ffpp_FaceSwap_610_692,1,FFpp,ff_610,train
ffpp_FaceSwap_616_614,1,FFpp,ff_614,train
ffpp_FaceSwap_622_647,1,FFpp,ff_622,train
ffpp_FaceSwap_628_568,1,FFpp,ff_568,train
ffpp_FaceSwap_634_660,1,FFpp,ff_634,train
ffpp_FaceSwap_640_638,1,FFpp,ff_638,train
ffpp_FaceSwap_646_643,1,FFpp,ff_643,train
ffpp_FaceSwap_652_773,1,FFpp,ff_652,val
ffpp_FaceSwap_658_627,1,FFpp,ff_627,train
ffpp_FaceSwap_664_668,1,FFpp,ff_664,train
ffpp_FaceSwap_670_661,1,FFpp,ff_661,train
ffpp_FaceSwap_676_776,1,FFpp,ff_676,train
ffpp_FaceSwap_682_669,1,FFpp,ff_669,val
ffpp_FaceSwap_688_645,1,FFpp,ff_645,val
ffpp_FaceSwap_694_767,1,FFpp,ff_694,train
ffpp_FaceSwap_700_813,1,FFpp,ff_700,train
ffpp_FaceSwap_706_479,1,FFpp,ff_479,val
ffpp_FaceSwap_712_716,1,FFpp,ff_712,train
ffpp_FaceSwap_718_972,1,FFpp,ff_718,train
ffpp_FaceSwap_724_725,1,FFpp,ff_724,train
ffpp_FaceSwap_730_815,1,FFpp,ff_730,test
ffpp_FaceSwap_736_785,1,FFpp,ff_736,test
ffpp_FaceSwap_742_775,1,FFpp,ff_742,train
ffpp_FaceSwap_748_355,1,FFpp,ff_355,train
ffpp_FaceSwap_754_758,1,FFpp,ff_754,test
ffpp_FaceSwap_760_611,1,FFpp,ff_611,val
ffpp_FaceSwap_766_761,1,FFpp,ff_761,train
ffpp_FaceSwap_772_708,1,FFpp,ff_708,train
ffpp_FaceSwap_778_798,1,FFpp,ff_778,train
ffpp_FaceSwap_784_769,1,FFpp,ff_769,train
ffpp_FaceSwap_790_014,1,FFpp,ff_014,train
ffpp_FaceSwap_796_740,1,FFpp,ff_740,train
ffpp_FaceSwap_802_885,1,FFpp,ff_802,train
ffpp_FaceSwap_808_829,1,FFpp,ff_808,train
ffpp_FaceSwap_814_871,1,FFpp,ff_814,train
ffpp_FaceSwap_820_818,1,FFpp,ff_818,train
ffpp_FaceSwap_826_833,1,FFpp,ff_826,train
ffpp_FaceSwap_832_762,1,FFpp,ff_762,train
ffpp_FaceSwap_838_810,1,FFpp,ff_810,train
ffpp_FaceSwap_844_797,1,FFpp,ff_797,val
ffpp_FaceSwap_850_764,1,FFpp,ff_764,train
ffpp_FaceSwap_856_881,1,FFpp,ff_856,train
ffpp_FaceSwap_862_047,1,FFpp,ff_047,train
ffpp_FaceSwap_868_949,1,FFpp,ff_868,train
ffpp_FaceSwap_874_291,1,FFpp,ff_291,val
ffpp_FaceSwap_880_135,1,FFpp,ff_135,train
ffpp_FaceSwap_886_877,1,FFpp,ff_877,train
ffpp_FaceSwap_892_112,1,FFpp,ff_112,train
ffpp_FaceSwap_898_922,1,FFpp,ff_898,train
ffpp_FaceSwap_904_046,1,FFpp,ff_046,val
ffpp_FaceSwap_910_911,1,FFpp,ff_910,train
ffpp_FaceSwap_916_783,1,FFpp,ff_783,val
ffpp_FaceSwap_922_898,1,FFpp,ff_898,train
ffpp_FaceSwap_928_160,1,FFpp,ff_160,train
ffpp_FaceSwap_934_918,1,FFpp,ff_918,test
ffpp_FaceSwap_940_941,1,FFpp,ff_940,train
ffpp_FaceSwap_946_049,1,FFpp,ff_049,test
ffpp_FaceSwap_952_882,1,FFpp,ff_882,test
ffpp_FaceSwap_958_956,1,FFpp,ff_956,train
ffpp_FaceSwap_964_174,1,FFpp,ff_174,train
ffpp_FaceSwap_970_973,1,FFpp,ff_970,train
ffpp_FaceSwap_976_954,1,FFpp,ff_954,train
ffpp_FaceSwap_982_004,1,FFpp,ff_004,train
ffpp_FaceSwap_988_966,1,FFpp,ff_966,train
ffpp_FaceSwap_994_986,1,FFpp,ff_986,train
ffpp_NeuralTextures_000_003,1,FFpp,ff_000,train
ffpp_NeuralTextures_005_010,1,FFpp,ff_005,train
ffpp_NeuralTextures_011_805,1,FFpp,ff_011,train
ffpp_NeuralTextures_017_803,1,FFpp,ff_017,train
ffpp_NeuralTextures_023_923,1,FFpp,ff_023,train
ffpp_NeuralTextures_029_048,1,FFpp,ff_029,train
ffpp_NeuralTextures_035_036,1,FFpp,ff_035,train
ffpp_NeuralTextures_041_063,1,FFpp,ff_041,train
ffpp_NeuralTextures_047_862,1,FFpp,ff_047,train
ffpp_NeuralTextures_053_095,1,FFpp,ff_053,train
ffpp_NeuralTextures_059_050,1,FFpp,ff_050,train
ffpp_NeuralTextures_065_089,1,FFpp,ff_065,train
ffpp_NeuralTextures_071_054,1,FFpp,ff_054,train
ffpp_NeuralTextures_077_100,1,FFpp,ff_077,train
ffpp_NeuralTextures_083_213,1,FFpp,ff_083,train
ffpp_NeuralTextures_089_065,1,FFpp,ff_065,train
ffpp_NeuralTextures_095_053,1,FFpp,ff_053,train
ffpp_NeuralTextures_101_096,1,FFpp,ff_096,train
ffpp_NeuralTextures_107_109,1,FFpp,ff_107,train
ffpp_NeuralTextures_113_983,1,FFpp,ff_113,train
ffpp_NeuralTextures_119_123,1,FFpp,ff_119,train
ffpp_NeuralTextures_125_038,1,FFpp,ff_038,train
ffpp_NeuralTextures_131_518,1,FFpp,ff_131,train
ffpp_NeuralTextures_137_165,1,FFpp,ff_137,test
ffpp_NeuralTextures_143_140,1,FFpp,ff_140,train
ffpp_NeuralTextures_149_152,1,FFpp,ff_149,train
ffpp_NeuralTextures_155_576,1,FFpp,ff_155,train
ffpp_NeuralTextures_161_141,1,FFpp,ff_141,val
ffpp_NeuralTextures_167_166,1,FFpp,ff_166,test
ffpp_NeuralTextures_173_171,1,FFpp,ff_171,train
ffpp_NeuralTextures_179_212,1,FFpp,ff_179,test
ffpp_NeuralTextures_185_276,1,FFpp,ff_185,train
ffpp_NeuralTextures_191_188,1,FFpp,ff_188,train
ffpp_NeuralTextures_197_224,1,FFpp,ff_197,train
ffpp_NeuralTextures_203_201,1,FFpp,ff_201,train
ffpp_NeuralTextures_209_016,1,FFpp,ff_016,train
ffpp_NeuralTextures_215_208,1,FFpp,ff_208,train
ffpp_NeuralTextures_221_206,1,FFpp,ff_206,train
ffpp_NeuralTextures_227_169,1,FFpp,ff_169,train
ffpp_NeuralTextures_233_995,1,FFpp,ff_233,train
ffpp_NeuralTextures_239_218,1,FFpp,ff_218,train
ffpp_NeuralTextures_245_157,1,FFpp,ff_157,train
ffpp_NeuralTextures_251_375,1,FFpp,ff_251,train
ffpp_NeuralTextures_257_420,1,FFpp,ff_257,test
ffpp_NeuralTextures_263_284,1,FFpp,ff_263,train
ffpp_NeuralTextures_269_268,1,FFpp,ff_268,train
ffpp_NeuralTextures_275_887,1,FFpp,ff_275,train
ffpp_NeuralTextures_281_474,1,FFpp,ff_281,test
ffpp_NeuralTextures_287_426,1,FFpp,ff_287,val
ffpp_NeuralTextures_293_296,1,FFpp,ff_293,train
ffpp_NeuralTextures_299_145,1,FFpp,ff_145,train
ffpp_NeuralTextures_305_513,1,FFpp,ff_305,train
ffpp_NeuralTextures_311_387,1,FFpp,ff_311,val
ffpp_NeuralTextures_317_359,1,FFpp,ff_317,train
ffpp_NeuralTextures_323_302,1,FFpp,ff_302,val
ffpp_NeuralTextures_329_327,1,FFpp,ff_327,train
ffpp_NeuralTextures_335_277,1,FFpp,ff_277,train
ffpp_NeuralTextures_341_340,1,FFpp,ff_340,train
ffpp_NeuralTextures_347_314,1,FFpp,ff_314,train
ffpp_NeuralTextures_353_383,1,FFpp,ff_353,val
ffpp_NeuralTextures_359_317,1,FFpp,ff_317,train
ffpp_NeuralTextures_365_307,1,FFpp,ff_307,val
ffpp_NeuralTextures_371_367,1,FFpp,ff_367,train
ffpp_NeuralTextures_377_333,1,FFpp,ff_333,train
ffpp_NeuralTextures_383_353,1,FFpp,ff_353,val
ffpp_NeuralTextures_389_480,1,FFpp,ff_389,test
ffpp_NeuralTextures_395_401,1,FFpp,ff_395,test
ffpp_NeuralTextures_401_395,1,FFpp,ff_395,test
ffpp_NeuralTextures_407_374,1,FFpp,ff_374,train
ffpp_NeuralTextures_413_372,1,FFpp,ff_372,train
ffpp_NeuralTextures_419_824,1,FFpp,ff_419,test
ffpp_NeuralTextures_425_485,1,FFpp,ff_425,test
ffpp_NeuralTextures_431_447,1,FFpp,ff_431,train
ffpp_NeuralTextures_437_360,1,FFpp,ff_360,train
ffpp_NeuralTextures_443_514,1,FFpp,ff_443,test
ffpp_NeuralTextures_449_451,1,FFpp,ff_449,train
ffpp_NeuralTextures_455_471,1,FFpp,ff_455,train
ffpp_NeuralTextures_461_250,1,FFpp,ff_250,train
ffpp_NeuralTextures_467_462,1,FFpp,ff_462,train
ffpp_NeuralTextures_473_366,1,FFpp,ff_366,train
ffpp_NeuralTextures_479_706,1,FFpp,ff_479,val
ffpp_NeuralTextures_485_425,1,FFpp,ff_425,test
ffpp_NeuralTextures_491_226,1,FFpp,ff_226,train
ffpp_NeuralTextures_497_403,1,FFpp,ff_403,train
ffpp_NeuralTextures_502_504,1,FFpp,ff_502,test
ffpp_NeuralTextures_508_831,1,FFpp,ff_508,train
ffpp_NeuralTextures_514_443,1,FFpp,ff_443,test
ffpp_NeuralTextures_520_542,1,FFpp,ff_520,train
ffpp_NeuralTextures_526_436,1,FFpp,ff_436,train
ffpp_NeuralTextures_532_544,1,FFpp,ff_532,train
ffpp_NeuralTextures_538_493,1,FFpp,ff_493,train
ffpp_NeuralTextures_544_532,1,FFpp,ff_532,train
ffpp_NeuralTextures_550_452,1,FFpp,ff_452,train
ffpp_NeuralTextures_556_588,1,FFpp,ff_556,train
ffpp_NeuralTextures_562_626,1,FFpp,ff_562,train
ffpp_NeuralTextures_568_628,1,FFpp,ff_568,train
ffpp_NeuralTextures_574_547,1,FFpp,ff_547,train
ffpp_NeuralTextures_580_524,1,FFpp,ff_524,train
ffpp_NeuralTextures_586_223,1,FFpp,ff_223,train
ffpp_NeuralTextures_592_500,1,FFpp,ff_500,train
ffpp_NeuralTextures_598_178,1,FFpp,ff_178,train
ffpp_NeuralTextures_604_703,1,FFpp,ff_604,train
ffpp_NeuralTextures_610_692,1,FFpp,ff_610,train
ffpp_NeuralTextures_616_614,1,FFpp,ff_614,train
ffpp_NeuralTextures_622_647,1,FFpp,ff_622,train
ffpp_NeuralTextures_628_568,1,FFpp,ff_568,train
ffpp_NeuralTextures_634_660,1,FFpp,ff_634,train
ffpp_NeuralTextures_640_638,1,FFpp,ff_638,train
ffpp_NeuralTextures_646_643,1,FFpp,ff_643,train
ffpp_NeuralTextures_652_773,1,FFpp,ff_652,val
ffpp_NeuralTextures_658_627,1,FFpp,ff_627,train
ffpp_NeuralTextures_664_668,1,FFpp,ff_664,train
ffpp_NeuralTextures_670_661,1,FFpp,ff_661,train
ffpp_NeuralTextures_676_776,1,FFpp,ff_676,train
ffpp_NeuralTextures_682_669,1,FFpp,ff_669,val
ffpp_NeuralTextures_688_645,1,FFpp,ff_645,val
ffpp_NeuralTextures_694_767,1,FFpp,ff_694,train
ffpp_NeuralTextures_700_813,1,FFpp,ff_700,train
ffpp_NeuralTextures_706_479,1,FFpp,ff_479,val
ffpp_NeuralTextures_712_716,1,FFpp,ff_712,train
ffpp_NeuralTextures_718_972,1,FFpp,ff_718,train
ffpp_NeuralTextures_724_725,1,FFpp,ff_724,train
ffpp_NeuralTextures_730_815,1,FFpp,ff_730,test
ffpp_NeuralTextures_736_785,1,FFpp,ff_736,test
ffpp_NeuralTextures_742_775,1,FFpp,ff_742,train
ffpp_NeuralTextures_748_355,1,FFpp,ff_355,train
ffpp_NeuralTextures_754_758,1,FFpp,ff_754,test
ffpp_NeuralTextures_760_611,1,FFpp,ff_611,val
ffpp_NeuralTextures_766_761,1,FFpp,ff_761,train
ffpp_NeuralTextures_772_708,1,FFpp,ff_708,train
ffpp_NeuralTextures_778_798,1,FFpp,ff_778,train
ffpp_NeuralTextures_784_769,1,FFpp,ff_769,train
ffpp_NeuralTextures_790_014,1,FFpp,ff_014,train
ffpp_NeuralTextures_796_740,1,FFpp,ff_740,train
ffpp_NeuralTextures_802_885,1,FFpp,ff_802,train
ffpp_NeuralTextures_808_829,1,FFpp,ff_808,train
ffpp_NeuralTextures_814_871,1,FFpp,ff_814,train
ffpp_NeuralTextures_820_818,1,FFpp,ff_818,train
ffpp_NeuralTextures_826_833,1,FFpp,ff_826,train
ffpp_NeuralTextures_832_762,1,FFpp,ff_762,train
ffpp_NeuralTextures_838_810,1,FFpp,ff_810,train
ffpp_NeuralTextures_844_797,1,FFpp,ff_797,val
ffpp_NeuralTextures_850_764,1,FFpp,ff_764,train
ffpp_NeuralTextures_856_881,1,FFpp,ff_856,train
ffpp_NeuralTextures_862_047,1,FFpp,ff_047,train
ffpp_NeuralTextures_868_949,1,FFpp,ff_868,train
ffpp_NeuralTextures_874_291,1,FFpp,ff_291,val
ffpp_NeuralTextures_880_135,1,FFpp,ff_135,train
ffpp_NeuralTextures_886_877,1,FFpp,ff_877,train
ffpp_NeuralTextures_892_112,1,FFpp,ff_112,train
ffpp_NeuralTextures_898_922,1,FFpp,ff_898,train
ffpp_NeuralTextures_904_046,1,FFpp,ff_046,val
ffpp_NeuralTextures_910_911,1,FFpp,ff_910,train
ffpp_NeuralTextures_916_783,1,FFpp,ff_783,val
ffpp_NeuralTextures_922_898,1,FFpp,ff_898,train
ffpp_NeuralTextures_928_160,1,FFpp,ff_160,train
ffpp_NeuralTextures_934_918,1,FFpp,ff_918,test
ffpp_NeuralTextures_940_941,1,FFpp,ff_940,train
ffpp_NeuralTextures_946_049,1,FFpp,ff_049,test
ffpp_NeuralTextures_952_882,1,FFpp,ff_882,test
ffpp_NeuralTextures_958_956,1,FFpp,ff_956,train
ffpp_NeuralTextures_964_174,1,FFpp,ff_174,train
ffpp_NeuralTextures_970_973,1,FFpp,ff_970,train
ffpp_NeuralTextures_976_954,1,FFpp,ff_954,train
ffpp_NeuralTextures_982_004,1,FFpp,ff_004,train
ffpp_NeuralTextures_988_966,1,FFpp,ff_966,train
ffpp_NeuralTextures_994_986,1,FFpp,ff_986,train
ffpp_real_000,0,FFpp,ff_000,train
ffpp_real_001,0,FFpp,ff_001,train
ffpp_real_002,0,FFpp,ff_002,train
ffpp_real_003,0,FFpp,ff_000,train
ffpp_real_004,0,FFpp,ff_004,train
ffpp_real_005,0,FFpp,ff_005,train
ffpp_real_006,0,FFpp,ff_006,train
ffpp_real_007,0,FFpp,ff_007,train
ffpp_real_008,0,FFpp,ff_008,train
ffpp_real_009,0,FFpp,ff_009,train
ffpp_real_010,0,FFpp,ff_005,train
ffpp_real_011,0,FFpp,ff_011,train
ffpp_real_012,0,FFpp,ff_012,train
ffpp_real_013,0,FFpp,ff_013,test
ffpp_real_014,0,FFpp,ff_014,train
ffpp_real_015,0,FFpp,ff_015,train
ffpp_real_016,0,FFpp,ff_016,train
ffpp_real_017,0,FFpp,ff_017,train
ffpp_real_018,0,FFpp,ff_018,train
ffpp_real_019,0,FFpp,ff_019,train
ffpp_real_020,0,FFpp,ff_020,train
ffpp_real_021,0,FFpp,ff_021,val
ffpp_real_022,0,FFpp,ff_022,train
ffpp_real_023,0,FFpp,ff_023,train
ffpp_real_024,0,FFpp,ff_024,train
ffpp_real_025,0,FFpp,ff_025,train
ffpp_real_026,0,FFpp,ff_026,train
ffpp_real_027,0,FFpp,ff_027,train
ffpp_real_028,0,FFpp,ff_028,train
ffpp_real_029,0,FFpp,ff_029,train
ffpp_real_030,0,FFpp,ff_030,train
ffpp_real_031,0,FFpp,ff_031,train
ffpp_real_032,0,FFpp,ff_032,train
ffpp_real_033,0,FFpp,ff_033,train
ffpp_real_034,0,FFpp,ff_034,train
ffpp_real_035,0,FFpp,ff_035,train
ffpp_real_036,0,FFpp,ff_035,train
ffpp_real_037,0,FFpp,ff_037,test
ffpp_real_038,0,FFpp,ff_038,train
ffpp_real_039,0,FFpp,ff_039,train
ffpp_real_040,0,FFpp,ff_040,train
ffpp_real_041,0,FFpp,ff_041,train
ffpp_real_042,0,FFpp,ff_042,train
ffpp_real_043,0,FFpp,ff_043,test
ffpp_real_044,0,FFpp,ff_044,val
ffpp_real_045,0,FFpp,ff_045,train
ffpp_real_046,0,FFpp,ff_046,val
ffpp_real_047,0,FFpp,ff_047,train
ffpp_real_048,0,FFpp,ff_029,train
ffpp_real_049,0,FFpp,ff_049,test
ffpp_real_050,0,FFpp,ff_050,train
ffpp_real_051,0,FFpp,ff_051,train
ffpp_real_052,0,FFpp,ff_052,train
ffpp_real_053,0,FFpp,ff_053,train
ffpp_real_054,0,FFpp,ff_054,train
ffpp_real_055,0,FFpp,ff_055,train
ffpp_real_056,0,FFpp,ff_056,train
ffpp_real_057,0,FFpp,ff_057,train
ffpp_real_058,0,FFpp,ff_058,train
ffpp_real_059,0,FFpp,ff_050,train
ffpp_real_060,0,FFpp,ff_060,train
ffpp_real_061,0,FFpp,ff_061,train
ffpp_real_062,0,FFpp,ff_062,test
ffpp_real_063,0,FFpp,ff_041,train
ffpp_real_064,0,FFpp,ff_064,train
ffpp_real_065,0,FFpp,ff_065,train
ffpp_real_066,0,FFpp,ff_066,val
ffpp_real_067,0,FFpp,ff_067,train
ffpp_real_068,0,FFpp,ff_068,train
ffpp_real_069,0,FFpp,ff_069,train
ffpp_real_070,0,FFpp,ff_070,train
ffpp_real_071,0,FFpp,ff_054,train
ffpp_real_072,0,FFpp,ff_072,train
ffpp_real_073,0,FFpp,ff_073,train
ffpp_real_074,0,FFpp,ff_074,train
ffpp_real_075,0,FFpp,ff_075,train
ffpp_real_076,0,FFpp,ff_076,test
ffpp_real_077,0,FFpp,ff_077,train
ffpp_real_078,0,FFpp,ff_078,train
ffpp_real_079,0,FFpp,ff_079,train
ffpp_real_080,0,FFpp,ff_080,train
ffpp_real_081,0,FFpp,ff_081,train
ffpp_real_082,0,FFpp,ff_082,val
ffpp_real_083,0,FFpp,ff_083,train
ffpp_real_084,0,FFpp,ff_084,train
ffpp_real_085,0,FFpp,ff_085,train
ffpp_real_086,0,FFpp,ff_086,train
ffpp_real_087,0,FFpp,ff_087,train
ffpp_real_088,0,FFpp,ff_088,train
ffpp_real_089,0,FFpp,ff_065,train
ffpp_real_090,0,FFpp,ff_090,train
ffpp_real_091,0,FFpp,ff_091,train
ffpp_real_092,0,FFpp,ff_092,train
ffpp_real_093,0,FFpp,ff_093,train
ffpp_real_094,0,FFpp,ff_094,train
ffpp_real_095,0,FFpp,ff_053,train
ffpp_real_096,0,FFpp,ff_096,train
ffpp_real_097,0,FFpp,ff_097,train
ffpp_real_098,0,FFpp,ff_098,train
ffpp_real_099,0,FFpp,ff_099,train
ffpp_real_100,0,FFpp,ff_077,train
ffpp_real_101,0,FFpp,ff_096,train
ffpp_real_102,0,FFpp,ff_102,train
ffpp_real_103,0,FFpp,ff_103,train
ffpp_real_104,0,FFpp,ff_104,train
ffpp_real_105,0,FFpp,ff_105,train
ffpp_real_106,0,FFpp,ff_106,val
ffpp_real_107,0,FFpp,ff_107,train
ffpp_real_108,0,FFpp,ff_108,train
ffpp_real_109,0,FFpp,ff_107,train
ffpp_real_110,0,FFpp,ff_110,train
ffpp_real_111,0,FFpp,ff_111,train
ffpp_real_112,0,FFpp,ff_112,train
ffpp_real_113,0,FFpp,ff_113,train
ffpp_real_114,0,FFpp,ff_114,train
ffpp_real_115,0,FFpp,ff_115,train
ffpp_real_116,0,FFpp,ff_116,train
ffpp_real_117,0,FFpp,ff_117,train
ffpp_real_118,0,FFpp,ff_118,train
ffpp_real_119,0,FFpp,ff_119,train
ffpp_real_120,0,FFpp,ff_120,train
ffpp_real_121,0,FFpp,ff_121,test
ffpp_real_122,0,FFpp,ff_122,test
ffpp_real_123,0,FFpp,ff_119,train
ffpp_real_124,0,FFpp,ff_124,train
ffpp_real_125,0,FFpp,ff_038,train
ffpp_real_126,0,FFpp,ff_126,test
ffpp_real_127,0,FFpp,ff_127,train
ffpp_real_128,0,FFpp,ff_128,test
ffpp_real_129,0,FFpp,ff_129,train
ffpp_real_130,0,FFpp,ff_130,train
ffpp_real_131,0,FFpp,ff_131,train
ffpp_real_132,0,FFpp,ff_132,train
ffpp_real_133,0,FFpp,ff_133,train
ffpp_real_134,0,FFpp,ff_134,test
ffpp_real_135,0,FFpp,ff_135,train
ffpp_real_136,0,FFpp,ff_136,train
ffpp_real_137,0,FFpp,ff_137,test
ffpp_real_138,0,FFpp,ff_138,val
ffpp_real_139,0,FFpp,ff_139,train
ffpp_real_140,0,FFpp,ff_140,train
ffpp_real_141,0,FFpp,ff_141,val
ffpp_real_142,0,FFpp,ff_142,train
ffpp_real_143,0,FFpp,ff_140,train
ffpp_real_144,0,FFpp,ff_144,train
ffpp_real_145,0,FFpp,ff_145,train
ffpp_real_146,0,FFpp,ff_146,train
ffpp_real_147,0,FFpp,ff_147,val
ffpp_real_148,0,FFpp,ff_148,train
ffpp_real_149,0,FFpp,ff_149,train
ffpp_real_150,0,FFpp,ff_150,val
ffpp_real_151,0,FFpp,ff_151,train
ffpp_real_152,0,FFpp,ff_149,train
ffpp_real_153,0,FFpp,ff_153,train
ffpp_real_154,0,FFpp,ff_154,train
ffpp_real_155,0,FFpp,ff_155,train
ffpp_real_156,0,FFpp,ff_156,train
ffpp_real_157,0,FFpp,ff_157,train
ffpp_real_158,0,FFpp,ff_158,test
ffpp_real_159,0,FFpp,ff_159,train
ffpp_real_160,0,FFpp,ff_160,train
ffpp_real_161,0,FFpp,ff_141,val
ffpp_real_162,0,FFpp,ff_162,train
ffpp_real_163,0,FFpp,ff_163,train
ffpp_real_164,0,FFpp,ff_164,train
ffpp_real_165,0,FFpp,ff_137,test
ffpp_real_166,0,FFpp,ff_166,test
ffpp_real_167,0,FFpp,ff_166,test
ffpp_real_168,0,FFpp,ff_168,train
ffpp_real_169,0,FFpp,ff_169,train
ffpp_real_170,0,FFpp,ff_170,train
ffpp_real_171,0,FFpp,ff_171,train
ffpp_real_172,0,FFpp,ff_172,train
ffpp_real_173,0,FFpp,ff_171,train
ffpp_real_174,0,FFpp,ff_174,train
ffpp_real_175,0,FFpp,ff_175,train
ffpp_real_176,0,FFpp,ff_176,train
ffpp_real_177,0,FFpp,ff_177,train
ffpp_real_178,0,FFpp,ff_178,train
ffpp_real_179,0,FFpp,ff_179,test
ffpp_real_180,0,FFpp,ff_180,train
ffpp_real_181,0,FFpp,ff_181,val
ffpp_real_182,0,FFpp,ff_182,train
ffpp_real_183,0,FFpp,ff_183,train
ffpp_real_184,0,FFpp,ff_184,train
ffpp_real_185,0,FFpp,ff_185,train
ffpp_real_186,0,FFpp,ff_186,train
ffpp_real_187,0,FFpp,ff_187,train
ffpp_real_188,0,FFpp,ff_188,train
ffpp_real_189,0,FFpp,ff_189,train
ffpp_real_190,0,FFpp,ff_190,train
ffpp_real_191,0,FFpp,ff_188,train
ffpp_real_192,0,FFpp,ff_192,train
ffpp_real_193,0,FFpp,ff_193,train
ffpp_real_194,0,FFpp,ff_194,train
ffpp_real_195,0,FFpp,ff_195,val
ffpp_real_196,0,FFpp,ff_196,train
ffpp_real_197,0,FFpp,ff_197,train
ffpp_real_198,0,FFpp,ff_198,train
ffpp_real_199,0,FFpp,ff_199,train
ffpp_real_200,0,FFpp,ff_200,train
ffpp_real_201,0,FFpp,ff_201,train
ffpp_real_202,0,FFpp,ff_202,train
ffpp_real_203,0,FFpp,ff_201,train
ffpp_real_204,0,FFpp,ff_204,train
ffpp_real_205,0,FFpp,ff_205,val
ffpp_real_206,0,FFpp,ff_206,train
ffpp_real_207,0,FFpp,ff_207,train
ffpp_real_208,0,FFpp,ff_208,train
ffpp_real_209,0,FFpp,ff_016,train
ffpp_real_210,0,FFpp,ff_210,train
ffpp_real_211,0,FFpp,ff_211,train
ffpp_real_212,0,FFpp,ff_179,test
ffpp_real_213,0,FFpp,ff_083,train
ffpp_real_214,0,FFpp,ff_214,val
ffpp_real_215,0,FFpp,ff_208,train
ffpp_real_216,0,FFpp,ff_216,train
ffpp_real_217,0,FFpp,ff_217,train
ffpp_real_218,0,FFpp,ff_218,train
ffpp_real_219,0,FFpp,ff_219,train
ffpp_real_220,0,FFpp,ff_220,train
ffpp_real_221,0,FFpp,ff_206,train
ffpp_real_222,0,FFpp,ff_222,train
ffpp_real_223,0,FFpp,ff_223,train
ffpp_real_224,0,FFpp,ff_197,train
ffpp_real_225,0,FFpp,ff_225,train
ffpp_real_226,0,FFpp,ff_226,train
ffpp_real_227,0,FFpp,ff_169,train
ffpp_real_228,0,FFpp,ff_228,train
ffpp_real_229,0,FFpp,ff_229,train
ffpp_real_230,0,FFpp,ff_230,train
ffpp_real_231,0,FFpp,ff_231,train
ffpp_real_232,0,FFpp,ff_232,train
ffpp_real_233,0,FFpp,ff_233,train
ffpp_real_234,0,FFpp,ff_234,train
ffpp_real_235,0,FFpp,ff_235,train
ffpp_real_236,0,FFpp,ff_236,train
ffpp_real_237,0,FFpp,ff_237,train
ffpp_real_238,0,FFpp,ff_238,test
ffpp_real_239,0,FFpp,ff_218,train
ffpp_real_240,0,FFpp,ff_240,train
ffpp_real_241,0,FFpp,ff_241,val
ffpp_real_242,0,FFpp,ff_242,test
ffpp_real_243,0,FFpp,ff_243,train
ffpp_real_244,0,FFpp,ff_244,train
ffpp_real_245,0,FFpp,ff_157,train
ffpp_real_246,0,FFpp,ff_246,train
ffpp_real_247,0,FFpp,ff_247,train
ffpp_real_248,0,FFpp,ff_248,val
ffpp_real_249,0,FFpp,ff_249,train
ffpp_real_250,0,FFpp,ff_250,train
ffpp_real_251,0,FFpp,ff_251,train
ffpp_real_252,0,FFpp,ff_252,train
ffpp_real_253,0,FFpp,ff_253,val
ffpp_real_254,0,FFpp,ff_254,train
ffpp_real_255,0,FFpp,ff_255,test
ffpp_real_256,0,FFpp,ff_256,train
ffpp_real_257,0,FFpp,ff_257,test
ffpp_real_258,0,FFpp,ff_258,train
ffpp_real_259,0,FFpp,ff_259,train
ffpp_real_260,0,FFpp,ff_260,train
ffpp_real_261,0,FFpp,ff_261,val
ffpp_real_262,0,FFpp,ff_262,test
ffpp_real_263,0,FFpp,ff_263,train
ffpp_real_264,0,FFpp,ff_264,train
ffpp_real_265,0,FFpp,ff_265,train
ffpp_real_266,0,FFpp,ff_266,train
ffpp_real_267,0,FFpp,ff_267,train
ffpp_real_268,0,FFpp,ff_268,train
ffpp_real_269,0,FFpp,ff_268,train
ffpp_real_270,0,FFpp,ff_270,train
ffpp_real_271,0,FFpp,ff_271,train
ffpp_real_272,0,FFpp,ff_272,train
ffpp_real_273,0,FFpp,ff_273,train
ffpp_real_274,0,FFpp,ff_274,train
ffpp_real_275,0,FFpp,ff_275,train
ffpp_real_276,0,FFpp,ff_185,train
ffpp_real_277,0,FFpp,ff_277,train
ffpp_real_278,0,FFpp,ff_278,train
ffpp_real_279,0,FFpp,ff_279,train
ffpp_real_280,0,FFpp,ff_280,train
ffpp_real_281,0,FFpp,ff_281,test
ffpp_real_282,0,FFpp,ff_282,train
ffpp_real_283,0,FFpp,ff_283,val
ffpp_real_284,0,FFpp,ff_263,train
ffpp_real_285,0,FFpp,ff_285,train
ffpp_real_286,0,FFpp,ff_286,train
ffpp_real_287,0,FFpp,ff_287,val
ffpp_real_288,0,FFpp,ff_288,train
ffpp_real_289,0,FFpp,ff_289,test
ffpp_real_290,0,FFpp,ff_290,train
ffpp_real_291,0,FFpp,ff_291,val
ffpp_real_292,0,FFpp,ff_292,val
ffpp_real_293,0,FFpp,ff_293,train
ffpp_real_294,0,FFpp,ff_294,train
ffpp_real_295,0,FFpp,ff_295,train
ffpp_real_296,0,FFpp,ff_293,train
ffpp_real_297,0,FFpp,ff_297,train
ffpp_real_298,0,FFpp,ff_298,train
ffpp_real_299,0,FFpp,ff_145,train
ffpp_real_300,0,FFpp,ff_300,train
ffpp_real_301,0,FFpp,ff_301,train
ffpp_real_302,0,FFpp,ff_302,val
ffpp_real_303,0,FFpp,ff_303,train
ffpp_real_304,0,FFpp,ff_304,train
ffpp_real_305,0,FFpp,ff_305,train
ffpp_real_306,0,FFpp,ff_306,train
ffpp_real_307,0,FFpp,ff_307,val
ffpp_real_308,0,FFpp,ff_308,train
ffpp_real_309,0,FFpp,ff_309,train
ffpp_real_310,0,FFpp,ff_310,train
ffpp_real_311,0,FFpp,ff_311,val
ffpp_real_312,0,FFpp,ff_312,train
ffpp_real_313,0,FFpp,ff_313,train
ffpp_real_314,0,FFpp,ff_314,train
ffpp_real_315,0,FFpp,ff_315,train
ffpp_real_316,0,FFpp,ff_316,val
ffpp_real_317,0,FFpp,ff_317,train
ffpp_real_318,0,FFpp,ff_318,train
ffpp_real_319,0,FFpp,ff_319,train
ffpp_real_320,0,FFpp,ff_320,train
ffpp_real_321,0,FFpp,ff_321,train
ffpp_real_322,0,FFpp,ff_322,train
ffpp_real_323,0,FFpp,ff_302,val
ffpp_real_324,0,FFpp,ff_324,test
ffpp_real_325,0,FFpp,ff_325,train
ffpp_real_326,0,FFpp,ff_326,train
ffpp_real_327,0,FFpp,ff_327,train
ffpp_real_328,0,FFpp,ff_328,train
ffpp_real_329,0,FFpp,ff_327,train
ffpp_real_330,0,FFpp,ff_330,val
ffpp_real_331,0,FFpp,ff_331,train
ffpp_real_332,0,FFpp,ff_332,train
ffpp_real_333,0,FFpp,ff_333,train
ffpp_real_334,0,FFpp,ff_334,train
ffpp_real_335,0,FFpp,ff_277,train
ffpp_real_336,0,FFpp,ff_336,train
ffpp_real_337,0,FFpp,ff_337,train
ffpp_real_338,0,FFpp,ff_338,test
ffpp_real_339,0,FFpp,ff_339,train
ffpp_real_340,0,FFpp,ff_340,train
ffpp_real_341,0,FFpp,ff_340,train
ffpp_real_342,0,FFpp,ff_342,val
ffpp_real_343,0,FFpp,ff_343,train
ffpp_real_344,0,FFpp,ff_344,train
ffpp_real_345,0,FFpp,ff_345,train
ffpp_real_346,0,FFpp,ff_346,train
ffpp_real_347,0,FFpp,ff_314,train
ffpp_real_348,0,FFpp,ff_348,train
ffpp_real_349,0,FFpp,ff_349,train
ffpp_real_350,0,FFpp,ff_350,test
ffpp_real_351,0,FFpp,ff_351,train
ffpp_real_352,0,FFpp,ff_352,train
ffpp_real_353,0,FFpp,ff_353,val
ffpp_real_354,0,FFpp,ff_354,val
ffpp_real_355,0,FFpp,ff_355,train
ffpp_real_356,0,FFpp,ff_356,test
ffpp_real_357,0,FFpp,ff_357,train
ffpp_real_358,0,FFpp,ff_358,train
ffpp_real_359,0,FFpp,ff_317,train
ffpp_real_360,0,FFpp,ff_360,train
ffpp_real_361,0,FFpp,ff_361,train
ffpp_real_362,0,FFpp,ff_362,train
ffpp_real_363,0,FFpp,ff_363,val
ffpp_real_364,0,FFpp,ff_364,test
ffpp_real_365,0,FFpp,ff_307,val
ffpp_real_366,0,FFpp,ff_366,train
ffpp_real_367,0,FFpp,ff_367,train
ffpp_real_368,0,FFpp,ff_368,train
ffpp_real_369,0,FFpp,ff_369,val
ffpp_real_370,0,FFpp,ff_370,train
ffpp_real_371,0,FFpp,ff_367,train
ffpp_real_372,0,FFpp,ff_372,train
ffpp_real_373,0,FFpp,ff_373,train
ffpp_real_374,0,FFpp,ff_374,train
ffpp_real_375,0,FFpp,ff_251,train
ffpp_real_376,0,FFpp,ff_376,train
ffpp_real_377,0,FFpp,ff_333,train
ffpp_real_378,0,FFpp,ff_378,train
ffpp_real_379,0,FFpp,ff_379,train
ffpp_real_380,0,FFpp,ff_380,train
ffpp_real_381,0,FFpp,ff_381,train
ffpp_real_382,0,FFpp,ff_382,train
ffpp_real_383,0,FFpp,ff_353,val
ffpp_real_384,0,FFpp,ff_384,train
ffpp_real_385,0,FFpp,ff_385,train
ffpp_real_386,0,FFpp,ff_386,train
ffpp_real_387,0,FFpp,ff_311,val
ffpp_real_388,0,FFpp,ff_388,train
ffpp_real_389,0,FFpp,ff_389,test
ffpp_real_390,0,FFpp,ff_390,val
ffpp_real_391,0,FFpp,ff_391,train
ffpp_real_392,0,FFpp,ff_392,train
ffpp_real_393,0,FFpp,ff_393,train
ffpp_real_394,0,FFpp,ff_394,train
ffpp_real_395,0,FFpp,ff_395,test
ffpp_real_396,0,FFpp,ff_396,train
ffpp_real_397,0,FFpp,ff_397,train
ffpp_real_398,0,FFpp,ff_398,val
ffpp_real_399,0,FFpp,ff_399,train
ffpp_real_400,0,FFpp,ff_400,train
ffpp_real_401,0,FFpp,ff_395,test
ffpp_real_402,0,FFpp,ff_402,train
ffpp_real_403,0,FFpp,ff_403,train
ffpp_real_404,0,FFpp,ff_404,val
ffpp_real_405,0,FFpp,ff_405,val
ffpp_real_406,0,FFpp,ff_406,val
ffpp_real_407,0,FFpp,ff_374,train
ffpp_real_408,0,FFpp,ff_408,train
ffpp_real_409,0,FFpp,ff_409,train
ffpp_real_410,0,FFpp,ff_410,train
ffpp_real_411,0,FFpp,ff_411,train
ffpp_real_412,0,FFpp,ff_412,test
ffpp_real_413,0,FFpp,ff_372,train
ffpp_real_414,0,FFpp,ff_414,train
ffpp_real_415,0,FFpp,ff_415,train
ffpp_real_416,0,FFpp,ff_416,train
ffpp_real_417,0,FFpp,ff_417,train
ffpp_real_418,0,FFpp,ff_418,train
ffpp_real_419,0,FFpp,ff_419,test
ffpp_real_420,0,FFpp,ff_257,test
ffpp_real_421,0,FFpp,ff_421,train
ffpp_real_422,0,FFpp,ff_422,train
ffpp_real_423,0,FFpp,ff_423,test
ffpp_real_424,0,FFpp,ff_424,train
ffpp_real_425,0,FFpp,ff_425,test
ffpp_real_426,0,FFpp,ff_287,val
ffpp_real_427,0,FFpp,ff_427,train
ffpp_real_428,0,FFpp,ff_428,train
ffpp_real_429,0,FFpp,ff_429,val
ffpp_real_430,0,FFpp,ff_430,test
ffpp_real_431,0,FFpp,ff_431,train
ffpp_real_432,0,FFpp,ff_432,train
ffpp_real_433,0,FFpp,ff_433,train
ffpp_real_434,0,FFpp,ff_434,val
ffpp_real_435,0,FFpp,ff_435,test
ffpp_real_436,0,FFpp,ff_436,train
ffpp_real_437,0,FFpp,ff_360,train
ffpp_real_438,0,FFpp,ff_438,train
ffpp_real_439,0,FFpp,ff_439,train
ffpp_real_440,0,FFpp,ff_440,val
ffpp_real_441,0,FFpp,ff_441,train
ffpp_real_442,0,FFpp,ff_442,train
ffpp_real_443,0,FFpp,ff_443,test
ffpp_real_444,0,FFpp,ff_444,train
ffpp_real_445,0,FFpp,ff_445,test
ffpp_real_446,0,FFpp,ff_446,train
ffpp_real_447,0,FFpp,ff_431,train
ffpp_real_448,0,FFpp,ff_448,val
ffpp_real_449,0,FFpp,ff_449,train
ffpp_real_450,0,FFpp,ff_450,train
ffpp_real_451,0,FFpp,ff_449,train
ffpp_real_452,0,FFpp,ff_452,train
ffpp_real_453,0,FFpp,ff_453,train
ffpp_real_454,0,FFpp,ff_454,test
ffpp_real_455,0,FFpp,ff_455,train
ffpp_real_456,0,FFpp,ff_456,train
ffpp_real_457,0,FFpp,ff_457,train
ffpp_real_458,0,FFpp,ff_458,train
ffpp_real_459,0,FFpp,ff_459,test
ffpp_real_460,0,FFpp,ff_460,train
ffpp_real_461,0,FFpp,ff_250,train
ffpp_real_462,0,FFpp,ff_462,train
ffpp_real_463,0,FFpp,ff_463,test
ffpp_real_464,0,FFpp,ff_464,val
ffpp_real_465,0,FFpp,ff_465,train
ffpp_real_466,0,FFpp,ff_466,test
ffpp_real_467,0,FFpp,ff_462,train
ffpp_real_468,0,FFpp,ff_468,train
ffpp_real_469,0,FFpp,ff_469,train
ffpp_real_470,0,FFpp,ff_470,train
ffpp_real_471,0,FFpp,ff_455,train
ffpp_real_472,0,FFpp,ff_472,train
ffpp_real_473,0,FFpp,ff_366,train
ffpp_real_474,0,FFpp,ff_281,test
ffpp_real_475,0,FFpp,ff_475,train
ffpp_real_476,0,FFpp,ff_476,train
ffpp_real_477,0,FFpp,ff_477,train
ffpp_real_478,0,FFpp,ff_478,train
ffpp_real_479,0,FFpp,ff_479,val
ffpp_real_480,0,FFpp,ff_389,test
ffpp_real_481,0,FFpp,ff_481,train
ffpp_real_482,0,FFpp,ff_482,train
ffpp_real_483,0,FFpp,ff_483,train
ffpp_real_484,0,FFpp,ff_484,train
ffpp_real_485,0,FFpp,ff_425,test
ffpp_real_486,0,FFpp,ff_486,train
ffpp_real_487,0,FFpp,ff_487,train
ffpp_real_488,0,FFpp,ff_488,train
ffpp_real_489,0,FFpp,ff_489,train
ffpp_real_490,0,FFpp,ff_490,train
ffpp_real_491,0,FFpp,ff_226,train
ffpp_real_492,0,FFpp,ff_492,val
ffpp_real_493,0,FFpp,ff_493,train
ffpp_real_494,0,FFpp,ff_494,train
ffpp_real_495,0,FFpp,ff_495,train
ffpp_real_496,0,FFpp,ff_496,train
ffpp_real_497,0,FFpp,ff_403,train
ffpp_real_498,0,FFpp,ff_498,train
ffpp_real_499,0,FFpp,ff_499,train
ffpp_real_500,0,FFpp,ff_500,train
ffpp_real_501,0,FFpp,ff_501,train
ffpp_real_502,0,FFpp,ff_502,test
ffpp_real_503,0,FFpp,ff_503,train
ffpp_real_504,0,FFpp,ff_502,test
ffpp_real_505,0,FFpp,ff_505,train
ffpp_real_506,0,FFpp,ff_506,train
ffpp_real_507,0,FFpp,ff_507,train
ffpp_real_508,0,FFpp,ff_508,train
ffpp_real_509,0,FFpp,ff_509,train
ffpp_real_510,0,FFpp,ff_510,train
ffpp_real_511,0,FFpp,ff_511,val
ffpp_real_512,0,FFpp,ff_512,train
ffpp_real_513,0,FFpp,ff_305,train
ffpp_real_514,0,FFpp,ff_443,test
ffpp_real_515,0,FFpp,ff_515,train
ffpp_real_516,0,FFpp,ff_516,train
ffpp_real_517,0,FFpp,ff_517,train
ffpp_real_518,0,FFpp,ff_131,train
ffpp_real_519,0,FFpp,ff_519,train
ffpp_real_520,0,FFpp,ff_520,train
ffpp_real_521,0,FFpp,ff_521,train
ffpp_real_522,0,FFpp,ff_522,train
ffpp_real_523,0,FFpp,ff_523,test
ffpp_real_524,0,FFpp,ff_524,train
ffpp_real_525,0,FFpp,ff_525,val
ffpp_real_526,0,FFpp,ff_436,train
ffpp_real_527,0,FFpp,ff_527,train
ffpp_real_528,0,FFpp,ff_528,train
ffpp_real_529,0,FFpp,ff_529,val
ffpp_real_530,0,FFpp,ff_530,train
ffpp_real_531,0,FFpp,ff_531,train
ffpp_real_532,0,FFpp,ff_532,train
ffpp_real_533,0,FFpp,ff_533,train
ffpp_real_534,0,FFpp,ff_534,train
ffpp_real_535,0,FFpp,ff_535,train
ffpp_real_536,0,FFpp,ff_536,test
ffpp_real_537,0,FFpp,ff_537,train
ffpp_real_538,0,FFpp,ff_493,train
ffpp_real_539,0,FFpp,ff_539,train
ffpp_real_540,0,FFpp,ff_540,val
ffpp_real_541,0,FFpp,ff_541,train
ffpp_real_542,0,FFpp,ff_520,train
ffpp_real_543,0,FFpp,ff_543,test
ffpp_real_544,0,FFpp,ff_532,train
ffpp_real_545,0,FFpp,ff_545,train
ffpp_real_546,0,FFpp,ff_546,train
ffpp_real_547,0,FFpp,ff_547,train
ffpp_real_548,0,FFpp,ff_548,train
ffpp_real_549,0,FFpp,ff_549,train
ffpp_real_550,0,FFpp,ff_452,train
ffpp_real_551,0,FFpp,ff_551,train
ffpp_real_552,0,FFpp,ff_552,train
ffpp_real_553,0,FFpp,ff_553,train
ffpp_real_554,0,FFpp,ff_554,train
ffpp_real_555,0,FFpp,ff_555,train
ffpp_real_556,0,FFpp,ff_556,train
ffpp_real_557,0,FFpp,ff_557,train
ffpp_real_558,0,FFpp,ff_558,train
ffpp_real_559,0,FFpp,ff_559,train
ffpp_real_560,0,FFpp,ff_560,train
ffpp_real_561,0,FFpp,ff_561,train
ffpp_real_562,0,FFpp,ff_562,train
ffpp_real_563,0,FFpp,ff_563,train
ffpp_real_564,0,FFpp,ff_564,train
ffpp_real_565,0,FFpp,ff_565,train
ffpp_real_566,0,FFpp,ff_566,test
ffpp_real_567,0,FFpp,ff_567,train
ffpp_real_568,0,FFpp,ff_568,train
ffpp_real_569,0,FFpp,ff_569,val
ffpp_real_570,0,FFpp,ff_570,train
ffpp_real_571,0,FFpp,ff_571,val
ffpp_real_572,0,FFpp,ff_572,train
ffpp_real_573,0,FFpp,ff_573,train
ffpp_real_574,0,FFpp,ff_547,train
ffpp_real_575,0,FFpp,ff_575,test
ffpp_real_576,0,FFpp,ff_155,train
ffpp_real_577,0,FFpp,ff_577,train
ffpp_real_578,0,FFpp,ff_578,train
ffpp_real_579,0,FFpp,ff_579,train
ffpp_real_580,0,FFpp,ff_524,train
ffpp_real_581,0,FFpp,ff_581,train
ffpp_real_582,0,FFpp,ff_582,train
ffpp_real_583,0,FFpp,ff_583,train
ffpp_real_584,0,FFpp,ff_584,train
ffpp_real_585,0,FFpp,ff_585,train
ffpp_real_586,0,FFpp,ff_223,train
ffpp_real_587,0,FFpp,ff_587,train
ffpp_real_588,0,FFpp,ff_556,train
ffpp_real_589,0,FFpp,ff_589,train
ffpp_real_590,0,FFpp,ff_590,train
ffpp_real_591,0,FFpp,ff_591,train
ffpp_real_592,0,FFpp,ff_500,train
ffpp_real_593,0,FFpp,ff_593,train
ffpp_real_594,0,FFpp,ff_594,train
ffpp_real_595,0,FFpp,ff_595,train
ffpp_real_596,0,FFpp,ff_596,train
ffpp_real_597,0,FFpp,ff_597,train
ffpp_real_598,0,FFpp,ff_178,train
ffpp_real_599,0,FFpp,ff_599,train
ffpp_real_600,0,FFpp,ff_600,train
ffpp_real_601,0,FFpp,ff_601,train
ffpp_real_602,0,FFpp,ff_602,train
ffpp_real_603,0,FFpp,ff_603,train
ffpp_real_604,0,FFpp,ff_604,train
ffpp_real_605,0,FFpp,ff_605,train
ffpp_real_606,0,FFpp,ff_606,train
ffpp_real_607,0,FFpp,ff_607,train
ffpp_real_608,0,FFpp,ff_608,train
ffpp_real_609,0,FFpp,ff_609,val
ffpp_real_610,0,FFpp,ff_610,train
ffpp_real_611,0,FFpp,ff_611,val
ffpp_real_612,0,FFpp,ff_612,train
ffpp_real_613,0,FFpp,ff_613,test
ffpp_real_614,0,FFpp,ff_614,train
ffpp_real_615,0,FFpp,ff_615,val
ffpp_real_616,0,FFpp,ff_614,train
ffpp_real_617,0,FFpp,ff_617,train
ffpp_real_618,0,FFpp,ff_618,train
ffpp_real_619,0,FFpp,ff_619,train
ffpp_real_620,0,FFpp,ff_620,train
ffpp_real_621,0,FFpp,ff_621,val
ffpp_real_622,0,FFpp,ff_622,train
ffpp_real_623,0,FFpp,ff_623,train
ffpp_real_624,0,FFpp,ff_624,train
ffpp_real_625,0,FFpp,ff_625,train
ffpp_real_626,0,FFpp,ff_562,train
ffpp_real_627,0,FFpp,ff_627,train
ffpp_real_628,0,FFpp,ff_568,train
ffpp_real_629,0,FFpp,ff_629,train
ffpp_real_630,0,FFpp,ff_630,train
ffpp_real_631,0,FFpp,ff_631,train
ffpp_real_632,0,FFpp,ff_632,val
ffpp_real_633,0,FFpp,ff_633,train
ffpp_real_634,0,FFpp,ff_634,train
ffpp_real_635,0,FFpp,ff_635,train
ffpp_real_636,0,FFpp,ff_636,train
ffpp_real_637,0,FFpp,ff_637,train
ffpp_real_638,0,FFpp,ff_638,train
ffpp_real_639,0,FFpp,ff_639,train
ffpp_real_640,0,FFpp,ff_638,train
ffpp_real_641,0,FFpp,ff_641,train
ffpp_real_642,0,FFpp,ff_642,test
ffpp_real_643,0,FFpp,ff_643,train
ffpp_real_644,0,FFpp,ff_644,train
ffpp_real_645,0,FFpp,ff_645,val
ffpp_real_646,0,FFpp,ff_643,train
ffpp_real_647,0,FFpp,ff_622,train
ffpp_real_648,0,FFpp,ff_648,train
ffpp_real_649,0,FFpp,ff_649,test
ffpp_real_650,0,FFpp,ff_650,train
ffpp_real_651,0,FFpp,ff_651,train
ffpp_real_652,0,FFpp,ff_652,val
ffpp_real_653,0,FFpp,ff_653,val
ffpp_real_654,0,FFpp,ff_654,train
ffpp_real_655,0,FFpp,ff_655,val
ffpp_real_656,0,FFpp,ff_656,train
ffpp_real_657,0,FFpp,ff_657,train
ffpp_real_658,0,FFpp,ff_627,train
ffpp_real_659,0,FFpp,ff_659,train
ffpp_real_660,0,FFpp,ff_634,train
ffpp_real_661,0,FFpp,ff_661,train
ffpp_real_662,0,FFpp,ff_662,train
ffpp_real_663,0,FFpp,ff_663,test
ffpp_real_664,0,FFpp,ff_664,train
ffpp_real_665,0,FFpp,ff_665,val
ffpp_real_666,0,FFpp,ff_666,train
ffpp_real_667,0,FFpp,ff_667,train
ffpp_real_668,0,FFpp,ff_664,train
ffpp_real_669,0,FFpp,ff_669,val
ffpp_real_670,0,FFpp,ff_661,train
ffpp_real_671,0,FFpp,ff_671,test
ffpp_real_672,0,FFpp,ff_672,train
ffpp_real_673,0,FFpp,ff_673,train
ffpp_real_674,0,FFpp,ff_674,train
ffpp_real_675,0,FFpp,ff_675,train
ffpp_real_676,0,FFpp,ff_676,train
ffpp_real_677,0,FFpp,ff_677,train
ffpp_real_678,0,FFpp,ff_678,train
ffpp_real_679,0,FFpp,ff_679,test
ffpp_real_680,0,FFpp,ff_680,train
ffpp_real_681,0,FFpp,ff_681,train
ffpp_real_682,0,FFpp,ff_669,val
ffpp_real_683,0,FFpp,ff_683,test
ffpp_real_684,0,FFpp,ff_684,train
ffpp_real_685,0,FFpp,ff_685,test
ffpp_real_686,0,FFpp,ff_686,train
ffpp_real_687,0,FFpp,ff_687,train
ffpp_real_688,0,FFpp,ff_645,val
ffpp_real_689,0,FFpp,ff_689,train
ffpp_real_690,0,FFpp,ff_690,test
ffpp_real_691,0,FFpp,ff_691,train
ffpp_real_692,0,FFpp,ff_610,train
ffpp_real_693,0,FFpp,ff_693,train
ffpp_real_694,0,FFpp,ff_694,train
ffpp_real_695,0,FFpp,ff_695,train
ffpp_real_696,0,FFpp,ff_696,train
ffpp_real_697,0,FFpp,ff_697,train
ffpp_real_698,0,FFpp,ff_698,train
ffpp_real_699,0,FFpp,ff_699,test
ffpp_real_700,0,FFpp,ff_700,train
ffpp_real_701,0,FFpp,ff_701,train
ffpp_real_702,0,FFpp,ff_702,train
ffpp_real_703,0,FFpp,ff_604,train
ffpp_real_704,0,FFpp,ff_704,test
ffpp_real_705,0,FFpp,ff_705,train
ffpp_real_706,0,FFpp,ff_479,val
ffpp_real_707,0,FFpp,ff_707,train
ffpp_real_708,0,FFpp,ff_708,train
ffpp_real_709,0,FFpp,ff_709,train
ffpp_real_710,0,FFpp,ff_710,train
ffpp_real_711,0,FFpp,ff_711,train
ffpp_real_712,0,FFpp,ff_712,train
ffpp_real_713,0,FFpp,ff_713,test
ffpp_real_714,0,FFpp,ff_714,val
ffpp_real_715,0,FFpp,ff_715,train
ffpp_real_716,0,FFpp,ff_712,train
ffpp_real_717,0,FFpp,ff_717,val
ffpp_real_718,0,FFpp,ff_718,train
ffpp_real_719,0,FFpp,ff_719,val
ffpp_real_720,0,FFpp,ff_720,val
ffpp_real_721,0,FFpp,ff_721,val
ffpp_real_722,0,FFpp,ff_722,test
ffpp_real_723,0,FFpp,ff_723,train
ffpp_real_724,0,FFpp,ff_724,train
ffpp_real_725,0,FFpp,ff_724,train
ffpp_real_726,0,FFpp,ff_726,train
ffpp_real_727,0,FFpp,ff_727,train
ffpp_real_728,0,FFpp,ff_728,train
ffpp_real_729,0,FFpp,ff_729,train
ffpp_real_730,0,FFpp,ff_730,test
ffpp_real_731,0,FFpp,ff_731,train
ffpp_real_732,0,FFpp,ff_732,test
ffpp_real_733,0,FFpp,ff_733,train
ffpp_real_734,0,FFpp,ff_734,train
ffpp_real_735,0,FFpp,ff_735,train
ffpp_real_736,0,FFpp,ff_736,test
ffpp_real_737,0,FFpp,ff_737,train
ffpp_real_738,0,FFpp,ff_738,train
ffpp_real_739,0,FFpp,ff_739,val
ffpp_real_740,0,FFpp,ff_740,train
ffpp_real_741,0,FFpp,ff_741,val
ffpp_real_742,0,FFpp,ff_742,train
ffpp_real_743,0,FFpp,ff_743,train
ffpp_real_744,0,FFpp,ff_744,train
ffpp_real_745,0,FFpp,ff_745,train
ffpp_real_746,0,FFpp,ff_746,train
ffpp_real_747,0,FFpp,ff_747,train
ffpp_real_748,0,FFpp,ff_355,train
ffpp_real_749,0,FFpp,ff_749,test
ffpp_real_750,0,FFpp,ff_750,train
ffpp_real_751,0,FFpp,ff_751,train
ffpp_real_752,0,FFpp,ff_752,train
ffpp_real_753,0,FFpp,ff_753,train
ffpp_real_754,0,FFpp,ff_754,test
ffpp_real_755,0,FFpp,ff_755,train
ffpp_real_756,0,FFpp,ff_756,train
ffpp_real_757,0,FFpp,ff_757,train
ffpp_real_758,0,FFpp,ff_754,test
ffpp_real_759,0,FFpp,ff_759,train
ffpp_real_760,0,FFpp,ff_611,val
ffpp_real_761,0,FFpp,ff_761,train
ffpp_real_762,0,FFpp,ff_762,train
ffpp_real_763,0,FFpp,ff_763,train
ffpp_real_764,0,FFpp,ff_764,train
ffpp_real_765,0,FFpp,ff_765,val
ffpp_real_766,0,FFpp,ff_761,train
ffpp_real_767,0,FFpp,ff_694,train
ffpp_real_768,0,FFpp,ff_768,train
ffpp_real_769,0,FFpp,ff_769,train
ffpp_real_770,0,FFpp,ff_770,train
ffpp_real_771,0,FFpp,ff_771,train
ffpp_real_772,0,FFpp,ff_708,train
ffpp_real_773,0,FFpp,ff_652,val
ffpp_real_774,0,FFpp,ff_774,train
ffpp_real_775,0,FFpp,ff_742,train
ffpp_real_776,0,FFpp,ff_676,train
ffpp_real_777,0,FFpp,ff_777,train
ffpp_real_778,0,FFpp,ff_778,train
ffpp_real_779,0,FFpp,ff_779,train
ffpp_real_780,0,FFpp,ff_780,test
ffpp_real_781,0,FFpp,ff_781,train
ffpp_real_782,0,FFpp,ff_782,val
ffpp_real_783,0,FFpp,ff_783,val
ffpp_real_784,0,FFpp,ff_769,train
ffpp_real_785,0,FFpp,ff_736,test
ffpp_real_786,0,FFpp,ff_786,test
ffpp_real_787,0,FFpp,ff_787,train
ffpp_real_788,0,FFpp,ff_788,train
ffpp_real_789,0,FFpp,ff_789,val
ffpp_real_790,0,FFpp,ff_014,train
ffpp_real_791,0,FFpp,ff_791,train
ffpp_real_792,0,FFpp,ff_792,train
ffpp_real_793,0,FFpp,ff_793,train
ffpp_real_794,0,FFpp,ff_794,test
ffpp_real_795,0,FFpp,ff_795,train
ffpp_real_796,0,FFpp,ff_740,train
ffpp_real_797,0,FFpp,ff_797,val
ffpp_real_798,0,FFpp,ff_778,train
ffpp_real_799,0,FFpp,ff_799,train
ffpp_real_800,0,FFpp,ff_800,train
ffpp_real_801,0,FFpp,ff_801,train
ffpp_real_802,0,FFpp,ff_802,train
ffpp_real_803,0,FFpp,ff_017,train
ffpp_real_804,0,FFpp,ff_804,train
ffpp_real_805,0,FFpp,ff_011,train
ffpp_real_806,0,FFpp,ff_806,train
ffpp_real_807,0,FFpp,ff_807,train
ffpp_real_808,0,FFpp,ff_808,train
ffpp_real_809,0,FFpp,ff_809,val
ffpp_real_810,0,FFpp,ff_810,train
ffpp_real_811,0,FFpp,ff_811,train
ffpp_real_812,0,FFpp,ff_812,train
ffpp_real_813,0,FFpp,ff_700,train
ffpp_real_814,0,FFpp,ff_814,train
ffpp_real_815,0,FFpp,ff_730,test
ffpp_real_816,0,FFpp,ff_816,test
ffpp_real_817,0,FFpp,ff_817,train
ffpp_real_818,0,FFpp,ff_818,train
ffpp_real_819,0,FFpp,ff_819,train
ffpp_real_820,0,FFpp,ff_818,train
ffpp_real_821,0,FFpp,ff_821,train
ffpp_real_822,0,FFpp,ff_822,train
ffpp_real_823,0,FFpp,ff_823,val
ffpp_real_824,0,FFpp,ff_419,test
ffpp_real_825,0,FFpp,ff_825,train
ffpp_real_826,0,FFpp,ff_826,train
ffpp_real_827,0,FFpp,ff_827,train
ffpp_real_828,0,FFpp,ff_828,train
ffpp_real_829,0,FFpp,ff_808,train
ffpp_real_830,0,FFpp,ff_830,train
ffpp_real_831,0,FFpp,ff_508,train
ffpp_real_832,0,FFpp,ff_762,train
ffpp_real_833,0,FFpp,ff_826,train
ffpp_real_834,0,FFpp,ff_834,train
ffpp_real_835,0,FFpp,ff_835,val
ffpp_real_836,0,FFpp,ff_836,train
ffpp_real_837,0,FFpp,ff_837,val
ffpp_real_838,0,FFpp,ff_810,train
ffpp_real_839,0,FFpp,ff_839,train
ffpp_real_840,0,FFpp,ff_840,train
ffpp_real_841,0,FFpp,ff_841,train
ffpp_real_842,0,FFpp,ff_842,train
ffpp_real_843,0,FFpp,ff_843,train
ffpp_real_844,0,FFpp,ff_797,val
ffpp_real_845,0,FFpp,ff_845,val
ffpp_real_846,0,FFpp,ff_846,test
ffpp_real_847,0,FFpp,ff_847,val
ffpp_real_848,0,FFpp,ff_848,train
ffpp_real_849,0,FFpp,ff_849,train
ffpp_real_850,0,FFpp,ff_764,train
ffpp_real_851,0,FFpp,ff_851,train
ffpp_real_852,0,FFpp,ff_852,train
ffpp_real_853,0,FFpp,ff_853,train
ffpp_real_854,0,FFpp,ff_854,train
ffpp_real_855,0,FFpp,ff_855,train
ffpp_real_856,0,FFpp,ff_856,train
ffpp_real_857,0,FFpp,ff_857,train
ffpp_real_858,0,FFpp,ff_858,train
ffpp_real_859,0,FFpp,ff_859,train
ffpp_real_860,0,FFpp,ff_860,train
ffpp_real_861,0,FFpp,ff_861,train
ffpp_real_862,0,FFpp,ff_047,train
ffpp_real_863,0,FFpp,ff_863,train
ffpp_real_864,0,FFpp,ff_864,train
ffpp_real_865,0,FFpp,ff_865,train
ffpp_real_866,0,FFpp,ff_866,train
ffpp_real_867,0,FFpp,ff_867,train
ffpp_real_868,0,FFpp,ff_868,train
ffpp_real_869,0,FFpp,ff_869,train
ffpp_real_870,0,FFpp,ff_870,train
ffpp_real_871,0,FFpp,ff_814,train
ffpp_real_872,0,FFpp,ff_872,train
ffpp_real_873,0,FFpp,ff_873,test
ffpp_real_874,0,FFpp,ff_291,val
ffpp_real_875,0,FFpp,ff_875,test
ffpp_real_876,0,FFpp,ff_876,val
ffpp_real_877,0,FFpp,ff_877,train
ffpp_real_878,0,FFpp,ff_878,train
ffpp_real_879,0,FFpp,ff_879,train
ffpp_real_880,0,FFpp,ff_135,train
ffpp_real_881,0,FFpp,ff_856,train
ffpp_real_882,0,FFpp,ff_882,test
ffpp_real_883,0,FFpp,ff_883,train
ffpp_real_884,0,FFpp,ff_884,train
ffpp_real_885,0,FFpp,ff_802,train
ffpp_real_886,0,FFpp,ff_877,train
ffpp_real_887,0,FFpp,ff_275,train
ffpp_real_888,0,FFpp,ff_888,train
ffpp_real_889,0,FFpp,ff_889,train
ffpp_real_890,0,FFpp,ff_890,val
ffpp_real_891,0,FFpp,ff_891,train
ffpp_real_892,0,FFpp,ff_112,train
ffpp_real_893,0,FFpp,ff_893,train
ffpp_real_894,0,FFpp,ff_894,train
ffpp_real_895,0,FFpp,ff_895,train
ffpp_real_896,0,FFpp,ff_896,train
ffpp_real_897,0,FFpp,ff_897,train
ffpp_real_898,0,FFpp,ff_898,train
ffpp_real_899,0,FFpp,ff_899,train
ffpp_real_900,0,FFpp,ff_900,train
ffpp_real_901,0,FFpp,ff_901,train
ffpp_real_902,0,FFpp,ff_902,train
ffpp_real_903,0,FFpp,ff_903,train
ffpp_real_904,0,FFpp,ff_046,val
ffpp_real_905,0,FFpp,ff_905,train
ffpp_real_906,0,FFpp,ff_906,train
ffpp_real_907,0,FFpp,ff_907,train
ffpp_real_908,0,FFpp,ff_908,test
ffpp_real_909,0,FFpp,ff_909,train
ffpp_real_910,0,FFpp,ff_910,train
ffpp_real_911,0,FFpp,ff_910,train
ffpp_real_912,0,FFpp,ff_912,test
ffpp_real_913,0,FFpp,ff_913,train
ffpp_real_914,0,FFpp,ff_914,val
ffpp_real_915,0,FFpp,ff_915,train
ffpp_real_916,0,FFpp,ff_783,val
ffpp_real_917,0,FFpp,ff_917,train
ffpp_real_918,0,FFpp,ff_918,test
ffpp_real_919,0,FFpp,ff_919,train
ffpp_real_920,0,FFpp,ff_920,train
ffpp_real_921,0,FFpp,ff_921,train
ffpp_real_922,0,FFpp,ff_898,train
ffpp_real_923,0,FFpp,ff_023,train
ffpp_real_924,0,FFpp,ff_924,val
ffpp_real_925,0,FFpp,ff_925,train
ffpp_real_926,0,FFpp,ff_926,train
ffpp_real_927,0,FFpp,ff_927,train
ffpp_real_928,0,FFpp,ff_160,train
ffpp_real_929,0,FFpp,ff_929,train
ffpp_real_930,0,FFpp,ff_930,train
ffpp_real_931,0,FFpp,ff_931,train
ffpp_real_932,0,FFpp,ff_932,train
ffpp_real_933,0,FFpp,ff_933,train
ffpp_real_934,0,FFpp,ff_918,test
ffpp_real_935,0,FFpp,ff_935,test
ffpp_real_936,0,FFpp,ff_936,train
ffpp_real_937,0,FFpp,ff_937,train
ffpp_real_938,0,FFpp,ff_938,test
ffpp_real_939,0,FFpp,ff_939,train
ffpp_real_940,0,FFpp,ff_940,train
ffpp_real_941,0,FFpp,ff_940,train
ffpp_real_942,0,FFpp,ff_942,test
ffpp_real_943,0,FFpp,ff_943,train
ffpp_real_944,0,FFpp,ff_944,train
ffpp_real_945,0,FFpp,ff_945,train
ffpp_real_946,0,FFpp,ff_049,test
ffpp_real_947,0,FFpp,ff_947,val
ffpp_real_948,0,FFpp,ff_948,train
ffpp_real_949,0,FFpp,ff_868,train
ffpp_real_950,0,FFpp,ff_950,train
ffpp_real_951,0,FFpp,ff_951,train
ffpp_real_952,0,FFpp,ff_882,test
ffpp_real_953,0,FFpp,ff_953,train
ffpp_real_954,0,FFpp,ff_954,train
ffpp_real_955,0,FFpp,ff_955,train
ffpp_real_956,0,FFpp,ff_956,train
ffpp_real_957,0,FFpp,ff_957,train
ffpp_real_958,0,FFpp,ff_956,train
ffpp_real_959,0,FFpp,ff_959,test
ffpp_real_960,0,FFpp,ff_960,test
ffpp_real_961,0,FFpp,ff_961,train
ffpp_real_962,0,FFpp,ff_962,train
ffpp_real_963,0,FFpp,ff_963,train
ffpp_real_964,0,FFpp,ff_174,train
ffpp_real_965,0,FFpp,ff_965,train
ffpp_real_966,0,FFpp,ff_966,train
ffpp_real_967,0,FFpp,ff_967,train
ffpp_real_968,0,FFpp,ff_968,train
ffpp_real_969,0,FFpp,ff_969,train
ffpp_real_970,0,FFpp,ff_970,train
ffpp_real_971,0,FFpp,ff_971,train
ffpp_real_972,0,FFpp,ff_718,train
ffpp_real_973,0,FFpp,ff_970,train
ffpp_real_974,0,FFpp,ff_974,train
ffpp_real_975,0,FFpp,ff_975,train
ffpp_real_976,0,FFpp,ff_954,train
ffpp_real_977,0,FFpp,ff_977,test
ffpp_real_978,0,FFpp,ff_978,test
ffpp_real_979,0,FFpp,ff_979,train
ffpp_real_980,0,FFpp,ff_980,train
ffpp_real_981,0,FFpp,ff_981,val
ffpp_real_982,0,FFpp,ff_004,train
ffpp_real_983,0,FFpp,ff_113,train
ffpp_real_984,0,FFpp,ff_984,train
ffpp_real_985,0,FFpp,ff_985,train
ffpp_real_986,0,FFpp,ff_986,train
ffpp_real_987,0,FFpp,ff_987,train
ffpp_real_988,0,FFpp,ff_966,train
ffpp_real_989,0,FFpp,ff_989,train
ffpp_real_990,0,FFpp,ff_990,train
ffpp_real_991,0,FFpp,ff_991,train
ffpp_real_992,0,FFpp,ff_992,train
ffpp_real_993,0,FFpp,ff_993,train
ffpp_real_994,0,FFpp,ff_986,train
ffpp_real_995,0,FFpp,ff_233,train
ffpp_real_996,0,FFpp,ff_996,train
ffpp_real_997,0,FFpp,ff_997,train
ffpp_real_998,0,FFpp,ff_998,train
ffpp_real_999,0,FFpp,ff_999,train
