video_id,label,source,group_id,split
vid_004473_id16_id0_0010,1,CelebDF,celeb_id59,train
vid_001377_12_13__talking_against_wall__O3SOWBCU,1,DFD,dfd_11,train
vid_005028_id25_id19_0010,1,CelebDF,celeb_id59,train
vid_003910_id20_0003,0,CelebDF,celeb_id59,train
vid_006205_id45_id43_0008,1,CelebDF,celeb_id39,test
vid_008853_id30_id16_0003,1,CelebDF,celeb_id59,train
vid_007400_id41_id48_0009,1,CelebDF,celeb_id39,test
vid_005534_id13_id7_0000,1,CelebDF,celeb_id59,train
vid_002444_28_08__kitchen_pan__8BC35RFU,1,DFD,dfd_05,test
vid_001353_26_20__podium_speech_happy__1UEDQ3GY,1,DFD,dfd_11,train
vid_002930_02_09__kitchen_pan__6KUOFMZW,1,DFD,dfd_11,train
vid_009619_id54_id49_0007,1,CelebDF,celeb_id49,val
vid_003096_24__walk_down_hall_angry,0,DFD,dfd_10,val
vid_006219_id35_id4_0007,1,CelebDF,celeb_id59,train
vid_005526_id46_id42_0002,1,CelebDF,celeb_id39,test
vid_003634_00208,0,CelebDF,yt_00208,train
vid_007518_id49_id52_0004,1,CelebDF,celeb_id49,val
vid_006688_id10_id12_0001,1,CelebDF,celeb_id59,train
vid_002700_25_20__outside_talking_still_laughing__M786RTSM,1,DFD,dfd_11,train
vid_003353_01__walking_down_street_outside_angry,0,DFD,dfd_11,train
vid_002175_04_12__kitchen_still__B6YJ9IW1,1,DFD,dfd_11,train
vid_006959_id29_id35_0006,1,CelebDF,celeb_id59,train
vid_006574_id41_id44_0000,1,CelebDF,celeb_id39,test
vid_000170_17_08__kitchen_still__ZCEYWYTC,1,DFD,dfd_05,test
vid_001299_01_03__kitchen_pan__JZUXXFRB,1,DFD,dfd_11,train
vid_005682_id24_id23_0007,1,CelebDF,celeb_id59,train
vid_004479_id19_id21_0002,1,CelebDF,celeb_id59,train
vid_003419_21__kitchen_still,0,DFD,dfd_11,train
vid_000831_15_01__kitchen_still__02HILKYO,1,DFD,dfd_11,train
vid_001336_06_15__outside_talking_still_laughing__E98QYYXO,1,DFD,dfd_11,train
vid_006967_id20_id22_0003,1,CelebDF,celeb_id59,train
vid_008222_id26_id1_0009,1,CelebDF,celeb_id59,train
vid_002466_12_07__walking_and_outside_surprised__0VN0A2T3,1,DFD,dfd_11,train
vid_007863_id16_id9_0004,1,CelebDF,celeb_id59,train
vid_002669_26_14__outside_talking_still_laughing__ILLP29ZH,1,DFD,dfd_11,train
vid_007765_id16_id35_0005,1,CelebDF,celeb_id59,train
vid_006791_id57_id53_0002,1,CelebDF,celeb_id49,val
vid_004657_id30_id2_0009,1,CelebDF,celeb_id59,train
vid_000289_26_07__kitchen_pan__FGNGC2GT,1,DFD,dfd_11,train
vid_002076_14_03__walking_down_street_outside_angry__PLCQJM81,1,DFD,dfd_11,train
vid_005062_id21_id1_0000,1,CelebDF,celeb_id59,train
vid_008914_id31_id34_0009,1,CelebDF,celeb_id59,train
vid_002957_23_24__kitchen_still__YR5OVD4S,1,DFD,dfd_10,val
vid_008246_id45_id41_0005,1,CelebDF,celeb_id39,test
vid_005641_id35_id20_0008,1,CelebDF,celeb_id59,train
vid_005282_id40_id39_0002,1,CelebDF,celeb_id39,test
vid_000885_15_21__kitchen_pan__87WSBJP3,1,DFD,dfd_11,train
vid_002552_20_21__walking_down_street_outside_angry__ZCB5OMEW,1,DFD,dfd_11,train
vid_004402_id37_id33_0002,1,CelebDF,celeb_id59,train
vid_008726_id43_id40_0006,1,CelebDF,celeb_id39,test
vid_009559_id31_id26_0006,1,CelebDF,celeb_id59,train
vid_004213_id33_0008,0,CelebDF,celeb_id59,train
vid_009037_id49_id50_0002,1,CelebDF,celeb_id49,val
vid_009355_id47_id43_0008,1,CelebDF,celeb_id39,test
vid_003895_id43_0003,0,CelebDF,celeb_id39,test
vid_004350_id16_id30_0001,1,CelebDF,celeb_id59,train
vid_007109_id37_id16_0002,1,CelebDF,celeb_id59,train
vid_007001_id46_id39_0009,1,CelebDF,celeb_id39,test
vid_003327_16__hugging_happy,0,DFD,dfd_05,test
vid_001875_22_24__walking_and_outside_surprised__XL557XC6,1,DFD,dfd_10,val
vid_001197_26_03__walk_down_hall_angry__WBSXBL82,1,DFD,dfd_11,train
vid_000391_09_26__walk_down_hall_angry__XXGYLT82,1,DFD,dfd_11,train
vid_003944_id38_0001,0,CelebDF,celeb_id59,train
vid_005997_id26_id38_0004,1,CelebDF,celeb_id59,train
vid_009248_id28_id21_0002,1,CelebDF,celeb_id59,train
vid_004458_id25_id21_0008,1,CelebDF,celeb_id59,train
vid_001245_08_16__talking_against_wall__8Q7JCS95,1,DFD,dfd_05,test
vid_001327_11_18__walk_down_hall_angry__PT4YKO2R,1,DFD,dfd_11,train
vid_002693_11_21__kitchen_still__DU9VH27B,1,DFD,dfd_11,train
vid_008454_id3_id0_0009,1,CelebDF,celeb_id59,train
vid_007040_id35_id9_0009,1,CelebDF,celeb_id59,train
vid_003978_id46_0003,0,CelebDF,celeb_id39,test
vid_006584_id58_id51_0007,1,CelebDF,celeb_id49,val
vid_003593_00050,0,CelebDF,yt_00050,train
vid_006738_id46_id44_0003,1,CelebDF,celeb_id39,test
vid_000073_11_21__secret_conversation__T7DK03O1,1,DFD,dfd_11,train
vid_000325_09_18__walking_down_street_outside_angry__3VP8836C,1,DFD,dfd_11,train
vid_009693_id23_id22_0002,1,CelebDF,celeb_id59,train
vid_005588_id19_id23_0000,1,CelebDF,celeb_id59,train
vid_005955_id28_id31_0007,1,CelebDF,celeb_id59,train
vid_007570_id2_id6_0004,1,CelebDF,celeb_id59,train
vid_009575_id41_id46_0004,1,CelebDF,celeb_id39,test
vid_005408_id30_id28_0006,1,CelebDF,celeb_id59,train
vid_004883_id39_id48_0004,1,CelebDF,celeb_id39,test
vid_005425_id6_id21_0002,1,CelebDF,celeb_id59,train
vid_002673_09_18__outside_talking_pan_laughing__3VP8836C,1,DFD,dfd_11,train
vid_004627_id4_id3_0000,1,CelebDF,celeb_id59,train
vid_009576_id22_id27_0006,1,CelebDF,celeb_id59,train
vid_001740_03_26__kitchen_still__WBSXBL82,1,DFD,dfd_11,train
vid_008590_id60_id59_0000,1,CelebDF,celeb_id59,train
vid_006473_id4_id6_0004,1,CelebDF,celeb_id59,train
vid_008203_id1_id31_0004,1,CelebDF,celeb_id59,train
vid_002442_12_13__walking_and_outside_surprised__DJ7MF331,1,DFD,dfd_11,train
vid_000674_27_13__outside_talking_pan_laughing__A1OSUJE9,1,DFD,dfd_11,train
vid_002808_28_08__podium_speech_happy__KXO8S7OP,1,DFD,dfd_05,test
vid_003645_00107,0,CelebDF,yt_00107,train
vid_002819_21_09__talking_angry_couch__CGIID3GV,1,DFD,dfd_11,train
vid_003780_id11_0000,0,CelebDF,celeb_id59,train
vid_007242_id1_id20_0009,1,CelebDF,celeb_id59,train
vid_008136_id53_id55_0006,1,CelebDF,celeb_id49,val
vid_001555_16_28__hugging_happy__X5FNCYON,1,DFD,dfd_05,test
vid_007569_id7_id10_0007,1,CelebDF,celeb_id59,train
vid_006106_id26_id9_0006,1,CelebDF,celeb_id59,train
vid_003896_id50_0002,0,CelebDF,celeb_id49,val
vid_006549_id6_id1_0002,1,CelebDF,celeb_id59,train
vid_008214_id52_id57_0002,1,CelebDF,celeb_id49,val
vid_002586_02_07__secret_conversation__1VMZUH1W,1,DFD,dfd_11,train
vid_008467_id47_id45_0001,1,CelebDF,celeb_id39,test
vid_005574_id20_id25_0005,1,CelebDF,celeb_id59,train
vid_002787_25_02__walking_outside_cafe_disgusted__Z7FQ69VP,1,DFD,dfd_11,train
vid_007583_id58_id56_0005,1,CelebDF,celeb_id49,val
vid_006827_id56_id52_0005,1,CelebDF,celeb_id49,val
vid_004449_id2_id9_0009,1,CelebDF,celeb_id59,train
vid_002173_02_13__secret_conversation__CP5HFV3K,1,DFD,dfd_11,train
vid_007247_id34_id32_0000,1,CelebDF,celeb_id59,train
vid_004010_id51_0004,0,CelebDF,celeb_id49,val
vid_000150_21_09__kitchen_pan__JEELOMN2,1,DFD,dfd_11,train
vid_008297_id20_id33_0007,1,CelebDF,celeb_id59,train
vid_003530_00069,0,CelebDF,yt_00069,train
vid_006419_id21_id29_0002,1,CelebDF,celeb_id59,train
vid_009321_id34_id31_0009,1,CelebDF,celeb_id59,train
vid_008681_id4_id6_0003,1,CelebDF,celeb_id59,train
vid_006605_id38_id28_0004,1,CelebDF,celeb_id59,train
vid_009836_id46_id48_0004,1,CelebDF,celeb_id39,test
vid_004507_id55_id58_0007,1,CelebDF,celeb_id49,val
vid_009160_id29_id31_0004,1,CelebDF,celeb_id59,train
vid_003653_00238,0,CelebDF,yt_00238,train
vid_001233_26_13__outside_talking_still_laughing__CJALTDKT,1,DFD,dfd_11,train
vid_006750_id1_id16_0009,1,CelebDF,celeb_id59,train
vid_007509_id4_id1_0001,1,CelebDF,celeb_id59,train
vid_007215_id2_id1_0002,1,CelebDF,celeb_id59,train
vid_008356_id27_id24_0006,1,CelebDF,celeb_id59,train
vid_006143_id27_id24_0004,1,CelebDF,celeb_id59,train
vid_002183_06_12__hugging_happy__3K21NFNM,1,DFD,dfd_11,train
vid_000336_19_24__secret_conversation__NPZW2Z9L,1,DFD,dfd_10,val
vid_007681_id17_id1_0004,1,CelebDF,celeb_id59,train
vid_000048_26_12__walking_down_street_outside_angry__OVOQACG8,1,DFD,dfd_11,train
vid_005479_id55_id50_0002,1,CelebDF,celeb_id49,val
vid_009075_id30_id26_0002,1,CelebDF,celeb_id59,train
vid_003597_00227,0,CelebDF,yt_00227,train
vid_000380_26_18__walking_down_street_outside_angry__UMEX6HWU,1,DFD,dfd_11,train
vid_008972_id30_id34_0002,1,CelebDF,celeb_id59,train
vid_006856_id33_id38_0007,1,CelebDF,celeb_id59,train
vid_000067_20_15__secret_conversation__99NHTFBM,1,DFD,dfd_11,train
vid_004144_id17_0001,0,CelebDF,celeb_id59,train
vid_001509_22_10__talking_against_wall__X803B18R,1,DFD,dfd_10,val
vid_001542_21_07__walking_down_indoor_hall_disgust__K7KXUHMU,1,DFD,dfd_11,train
vid_002298_04_26__secret_conversation__WX836VLY,1,DFD,dfd_11,train
vid_001690_03_01__podium_speech_happy__JZUXXFRB,1,DFD,dfd_11,train
vid_000754_06_14__talking_angry_couch__8U9ULZDT,1,DFD,dfd_11,train
vid_002601_02_14__outside_talking_pan_laughing__3IUBEKCT,1,DFD,dfd_11,train
vid_003812_id39_0002,0,CelebDF,celeb_id39,test
vid_004917_id28_id9_0004,1,CelebDF,celeb_id59,train
vid_004821_id30_id32_0003,1,CelebDF,celeb_id59,train
vid_000750_18_06__outside_talking_pan_laughing__DEA1TCLN,1,DFD,dfd_11,train
vid_004585_id49_id57_0000,1,CelebDF,celeb_id49,val
vid_005684_id16_id28_0002,1,CelebDF,celeb_id59,train
vid_000719_22_24__talking_against_wall__XL557XC6,1,DFD,dfd_10,val
vid_005441_id46_id41_0000,1,CelebDF,celeb_id39,test
vid_008277_id20_id22_0008,1,CelebDF,celeb_id59,train
vid_000503_06_18__outside_talking_still_laughing__DEA1TCLN,1,DFD,dfd_11,train
vid_001806_15_03__outside_talking_still_laughing__Y11NT1YX,1,DFD,dfd_11,train
vid_006835_id16_id30_0000,1,CelebDF,celeb_id59,train
vid_004642_id37_id23_0008,1,CelebDF,celeb_id59,train
vid_001424_12_04__kitchen_still__96TQKDFJ,1,DFD,dfd_11,train
vid_009500_id19_id21_0001,1,CelebDF,celeb_id59,train
vid_000481_26_04__talking_against_wall__WX836VLY,1,DFD,dfd_11,train
vid_009165_id35_id26_0009,1,CelebDF,celeb_id59,train
vid_003246_16__talking_against_wall,0,DFD,dfd_05,test
vid_007875_id52_id53_0006,1,CelebDF,celeb_id49,val
vid_000672_15_20__outside_talking_pan_laughing__99NHTFBM,1,DFD,dfd_11,train
vid_003127_13__walking_and_outside_surprised,0,DFD,dfd_11,train
vid_006004_id39_id42_0005,1,CelebDF,celeb_id39,test
vid_002237_18_14__secret_conversation__HYMNQ00Q,1,DFD,dfd_11,train
vid_007035_id9_id3_0004,1,CelebDF,celeb_id59,train
vid_008218_id33_id23_0007,1,CelebDF,celeb_id59,train
vid_007672_id56_id52_0002,1,CelebDF,celeb_id49,val
vid_009719_id52_id54_0000,1,CelebDF,celeb_id49,val
vid_003077_13__exit_phone_room,0,DFD,dfd_11,train
vid_003092_28__walking_outside_cafe_disgusted,0,DFD,dfd_05,test
vid_002414_09_03__talking_against_wall__8DTEGQ54,1,DFD,dfd_11,train
vid_004210_id19_0007,0,CelebDF,celeb_id59,train
vid_009063_id35_id9_0004,1,CelebDF,celeb_id59,train
vid_002250_21_15__kitchen_pan__87WSBJP3,1,DFD,dfd_11,train
vid_001561_07_14__hugging_happy__P9QFO50U,1,DFD,dfd_11,train
vid_002234_07_03__podium_speech_happy__6PHZRQ4H,1,DFD,dfd_11,train
vid_001737_14_03__walking_down_street_outside_angry__L0GHYIFS,1,DFD,dfd_11,train
vid_009661_id32_id26_0000,1,CelebDF,celeb_id59,train
vid_007045_id49_id58_0005,1,CelebDF,celeb_id49,val
vid_009624_id39_id45_0007,1,CelebDF,celeb_id39,test
vid_005833_id37_id31_0006,1,CelebDF,celeb_id59,train
vid_005591_id28_id30_0008,1,CelebDF,celeb_id59,train
vid_006802_id16_id21_0000,1,CelebDF,celeb_id59,train
vid_009190_id4_id20_0004,1,CelebDF,celeb_id59,train
vid_003423_19__talking_against_wall,0,DFD,dfd_10,val
vid_007603_id19_id20_0009,1,CelebDF,celeb_id59,train
vid_002845_02_27__walk_down_hall_angry__78M8S6M6,1,DFD,dfd_11,train
vid_001058_27_02__talking_against_wall__B3XHKO27,1,DFD,dfd_11,train
vid_006554_id35_id9_0000,1,CelebDF,celeb_id59,train
vid_005686_id4_id0_0002,1,CelebDF,celeb_id59,train
vid_006009_id26_id17_0006,1,CelebDF,celeb_id59,train
vid_004843_id20_id21_0009,1,CelebDF,celeb_id59,train
vid_004442_id26_id29_0008,1,CelebDF,celeb_id59,train
vid_006194_id53_id51_0005,1,CelebDF,celeb_id49,val
vid_009885_id56_id53_0001,1,CelebDF,celeb_id49,val
vid_008846_id3_id2_0000,1,CelebDF,celeb_id59,train
vid_002568_02_04__outside_talking_still_laughing__8CH7R4LW,1,DFD,dfd_11,train
vid_003959_id3_0001,0,CelebDF,celeb_id59,train
vid_008156_id57_id50_0004,1,CelebDF,celeb_id49,val
vid_004048_id60_0002,0,CelebDF,celeb_id59,train
vid_004426_id1_id21_0009,1,CelebDF,celeb_id59,train
vid_000807_18_06__walking_outside_cafe_disgusted__OWJY9LQU,1,DFD,dfd_11,train
vid_002989_27_25__walking_down_indoor_hall_disgust__GNIMW95Z,1,DFD,dfd_11,train
vid_001177_03_18__exit_phone_room__22UBC0BS,1,DFD,dfd_11,train
vid_001471_11_18__walking_outside_cafe_disgusted__R1NMCHKG,1,DFD,dfd_11,train
vid_004592_id53_id51_0003,1,CelebDF,celeb_id49,val
vid_009305_id38_id30_0007,1,CelebDF,celeb_id59,train
vid_004762_id23_id34_0006,1,CelebDF,celeb_id59,train
vid_006666_id38_id34_0004,1,CelebDF,celeb_id59,train
vid_009328_id22_id26_0009,1,CelebDF,celeb_id59,train
vid_006259_id53_id52_0007,1,CelebDF,celeb_id49,val
vid_001583_23_19__walking_outside_cafe_disgusted__H4SUVFTL,1,DFD,dfd_10,val
vid_004840_id30_id31_0000,1,CelebDF,celeb_id59,train
vid_000147_03_07__walking_outside_cafe_disgusted__IFSURI9X,1,DFD,dfd_11,train
vid_008663_id23_id16_0007,1,CelebDF,celeb_id59,train
vid_006608_id21_id26_0008,1,CelebDF,celeb_id59,train
vid_008470_id43_id40_0002,1,CelebDF,celeb_id39,test
vid_006789_id16_id20_0011,1,CelebDF,celeb_id59,train
vid_005619_id3_id20_0008,1,CelebDF,celeb_id59,train
vid_006900_id40_id46_0003,1,CelebDF,celeb_id39,test
vid_003462_00229,0,CelebDF,yt_00229,train
vid_004862_id2_id6_0005,1,CelebDF,celeb_id59,train
vid_004744_id3_id37_0001,1,CelebDF,celeb_id59,train
vid_004996_id30_id17_0009,1,CelebDF,celeb_id59,train
vid_005300_id48_id45_0002,1,CelebDF,celeb_id39,test
vid_007501_id28_id16_0008,1,CelebDF,celeb_id59,train
vid_002927_11_06__outside_talking_pan_laughing__MX659QU8,1,DFD,dfd_11,train
vid_005057_id51_id55_0007,1,CelebDF,celeb_id49,val
vid_004303_id37_0005,0,CelebDF,celeb_id59,train
vid_002312_11_01__podium_speech_happy__WIZ7GKOD,1,DFD,dfd_11,train
vid_001988_06_07__exit_phone_room__NMGYPBXE,1,DFD,dfd_11,train
vid_006641_id44_id47_0004,1,CelebDF,celeb_id39,test
vid_003787_id40_0009,0,CelebDF,celeb_id39,test
vid_001871_11_18__secret_conversation__JJ1YREUN,1,DFD,dfd_11,train
vid_001945_24_19__walking_down_street_outside_angry__GNHYZ84G,1,DFD,dfd_10,val
vid_004911_id28_id31_0006,1,CelebDF,celeb_id59,train
vid_009333_id30_id1_0008,1,CelebDF,celeb_id59,train
vid_000535_05_16__walk_down_hall_angry__U9WZI5LK,1,DFD,dfd_05,test
vid_001855_03_11__talking_against_wall__VLCLB0AU,1,DFD,dfd_11,train
vid_007129_id21_id9_0009,1,CelebDF,celeb_id59,train
vid_007470_id0_id17_0009,1,CelebDF,celeb_id59,train
vid_003192_14__outside_talking_pan_laughing,0,DFD,dfd_11,train
vid_008858_id40_id39_0000,1,CelebDF,celeb_id39,test
vid_009639_id38_id34_0003,1,CelebDF,celeb_id59,train
vid_006545_id37_id33_0000,1,CelebDF,celeb_id59,train
vid_009073_id30_id31_0009,1,CelebDF,celeb_id59,train
vid_002242_01_04__outside_talking_still_laughing__0XUW13RW,1,DFD,dfd_11,train
vid_002671_19_10__exit_phone_room__BVVPN5D5,1,DFD,dfd_10,val
vid_002019_14_26__kitchen_pan__ILLP29ZH,1,DFD,dfd_11,train
vid_003642_00089,0,CelebDF,yt_00089,train
vid_008166_id20_id25_0006,1,CelebDF,celeb_id59,train
vid_008386_id40_id41_0003,1,CelebDF,celeb_id39,test
vid_006077_id35_id38_0002,1,CelebDF,celeb_id59,train
vid_000882_06_15__hugging_happy__QRCD27P8,1,DFD,dfd_11,train
vid_002784_09_20__talking_angry_couch__2E5DNCYI,1,DFD,dfd_11,train
vid_009488_id56_id57_0006,1,CelebDF,celeb_id49,val
vid_000954_03_20__talking_against_wall__9NFWR304,1,DFD,dfd_11,train
vid_007710_id47_id40_0007,1,CelebDF,celeb_id39,test
vid_007092_id28_id38_0004,1,CelebDF,celeb_id59,train
vid_001960_04_26__kitchen_pan__MS2MLJP1,1,DFD,dfd_11,train
vid_007908_id35_id6_0002,1,CelebDF,celeb_id59,train
vid_002650_15_03__walk_down_hall_angry__DNUJD8M2,1,DFD,dfd_11,train
vid_005248_id41_id45_0009,1,CelebDF,celeb_id39,test
vid_005231_id1_id3_0006,1,CelebDF,celeb_id59,train
vid_002116_10_24__exit_phone_room__356HPS7R,1,DFD,dfd_10,val
vid_006830_id45_id42_0003,1,CelebDF,celeb_id39,test
vid_004988_id4_id28_0001,1,CelebDF,celeb_id59,train
vid_002800_13_15__walking_outside_cafe_disgusted__X0EIIJF7,1,DFD,dfd_11,train
vid_003309_12__secret_conversation,0,DFD,dfd_11,train
vid_009912_id17_id35_0003,1,CelebDF,celeb_id59,train
vid_006979_id19_id22_0008,1,CelebDF,celeb_id59,train
vid_000798_06_02__talking_angry_couch__U6MDWIHG,1,DFD,dfd_11,train
vid_000071_20_11__kitchen_still__GNK9UR8K,1,DFD,dfd_11,train
vid_009598_id0_id20_0000,1,CelebDF,celeb_id59,train
vid_005522_id1_id3_0004,1,CelebDF,celeb_id59,train
vid_009841_id60_id59_0006,1,CelebDF,celeb_id59,train
vid_003757_id12_0003,0,CelebDF,celeb_id59,train
vid_008967_id13_id7_0011,1,CelebDF,celeb_id59,train
vid_006378_id31_id38_0004,1,CelebDF,celeb_id59,train
vid_002222_22_23__outside_talking_pan_laughing__TU7RHG0S,1,DFD,dfd_10,val
vid_009896_id23_id38_0000,1,CelebDF,celeb_id59,train
vid_005846_id47_id43_0009,1,CelebDF,celeb_id39,test
vid_008016_id1_id26_0004,1,CelebDF,celeb_id59,train
vid_009473_id50_id53_0002,1,CelebDF,celeb_id49,val
vid_007691_id26_id24_0009,1,CelebDF,celeb_id59,train
vid_007149_id20_id16_0009,1,CelebDF,celeb_id59,train
vid_002061_07_14__podium_speech_happy__VOX29AK0,1,DFD,dfd_11,train
vid_007787_id47_id42_0005,1,CelebDF,celeb_id39,test
vid_003877_id58_0006,0,CelebDF,celeb_id49,val
vid_008878_id20_id3_0006,1,CelebDF,celeb_id59,train
vid_007361_id25_id23_0005,1,CelebDF,celeb_id59,train
vid_005888_id31_id3_0004,1,CelebDF,celeb_id59,train
vid_000536_07_02__secret_conversation__1JCLEEBQ,1,DFD,dfd_11,train
vid_002557_02_15__outside_talking_pan_laughing__I8G2LWD1,1,DFD,dfd_11,train
vid_001810_20_25__outside_talking_still_laughing__DW2L6D2V,1,DFD,dfd_11,train
vid_003149_27__talking_against_wall,0,DFD,dfd_11,train
vid_007586_id6_id3_0000,1,CelebDF,celeb_id59,train
vid_006518_id17_id26_0006,1,CelebDF,celeb_id59,train
vid_005713_id39_id42_0002,1,CelebDF,celeb_id39,test
vid_004698_id40_id39_0003,1,CelebDF,celeb_id39,test
vid_000328_01_26__outside_talking_pan_laughing__ZMEJ535O,1,DFD,dfd_11,train
vid_007993_id55_id49_0007,1,CelebDF,celeb_id49,val
vid_005038_id24_id21_0007,1,CelebDF,celeb_id59,train
vid_001890_08_05__kitchen_still__LVIZ2X8P,1,DFD,dfd_05,test
vid_000174_03_26__outside_talking_pan_laughing__WBSXBL82,1,DFD,dfd_11,train
vid_001438_04_26__kitchen_still__WX836VLY,1,DFD,dfd_11,train
vid_004152_id24_0003,0,CelebDF,celeb_id59,train
vid_001294_06_02__exit_phone_room__J1W9R0NG,1,DFD,dfd_11,train
vid_001575_03_14__walking_and_outside_surprised__P1L5PF4I,1,DFD,dfd_11,train
vid_008334_id20_id38_0002,1,CelebDF,celeb_id59,train
vid_002733_21_11__walking_down_street_outside_angry__USLHUQDI,1,DFD,dfd_11,train
vid_002763_12_13__secret_conversation__DJ7MF331,1,DFD,dfd_11,train
vid_004368_id2_id6_0007,1,CelebDF,celeb_id59,train
vid_003621_00243,0,CelebDF,yt_00243,train
vid_004666_id35_id28_0007,1,CelebDF,celeb_id59,train
vid_009635_id29_id38_0000,1,CelebDF,celeb_id59,train
vid_009679_id50_id52_0009,1,CelebDF,celeb_id49,val
vid_008333_id26_id16_0000,1,CelebDF,celeb_id59,train
vid_005117_id52_id56_0000,1,CelebDF,celeb_id49,val
vid_000089_15_02__outside_talking_still_laughing__MCRFMYAE,1,DFD,dfd_11,train
vid_007126_id30_id28_0001,1,CelebDF,celeb_id59,train
vid_005905_id53_id55_0003,1,CelebDF,celeb_id49,val
vid_005638_id35_id28_0003,1,CelebDF,celeb_id59,train
vid_001035_19_10__walking_down_street_outside_angry__O2IKR6YM,1,DFD,dfd_10,val
vid_006610_id50_id52_0001,1,CelebDF,celeb_id49,val
vid_008534_id2_id17_0008,1,CelebDF,celeb_id59,train
vid_000877_01_04__hugging_happy__GBC7ZGDP,1,DFD,dfd_11,train
vid_009253_id20_id0_0000,1,CelebDF,celeb_id59,train
vid_002573_13_26__walking_down_street_outside_angry__CJALTDKT,1,DFD,dfd_11,train
vid_004090_id13_0004,0,CelebDF,celeb_id59,train
vid_002849_13_09__talking_against_wall__LPT427RY,1,DFD,dfd_11,train
vid_001921_27_25__walking_down_street_outside_angry__ZTV6TUQ9,1,DFD,dfd_11,train
vid_002215_14_21__outside_talking_still_laughing__IRKML4J0,1,DFD,dfd_11,train
vid_002446_06_11__outside_talking_pan_laughing__C8C4FW99,1,DFD,dfd_11,train
vid_002375_08_17__outside_talking_still_laughing__JZYRLJ8T,1,DFD,dfd_05,test
vid_000977_12_25__podium_speech_happy__3PS32GAH,1,DFD,dfd_11,train
vid_006102_id31_id29_0001,1,CelebDF,celeb_id59,train
vid_002207_26_18__walk_down_hall_angry__UMEX6HWU,1,DFD,dfd_11,train
vid_003488_00111,0,CelebDF,yt_00111,train
vid_003848_id53_0001,0,CelebDF,celeb_id49,val
vid_007434_id1_id28_0002,1,CelebDF,celeb_id59,train
vid_008482_id0_id2_0006,1,CelebDF,celeb_id59,train
vid_000935_21_09__kitchen_pan__Z8H2TRCI,1,DFD,dfd_11,train
vid_001145_19_24__kitchen_pan__QD5K7BP2,1,DFD,dfd_10,val
vid_000436_01_09__secret_conversation__SJZRV69J,1,DFD,dfd_11,train
vid_002249_15_02__walking_outside_cafe_disgusted__P2FAY3DR,1,DFD,dfd_11,train
vid_006308_id45_id44_0006,1,CelebDF,celeb_id39,test
vid_009647_id47_id48_0003,1,CelebDF,celeb_id39,test
vid_001364_13_14__walk_down_hall_angry__KMQ3AW6A,1,DFD,dfd_11,train
vid_007657_id9_id23_0009,1,CelebDF,celeb_id59,train
vid_009494_id26_id1_0001,1,CelebDF,celeb_id59,train
vid_005070_id55_id52_0006,1,CelebDF,celeb_id49,val
vid_000389_01_11__walking_outside_cafe_disgusted__FAFWDR4W,1,DFD,dfd_11,train
vid_003170_06__kitchen_still,0,DFD,dfd_11,train
vid_008805_id4_id31_0003,1,CelebDF,celeb_id59,train
vid_003795_id19_0001,0,CelebDF,celeb_id59,train
vid_006533_id50_id55_0006,1,CelebDF,celeb_id49,val
vid_002807_02_12__podium_speech_happy__9D2ZHEKW,1,DFD,dfd_11,train
vid_008769_id40_id39_0009,1,CelebDF,celeb_id39,test
vid_006940_id19_id24_0008,1,CelebDF,celeb_id59,train
vid_000792_25_20__outside_talking_still_laughing__M86GQTHK,1,DFD,dfd_11,train
vid_009026_id19_id27_0004,1,CelebDF,celeb_id59,train
vid_004276_id58_0008,0,CelebDF,celeb_id49,val
vid_005642_id30_id35_0004,1,CelebDF,celeb_id59,train
vid_009754_id16_id20_0010,1,CelebDF,celeb_id59,train
vid_007064_id12_id10_0002,1,CelebDF,celeb_id59,train
vid_006730_id6_id9_0001,1,CelebDF,celeb_id59,train
vid_009868_id23_id34_0003,1,CelebDF,celeb_id59,train
vid_005363_id31_id34_0007,1,CelebDF,celeb_id59,train
vid_004689_id29_id37_0006,1,CelebDF,celeb_id59,train
vid_009384_id2_id3_0008,1,CelebDF,celeb_id59,train
vid_004707_id0_id26_0006,1,CelebDF,celeb_id59,train
vid_008743_id43_id42_0009,1,CelebDF,celeb_id39,test
vid_001906_09_02__kitchen_pan__6KUOFMZW,1,DFD,dfd_11,train
vid_004960_id23_id6_0004,1,CelebDF,celeb_id59,train
vid_006059_id37_id21_0002,1,CelebDF,celeb_id59,train
vid_003086_07__talking_against_wall,0,DFD,dfd_11,train
vid_003743_id57_0004,0,CelebDF,celeb_id49,val
vid_004626_id20_id32_0005,1,CelebDF,celeb_id59,train
vid_003217_02__walking_down_street_outside_angry,0,DFD,dfd_11,train
vid_009516_id37_id29_0008,1,CelebDF,celeb_id59,train
vid_007952_id53_id51_0006,1,CelebDF,celeb_id49,val
vid_003975_id48_0006,0,CelebDF,celeb_id39,test
vid_000764_11_01__outside_talking_still_laughing__9229VVZ3,1,DFD,dfd_11,train
vid_001519_07_21__talking_against_wall__CRGVSDBI,1,DFD,dfd_11,train
vid_007445_id35_id37_0003,1,CelebDF,celeb_id59,train
vid_004403_id46_id39_0006,1,CelebDF,celeb_id39,test
vid_005599_id1_id9_0005,1,CelebDF,celeb_id59,train
vid_004904_id48_id44_0006,1,CelebDF,celeb_id39,test
vid_009379_id3_id26_0001,1,CelebDF,celeb_id59,train
vid_005696_id53_id56_0001,1,CelebDF,celeb_id49,val
vid_000765_04_01__exit_phone_room__0XUW13RW,1,DFD,dfd_11,train
vid_002998_06_02__walking_and_outside_surprised__O9WOC1KJ,1,DFD,dfd_11,train
vid_003387_04__walk_down_hall_angry,0,DFD,dfd_11,train
vid_003693_00206,0,CelebDF,yt_00206,train
vid_000630_02_06__exit_phone_room__HZAXM70B,1,DFD,dfd_11,train
vid_006000_id44_id39_0003,1,CelebDF,celeb_id39,test
vid_000692_15_12__outside_talking_still_laughing__RK17XFJ9,1,DFD,dfd_11,train
vid_008180_id3_id1_0004,1,CelebDF,celeb_id59,train
vid_003264_19__secret_conversation,0,DFD,dfd_10,val
vid_003389_25__outside_talking_pan_laughing,0,DFD,dfd_11,train
vid_000656_05_28__walking_down_street_outside_angry__V20UNLJ5,1,DFD,dfd_05,test
vid_001594_06_02__walk_down_hall_angry__37DH75GQ,1,DFD,dfd_11,train
vid_006607_id28_id29_0006,1,CelebDF,celeb_id59,train
vid_009112_id56_id49_0009,1,CelebDF,celeb_id49,val
vid_008438_id41_id48_0008,1,CelebDF,celeb_id39,test
vid_008280_id42_id39_0000,1,CelebDF,celeb_id39,test
vid_004467_id22_id25_0005,1,CelebDF,celeb_id59,train
vid_009227_id1_id0_0004,1,CelebDF,celeb_id59,train
vid_008519_id41_id46_0008,1,CelebDF,celeb_id39,test
vid_008699_id21_id17_0009,1,CelebDF,celeb_id59,train
vid_000233_06_11__outside_talking_still_laughing__MX659QU8,1,DFD,dfd_11,train
vid_007230_id23_id6_0001,1,CelebDF,celeb_id59,train
vid_003033_02_14__podium_speech_happy__3IUBEKCT,1,DFD,dfd_11,train
vid_000231_07_25__exit_phone_room__IKMKYKPG,1,DFD,dfd_11,train
vid_006289_id53_id55_0005,1,CelebDF,celeb_id49,val
vid_007651_id45_id41_0004,1,CelebDF,celeb_id39,test
vid_000271_09_13__walk_down_hall_angry__BVZGDFD8,1,DFD,dfd_11,train
vid_004074_id39_0004,0,CelebDF,celeb_id39,test
vid_006611_id20_id4_0003,1,CelebDF,celeb_id59,train
vid_004289_id8_0009,0,CelebDF,celeb_id59,train
vid_007142_id34_id38_0005,1,CelebDF,celeb_id59,train
vid_001745_13_20__outside_talking_pan_laughing__C50CSOEX,1,DFD,dfd_11,train
vid_003163_28__walk_down_hall_angry,0,DFD,dfd_05,test
vid_008672_id61_id5_0000,1,CelebDF,celeb_id59,train
vid_004861_id17_id21_0006,1,CelebDF,celeb_id59,train
vid_007533_id6_id4_0006,1,CelebDF,celeb_id59,train
vid_003374_27__walking_down_indoor_hall_disgust,0,DFD,dfd_11,train
vid_009422_id30_id20_0002,1,CelebDF,celeb_id59,train
vid_003649_00205,0,CelebDF,yt_00205,train
vid_003624_00122,0,CelebDF,yt_00122,train
vid_003038_13_20__walking_down_indoor_hall_disgust__VO2YZXLN,1,DFD,dfd_11,train
vid_007147_id35_id4_0001,1,CelebDF,celeb_id59,train
vid_000072_15_21__talking_against_wall__87WSBJP3,1,DFD,dfd_11,train
vid_005820_id23_id32_0001,1,CelebDF,celeb_id59,train
vid_008495_id38_id37_0004,1,CelebDF,celeb_id59,train
vid_008555_id17_id31_0003,1,CelebDF,celeb_id59,train
vid_007409_id56_id54_0003,1,CelebDF,celeb_id49,val
vid_005783_id17_id30_0002,1,CelebDF,celeb_id59,train
vid_007431_id51_id57_0005,1,CelebDF,celeb_id49,val
vid_001076_18_06__secret_conversation__DEA1TCLN,1,DFD,dfd_11,train
vid_003370_02__walking_and_outside_surprised,0,DFD,dfd_11,train
vid_009727_id16_id1_0002,1,CelebDF,celeb_id59,train
vid_003184_09__walking_down_street_outside_angry,0,DFD,dfd_11,train
vid_006444_id35_id16_0008,1,CelebDF,celeb_id59,train
vid_004730_id50_id49_0003,1,CelebDF,celeb_id49,val
vid_003651_00235,0,CelebDF,yt_00235,train
vid_005677_id29_id33_0005,1,CelebDF,celeb_id59,train
vid_003829_id13_0001,0,CelebDF,celeb_id59,train
vid_004189_id43_0009,0,CelebDF,celeb_id39,test
vid_007082_id31_id34_0008,1,CelebDF,celeb_id59,train
vid_001403_07_26__podium_speech_happy__FGNGC2GT,1,DFD,dfd_11,train
vid_007458_id2_id20_0002,1,CelebDF,celeb_id59,train
vid_006352_id26_id38_0001,1,CelebDF,celeb_id59,train
vid_004536_id57_id51_0005,1,CelebDF,celeb_id49,val
vid_002546_04_18__walking_outside_cafe_disgusted__6J3ZFEJQ,1,DFD,dfd_11,train
vid_009709_id38_id37_0007,1,CelebDF,celeb_id59,train
vid_000108_21_25__walking_outside_cafe_disgusted__2R46UX3R,1,DFD,dfd_11,train
vid_005206_id32_id37_0005,1,CelebDF,celeb_id59,train
vid_007951_id57_id52_0000,1,CelebDF,celeb_id49,val
vid_000260_01_20__meeting_serious__FW94AIMJ,1,DFD,dfd_11,train
vid_000597_26_12__walk_down_hall_angry__BFBNM8FR,1,DFD,dfd_11,train
vid_008872_id46_id42_0008,1,CelebDF,celeb_id39,test
vid_002774_03_06__kitchen_pan__2XWC5JED,1,DFD,dfd_11,train
vid_007296_id20_id33_0006,1,CelebDF,celeb_id59,train
vid_001651_05_16__walk_down_hall_angry__OSXCUOHX,1,DFD,dfd_05,test
vid_006464_id9_id26_0009,1,CelebDF,celeb_id59,train
vid_008299_id58_id55_0005,1,CelebDF,celeb_id49,val
vid_006108_id37_id38_0003,1,CelebDF,celeb_id59,train
vid_004591_id26_id31_0005,1,CelebDF,celeb_id59,train
vid_003357_18__walk_down_hall_angry,0,DFD,dfd_11,train
vid_007111_id2_id23_0006,1,CelebDF,celeb_id59,train
vid_003240_22__walking_outside_cafe_disgusted,0,DFD,dfd_10,val
vid_000804_26_03__podium_speech_happy__WBSXBL82,1,DFD,dfd_11,train
vid_006189_id43_id41_0007,1,CelebDF,celeb_id39,test
vid_009324_id13_id7_0005,1,CelebDF,celeb_id59,train
vid_000388_06_18__walk_down_hall_angry__OWJY9LQU,1,DFD,dfd_11,train
vid_000506_09_03__outside_talking_still_laughing__8DTEGQ54,1,DFD,dfd_11,train
vid_009192_id6_id9_0008,1,CelebDF,celeb_id59,train
vid_009373_id43_id41_0002,1,CelebDF,celeb_id39,test
vid_008902_id53_id52_0009,1,CelebDF,celeb_id49,val
vid_006330_id50_id51_0004,1,CelebDF,celeb_id49,val
vid_003682_00038,0,CelebDF,yt_00038,train
vid_002862_03_06__hugging_happy__2XWC5JED,1,DFD,dfd_11,train
vid_004935_id17_id20_0004,1,CelebDF,celeb_id59,train
vid_002898_04_07__outside_talking_still_laughing__QKCCFKBT,1,DFD,dfd_11,train
vid_009351_id58_id57_0001,1,CelebDF,celeb_id49,val
vid_001491_24_19__walk_down_hall_angry__59PN7WZ2,1,DFD,dfd_10,val
vid_008100_id3_id2_0008,1,CelebDF,celeb_id59,train
vid_007119_id32_id34_0007,1,CelebDF,celeb_id59,train
vid_004738_id29_id38_0006,1,CelebDF,celeb_id59,train
vid_009492_id46_id43_0002,1,CelebDF,celeb_id39,test
vid_001223_02_25__talking_angry_couch__Z7FQ69VP,1,DFD,dfd_11,train
vid_009122_id48_id40_0002,1,CelebDF,celeb_id39,test
vid_006620_id20_id1_0000,1,CelebDF,celeb_id59,train
vid_003081_14__walking_outside_cafe_disgusted,0,DFD,dfd_11,train
vid_008742_id21_id2_0006,1,CelebDF,celeb_id59,train
vid_005202_id47_id39_0003,1,CelebDF,celeb_id39,test
vid_000052_09_21__talking_against_wall__JEELOMN2,1,DFD,dfd_11,train
vid_006992_id45_id44_0008,1,CelebDF,celeb_id39,test
vid_004452_id39_id44_0000,1,CelebDF,celeb_id39,test
vid_003306_01__walking_and_outside_surprised,0,DFD,dfd_11,train
vid_008861_id30_id6_0000,1,CelebDF,celeb_id59,train
vid_008949_id28_id23_0006,1,CelebDF,celeb_id59,train
vid_006779_id11_id7_0008,1,CelebDF,celeb_id59,train
vid_001508_07_02__walking_down_street_outside_angry__UH60ROEK,1,DFD,dfd_11,train
vid_008426_id20_id23_0008,1,CelebDF,celeb_id59,train
vid_003788_id39_0008,0,CelebDF,celeb_id39,test
vid_004059_id61_0001,0,CelebDF,celeb_id59,train
vid_004767_id56_id49_0000,1,CelebDF,celeb_id49,val
vid_008587_id59_id61_0000,1,CelebDF,celeb_id59,train
vid_009064_id47_id48_0004,1,CelebDF,celeb_id39,test
vid_004108_id17_0000,0,CelebDF,celeb_id59,train
vid_009438_id45_id46_0003,1,CelebDF,celeb_id39,test
vid_000812_09_03__kitchen_pan__8DTEGQ54,1,DFD,dfd_11,train
vid_000984_17_16__walk_down_hall_angry__EWJJTZHY,1,DFD,dfd_05,test
vid_001024_23_19__kitchen_pan__H4SUVFTL,1,DFD,dfd_10,val
vid_000539_25_12__secret_conversation__0SA36BZ5,1,DFD,dfd_11,train
vid_005360_id51_id55_0004,1,CelebDF,celeb_id49,val
vid_005506_id49_id54_0001,1,CelebDF,celeb_id49,val
vid_003776_id34_0003,0,CelebDF,celeb_id59,train
vid_008185_id25_id24_0008,1,CelebDF,celeb_id59,train
vid_008112_id33_id38_0005,1,CelebDF,celeb_id59,train
vid_005499_id53_id56_0007,1,CelebDF,celeb_id49,val
vid_003308_14__talking_against_wall,0,DFD,dfd_11,train
vid_008759_id23_id4_0000,1,CelebDF,celeb_id59,train
vid_006748_id17_id30_0004,1,CelebDF,celeb_id59,train
vid_000136_20_25__walking_outside_cafe_disgusted__AMY6M1KL,1,DFD,dfd_11,train
vid_001040_07_02__kitchen_pan__34PVT42V,1,DFD,dfd_11,train
vid_008888_id0_id9_0000,1,CelebDF,celeb_id59,train
vid_000346_26_09__exit_phone_room__XXGYLT82,1,DFD,dfd_11,train
vid_000684_13_12__kitchen_pan__O3SOWBCU,1,DFD,dfd_11,train
vid_001413_02_09__secret_conversation__6KUOFMZW,1,DFD,dfd_11,train
vid_003121_17__walking_and_outside_surprised,0,DFD,dfd_05,test
vid_009875_id32_id33_0003,1,CelebDF,celeb_id59,train
vid_000834_23_19__secret_conversation__H4SUVFTL,1,DFD,dfd_10,val
vid_002832_20_13__outside_talking_pan_laughing__C50CSOEX,1,DFD,dfd_11,train
vid_003313_01__walking_outside_cafe_disgusted,0,DFD,dfd_11,train
vid_005508_id49_id53_0006,1,CelebDF,celeb_id49,val
vid_005112_id16_id9_0013,1,CelebDF,celeb_id59,train
vid_007579_id23_id1_0007,1,CelebDF,celeb_id59,train
vid_002193_06_15__kitchen_pan__QRCD27P8,1,DFD,dfd_11,train
vid_001696_23_22__talking_against_wall__AKZRL2QD,1,DFD,dfd_10,val
vid_000776_18_15__walking_down_street_outside_angry__V5VHLCOW,1,DFD,dfd_11,train
vid_003833_id5_0004,0,CelebDF,celeb_id59,train
vid_004790_id58_id54_0002,1,CelebDF,celeb_id49,val
vid_001257_20_14__walking_and_outside_surprised__B014BKVO,1,DFD,dfd_11,train
vid_009159_id9_id23_0005,1,CelebDF,celeb_id59,train
vid_001783_01_11__meeting_serious__FAFWDR4W,1,DFD,dfd_11,train
vid_006280_id16_id1_0003,1,CelebDF,celeb_id59,train
vid_003854_id25_0000,0,CelebDF,celeb_id59,train
vid_003536_00117,0,CelebDF,yt_00117,train
vid_008784_id28_id32_0003,1,CelebDF,celeb_id59,train
vid_005503_id16_id6_0010,1,CelebDF,celeb_id59,train
vid_004349_id23_id2_0009,1,CelebDF,celeb_id59,train
vid_008125_id33_id35_0001,1,CelebDF,celeb_id59,train
vid_008702_id21_id16_0005,1,CelebDF,celeb_id59,train
vid_009805_id23_id27_0002,1,CelebDF,celeb_id59,train
vid_001090_06_20__podium_speech_happy__6SUW7063,1,DFD,dfd_11,train
vid_005753_id3_id1_0002,1,CelebDF,celeb_id59,train
vid_005894_id16_id30_0003,1,CelebDF,celeb_id59,train
vid_004901_id42_id45_0002,1,CelebDF,celeb_id39,test
vid_008073_id39_id45_0002,1,CelebDF,celeb_id39,test
vid_003228_17__podium_speech_happy,0,DFD,dfd_05,test
vid_004772_id24_id20_0002,1,CelebDF,celeb_id59,train
vid_000613_03_18__walking_and_outside_surprised__8HNSXOBW,1,DFD,dfd_11,train
vid_002186_06_25__outside_talking_pan_laughing__MI9BDQ7M,1,DFD,dfd_11,train
vid_003495_00168,0,CelebDF,yt_00168,train
vid_005484_id28_id29_0009,1,CelebDF,celeb_id59,train
vid_009458_id3_id35_0008,1,CelebDF,celeb_id59,train
vid_002888_20_13__hugging_happy__EV1V4ZQV,1,DFD,dfd_11,train
vid_008325_id24_id25_0000,1,CelebDF,celeb_id59,train
vid_005421_id60_id59_0001,1,CelebDF,celeb_id59,train
vid_001915_06_21__walking_and_outside_surprised__058I9NIZ,1,DFD,dfd_11,train
vid_004920_id49_id55_0006,1,CelebDF,celeb_id49,val
vid_006867_id21_id6_0005,1,CelebDF,celeb_id59,train
vid_005054_id45_id48_0000,1,CelebDF,celeb_id39,test
vid_002953_19_24__podium_speech_happy__LVZNRK9S,1,DFD,dfd_10,val
vid_007906_id30_id23_0001,1,CelebDF,celeb_id59,train
vid_008085_id31_id9_0004,1,CelebDF,celeb_id59,train
vid_007433_id6_id1_0008,1,CelebDF,celeb_id59,train
vid_002289_03_20__meeting_serious__61SVZ2J7,1,DFD,dfd_11,train
vid_007419_id56_id57_0007,1,CelebDF,celeb_id49,val
vid_000833_08_17__kitchen_still__ZCEYWYTC,1,DFD,dfd_05,test
vid_000122_25_27__outside_talking_pan_laughing__GNIMW95Z,1,DFD,dfd_11,train
vid_005579_id13_id10_0004,1,CelebDF,celeb_id59,train
vid_002950_04_26__talking_angry_couch__MS2MLJP1,1,DFD,dfd_11,train
vid_004987_id16_id23_0003,1,CelebDF,celeb_id59,train
vid_009011_id43_id46_0002,1,CelebDF,celeb_id39,test
vid_009221_id2_id30_0006,1,CelebDF,celeb_id59,train
vid_004514_id57_id56_0007,1,CelebDF,celeb_id49,val
vid_000898_26_25__exit_phone_room__PQ41U3IJ,1,DFD,dfd_11,train
vid_004796_id45_id43_0009,1,CelebDF,celeb_id39,test
vid_005520_id52_id58_0005,1,CelebDF,celeb_id49,val
vid_003703_00041,0,CelebDF,yt_00041,train
vid_008414_id2_id30_0009,1,CelebDF,celeb_id59,train
vid_000203_04_01__walking_outside_cafe_disgusted__0XUW13RW,1,DFD,dfd_11,train
vid_007937_id19_id27_0009,1,CelebDF,celeb_id59,train
vid_009725_id46_id47_0009,1,CelebDF,celeb_id39,test
vid_005988_id0_id17_0005,1,CelebDF,celeb_id59,train
vid_001047_07_02__kitchen_pan__O4SXNLRL,1,DFD,dfd_11,train
vid_009692_id31_id33_0008,1,CelebDF,celeb_id59,train
vid_000705_07_21__hugging_happy__CRGVSDBI,1,DFD,dfd_11,train
vid_003549_00010,0,CelebDF,yt_00010,train
vid_000565_12_21__outside_talking_pan_laughing__ME7E3R1D,1,DFD,dfd_11,train
vid_006202_id1_id2_0000,1,CelebDF,celeb_id59,train
vid_005726_id57_id51_0006,1,CelebDF,celeb_id49,val
vid_000824_15_13__kitchen_pan__X0EIIJF7,1,DFD,dfd_11,train
vid_000061_23_22__walk_down_hall_angry__J671JKCH,1,DFD,dfd_10,val
vid_001668_22_19__talking_against_wall__VK6BF5NV,1,DFD,dfd_10,val
vid_005829_id31_id2_0003,1,CelebDF,celeb_id59,train
vid_002109_08_28__outside_talking_pan_laughing__8BC35RFU,1,DFD,dfd_05,test
vid_007854_id3_id31_0007,1,CelebDF,celeb_id59,train
vid_005962_id54_id57_0006,1,CelebDF,celeb_id49,val
vid_002143_10_19__exit_phone_room__O2IKR6YM,1,DFD,dfd_10,val
vid_004735_id23_id1_0000,1,CelebDF,celeb_id59,train
vid_006539_id40_id46_0002,1,CelebDF,celeb_id39,test
vid_002169_20_12__walk_down_hall_angry__B0X1CGG2,1,DFD,dfd_11,train
vid_001947_15_04__outside_talking_pan_laughing__46TJ9IOJ,1,DFD,dfd_11,train
vid_009571_id28_id1_0000,1,CelebDF,celeb_id59,train
vid_004556_id9_id6_0007,1,CelebDF,celeb_id59,train
vid_009913_id34_id29_0007,1,CelebDF,celeb_id59,train
vid_000873_20_21__kitchen_still__ZCB5OMEW,1,DFD,dfd_11,train
vid_002964_20_25__walking_down_street_outside_angry__ZG0SRZOA,1,DFD,dfd_11,train
vid_000746_26_20__exit_phone_room__XWMKFMF6,1,DFD,dfd_11,train
vid_005402_id34_id29_0003,1,CelebDF,celeb_id59,train
vid_006673_id16_id6_0001,1,CelebDF,celeb_id59,train
vid_003830_id24_0009,0,CelebDF,celeb_id59,train
vid_007988_id0_id26_0001,1,CelebDF,celeb_id59,train
vid_008336_id31_id16_0002,1,CelebDF,celeb_id59,train
vid_009218_id28_id0_0000,1,CelebDF,celeb_id59,train
vid_008093_id6_id1_0005,1,CelebDF,celeb_id59,train
vid_009919_id43_id41_0003,1,CelebDF,celeb_id39,test
vid_007810_id50_id51_0000,1,CelebDF,celeb_id49,val
vid_006948_id24_id28_0000,1,CelebDF,celeb_id59,train
vid_008546_id23_id21_0009,1,CelebDF,celeb_id59,train
vid_002410_06_07__talking_against_wall__NMGYPBXE,1,DFD,dfd_11,train
vid_001723_02_21__kitchen_pan__Z0XHPQAR,1,DFD,dfd_11,train
vid_006262_id25_id26_0007,1,CelebDF,celeb_id59,train
vid_002307_19_24__walk_down_hall_angry__RKQTC50P,1,DFD,dfd_10,val
vid_006737_id31_id29_0006,1,CelebDF,celeb_id59,train
vid_004876_id28_id2_0004,1,CelebDF,celeb_id59,train
vid_005449_id4_id2_0009,1,CelebDF,celeb_id59,train
vid_003414_09__kitchen_pan,0,DFD,dfd_11,train
vid_000309_19_24__walking_down_street_outside_angry__GNHYZ84G,1,DFD,dfd_10,val
vid_005225_id28_id35_0003,1,CelebDF,celeb_id59,train
vid_000086_03_14__walk_down_hall_angry__PLCQJM81,1,DFD,dfd_11,train
vid_004373_id28_id30_0003,1,CelebDF,celeb_id59,train
vid_006225_id3_id17_0006,1,CelebDF,celeb_id59,train
vid_003361_04__kitchen_pan,0,DFD,dfd_11,train
vid_005850_id23_id17_0000,1,CelebDF,celeb_id59,train
vid_009287_id31_id17_0001,1,CelebDF,celeb_id59,train
vid_005916_id2_id23_0004,1,CelebDF,celeb_id59,train
vid_006598_id20_id17_0006,1,CelebDF,celeb_id59,train
vid_005991_id48_id42_0009,1,CelebDF,celeb_id39,test
vid_001081_07_11__exit_phone_room__PGC20QSY,1,DFD,dfd_11,train
vid_009352_id26_id17_0004,1,CelebDF,celeb_id59,train
vid_009315_id59_id5_0001,1,CelebDF,celeb_id59,train
vid_006499_id49_id55_0008,1,CelebDF,celeb_id49,val
vid_008749_id40_id47_0007,1,CelebDF,celeb_id39,test
vid_003868_id35_0007,0,CelebDF,celeb_id59,train
vid_006478_id4_id28_0002,1,CelebDF,celeb_id59,train
vid_006079_id38_id30_0000,1,CelebDF,celeb_id59,train
vid_005769_id53_id54_0005,1,CelebDF,celeb_id49,val
vid_001902_19_23__walking_outside_cafe_disgusted__WHQ1229T,1,DFD,dfd_10,val
vid_009666_id25_id26_0005,1,CelebDF,celeb_id59,train
vid_009670_id22_id28_0001,1,CelebDF,celeb_id59,train
vid_007629_id47_id46_0001,1,CelebDF,celeb_id39,test
vid_006655_id30_id35_0007,1,CelebDF,celeb_id59,train
vid_008207_id0_id26_0007,1,CelebDF,celeb_id59,train
vid_007266_id38_id35_0002,1,CelebDF,celeb_id59,train
vid_003860_id16_0003,0,CelebDF,celeb_id59,train
vid_000842_09_20__podium_speech_happy__RAGUKRMK,1,DFD,dfd_11,train
vid_007832_id43_id45_0003,1,CelebDF,celeb_id39,test
vid_000796_02_03__walking_outside_cafe_disgusted__GYX5OFTD,1,DFD,dfd_11,train
vid_006540_id23_id16_0000,1,CelebDF,celeb_id59,train
vid_000669_15_04__walk_down_hall_angry__7NW4Z6WZ,1,DFD,dfd_11,train
vid_008679_id29_id32_0001,1,CelebDF,celeb_id59,train
vid_004346_id40_id48_0000,1,CelebDF,celeb_id39,test
vid_007658_id37_id16_0003,1,CelebDF,celeb_id59,train
vid_006586_id31_id16_0005,1,CelebDF,celeb_id59,train
vid_002013_01_27__outside_talking_pan_laughing__S2YCUY48,1,DFD,dfd_11,train
vid_002055_18_03__outside_talking_pan_laughing__32DBR8L4,1,DFD,dfd_11,train
vid_006957_id4_id20_0008,1,CelebDF,celeb_id59,train
vid_001858_20_11__walking_down_street_outside_angry__B2H95QXV,1,DFD,dfd_11,train
vid_001521_03_26__podium_speech_happy__WBSXBL82,1,DFD,dfd_11,train
vid_003554_00034,0,CelebDF,yt_00034,train
vid_008917_id21_id35_0002,1,CelebDF,celeb_id59,train
vid_009505_id46_id44_0005,1,CelebDF,celeb_id39,test
vid_003511_00140,0,CelebDF,yt_00140,train
vid_004780_id20_id32_0000,1,CelebDF,celeb_id59,train
vid_006860_id2_id26_0004,1,CelebDF,celeb_id59,train
vid_001059_11_01__podium_speech_happy__FCNL2OVP,1,DFD,dfd_11,train
vid_001894_04_21__kitchen_still__HY1VWEJK,1,DFD,dfd_11,train
vid_001681_27_02__walking_and_outside_surprised__QW05XUUZ,1,DFD,dfd_11,train
vid_006665_id6_id21_0004,1,CelebDF,celeb_id59,train
vid_009804_id55_id54_0008,1,CelebDF,celeb_id49,val
vid_005179_id9_id3_0000,1,CelebDF,celeb_id59,train
vid_007124_id6_id21_0007,1,CelebDF,celeb_id59,train
vid_009542_id2_id9_0008,1,CelebDF,celeb_id59,train
vid_008305_id54_id57_0008,1,CelebDF,celeb_id49,val
vid_004485_id46_id42_0003,1,CelebDF,celeb_id39,test
vid_009860_id60_id59_0004,1,CelebDF,celeb_id59,train
vid_003643_00275,0,CelebDF,yt_00275,train
vid_000699_14_15__hugging_happy__3FRJCJ0V,1,DFD,dfd_11,train
vid_007201_id50_id51_0005,1,CelebDF,celeb_id49,val
vid_006093_id31_id17_0003,1,CelebDF,celeb_id59,train
vid_002563_26_20__outside_talking_pan_laughing__KGFLR0PH,1,DFD,dfd_11,train
vid_001372_03_07__walking_outside_cafe_disgusted__6PHZRQ4H,1,DFD,dfd_11,train
vid_002134_23_19__kitchen_still__WHQ1229T,1,DFD,dfd_10,val
vid_002257_13_09__walking_down_street_outside_angry__NDMHWBT1,1,DFD,dfd_11,train
vid_005935_id23_id20_0001,1,CelebDF,celeb_id59,train
vid_006343_id9_id17_0002,1,CelebDF,celeb_id59,train
vid_003390_17__talking_angry_couch,0,DFD,dfd_05,test
vid_001588_15_02__walking_down_street_outside_angry__QYSDT9SO,1,DFD,dfd_11,train
vid_008793_id41_id40_0003,1,CelebDF,celeb_id39,test
vid_009934_id40_id47_0002,1,CelebDF,celeb_id39,test
vid_009242_id46_id39_0007,1,CelebDF,celeb_id39,test
vid_009922_id58_id53_0005,1,CelebDF,celeb_id49,val
vid_002968_15_12__walking_down_street_outside_angry__N0SRODQD,1,DFD,dfd_11,train
vid_005925_id16_id20_0004,1,CelebDF,celeb_id59,train
vid_004808_id24_id27_0006,1,CelebDF,celeb_id59,train
vid_002248_18_26__walk_down_hall_angry__C9VUQS9O,1,DFD,dfd_11,train
vid_006784_id26_id2_0002,1,CelebDF,celeb_id59,train
vid_003267_18__outside_talking_pan_laughing,0,DFD,dfd_11,train
vid_006436_id9_id30_0005,1,CelebDF,celeb_id59,train
vid_003522_00282,0,CelebDF,yt_00282,train
vid_004693_id47_id43_0004,1,CelebDF,celeb_id39,test
vid_005322_id24_id26_0000,1,CelebDF,celeb_id59,train
vid_007262_id33_id30_0002,1,CelebDF,celeb_id59,train
vid_009579_id6_id16_0001,1,CelebDF,celeb_id59,train
vid_008558_id48_id40_0004,1,CelebDF,celeb_id39,test
vid_007784_id47_id45_0006,1,CelebDF,celeb_id39,test
vid_001041_13_03__kitchen_pan__GBYWJW06,1,DFD,dfd_11,train
vid_004096_id25_0007,0,CelebDF,celeb_id59,train
vid_003426_09__exit_phone_room,0,DFD,dfd_11,train
vid_007180_id6_id26_0004,1,CelebDF,celeb_id59,train
vid_000416_03_26__talking_angry_couch__WBSXBL82,1,DFD,dfd_11,train
vid_000387_13_11__kitchen_pan__XXKQ4XM0,1,DFD,dfd_11,train
vid_003906_id6_0002,0,CelebDF,celeb_id59,train
vid_004962_id56_id52_0008,1,CelebDF,celeb_id49,val
vid_007911_id28_id24_0001,1,CelebDF,celeb_id59,train
vid_001116_13_27__walking_and_outside_surprised__A1OSUJE9,1,DFD,dfd_11,train
vid_001675_26_12__exit_phone_room__OTKIGGFE,1,DFD,dfd_11,train
vid_003247_23__secret_conversation,0,DFD,dfd_10,val
vid_003344_08__walking_outside_cafe_disgusted,0,DFD,dfd_05,test
vid_006276_id23_id3_0004,1,CelebDF,celeb_id59,train
vid_002385_13_20__exit_phone_room__C50CSOEX,1,DFD,dfd_11,train
vid_000432_19_24__exit_phone_room__59PN7WZ2,1,DFD,dfd_10,val
vid_007881_id16_id35_0001,1,CelebDF,celeb_id59,train
vid_005740_id26_id1_0004,1,CelebDF,celeb_id59,train
vid_007827_id23_id17_0001,1,CelebDF,celeb_id59,train
vid_009476_id4_id3_0009,1,CelebDF,celeb_id59,train
vid_000240_17_16__podium_speech_happy__EWJJTZHY,1,DFD,dfd_05,test
vid_002057_06_03__walking_down_indoor_hall_disgust__OPTNKNYK,1,DFD,dfd_11,train
vid_005273_id2_id23_0002,1,CelebDF,celeb_id59,train
vid_004827_id5_id61_0008,1,CelebDF,celeb_id59,train
vid_002481_04_13__walking_down_street_outside_angry__00T3UYOR,1,DFD,dfd_11,train
vid_008535_id37_id20_0004,1,CelebDF,celeb_id59,train
vid_000290_23_10__walk_down_hall_angry__ZHJO34DY,1,DFD,dfd_10,val
vid_004576_id33_id28_0005,1,CelebDF,celeb_id59,train
vid_007283_id31_id1_0001,1,CelebDF,celeb_id59,train
vid_007645_id3_id37_0002,1,CelebDF,celeb_id59,train
vid_005462_id32_id29_0005,1,CelebDF,celeb_id59,train
vid_001830_03_14__meeting_serious__KJ221YN0,1,DFD,dfd_11,train
vid_008308_id47_id46_0000,1,CelebDF,celeb_id39,test
vid_000552_27_01__outside_talking_still_laughing__ZYCZ30C0,1,DFD,dfd_11,train
vid_001051_20_07__outside_talking_pan_laughing__KV6Q7D6C,1,DFD,dfd_11,train
vid_005262_id16_id2_0000,1,CelebDF,celeb_id59,train
vid_005386_id32_id30_0004,1,CelebDF,celeb_id59,train
vid_003946_id21_0000,0,CelebDF,celeb_id59,train
vid_007226_id29_id37_0002,1,CelebDF,celeb_id59,train
vid_004284_id7_0001,0,CelebDF,celeb_id59,train
vid_005011_id49_id53_0000,1,CelebDF,celeb_id49,val
vid_003037_20_12__outside_talking_still_laughing__GHPWDH3C,1,DFD,dfd_11,train
vid_007134_id43_id39_0008,1,CelebDF,celeb_id39,test
vid_005779_id16_id28_0007,1,CelebDF,celeb_id59,train
vid_007607_id20_id9_0007,1,CelebDF,celeb_id59,train
vid_009552_id51_id53_0009,1,CelebDF,celeb_id49,val
vid_006139_id37_id31_0004,1,CelebDF,celeb_id59,train
vid_004897_id21_id34_0004,1,CelebDF,celeb_id59,train
vid_006319_id33_id32_0002,1,CelebDF,celeb_id59,train
vid_002426_17_16__walk_down_hall_angry__S7UMSIQV,1,DFD,dfd_05,test
vid_000084_21_09__walking_outside_cafe_disgusted__JEELOMN2,1,DFD,dfd_11,train
vid_005816_id0_id16_0007,1,CelebDF,celeb_id59,train
vid_009945_id31_id38_0005,1,CelebDF,celeb_id59,train
vid_001101_02_15__podium_speech_happy__I8G2LWD1,1,DFD,dfd_11,train
vid_000366_06_18__outside_talking_pan_laughing__UIQG2RF4,1,DFD,dfd_11,train
vid_004324_id21_id9_0004,1,CelebDF,celeb_id59,train
vid_005784_id23_id26_0003,1,CelebDF,celeb_id59,train
vid_005515_id20_id16_0000,1,CelebDF,celeb_id59,train
vid_009765_id23_id1_0004,1,CelebDF,celeb_id59,train
vid_003455_00264,0,CelebDF,yt_00264,train
vid_004699_id9_id23_0001,1,CelebDF,celeb_id59,train
vid_008820_id21_id9_0006,1,CelebDF,celeb_id59,train
vid_000036_11_03__outside_talking_still_laughing__P08VGHTA,1,DFD,dfd_11,train
vid_004292_id47_0001,0,CelebDF,celeb_id39,test
vid_003690_00042,0,CelebDF,yt_00042,train
vid_005108_id56_id49_0005,1,CelebDF,celeb_id49,val
vid_006987_id4_id23_0009,1,CelebDF,celeb_id59,train
vid_009684_id13_id7_0002,1,CelebDF,celeb_id59,train
vid_007897_id35_id29_0006,1,CelebDF,celeb_id59,train
vid_004320_id6_0007,0,CelebDF,celeb_id59,train
vid_003301_05__kitchen_still,0,DFD,dfd_05,test
vid_004944_id21_id19_0009,1,CelebDF,celeb_id59,train
vid_001122_14_07__walk_down_hall_angry__P9QFO50U,1,DFD,dfd_11,train
vid_000149_16_28__outside_talking_pan_laughing__U757192N,1,DFD,dfd_05,test
vid_005331_id2_id26_0009,1,CelebDF,celeb_id59,train
vid_000740_10_19__walking_down_street_outside_angry__IDX76N5R,1,DFD,dfd_10,val
vid_002904_09_27__exit_phone_room__RC9KATOO,1,DFD,dfd_11,train
vid_004406_id60_id59_0009,1,CelebDF,celeb_id59,train
vid_009046_id31_id26_0000,1,CelebDF,celeb_id59,train
vid_005249_id1_id37_0001,1,CelebDF,celeb_id59,train
vid_001253_23_10__outside_talking_pan_laughing__ZHJO34DY,1,DFD,dfd_10,val
vid_007486_id22_id20_0005,1,CelebDF,celeb_id59,train
vid_002460_01_27__walking_outside_cafe_disgusted__ZYCZ30C0,1,DFD,dfd_11,train
vid_002384_13_26__talking_against_wall__WK3NZ3UV,1,DFD,dfd_11,train
vid_002323_07_14__hugging_happy__VOX29AK0,1,DFD,dfd_11,train
vid_004345_id37_id17_0005,1,CelebDF,celeb_id59,train
vid_003231_20__walking_outside_cafe_disgusted,0,DFD,dfd_11,train
vid_006135_id20_id27_0009,1,CelebDF,celeb_id59,train
vid_000200_20_07__outside_talking_pan_laughing__5VT4USF9,1,DFD,dfd_11,train
vid_006847_id41_id48_0002,1,CelebDF,celeb_id39,test
vid_005531_id20_id4_0004,1,CelebDF,celeb_id59,train
vid_003540_00266,0,CelebDF,yt_00266,train
vid_005582_id23_id27_0003,1,CelebDF,celeb_id59,train
vid_007255_id40_id43_0002,1,CelebDF,celeb_id39,test
vid_003159_17__outside_talking_pan_laughing,0,DFD,dfd_05,test
vid_002077_18_15__secret_conversation__V5VHLCOW,1,DFD,dfd_11,train
vid_009752_id26_id0_0001,1,CelebDF,celeb_id59,train
vid_003479_00190,0,CelebDF,yt_00190,train
vid_009276_id3_id17_0009,1,CelebDF,celeb_id59,train
vid_007287_id16_id31_0002,1,CelebDF,celeb_id59,train
vid_004982_id9_id17_0005,1,CelebDF,celeb_id59,train
vid_004393_id8_id7_0008,1,CelebDF,celeb_id59,train
vid_009264_id28_id21_0003,1,CelebDF,celeb_id59,train
vid_009098_id52_id55_0002,1,CelebDF,celeb_id49,val
vid_005221_id0_id16_0003,1,CelebDF,celeb_id59,train
vid_002056_25_26__walking_down_street_outside_angry__157Z8P8P,1,DFD,dfd_11,train
vid_003559_00279,0,CelebDF,yt_00279,train
vid_004583_id30_id21_0002,1,CelebDF,celeb_id59,train
vid_006654_id37_id26_0001,1,CelebDF,celeb_id59,train
vid_009341_id4_id26_0002,1,CelebDF,celeb_id59,train
vid_005683_id23_id26_0007,1,CelebDF,celeb_id59,train
vid_006288_id54_id55_0001,1,CelebDF,celeb_id49,val
vid_009034_id40_id44_0003,1,CelebDF,celeb_id39,test
vid_008581_id41_id42_0001,1,CelebDF,celeb_id39,test
vid_005826_id37_id35_0005,1,CelebDF,celeb_id59,train
vid_007836_id29_id34_0000,1,CelebDF,celeb_id59,train
vid_008286_id16_id23_0009,1,CelebDF,celeb_id59,train
vid_008894_id29_id30_0000,1,CelebDF,celeb_id59,train
vid_001128_14_07__exit_phone_room__P9QFO50U,1,DFD,dfd_11,train
vid_008912_id17_id37_0006,1,CelebDF,celeb_id59,train
vid_004084_id10_0009,0,CelebDF,celeb_id59,train
vid_006492_id22_id25_0001,1,CelebDF,celeb_id59,train
vid_006367_id55_id57_0002,1,CelebDF,celeb_id49,val
vid_009314_id20_id23_0002,1,CelebDF,celeb_id59,train
vid_004186_id59_0003,0,CelebDF,celeb_id59,train
vid_002687_09_02__walk_down_hall_angry__6KUOFMZW,1,DFD,dfd_11,train
vid_007011_id47_id46_0009,1,CelebDF,celeb_id39,test
vid_009090_id33_id21_0002,1,CelebDF,celeb_id59,train
vid_000094_06_14__walking_and_outside_surprised__8U9ULZDT,1,DFD,dfd_11,train
vid_004141_id19_0004,0,CelebDF,celeb_id59,train
vid_007027_id3_id37_0007,1,CelebDF,celeb_id59,train
vid_002657_01_11__hugging_happy__5OVT6C66,1,DFD,dfd_11,train
vid_003410_06__hugging_happy,0,DFD,dfd_11,train
vid_002815_15_03__exit_phone_room__GZNLO4X9,1,DFD,dfd_11,train
vid_005242_id31_id28_0001,1,CelebDF,celeb_id59,train
vid_009004_id23_id0_0006,1,CelebDF,celeb_id59,train
vid_004765_id21_id1_0006,1,CelebDF,celeb_id59,train
vid_008012_id52_id55_0008,1,CelebDF,celeb_id49,val
vid_009550_id1_id3_0005,1,CelebDF,celeb_id59,train
vid_007163_id21_id33_0008,1,CelebDF,celeb_id59,train
vid_002480_27_06__kitchen_still__SZWVBWY4,1,DFD,dfd_11,train
vid_008529_id16_id21_0002,1,CelebDF,celeb_id59,train
vid_002188_14_18__walking_down_indoor_hall_disgust__0YRBHIKG,1,DFD,dfd_11,train
vid_003467_00295,0,CelebDF,yt_00295,train
vid_004807_id12_id10_0004,1,CelebDF,celeb_id59,train
vid_003116_13__outside_talking_still_laughing,0,DFD,dfd_11,train
vid_001582_28_16__secret_conversation__ZA8XJIE9,1,DFD,dfd_05,test
vid_005883_id16_id9_0002,1,CelebDF,celeb_id59,train
vid_005675_id31_id17_0009,1,CelebDF,celeb_id59,train
vid_001896_15_14__outside_talking_pan_laughing__OMLZILK3,1,DFD,dfd_11,train
vid_006297_id46_id42_0009,1,CelebDF,celeb_id39,test
vid_005744_id20_id27_0008,1,CelebDF,celeb_id59,train
vid_009508_id23_id34_0005,1,CelebDF,celeb_id59,train
vid_003739_id26_0003,0,CelebDF,celeb_id59,train
vid_004966_id52_id56_0008,1,CelebDF,celeb_id49,val
vid_008234_id31_id20_0002,1,CelebDF,celeb_id59,train
vid_009591_id50_id51_0009,1,CelebDF,celeb_id49,val
vid_007571_id28_id19_0001,1,CelebDF,celeb_id59,train
vid_009459_id48_id40_0007,1,CelebDF,celeb_id39,test
vid_005018_id28_id25_0000,1,CelebDF,celeb_id59,train
vid_009526_id4_id37_0006,1,CelebDF,celeb_id59,train
vid_002818_03_21__walking_down_street_outside_angry__YCSEBZO4,1,DFD,dfd_11,train
vid_006380_id3_id35_0003,1,CelebDF,celeb_id59,train
vid_007389_id17_id31_0002,1,CelebDF,celeb_id59,train
vid_009856_id0_id17_0000,1,CelebDF,celeb_id59,train
vid_008164_id49_id50_0009,1,CelebDF,celeb_id49,val
vid_009252_id35_id32_0007,1,CelebDF,celeb_id59,train
vid_005270_id41_id44_0003,1,CelebDF,celeb_id39,test
vid_009320_id6_id23_0005,1,CelebDF,celeb_id59,train
vid_004283_id45_0007,0,CelebDF,celeb_id39,test
vid_009911_id2_id35_0001,1,CelebDF,celeb_id59,train
vid_005733_id3_id1_0007,1,CelebDF,celeb_id59,train
vid_001635_05_16__hugging_happy__4MEM6YNQ,1,DFD,dfd_05,test
vid_005092_id42_id44_0000,1,CelebDF,celeb_id39,test
vid_002342_01_20__walking_and_outside_surprised__OTGHOG4Z,1,DFD,dfd_11,train
vid_006624_id9_id35_0007,1,CelebDF,celeb_id59,train
vid_001292_07_12__podium_speech_happy__KAG65PEE,1,DFD,dfd_11,train
vid_007904_id30_id38_0004,1,CelebDF,celeb_id59,train
vid_007058_id28_id37_0008,1,CelebDF,celeb_id59,train
vid_000044_18_11__kitchen_still__PT4YKO2R,1,DFD,dfd_11,train
vid_003991_id58_0005,0,CelebDF,celeb_id49,val
vid_004317_id57_0008,0,CelebDF,celeb_id49,val
vid_003638_00002,0,CelebDF,yt_00002,train
vid_007966_id41_id44_0007,1,CelebDF,celeb_id39,test
vid_004242_id13_0015,0,CelebDF,celeb_id59,train
vid_004842_id3_id28_0002,1,CelebDF,celeb_id59,train
vid_002022_20_07__secret_conversation__5VT4USF9,1,DFD,dfd_11,train
vid_006816_id6_id26_0005,1,CelebDF,celeb_id59,train
vid_008024_id21_id17_0008,1,CelebDF,celeb_id59,train
vid_009555_id21_id17_0000,1,CelebDF,celeb_id59,train
vid_008372_id50_id56_0009,1,CelebDF,celeb_id49,val
vid_003599_00267,0,CelebDF,yt_00267,train
vid_002921_04_01__secret_conversation__6I623VU9,1,DFD,dfd_11,train
vid_000090_14_20__talking_against_wall__R7SPX6OK,1,DFD,dfd_11,train
vid_007544_id23_id0_0007,1,CelebDF,celeb_id59,train
vid_008006_id52_id50_0008,1,CelebDF,celeb_id49,val
vid_001793_02_01__talking_angry_couch__YVGY8LOK,1,DFD,dfd_11,train
vid_008157_id16_id6_0013,1,CelebDF,celeb_id59,train
vid_006803_id20_id35_0005,1,CelebDF,celeb_id59,train
vid_003841_id42_0002,0,CelebDF,celeb_id39,test
vid_002236_18_03__walk_down_hall_angry__N72YE748,1,DFD,dfd_11,train
vid_002626_04_11__outside_talking_still_laughing__JRQWOV1G,1,DFD,dfd_11,train
vid_006823_id29_id32_0000,1,CelebDF,celeb_id59,train
vid_009450_id17_id2_0001,1,CelebDF,celeb_id59,train
vid_004608_id46_id45_0009,1,CelebDF,celeb_id39,test
vid_004874_id34_id33_0003,1,CelebDF,celeb_id59,train
vid_009441_id38_id23_0001,1,CelebDF,celeb_id59,train
vid_004838_id54_id50_0002,1,CelebDF,celeb_id49,val
vid_003338_04__exit_phone_room,0,DFD,dfd_11,train
vid_002926_01_04__talking_angry_couch__0XUW13RW,1,DFD,dfd_11,train
vid_008885_id24_id22_0006,1,CelebDF,celeb_id59,train
vid_006691_id9_id26_0006,1,CelebDF,celeb_id59,train
vid_001137_03_14__walking_outside_cafe_disgusted__PLCQJM81,1,DFD,dfd_11,train
vid_008918_id57_id50_0005,1,CelebDF,celeb_id49,val
vid_002033_20_21__secret_conversation__ZCB5OMEW,1,DFD,dfd_11,train
vid_009319_id26_id31_0009,1,CelebDF,celeb_id59,train
vid_005004_id21_id16_0006,1,CelebDF,celeb_id59,train
vid_002453_18_20__outside_talking_pan_laughing__8BMQOD7S,1,DFD,dfd_11,train
vid_009364_id35_id30_0005,1,CelebDF,celeb_id59,train
vid_008444_id47_id48_0000,1,CelebDF,celeb_id39,test
vid_006950_id17_id26_0007,1,CelebDF,celeb_id59,train
vid_008926_id30_id6_0006,1,CelebDF,celeb_id59,train
vid_008089_id1_id16_0002,1,CelebDF,celeb_id59,train
vid_005289_id30_id29_0000,1,CelebDF,celeb_id59,train
vid_003146_27__kitchen_still,0,DFD,dfd_11,train
vid_003303_01__outside_talking_pan_laughing,0,DFD,dfd_11,train
vid_007278_id30_id2_0003,1,CelebDF,celeb_id59,train
vid_008281_id6_id16_0002,1,CelebDF,celeb_id59,train
vid_004019_id4_0006,0,CelebDF,celeb_id59,train
vid_006824_id44_id47_0000,1,CelebDF,celeb_id39,test
vid_000096_02_15__exit_phone_room__HTG660F8,1,DFD,dfd_11,train
vid_003825_id2_0000,0,CelebDF,celeb_id59,train
vid_001957_15_02__walking_and_outside_surprised__I8G2LWD1,1,DFD,dfd_11,train
vid_005186_id33_id29_0007,1,CelebDF,celeb_id59,train
vid_001125_04_06__outside_talking_still_laughing__ZK95PQDE,1,DFD,dfd_11,train
vid_003346_19__talking_angry_couch,0,DFD,dfd_10,val
vid_002856_04_18__kitchen_pan__6J3ZFEJQ,1,DFD,dfd_11,train
vid_001874_19_10__kitchen_still__IDX76N5R,1,DFD,dfd_10,val
vid_009503_id19_id28_0002,1,CelebDF,celeb_id59,train
vid_000438_20_27__walking_and_outside_surprised__LM907ECA,1,DFD,dfd_11,train
vid_005633_id38_id35_0009,1,CelebDF,celeb_id59,train
vid_005203_id38_id21_0000,1,CelebDF,celeb_id59,train
vid_005757_id43_id45_0001,1,CelebDF,celeb_id39,test
vid_009429_id6_id16_0008,1,CelebDF,celeb_id59,train
vid_001222_13_15__kitchen_still__X0EIIJF7,1,DFD,dfd_11,train
vid_007203_id30_id29_0004,1,CelebDF,celeb_id59,train
vid_001735_19_22__kitchen_still__VK6BF5NV,1,DFD,dfd_10,val
vid_007605_id20_id22_0005,1,CelebDF,celeb_id59,train
vid_007615_id50_id51_0001,1,CelebDF,celeb_id49,val
vid_008619_id17_id6_0009,1,CelebDF,celeb_id59,train
vid_007005_id3_id26_0008,1,CelebDF,celeb_id59,train
vid_000520_04_01__outside_talking_still_laughing__6I623VU9,1,DFD,dfd_11,train
vid_003166_10__walking_down_street_outside_angry,0,DFD,dfd_10,val
vid_001394_11_03__walking_outside_cafe_disgusted__P08VGHTA,1,DFD,dfd_11,train
vid_002965_26_20__kitchen_pan__C8GN41DU,1,DFD,dfd_11,train
vid_008483_id19_id26_0004,1,CelebDF,celeb_id59,train
vid_000755_03_15__outside_talking_pan_laughing__AIOM1U5V,1,DFD,dfd_11,train
vid_005689_id23_id24_0000,1,CelebDF,celeb_id59,train
vid_004052_id2_0004,0,CelebDF,celeb_id59,train
vid_009077_id4_id21_0008,1,CelebDF,celeb_id59,train
vid_002294_06_18__outside_talking_still_laughing__M36D0OJT,1,DFD,dfd_11,train
vid_001395_12_06__talking_against_wall__3K21NFNM,1,DFD,dfd_11,train
vid_001680_03_14__walking_down_street_outside_angry__H0VQHGS3,1,DFD,dfd_11,train
vid_006488_id13_id10_0005,1,CelebDF,celeb_id59,train
vid_006582_id28_id37_0002,1,CelebDF,celeb_id59,train
vid_004652_id2_id31_0006,1,CelebDF,celeb_id59,train
vid_007669_id20_id17_0001,1,CelebDF,celeb_id59,train
vid_000580_07_02__exit_phone_room__9NVRE2KQ,1,DFD,dfd_11,train
vid_005626_id20_id23_0009,1,CelebDF,celeb_id59,train
vid_003867_id54_0005,0,CelebDF,celeb_id49,val
vid_001885_19_24__walking_down_street_outside_angry__59PN7WZ2,1,DFD,dfd_10,val
vid_008623_id7_id13_0006,1,CelebDF,celeb_id59,train
vid_003280_10__walking_outside_cafe_disgusted,0,DFD,dfd_10,val
vid_009732_id33_id34_0003,1,CelebDF,celeb_id59,train
vid_000569_27_25__outside_talking_pan_laughing__1KU29EUL,1,DFD,dfd_11,train
vid_000445_26_25__walking_outside_cafe_disgusted__XKQAYTLI,1,DFD,dfd_11,train
vid_004685_id4_id31_0002,1,CelebDF,celeb_id59,train
vid_003176_15__walking_outside_cafe_disgusted,0,DFD,dfd_11,train
vid_005678_id44_id46_0004,1,CelebDF,celeb_id39,test
vid_000945_12_06__outside_talking_pan_laughing__0VR4Y891,1,DFD,dfd_11,train
vid_007438_id21_id24_0001,1,CelebDF,celeb_id59,train
vid_001106_18_02__walk_down_hall_angry__B95S4G6F,1,DFD,dfd_11,train
vid_000390_09_13__walking_down_street_outside_angry__NDMHWBT1,1,DFD,dfd_11,train
vid_007416_id32_id26_0002,1,CelebDF,celeb_id59,train
vid_001129_01_27__talking_angry_couch__ZYCZ30C0,1,DFD,dfd_11,train
vid_009126_id43_id46_0006,1,CelebDF,celeb_id39,test
vid_007326_id9_id6_0000,1,CelebDF,celeb_id59,train
vid_004169_id31_0000,0,CelebDF,celeb_id59,train
vid_007439_id4_id3_0008,1,CelebDF,celeb_id59,train
vid_000236_27_26__podium_speech_happy__IE9N0ZI9,1,DFD,dfd_11,train
vid_004217_id38_0005,0,CelebDF,celeb_id59,train
vid_008927_id20_id37_0003,1,CelebDF,celeb_id59,train
vid_001293_08_28__exit_phone_room__LVT0XNQG,1,DFD,dfd_05,test
vid_004379_id28_id21_0001,1,CelebDF,celeb_id59,train
vid_003845_id36_0006,0,CelebDF,celeb_id36,train
vid_005447_id38_id33_0004,1,CelebDF,celeb_id59,train
vid_005251_id28_id22_0001,1,CelebDF,celeb_id59,train
vid_003799_id35_0005,0,CelebDF,celeb_id59,train
vid_001298_03_26__kitchen_pan__WBSXBL82,1,DFD,dfd_11,train
vid_002209_24_22__outside_talking_pan_laughing__XL557XC6,1,DFD,dfd_10,val
vid_003890_id29_0004,0,CelebDF,celeb_id59,train
vid_009612_id9_id26_0001,1,CelebDF,celeb_id59,train
vid_007879_id1_id35_0001,1,CelebDF,celeb_id59,train
vid_005717_id48_id44_0007,1,CelebDF,celeb_id39,test
vid_005204_id35_id28_0002,1,CelebDF,celeb_id59,train
vid_006363_id49_id51_0001,1,CelebDF,celeb_id49,val
vid_009806_id2_id20_0004,1,CelebDF,celeb_id59,train
vid_004396_id40_id45_0003,1,CelebDF,celeb_id39,test
vid_007626_id8_id4_0007,1,CelebDF,celeb_id59,train
vid_009387_id21_id9_0000,1,CelebDF,celeb_id59,train
vid_004298_id25_0010,0,CelebDF,celeb_id59,train
vid_007155_id25_id26_0008,1,CelebDF,celeb_id59,train
vid_004621_id0_id3_0001,1,CelebDF,celeb_id59,train
vid_003148_27__walking_down_street_outside_angry,0,DFD,dfd_11,train
vid_009383_id24_id20_0003,1,CelebDF,celeb_id59,train
vid_008195_id17_id35_0002,1,CelebDF,celeb_id59,train
vid_006882_id30_id3_0007,1,CelebDF,celeb_id59,train
vid_008366_id33_id31_0008,1,CelebDF,celeb_id59,train
vid_002354_02_09__hugging_happy__9TDCEK1Q,1,DFD,dfd_11,train
vid_000026_03_07__walk_down_hall_angry__6PHZRQ4H,1,DFD,dfd_11,train
vid_003842_id43_0004,0,CelebDF,celeb_id39,test
vid_002595_18_14__secret_conversation__MAEROFMR,1,DFD,dfd_11,train
vid_003059_11_06__exit_phone_room__C8C4FW99,1,DFD,dfd_11,train
vid_004236_id4_0000,0,CelebDF,celeb_id59,train
vid_002668_14_15__exit_phone_room__OMLZILK3,1,DFD,dfd_11,train
vid_006711_id34_id30_0001,1,CelebDF,celeb_id59,train
vid_005924_id20_id21_0003,1,CelebDF,celeb_id59,train
vid_006365_id17_id3_0002,1,CelebDF,celeb_id59,train
vid_004545_id3_id17_0003,1,CelebDF,celeb_id59,train
vid_005637_id0_id26_0000,1,CelebDF,celeb_id59,train
vid_007401_id28_id1_0003,1,CelebDF,celeb_id59,train
vid_009133_id59_id61_0008,1,CelebDF,celeb_id59,train
vid_001913_26_20__outside_talking_pan_laughing__C8GN41DU,1,DFD,dfd_11,train
vid_003031_24_19__walking_down_street_outside_angry__QD5K7BP2,1,DFD,dfd_10,val
vid_000354_22_10__walk_down_hall_angry__FY7YI0AJ,1,DFD,dfd_10,val
vid_000599_21_01__outside_talking_pan_laughing__03X7CELV,1,DFD,dfd_11,train
vid_004371_id21_id30_0006,1,CelebDF,celeb_id59,train
vid_005611_id9_id3_0002,1,CelebDF,celeb_id59,train
vid_008173_id31_id28_0004,1,CelebDF,celeb_id59,train
vid_009742_id2_id28_0006,1,CelebDF,celeb_id59,train
vid_005490_id37_id26_0007,1,CelebDF,celeb_id59,train
vid_006158_id34_id38_0003,1,CelebDF,celeb_id59,train
vid_008387_id52_id53_0000,1,CelebDF,celeb_id49,val
vid_003141_17__exit_phone_room,0,DFD,dfd_05,test
vid_004501_id30_id33_0002,1,CelebDF,celeb_id59,train
vid_006302_id37_id6_0003,1,CelebDF,celeb_id59,train
vid_006459_id27_id26_0006,1,CelebDF,celeb_id59,train
vid_008298_id17_id2_0006,1,CelebDF,celeb_id59,train
vid_005555_id23_id17_0003,1,CelebDF,celeb_id59,train
vid_009094_id6_id9_0002,1,CelebDF,celeb_id59,train
vid_007741_id1_id37_0006,1,CelebDF,celeb_id59,train
vid_009060_id16_id9_0000,1,CelebDF,celeb_id59,train
vid_007555_id8_id6_0003,1,CelebDF,celeb_id59,train
vid_000062_17_08__exit_phone_room__CFIY1YEQ,1,DFD,dfd_05,test
vid_005101_id29_id30_0009,1,CelebDF,celeb_id59,train
vid_001193_07_21__talking_angry_couch__MKU99DVX,1,DFD,dfd_11,train
vid_009157_id45_id40_0007,1,CelebDF,celeb_id39,test
vid_006521_id16_id35_0002,1,CelebDF,celeb_id59,train
vid_006085_id55_id50_0005,1,CelebDF,celeb_id49,val
vid_004701_id4_id31_0007,1,CelebDF,celeb_id59,train
vid_009380_id38_id33_0006,1,CelebDF,celeb_id59,train
vid_007994_id37_id4_0005,1,CelebDF,celeb_id59,train
vid_002483_07_03__outside_talking_still_laughing__IFSURI9X,1,DFD,dfd_11,train
vid_005218_id33_id29_0006,1,CelebDF,celeb_id59,train
vid_003719_00223,0,CelebDF,yt_00223,train
vid_001084_26_18__exit_phone_room__AI94QW74,1,DFD,dfd_11,train
vid_005571_id20_id24_0001,1,CelebDF,celeb_id59,train
vid_007948_id27_id25_0003,1,CelebDF,celeb_id59,train
vid_007888_id16_id17_0003,1,CelebDF,celeb_id59,train
vid_000276_18_02__kitchen_still__B95S4G6F,1,DFD,dfd_11,train
vid_003917_id26_0001,0,CelebDF,celeb_id59,train
vid_001305_20_13__exit_phone_room__C50CSOEX,1,DFD,dfd_11,train
vid_000100_05_28__hugging_happy__VR9127O1,1,DFD,dfd_05,test
vid_009278_id19_id23_0004,1,CelebDF,celeb_id59,train
vid_002884_06_18__walk_down_hall_angry__LH0KWJKM,1,DFD,dfd_11,train
vid_008896_id31_id9_0005,1,CelebDF,celeb_id59,train
vid_005357_id31_id30_0003,1,CelebDF,celeb_id59,train
vid_005415_id3_id20_0001,1,CelebDF,celeb_id59,train
vid_008072_id40_id43_0007,1,CelebDF,celeb_id39,test
vid_005344_id43_id47_0009,1,CelebDF,celeb_id39,test
vid_003379_02__outside_talking_still_laughing,0,DFD,dfd_11,train
vid_009723_id44_id46_0002,1,CelebDF,celeb_id39,test
vid_007276_id27_id21_0008,1,CelebDF,celeb_id59,train
vid_006121_id29_id37_0009,1,CelebDF,celeb_id59,train
vid_000296_14_06__podium_speech_happy__8U9ULZDT,1,DFD,dfd_11,train
vid_007442_id3_id1_0003,1,CelebDF,celeb_id59,train
vid_008122_id50_id56_0004,1,CelebDF,celeb_id49,val
vid_003565_00179,0,CelebDF,yt_00179,train
vid_003525_00200,0,CelebDF,yt_00200,train
vid_003446_00254,0,CelebDF,yt_00254,train
vid_004347_id26_id23_0003,1,CelebDF,celeb_id59,train
vid_005232_id4_id28_0004,1,CelebDF,celeb_id59,train
vid_006155_id6_id2_0009,1,CelebDF,celeb_id59,train
vid_005922_id1_id26_0000,1,CelebDF,celeb_id59,train
vid_004595_id33_id21_0001,1,CelebDF,celeb_id59,train
vid_005347_id23_id9_0001,1,CelebDF,celeb_id59,train
vid_004319_id55_0002,0,CelebDF,celeb_id49,val
vid_009105_id57_id49_0007,1,CelebDF,celeb_id49,val
vid_000887_03_14__exit_phone_room__KJ221YN0,1,DFD,dfd_11,train
vid_009513_id12_id7_0000,1,CelebDF,celeb_id59,train
vid_004803_id26_id30_0002,1,CelebDF,celeb_id59,train
vid_008460_id53_id54_0002,1,CelebDF,celeb_id49,val
vid_005509_id55_id57_0004,1,CelebDF,celeb_id49,val
vid_006509_id6_id0_0000,1,CelebDF,celeb_id59,train
vid_000982_14_13__walk_down_hall_angry__KMQ3AW6A,1,DFD,dfd_11,train
vid_007253_id37_id9_0007,1,CelebDF,celeb_id59,train
vid_004636_id19_id20_0004,1,CelebDF,celeb_id59,train
vid_004453_id29_id28_0006,1,CelebDF,celeb_id59,train
vid_002190_14_20__secret_conversation__B014BKVO,1,DFD,dfd_11,train
vid_001473_03_07__walking_outside_cafe_disgusted__CDSNLDQ8,1,DFD,dfd_11,train
vid_000156_09_01__outside_talking_pan_laughing__SJZRV69J,1,DFD,dfd_11,train
vid_009840_id31_id4_0005,1,CelebDF,celeb_id59,train
vid_009293_id38_id26_0001,1,CelebDF,celeb_id59,train
vid_003143_10__kitchen_still,0,DFD,dfd_10,val
vid_008183_id6_id21_0008,1,CelebDF,celeb_id59,train
vid_005727_id16_id31_0001,1,CelebDF,celeb_id59,train
vid_009851_id2_id6_0006,1,CelebDF,celeb_id59,train
vid_000101_14_07__talking_against_wall__P9QFO50U,1,DFD,dfd_11,train
vid_009946_id27_id19_0006,1,CelebDF,celeb_id59,train
vid_004332_id25_id26_0000,1,CelebDF,celeb_id59,train
vid_003249_20__exit_phone_room,0,DFD,dfd_11,train
vid_000055_04_13__podium_speech_happy__00T3UYOR,1,DFD,dfd_11,train
vid_006922_id28_id31_0002,1,CelebDF,celeb_id59,train
vid_000878_06_20__hugging_happy__6SUW7063,1,DFD,dfd_11,train
vid_007912_id57_id55_0003,1,CelebDF,celeb_id49,val
vid_008117_id32_id34_0004,1,CelebDF,celeb_id59,train
vid_003275_10__exit_phone_room,0,DFD,dfd_10,val
vid_003122_12__talking_against_wall,0,DFD,dfd_11,train
vid_007385_id8_id5_0003,1,CelebDF,celeb_id59,train
vid_001381_11_03__walk_down_hall_angry__P08VGHTA,1,DFD,dfd_11,train
vid_001965_02_13__exit_phone_room__CP5HFV3K,1,DFD,dfd_11,train
vid_005950_id45_id39_0001,1,CelebDF,celeb_id39,test
vid_007688_id46_id41_0002,1,CelebDF,celeb_id39,test
vid_002977_01_02__walking_down_indoor_hall_disgust__YVGY8LOK,1,DFD,dfd_11,train
vid_005617_id37_id2_0001,1,CelebDF,celeb_id59,train
vid_002330_28_16__podium_speech_happy__ZA8XJIE9,1,DFD,dfd_05,test
vid_002321_05_28__kitchen_pan__V20UNLJ5,1,DFD,dfd_05,test
vid_005808_id2_id28_0007,1,CelebDF,celeb_id59,train
vid_000624_15_14__outside_talking_still_laughing__RNHLLKSQ,1,DFD,dfd_11,train
vid_005427_id56_id58_0009,1,CelebDF,celeb_id49,val
vid_000872_22_10__kitchen_still__8YQ2EUQP,1,DFD,dfd_10,val
vid_006418_id1_id16_0007,1,CelebDF,celeb_id59,train
vid_005987_id32_id35_0003,1,CelebDF,celeb_id59,train
vid_002863_06_02__kitchen_pan__O9WOC1KJ,1,DFD,dfd_11,train
vid_000990_14_12__walk_down_hall_angry__Z7EWFA0P,1,DFD,dfd_11,train
vid_004434_id30_id32_0009,1,CelebDF,celeb_id59,train
vid_001672_03_04__talking_angry_couch__T04P6ELC,1,DFD,dfd_11,train
vid_000680_27_25__outside_talking_pan_laughing__GNIMW95Z,1,DFD,dfd_11,train
vid_003005_13_02__secret_conversation__PLNVLO74,1,DFD,dfd_11,train
vid_002870_13_02__secret_conversation__CP5HFV3K,1,DFD,dfd_11,train
vid_001728_12_06__walking_down_indoor_hall_disgust__3K21NFNM,1,DFD,dfd_11,train
vid_009205_id1_id26_0006,1,CelebDF,celeb_id59,train
vid_006868_id21_id30_0004,1,CelebDF,celeb_id59,train
vid_008038_id23_id21_0003,1,CelebDF,celeb_id59,train
vid_009533_id8_id1_0002,1,CelebDF,celeb_id59,train
vid_009515_id49_id54_0007,1,CelebDF,celeb_id49,val
vid_000375_22_19__walk_down_hall_angry__VK6BF5NV,1,DFD,dfd_10,val
vid_005968_id12_id10_0001,1,CelebDF,celeb_id59,train
vid_004178_id5_0002,0,CelebDF,celeb_id59,train
vid_009924_id3_id26_0000,1,CelebDF,celeb_id59,train
vid_002533_12_20__kitchen_still__VD7BCF1U,1,DFD,dfd_11,train
vid_007744_id29_id32_0006,1,CelebDF,celeb_id59,train
vid_002346_14_26__outside_talking_still_laughing__ILLP29ZH,1,DFD,dfd_11,train
vid_004893_id26_id20_0008,1,CelebDF,celeb_id59,train
vid_003177_18__kitchen_pan,0,DFD,dfd_11,train
vid_006435_id2_id1_0001,1,CelebDF,celeb_id59,train
vid_005258_id37_id21_0007,1,CelebDF,celeb_id59,train
vid_004939_id35_id3_0000,1,CelebDF,celeb_id59,train
vid_001973_24_23__kitchen_still__MDSDXSNU,1,DFD,dfd_10,val
vid_006517_id37_id26_0008,1,CelebDF,celeb_id59,train
vid_007063_id37_id17_0003,1,CelebDF,celeb_id59,train
vid_009633_id2_id35_0008,1,CelebDF,celeb_id59,train
vid_001556_04_13__talking_angry_couch__00T3UYOR,1,DFD,dfd_11,train
vid_008292_id35_id1_0000,1,CelebDF,celeb_id59,train
vid_006904_id24_id23_0005,1,CelebDF,celeb_id59,train
vid_009497_id3_id1_0006,1,CelebDF,celeb_id59,train
vid_001064_21_07__walking_down_street_outside_angry__MKU99DVX,1,DFD,dfd_11,train
vid_001928_20_14__walking_down_street_outside_angry__B014BKVO,1,DFD,dfd_11,train
vid_001107_01_02__talking_angry_couch__YVGY8LOK,1,DFD,dfd_11,train
vid_006921_id17_id23_0003,1,CelebDF,celeb_id59,train
vid_008373_id26_id9_0002,1,CelebDF,celeb_id59,train
vid_002411_03_21__kitchen_still__YCSEBZO4,1,DFD,dfd_11,train
vid_007936_id6_id23_0006,1,CelebDF,celeb_id59,train
vid_005160_id6_id0_0009,1,CelebDF,celeb_id59,train
vid_002117_07_02__walking_down_street_outside_angry__O4SXNLRL,1,DFD,dfd_11,train
vid_001326_09_02__exit_phone_room__6KUOFMZW,1,DFD,dfd_11,train
vid_003881_id46_0005,0,CelebDF,celeb_id39,test
vid_008808_id22_id27_0004,1,CelebDF,celeb_id59,train
vid_006200_id1_id9_0007,1,CelebDF,celeb_id59,train
vid_003794_id50_0004,0,CelebDF,celeb_id49,val
vid_004274_id38_0009,0,CelebDF,celeb_id59,train
vid_003804_id43_0005,0,CelebDF,celeb_id39,test
vid_008986_id28_id37_0009,1,CelebDF,celeb_id59,train
vid_009486_id6_id30_0008,1,CelebDF,celeb_id59,train
vid_002528_24_19__secret_conversation__NPZW2Z9L,1,DFD,dfd_10,val
vid_009290_id52_id57_0006,1,CelebDF,celeb_id49,val
vid_004314_id45_0005,0,CelebDF,celeb_id39,test
vid_009139_id26_id23_0004,1,CelebDF,celeb_id59,train
vid_006266_id4_id26_0006,1,CelebDF,celeb_id59,train
vid_007467_id30_id23_0000,1,CelebDF,celeb_id59,train
vid_009154_id37_id2_0006,1,CelebDF,celeb_id59,train
vid_005134_id21_id31_0007,1,CelebDF,celeb_id59,train
vid_005751_id30_id21_0005,1,CelebDF,celeb_id59,train
vid_004041_id8_0005,0,CelebDF,celeb_id59,train
vid_009663_id23_id33_0000,1,CelebDF,celeb_id59,train
vid_006366_id28_id27_0008,1,CelebDF,celeb_id59,train
vid_001859_03_07__talking_against_wall__BKLOCI1M,1,DFD,dfd_11,train
vid_009854_id9_id0_0000,1,CelebDF,celeb_id59,train
vid_007236_id6_id2_0002,1,CelebDF,celeb_id59,train
vid_001617_13_09__outside_talking_pan_laughing__6K90KFOQ,1,DFD,dfd_11,train
vid_008060_id31_id35_0005,1,CelebDF,celeb_id59,train
vid_006674_id4_id6_0008,1,CelebDF,celeb_id59,train
vid_007862_id4_id1_0002,1,CelebDF,celeb_id59,train
vid_002042_24_23__talking_angry_couch__MDSDXSNU,1,DFD,dfd_10,val
vid_008284_id26_id37_0006,1,CelebDF,celeb_id59,train
vid_007742_id30_id3_0008,1,CelebDF,celeb_id59,train
vid_008744_id35_id2_0009,1,CelebDF,celeb_id59,train
vid_009194_id34_id31_0002,1,CelebDF,celeb_id59,train
vid_006726_id30_id4_0007,1,CelebDF,celeb_id59,train
vid_006080_id59_id61_0005,1,CelebDF,celeb_id59,train
vid_007068_id33_id23_0008,1,CelebDF,celeb_id59,train
vid_004184_id8_0003,0,CelebDF,celeb_id59,train
vid_000039_22_24__walking_outside_cafe_disgusted__XL557XC6,1,DFD,dfd_10,val
vid_001607_26_04__secret_conversation__WX836VLY,1,DFD,dfd_11,train
vid_008611_id17_id16_0004,1,CelebDF,celeb_id59,train
vid_002059_18_12__outside_talking_pan_laughing__IKH1LBBY,1,DFD,dfd_11,train
vid_002855_06_25__walk_down_hall_angry__3QQBVBYN,1,DFD,dfd_11,train
vid_006644_id39_id40_0000,1,CelebDF,celeb_id39,test
vid_003207_03__walk_down_hall_angry,0,DFD,dfd_11,train
vid_007380_id34_id32_0005,1,CelebDF,celeb_id59,train
vid_007206_id8_id3_0003,1,CelebDF,celeb_id59,train
vid_000676_09_02__outside_talking_pan_laughing__HIH8YA82,1,DFD,dfd_11,train
vid_006038_id53_id50_0009,1,CelebDF,celeb_id49,val
vid_003613_00109,0,CelebDF,yt_00109,train
vid_003392_03__talking_angry_couch,0,DFD,dfd_11,train
vid_003969_id35_0008,0,CelebDF,celeb_id59,train
vid_004199_id59_0002,0,CelebDF,celeb_id59,train
vid_002221_04_11__exit_phone_room__60BU0X0I,1,DFD,dfd_11,train
vid_007720_id33_id21_0005,1,CelebDF,celeb_id59,train
vid_006112_id35_id20_0003,1,CelebDF,celeb_id59,train
vid_007037_id16_id0_0002,1,CelebDF,celeb_id59,train
vid_007623_id41_id42_0007,1,CelebDF,celeb_id39,test
vid_007552_id40_id45_0007,1,CelebDF,celeb_id39,test
vid_000973_25_18__outside_talking_pan_laughing__41UL3HO6,1,DFD,dfd_11,train
vid_007772_id30_id2_0001,1,CelebDF,celeb_id59,train
vid_006572_id37_id35_0008,1,CelebDF,celeb_id59,train
vid_000897_14_06__outside_talking_still_laughing__8U9ULZDT,1,DFD,dfd_11,train
vid_006359_id9_id21_0000,1,CelebDF,celeb_id59,train
vid_000587_08_28__outside_talking_still_laughing__8BC35RFU,1,DFD,dfd_05,test
vid_001710_20_25__walking_down_indoor_hall_disgust__M86GQTHK,1,DFD,dfd_11,train
vid_008600_id3_id6_0002,1,CelebDF,celeb_id59,train
vid_009572_id35_id26_0007,1,CelebDF,celeb_id59,train
vid_009529_id2_id3_0000,1,CelebDF,celeb_id59,train
vid_000013_07_02__walk_down_hall_angry__1JCLEEBQ,1,DFD,dfd_11,train
vid_007656_id1_id16_0005,1,CelebDF,celeb_id59,train
vid_005805_id38_id28_0003,1,CelebDF,celeb_id59,train
vid_006175_id32_id26_0008,1,CelebDF,celeb_id59,train
vid_003427_04__kitchen_still,0,DFD,dfd_11,train
vid_009867_id48_id42_0006,1,CelebDF,celeb_id39,test
vid_004050_id24_0001,0,CelebDF,celeb_id59,train
vid_002857_15_06__outside_talking_pan_laughing__QRCD27P8,1,DFD,dfd_11,train
vid_001461_14_15__hugging_happy__OMLZILK3,1,DFD,dfd_11,train
vid_007174_id35_id33_0004,1,CelebDF,celeb_id59,train
vid_004542_id17_id28_0002,1,CelebDF,celeb_id59,train
vid_009316_id21_id1_0005,1,CelebDF,celeb_id59,train
vid_004031_id55_0003,0,CelebDF,celeb_id49,val
vid_005701_id29_id38_0002,1,CelebDF,celeb_id59,train
vid_002756_13_12__outside_talking_pan_laughing__2TM4IFSF,1,DFD,dfd_11,train
vid_007328_id29_id21_0009,1,CelebDF,celeb_id59,train
vid_007217_id57_id55_0000,1,CelebDF,celeb_id49,val
vid_008406_id23_id17_0007,1,CelebDF,celeb_id59,train
vid_000426_21_11__walking_outside_cafe_disgusted__DU9VH27B,1,DFD,dfd_11,train
vid_001003_21_11__walk_down_hall_angry__T7DK03O1,1,DFD,dfd_11,train
vid_001446_23_24__talking_against_wall__YR5OVD4S,1,DFD,dfd_10,val
vid_009802_id31_id1_0006,1,CelebDF,celeb_id59,train
vid_004779_id35_id31_0000,1,CelebDF,celeb_id59,train
vid_004980_id54_id57_0004,1,CelebDF,celeb_id49,val
vid_002023_15_02__outside_talking_pan_laughing__MCRFMYAE,1,DFD,dfd_11,train
vid_003513_00091,0,CelebDF,yt_00091,train
vid_005302_id2_id26_0000,1,CelebDF,celeb_id59,train
vid_003299_26__walk_down_hall_angry,0,DFD,dfd_11,train
vid_002978_03_21__outside_talking_still_laughing__YCSEBZO4,1,DFD,dfd_11,train
vid_002448_20_15__podium_speech_happy__99NHTFBM,1,DFD,dfd_11,train
vid_002373_12_07__walk_down_hall_angry__KAG65PEE,1,DFD,dfd_11,train
vid_007995_id25_id23_0003,1,CelebDF,celeb_id59,train
vid_008530_id28_id16_0005,1,CelebDF,celeb_id59,train
vid_002463_15_04__talking_against_wall__7NW4Z6WZ,1,DFD,dfd_11,train
vid_009923_id33_id23_0003,1,CelebDF,celeb_id59,train
vid_005473_id34_id35_0001,1,CelebDF,celeb_id59,train
vid_005147_id55_id52_0001,1,CelebDF,celeb_id49,val
vid_005317_id39_id44_0009,1,CelebDF,celeb_id39,test
vid_006692_id35_id9_0002,1,CelebDF,celeb_id59,train
vid_006311_id45_id39_0008,1,CelebDF,celeb_id39,test
vid_003499_00104,0,CelebDF,yt_00104,train
vid_005843_id22_id19_0002,1,CelebDF,celeb_id59,train
vid_009634_id25_id19_0007,1,CelebDF,celeb_id59,train
vid_003935_id16_0006,0,CelebDF,celeb_id59,train
vid_004839_id22_id24_0009,1,CelebDF,celeb_id59,train
vid_007689_id40_id47_0003,1,CelebDF,celeb_id39,test
vid_009318_id26_id34_0004,1,CelebDF,celeb_id59,train
vid_008043_id35_id17_0007,1,CelebDF,celeb_id59,train
vid_007761_id52_id54_0002,1,CelebDF,celeb_id49,val
vid_004172_id32_0002,0,CelebDF,celeb_id59,train
vid_007554_id35_id17_0008,1,CelebDF,celeb_id59,train
vid_004425_id37_id17_0001,1,CelebDF,celeb_id59,train
vid_008001_id30_id4_0003,1,CelebDF,celeb_id59,train
vid_005818_id9_id31_0003,1,CelebDF,celeb_id59,train
vid_009932_id16_id0_0001,1,CelebDF,celeb_id59,train
vid_008954_id61_id59_0009,1,CelebDF,celeb_id59,train
vid_009785_id34_id35_0002,1,CelebDF,celeb_id59,train
vid_003378_03__exit_phone_room,0,DFD,dfd_11,train
vid_001402_07_12__talking_angry_couch__88BSFG9O,1,DFD,dfd_11,train
vid_005635_id34_id23_0002,1,CelebDF,celeb_id59,train
vid_000610_25_21__walk_down_hall_angry__NFBISHIN,1,DFD,dfd_11,train
vid_004246_id47_0003,0,CelebDF,celeb_id39,test
vid_006551_id46_id43_0001,1,CelebDF,celeb_id39,test
vid_004342_id0_id2_0001,1,CelebDF,celeb_id59,train
vid_009199_id19_id24_0002,1,CelebDF,celeb_id59,train
vid_002026_24_19__exit_phone_room__59PN7WZ2,1,DFD,dfd_10,val
vid_002653_02_04__hugging_happy__SUIZOXAJ,1,DFD,dfd_11,train
vid_003156_10__podium_speech_happy,0,DFD,dfd_10,val
vid_005145_id26_id29_0004,1,CelebDF,celeb_id59,train
vid_006364_id47_id42_0007,1,CelebDF,celeb_id39,test
vid_002288_15_20__podium_speech_happy__99NHTFBM,1,DFD,dfd_11,train
vid_007847_id51_id49_0005,1,CelebDF,celeb_id49,val
vid_003386_03__walking_down_street_outside_angry,0,DFD,dfd_11,train
vid_005569_id50_id52_0000,1,CelebDF,celeb_id49,val
vid_002050_12_20__walking_outside_cafe_disgusted__B0X1CGG2,1,DFD,dfd_11,train
vid_003340_05__podium_speech_happy,0,DFD,dfd_05,test
vid_001236_27_02__walking_and_outside_surprised__XFSH3BW7,1,DFD,dfd_11,train
vid_007183_id17_id0_0009,1,CelebDF,celeb_id59,train
vid_003861_id54_0008,0,CelebDF,celeb_id49,val
vid_007767_id17_id0_0007,1,CelebDF,celeb_id59,train
vid_008318_id6_id37_0004,1,CelebDF,celeb_id59,train
vid_000342_25_13__exit_phone_room__7YMTAF29,1,DFD,dfd_11,train
vid_007619_id4_id23_0002,1,CelebDF,celeb_id59,train
vid_000596_21_07__kitchen_pan__K7KXUHMU,1,DFD,dfd_11,train
vid_004805_id37_id1_0005,1,CelebDF,celeb_id59,train
vid_002697_13_18__exit_phone_room__3II4T6H5,1,DFD,dfd_11,train
vid_008923_id3_id16_0008,1,CelebDF,celeb_id59,train
vid_005170_id1_id20_0000,1,CelebDF,celeb_id59,train
vid_000527_17_16__exit_phone_room__S7UMSIQV,1,DFD,dfd_05,test
vid_002420_15_02__hugging_happy__HTG660F8,1,DFD,dfd_11,train
vid_006759_id21_id6_0006,1,CelebDF,celeb_id59,train
vid_005908_id28_id38_0005,1,CelebDF,celeb_id59,train
vid_000541_01_03__kitchen_still__JZUXXFRB,1,DFD,dfd_11,train
vid_004386_id4_id21_0007,1,CelebDF,celeb_id59,train
vid_002853_12_04__walking_and_outside_surprised__96TQKDFJ,1,DFD,dfd_11,train
vid_008515_id30_id9_0009,1,CelebDF,celeb_id59,train
vid_001359_03_14__podium_speech_happy__Q9NSXM88,1,DFD,dfd_11,train
vid_006831_id45_id43_0000,1,CelebDF,celeb_id39,test
vid_008193_id43_id39_0005,1,CelebDF,celeb_id39,test
vid_003993_id53_0008,0,CelebDF,celeb_id49,val
vid_001095_02_27__walking_outside_cafe_disgusted__78M8S6M6,1,DFD,dfd_11,train
vid_006430_id9_id0_0004,1,CelebDF,celeb_id59,train
vid_006072_id30_id37_0004,1,CelebDF,celeb_id59,train
vid_006360_id21_id29_0009,1,CelebDF,celeb_id59,train
vid_000494_03_14__talking_against_wall__ZC2KYASW,1,DFD,dfd_11,train
vid_007016_id37_id34_0003,1,CelebDF,celeb_id59,train
vid_009181_id26_id29_0003,1,CelebDF,celeb_id59,train
vid_007666_id23_id26_0009,1,CelebDF,celeb_id59,train
vid_009502_id27_id19_0002,1,CelebDF,celeb_id59,train
vid_004618_id21_id34_0001,1,CelebDF,celeb_id59,train
vid_007394_id50_id56_0006,1,CelebDF,celeb_id49,val
vid_005781_id16_id23_0001,1,CelebDF,celeb_id59,train
vid_009365_id0_id9_0008,1,CelebDF,celeb_id59,train
vid_007768_id24_id27_0005,1,CelebDF,celeb_id59,train
vid_003966_id12_0000,0,CelebDF,celeb_id59,train
vid_004566_id57_id55_0006,1,CelebDF,celeb_id49,val
vid_009852_id54_id50_0001,1,CelebDF,celeb_id49,val
vid_001151_02_12__outside_talking_pan_laughing__9D2ZHEKW,1,DFD,dfd_11,train
vid_004812_id10_id7_0009,1,CelebDF,celeb_id59,train
vid_004100_id2_0006,0,CelebDF,celeb_id59,train
vid_009657_id17_id20_0002,1,CelebDF,celeb_id59,train
vid_009119_id47_id46_0006,1,CelebDF,celeb_id39,test
vid_003418_11__walking_outside_cafe_disgusted,0,DFD,dfd_11,train
vid_005476_id33_id31_0009,1,CelebDF,celeb_id59,train
vid_005620_id58_id49_0007,1,CelebDF,celeb_id49,val
vid_004610_id26_id38_0006,1,CelebDF,celeb_id59,train
vid_005060_id17_id0_0005,1,CelebDF,celeb_id59,train
vid_009457_id31_id6_0008,1,CelebDF,celeb_id59,train
vid_001110_10_19__podium_speech_happy__FFXB67PI,1,DFD,dfd_10,val
vid_001627_13_02__exit_phone_room__CP5HFV3K,1,DFD,dfd_11,train
vid_006764_id24_id25_0002,1,CelebDF,celeb_id59,train
vid_000743_12_13__kitchen_still__BFH4F0N8,1,DFD,dfd_11,train
vid_002629_12_03__exit_phone_room__D7G6YJON,1,DFD,dfd_11,train
vid_002833_18_25__outside_talking_pan_laughing__SEGFKFJG,1,DFD,dfd_11,train
vid_002648_14_18__podium_speech_happy__0YRBHIKG,1,DFD,dfd_11,train
vid_006141_id35_id23_0001,1,CelebDF,celeb_id59,train
vid_002202_02_09__walk_down_hall_angry__9TDCEK1Q,1,DFD,dfd_11,train
vid_003142_07__outside_talking_pan_laughing,0,DFD,dfd_11,train
vid_002331_04_26__walk_down_hall_angry__WX836VLY,1,DFD,dfd_11,train
vid_006928_id8_id1_0003,1,CelebDF,celeb_id59,train
vid_006291_id24_id25_0009,1,CelebDF,celeb_id59,train
vid_008711_id35_id1_0007,1,CelebDF,celeb_id59,train
vid_008419_id10_id12_0006,1,CelebDF,celeb_id59,train
vid_007974_id49_id53_0008,1,CelebDF,celeb_id49,val
vid_001836_28_16__walking_down_street_outside_angry__U757192N,1,DFD,dfd_05,test
vid_002868_13_12__podium_speech_happy__2TM4IFSF,1,DFD,dfd_11,train
vid_007170_id23_id28_0002,1,CelebDF,celeb_id59,train
vid_000017_03_04__outside_talking_pan_laughing__T04P6ELC,1,DFD,dfd_11,train
vid_000287_07_11__podium_speech_happy__PGC20QSY,1,DFD,dfd_11,train
vid_002458_25_07__walking_outside_cafe_disgusted__PAE9HCA8,1,DFD,dfd_11,train
vid_008516_id4_id21_0002,1,CelebDF,celeb_id59,train
vid_005868_id4_id35_0006,1,CelebDF,celeb_id59,train
vid_000650_25_27__exit_phone_room__1KU29EUL,1,DFD,dfd_11,train
vid_009183_id24_id27_0004,1,CelebDF,celeb_id59,train
vid_002797_07_02__talking_against_wall__U7DEOZNV,1,DFD,dfd_11,train
vid_001911_20_01__outside_talking_pan_laughing__6UBMLXK3,1,DFD,dfd_11,train
vid_004709_id20_id37_0005,1,CelebDF,celeb_id59,train
vid_009615_id34_id33_0006,1,CelebDF,celeb_id59,train
vid_000012_14_03__walking_and_outside_surprised__P1L5PF4I,1,DFD,dfd_11,train
vid_003537_00283,0,CelebDF,yt_00283,train
vid_009171_id35_id20_0000,1,CelebDF,celeb_id59,train
vid_008379_id58_id49_0005,1,CelebDF,celeb_id49,val
vid_000931_25_26__outside_talking_still_laughing__7ZRKCFMS,1,DFD,dfd_11,train
vid_008822_id17_id28_0006,1,CelebDF,celeb_id59,train
vid_007824_id21_id20_0002,1,CelebDF,celeb_id59,train
vid_007779_id58_id51_0008,1,CelebDF,celeb_id49,val
vid_004500_id25_id20_0007,1,CelebDF,celeb_id59,train
vid_001903_10_19__walking_outside_cafe_disgusted__FFXB67PI,1,DFD,dfd_10,val
vid_008618_id20_id22_0002,1,CelebDF,celeb_id59,train
vid_000600_19_24__talking_angry_couch__W1DEM0XM,1,DFD,dfd_10,val
vid_007638_id21_id30_0001,1,CelebDF,celeb_id59,train
vid_004913_id4_id9_0006,1,CelebDF,celeb_id59,train
vid_000645_15_18__kitchen_pan__V5VHLCOW,1,DFD,dfd_11,train
vid_000924_02_14__exit_phone_room__3IUBEKCT,1,DFD,dfd_11,train
vid_006854_id38_id30_0008,1,CelebDF,celeb_id59,train
vid_000894_19_23__kitchen_still__WHQ1229T,1,DFD,dfd_10,val
vid_007654_id56_id51_0008,1,CelebDF,celeb_id49,val
vid_006247_id11_id7_0001,1,CelebDF,celeb_id59,train
vid_006468_id58_id49_0003,1,CelebDF,celeb_id49,val
vid_007144_id49_id53_0001,1,CelebDF,celeb_id49,val
vid_004597_id20_id6_0008,1,CelebDF,celeb_id59,train
vid_004002_id57_0005,0,CelebDF,celeb_id49,val
vid_002614_04_21__outside_talking_pan_laughing__PRCQUMY8,1,DFD,dfd_11,train
vid_001941_20_14__kitchen_pan__R7SPX6OK,1,DFD,dfd_11,train
vid_007678_id7_id11_0006,1,CelebDF,celeb_id59,train
vid_001729_01_03__hugging_happy__ISF9SP4G,1,DFD,dfd_11,train
vid_005785_id58_id57_0005,1,CelebDF,celeb_id49,val
vid_001215_20_01__secret_conversation__FW94AIMJ,1,DFD,dfd_11,train
vid_000782_16_17__outside_talking_pan_laughing__S7UMSIQV,1,DFD,dfd_05,test
vid_009472_id21_id23_0001,1,CelebDF,celeb_id59,train
vid_006455_id2_id37_0001,1,CelebDF,celeb_id59,train
vid_002078_06_04__walking_outside_cafe_disgusted__ZK95PQDE,1,DFD,dfd_11,train
vid_001087_01_03__talking_angry_couch__JZUXXFRB,1,DFD,dfd_11,train
vid_002848_20_13__hugging_happy__C50CSOEX,1,DFD,dfd_11,train
vid_007485_id16_id31_0008,1,CelebDF,celeb_id59,train
vid_000437_18_04__talking_against_wall__6J3ZFEJQ,1,DFD,dfd_11,train
vid_006148_id3_id0_0006,1,CelebDF,celeb_id59,train
vid_009187_id45_id47_0002,1,CelebDF,celeb_id39,test
vid_005247_id3_id26_0006,1,CelebDF,celeb_id59,train
vid_008813_id40_id41_0006,1,CelebDF,celeb_id39,test
vid_000169_06_11__walking_outside_cafe_disgusted__MX659QU8,1,DFD,dfd_11,train
vid_008938_id3_id23_0005,1,CelebDF,celeb_id59,train
vid_009718_id27_id21_0002,1,CelebDF,celeb_id59,train
vid_006054_id57_id55_0008,1,CelebDF,celeb_id49,val
vid_006130_id9_id3_0006,1,CelebDF,celeb_id59,train
vid_004819_id23_id6_0007,1,CelebDF,celeb_id59,train
vid_004668_id35_id30_0001,1,CelebDF,celeb_id59,train
vid_009717_id28_id30_0009,1,CelebDF,celeb_id59,train
vid_009096_id34_id29_0005,1,CelebDF,celeb_id59,train
vid_005345_id31_id9_0002,1,CelebDF,celeb_id59,train
vid_008165_id33_id23_0001,1,CelebDF,celeb_id59,train
vid_002232_27_20__walking_and_outside_surprised__LM907ECA,1,DFD,dfd_11,train
vid_001300_09_14__walking_down_street_outside_angry__6TEK3ZX0,1,DFD,dfd_11,train
vid_007907_id35_id21_0009,1,CelebDF,celeb_id59,train
vid_007152_id1_id9_0009,1,CelebDF,celeb_id59,train
vid_007189_id9_id1_0005,1,CelebDF,celeb_id59,train
vid_003476_00156,0,CelebDF,yt_00156,train
vid_009053_id16_id23_0013,1,CelebDF,celeb_id59,train
vid_007421_id57_id54_0006,1,CelebDF,celeb_id49,val
vid_001794_02_27__kitchen_pan__3L1MLH3D,1,DFD,dfd_11,train
vid_006795_id53_id49_0002,1,CelebDF,celeb_id49,val
vid_003356_03__talking_against_wall,0,DFD,dfd_11,train
vid_004781_id3_id28_0004,1,CelebDF,celeb_id59,train
vid_003458_00228,0,CelebDF,yt_00228,train
vid_007965_id26_id9_0000,1,CelebDF,celeb_id59,train
vid_007237_id31_id9_0000,1,CelebDF,celeb_id59,train
vid_002823_07_03__walk_down_hall_angry__IFSURI9X,1,DFD,dfd_11,train
vid_009700_id28_id16_0000,1,CelebDF,celeb_id59,train
vid_009517_id43_id47_0008,1,CelebDF,celeb_id39,test
vid_008983_id44_id42_0000,1,CelebDF,celeb_id39,test
vid_006771_id22_id25_0003,1,CelebDF,celeb_id59,train
vid_005951_id22_id23_0004,1,CelebDF,celeb_id59,train
vid_001484_02_07__secret_conversation__0IYV5DQ5,1,DFD,dfd_11,train
vid_008752_id9_id28_0008,1,CelebDF,celeb_id59,train
vid_000300_09_18__kitchen_pan__3VP8836C,1,DFD,dfd_11,train
vid_001808_15_03__podium_speech_happy__Y11NT1YX,1,DFD,dfd_11,train
vid_007251_id4_id0_0008,1,CelebDF,celeb_id59,train
vid_003674_00222,0,CelebDF,yt_00222,train
vid_008996_id24_id20_0004,1,CelebDF,celeb_id59,train
vid_003089_20__talking_against_wall,0,DFD,dfd_11,train
vid_004134_id54_0000,0,CelebDF,celeb_id49,val
vid_009032_id54_id55_0006,1,CelebDF,celeb_id49,val
vid_001879_05_08__walk_down_hall_angry__UNN7ZGKO,1,DFD,dfd_05,test
vid_003367_08__podium_speech_happy,0,DFD,dfd_05,test
vid_005239_id31_id4_0003,1,CelebDF,celeb_id59,train
vid_007954_id42_id48_0003,1,CelebDF,celeb_id39,test
vid_002367_02_13__outside_talking_still_laughing__CP5HFV3K,1,DFD,dfd_11,train
vid_003454_00240,0,CelebDF,yt_00240,train
vid_007022_id38_id29_0009,1,CelebDF,celeb_id59,train
vid_002831_13_15__exit_phone_room__X0EIIJF7,1,DFD,dfd_11,train
vid_006618_id31_id16_0006,1,CelebDF,celeb_id59,train
vid_003970_id25_0001,0,CelebDF,celeb_id59,train
vid_008321_id31_id37_0007,1,CelebDF,celeb_id59,train
vid_004930_id56_id53_0006,1,CelebDF,celeb_id49,val
vid_009404_id16_id37_0010,1,CelebDF,celeb_id59,train
vid_005433_id26_id20_0001,1,CelebDF,celeb_id59,train
vid_009781_id28_id27_0001,1,CelebDF,celeb_id59,train
vid_003741_id37_0000,0,CelebDF,celeb_id59,train
vid_000015_01_11__talking_against_wall__P06JKA75,1,DFD,dfd_11,train
vid_000186_23_19__walking_outside_cafe_disgusted__WHQ1229T,1,DFD,dfd_10,val
vid_004716_id1_id23_0001,1,CelebDF,celeb_id59,train
vid_006221_id21_id33_0004,1,CelebDF,celeb_id59,train
vid_003245_12__outside_talking_still_laughing,0,DFD,dfd_11,train
vid_002138_13_09__hugging_happy__B41GFUV2,1,DFD,dfd_11,train
vid_003404_03__hugging_happy,0,DFD,dfd_11,train
vid_002349_21_07__hugging_happy__CRGVSDBI,1,DFD,dfd_11,train
vid_002261_20_25__hugging_happy__M86GQTHK,1,DFD,dfd_11,train
vid_004376_id48_id46_0001,1,CelebDF,celeb_id39,test
vid_002861_07_21__secret_conversation__MKU99DVX,1,DFD,dfd_11,train
vid_005183_id9_id23_0006,1,CelebDF,celeb_id59,train
vid_002665_07_03__talking_against_wall__IFSURI9X,1,DFD,dfd_11,train
vid_001339_06_12__walking_down_indoor_hall_disgust__3K21NFNM,1,DFD,dfd_11,train
vid_000943_07_02__outside_talking_still_laughing__1ZE4HC06,1,DFD,dfd_11,train
vid_006370_id23_id33_0005,1,CelebDF,celeb_id59,train
vid_001747_23_24__walking_down_street_outside_angry__YR5OVD4S,1,DFD,dfd_10,val
vid_008654_id7_id12_0007,1,CelebDF,celeb_id59,train
vid_000988_07_20__talking_against_wall__KV6Q7D6C,1,DFD,dfd_11,train
vid_006920_id33_id35_0009,1,CelebDF,celeb_id59,train
vid_004159_id41_0008,0,CelebDF,celeb_id39,test
vid_007132_id28_id30_0006,1,CelebDF,celeb_id59,train
vid_007191_id26_id19_0000,1,CelebDF,celeb_id59,train
vid_003042_28_16__exit_phone_room__OANAQYD5,1,DFD,dfd_05,test
vid_006412_id20_id29_0008,1,CelebDF,celeb_id59,train
vid_004804_id30_id38_0000,1,CelebDF,celeb_id59,train
vid_006475_id52_id56_0002,1,CelebDF,celeb_id49,val
vid_005182_id44_id41_0001,1,CelebDF,celeb_id39,test
vid_001850_07_12__outside_talking_still_laughing__KAG65PEE,1,DFD,dfd_11,train
vid_002034_22_10__walking_and_outside_surprised__C1U7OY5M,1,DFD,dfd_10,val
vid_001671_09_26__talking_against_wall__C3K20JOL,1,DFD,dfd_11,train
vid_006776_id32_id20_0005,1,CelebDF,celeb_id59,train
vid_001399_15_12__hugging_happy__N0SRODQD,1,DFD,dfd_11,train
vid_005540_id42_id41_0003,1,CelebDF,celeb_id39,test
vid_009594_id58_id51_0004,1,CelebDF,celeb_id49,val
vid_000229_25_06__outside_talking_still_laughing__3QQBVBYN,1,DFD,dfd_11,train
vid_008448_id26_id3_0006,1,CelebDF,celeb_id59,train
vid_007680_id13_id10_0014,1,CelebDF,celeb_id59,train
vid_008443_id20_id30_0008,1,CelebDF,celeb_id59,train
vid_001820_02_15__meeting_serious__N864L40U,1,DFD,dfd_11,train
vid_009524_id33_id30_0005,1,CelebDF,celeb_id59,train
vid_009769_id28_id20_0000,1,CelebDF,celeb_id59,train
vid_007754_id37_id20_0001,1,CelebDF,celeb_id59,train
vid_004697_id1_id28_0009,1,CelebDF,celeb_id59,train
vid_005926_id35_id21_0003,1,CelebDF,celeb_id59,train
vid_001429_09_21__walking_down_street_outside_angry__WBPEX4CU,1,DFD,dfd_11,train
vid_001296_20_15__outside_talking_pan_laughing__99NHTFBM,1,DFD,dfd_11,train
vid_001112_26_25__exit_phone_room__7ZRKCFMS,1,DFD,dfd_11,train
vid_000305_06_12__walking_and_outside_surprised__3K21NFNM,1,DFD,dfd_11,train
vid_006294_id27_id19_0003,1,CelebDF,celeb_id59,train
vid_001622_02_18__walking_and_outside_surprised__B95S4G6F,1,DFD,dfd_11,train
vid_008586_id32_id29_0008,1,CelebDF,celeb_id59,train
vid_003153_02__outside_talking_pan_laughing,0,DFD,dfd_11,train
vid_000926_26_13__kitchen_pan__1ZRIYSSU,1,DFD,dfd_11,train
vid_007120_id6_id31_0004,1,CelebDF,celeb_id59,train
vid_004855_id0_id2_0008,1,CelebDF,celeb_id59,train
vid_007856_id41_id46_0001,1,CelebDF,celeb_id39,test
vid_007616_id56_id58_0001,1,CelebDF,celeb_id49,val
vid_005607_id45_id42_0004,1,CelebDF,celeb_id39,test
vid_005639_id23_id22_0009,1,CelebDF,celeb_id59,train
vid_009881_id23_id2_0003,1,CelebDF,celeb_id59,train
vid_003606_00084,0,CelebDF,yt_00084,train
vid_005766_id53_id50_0002,1,CelebDF,celeb_id49,val
vid_006432_id43_id48_0003,1,CelebDF,celeb_id39,test
vid_002322_09_20__kitchen_pan__98NUQ3E6,1,DFD,dfd_11,train
vid_003206_24__secret_conversation,0,DFD,dfd_10,val
vid_002447_25_21__walking_down_street_outside_angry__2R46UX3R,1,DFD,dfd_11,train
vid_004882_id26_id28_0002,1,CelebDF,celeb_id59,train
vid_008168_id31_id9_0006,1,CelebDF,celeb_id59,train
vid_003948_id27_0008,0,CelebDF,celeb_id59,train
vid_004297_id9_0005,0,CelebDF,celeb_id59,train
vid_000168_14_01__walking_outside_cafe_disgusted__01YF7VQM,1,DFD,dfd_11,train
vid_009741_id26_id35_0004,1,CelebDF,celeb_id59,train
vid_004309_id13_0013,0,CelebDF,celeb_id59,train
vid_002139_06_26__outside_talking_still_laughing__L5BVR5L9,1,DFD,dfd_11,train
vid_009243_id46_id44_0001,1,CelebDF,celeb_id39,test
vid_002245_19_24__exit_phone_room__QD5K7BP2,1,DFD,dfd_10,val
vid_005467_id32_id37_0007,1,CelebDF,celeb_id59,train
vid_009849_id20_id31_0005,1,CelebDF,celeb_id59,train
vid_005907_id28_id37_0001,1,CelebDF,celeb_id59,train
vid_001323_20_26__talking_against_wall__KGFLR0PH,1,DFD,dfd_11,train
vid_003696_00026,0,CelebDF,yt_00026,train
vid_009942_id35_id9_0007,1,CelebDF,celeb_id59,train
vid_006007_id28_id38_0002,1,CelebDF,celeb_id59,train
vid_007320_id30_id35_0005,1,CelebDF,celeb_id59,train
vid_007228_id31_id28_0000,1,CelebDF,celeb_id59,train
vid_006252_id23_id30_0001,1,CelebDF,celeb_id59,train
vid_008925_id26_id24_0004,1,CelebDF,celeb_id59,train
vid_005587_id48_id44_0003,1,CelebDF,celeb_id39,test
vid_008404_id16_id1_0011,1,CelebDF,celeb_id59,train
vid_005234_id54_id52_0004,1,CelebDF,celeb_id49,val
vid_004972_id28_id21_0008,1,CelebDF,celeb_id59,train
vid_004129_id39_0003,0,CelebDF,celeb_id39,test
vid_003168_22__secret_conversation,0,DFD,dfd_10,val
vid_005643_id0_id28_0008,1,CelebDF,celeb_id59,train
vid_009546_id0_id23_0007,1,CelebDF,celeb_id59,train
vid_000756_07_13__walking_down_street_outside_angry__RVQCPCJF,1,DFD,dfd_11,train
vid_000946_21_09__talking_against_wall__JEELOMN2,1,DFD,dfd_11,train
vid_002125_09_13__outside_talking_pan_laughing__LPT427RY,1,DFD,dfd_11,train
vid_001606_14_18__walk_down_hall_angry__A5A1Q467,1,DFD,dfd_11,train
vid_005864_id21_id17_0002,1,CelebDF,celeb_id59,train
vid_000199_20_27__walk_down_hall_angry__LM907ECA,1,DFD,dfd_11,train
vid_008997_id37_id6_0005,1,CelebDF,celeb_id59,train
vid_004107_id49_0007,0,CelebDF,celeb_id49,val
vid_003055_20_12__kitchen_still__VD7BCF1U,1,DFD,dfd_11,train
vid_006203_id33_id38_0009,1,CelebDF,celeb_id59,train
vid_003765_id5_0008,0,CelebDF,celeb_id59,train
vid_008760_id26_id37_0005,1,CelebDF,celeb_id59,train
vid_004753_id23_id26_0000,1,CelebDF,celeb_id59,train
vid_001993_13_15__hugging_happy__X0EIIJF7,1,DFD,dfd_11,train
vid_002651_13_12__kitchen_pan__Q442U52P,1,DFD,dfd_11,train
vid_007609_id37_id16_0000,1,CelebDF,celeb_id59,train
vid_001013_13_04__kitchen_still__00T3UYOR,1,DFD,dfd_11,train
vid_002554_13_02__podium_speech_happy__2YSYT2N3,1,DFD,dfd_11,train
vid_008775_id2_id3_0003,1,CelebDF,celeb_id59,train
vid_006113_id51_id49_0002,1,CelebDF,celeb_id49,val
vid_003468_00290,0,CelebDF,yt_00290,train
vid_001026_05_08__hugging_happy__FBICSP2C,1,DFD,dfd_05,test
vid_002358_07_09__walk_down_hall_angry__N9CWME71,1,DFD,dfd_11,train
vid_004492_id28_id22_0004,1,CelebDF,celeb_id59,train
vid_008161_id20_id0_0002,1,CelebDF,celeb_id59,train
vid_006188_id23_id20_0005,1,CelebDF,celeb_id59,train
vid_004341_id39_id46_0003,1,CelebDF,celeb_id39,test
vid_004461_id4_id37_0004,1,CelebDF,celeb_id59,train
vid_008676_id44_id43_0004,1,CelebDF,celeb_id39,test
vid_003016_27_26__outside_talking_still_laughing__IE9N0ZI9,1,DFD,dfd_11,train
vid_000711_21_09__walking_outside_cafe_disgusted__Z8H2TRCI,1,DFD,dfd_11,train
vid_004579_id31_id28_0009,1,CelebDF,celeb_id59,train
vid_004057_id51_0000,0,CelebDF,celeb_id49,val
vid_004253_id16_0012,0,CelebDF,celeb_id59,train
vid_008126_id32_id30_0008,1,CelebDF,celeb_id59,train
vid_003731_id1_0004,0,CelebDF,celeb_id59,train
vid_007357_id32_id20_0000,1,CelebDF,celeb_id59,train
vid_003850_id38_0000,0,CelebDF,celeb_id59,train
vid_003052_13_26__kitchen_still__XRS5W2NC,1,DFD,dfd_11,train
vid_004711_id27_id28_0009,1,CelebDF,celeb_id59,train
vid_005395_id50_id55_0009,1,CelebDF,celeb_id49,val
vid_009613_id44_id41_0005,1,CelebDF,celeb_id39,test
vid_002910_11_06__talking_against_wall__C8C4FW99,1,DFD,dfd_11,train
vid_005029_id16_id17_0006,1,CelebDF,celeb_id59,train
vid_009648_id26_id17_0008,1,CelebDF,celeb_id59,train
vid_008521_id35_id21_0006,1,CelebDF,celeb_id59,train
vid_008602_id8_id3_0008,1,CelebDF,celeb_id59,train
vid_003996_id44_0000,0,CelebDF,celeb_id39,test
vid_006806_id37_id26_0005,1,CelebDF,celeb_id59,train
vid_006917_id22_id20_0001,1,CelebDF,celeb_id59,train
vid_009420_id50_id56_0007,1,CelebDF,celeb_id49,val
vid_006788_id9_id26_0007,1,CelebDF,celeb_id59,train
vid_009636_id12_id10_0005,1,CelebDF,celeb_id59,train
vid_000178_03_26__talking_against_wall__WBSXBL82,1,DFD,dfd_11,train
vid_003202_24__outside_talking_pan_laughing,0,DFD,dfd_10,val
vid_003237_16__exit_phone_room,0,DFD,dfd_05,test
vid_004154_id30_0008,0,CelebDF,celeb_id59,train
vid_005743_id1_id2_0006,1,CelebDF,celeb_id59,train
vid_007997_id30_id21_0009,1,CelebDF,celeb_id59,train
vid_008732_id30_id6_0007,1,CelebDF,celeb_id59,train
vid_006972_id31_id6_0005,1,CelebDF,celeb_id59,train
vid_004751_id23_id29_0006,1,CelebDF,celeb_id59,train
vid_007512_id29_id37_0007,1,CelebDF,celeb_id59,train
vid_004017_id59_0009,0,CelebDF,celeb_id59,train
vid_004873_id61_id60_0006,1,CelebDF,celeb_id59,train
vid_004943_id35_id23_0004,1,CelebDF,celeb_id59,train
vid_002262_15_21__walking_outside_cafe_disgusted__87WSBJP3,1,DFD,dfd_11,train
vid_009677_id30_id9_0000,1,CelebDF,celeb_id59,train
vid_006204_id30_id23_0002,1,CelebDF,celeb_id59,train
vid_009566_id35_id32_0006,1,CelebDF,celeb_id59,train
vid_008608_id4_id0_0001,1,CelebDF,celeb_id59,train
vid_004547_id2_id26_0001,1,CelebDF,celeb_id59,train
vid_006786_id38_id34_0009,1,CelebDF,celeb_id59,train
vid_004688_id5_id61_0004,1,CelebDF,celeb_id59,train
vid_005400_id6_id30_0001,1,CelebDF,celeb_id59,train
vid_000966_15_04__kitchen_still__46TJ9IOJ,1,DFD,dfd_11,train
vid_003474_00024,0,CelebDF,yt_00024,train
vid_007195_id23_id37_0001,1,CelebDF,celeb_id59,train
vid_007073_id57_id56_0008,1,CelebDF,celeb_id49,val
vid_003808_id11_0008,0,CelebDF,celeb_id59,train
vid_005305_id1_id35_0005,1,CelebDF,celeb_id59,train
vid_000196_14_03__hugging_happy__PLCQJM81,1,DFD,dfd_11,train
vid_003320_21__outside_talking_pan_laughing,0,DFD,dfd_11,train
vid_008435_id27_id26_0004,1,CelebDF,celeb_id59,train
vid_008557_id31_id23_0009,1,CelebDF,celeb_id59,train
vid_007953_id32_id28_0007,1,CelebDF,celeb_id59,train
vid_000505_13_04__kitchen_pan__00T3UYOR,1,DFD,dfd_11,train
vid_000343_21_07__talking_against_wall__MKU99DVX,1,DFD,dfd_11,train
vid_000577_07_14__outside_talking_pan_laughing__P9QFO50U,1,DFD,dfd_11,train
vid_005570_id16_id2_0002,1,CelebDF,celeb_id59,train
vid_002834_14_03__talking_against_wall__38OVCK3X,1,DFD,dfd_11,train
vid_007353_id21_id38_0005,1,CelebDF,celeb_id59,train
vid_004148_id46_0001,0,CelebDF,celeb_id39,test
vid_003197_27__walking_and_outside_surprised,0,DFD,dfd_11,train
vid_008003_id28_id6_0008,1,CelebDF,celeb_id59,train
vid_008051_id23_id1_0002,1,CelebDF,celeb_id59,train
vid_005027_id29_id23_0002,1,CelebDF,celeb_id59,train
vid_000941_04_03__talking_angry_couch__T04P6ELC,1,DFD,dfd_11,train
vid_000280_03_18__walking_down_indoor_hall_disgust__UEC1BI8E,1,DFD,dfd_11,train
vid_003650_00176,0,CelebDF,yt_00176,train
vid_004160_id60_0006,0,CelebDF,celeb_id59,train
vid_009772_id45_id40_0002,1,CelebDF,celeb_id39,test
vid_000408_27_06__kitchen_pan__VN14WY2N,1,DFD,dfd_11,train
vid_006633_id0_id23_0000,1,CelebDF,celeb_id59,train
vid_003837_id30_0003,0,CelebDF,celeb_id59,train
vid_007176_id35_id34_0006,1,CelebDF,celeb_id59,train
vid_008704_id24_id22_0004,1,CelebDF,celeb_id59,train
vid_001653_02_13__outside_talking_pan_laughing__2YSYT2N3,1,DFD,dfd_11,train
vid_002599_12_07__walking_and_outside_surprised__X9X7FAZG,1,DFD,dfd_11,train
vid_002678_25_12__walking_outside_cafe_disgusted__FQE07ND1,1,DFD,dfd_11,train
vid_003973_id32_0009,0,CelebDF,celeb_id59,train
vid_008139_id23_id27_0001,1,CelebDF,celeb_id59,train
vid_008300_id28_id37_0005,1,CelebDF,celeb_id59,train
vid_002365_17_08__outside_talking_still_laughing__PBVFRHF5,1,DFD,dfd_05,test
vid_001262_07_04__kitchen_pan__M2NBCLFR,1,DFD,dfd_11,train
vid_003009_01_04__meeting_serious__0XUW13RW,1,DFD,dfd_11,train
vid_009086_id50_id54_0004,1,CelebDF,celeb_id49,val
vid_008936_id39_id48_0009,1,CelebDF,celeb_id39,test
vid_008809_id31_id6_0001,1,CelebDF,celeb_id59,train
vid_006192_id45_id47_0009,1,CelebDF,celeb_id39,test
vid_004831_id26_id19_0003,1,CelebDF,celeb_id59,train
vid_001316_20_25__outside_talking_still_laughing__FZHCQNKV,1,DFD,dfd_11,train
vid_005343_id49_id58_0006,1,CelebDF,celeb_id49,val
vid_006281_id9_id21_0009,1,CelebDF,celeb_id59,train
vid_005578_id0_id23_0002,1,CelebDF,celeb_id59,train
vid_002404_24_22__walking_outside_cafe_disgusted__XL557XC6,1,DFD,dfd_10,val
vid_008289_id0_id2_0007,1,CelebDF,celeb_id59,train
vid_000819_09_25__outside_talking_still_laughing__ODAQ7BZL,1,DFD,dfd_11,train
vid_001014_02_09__podium_speech_happy__HIH8YA82,1,DFD,dfd_11,train
vid_004548_id30_id17_0007,1,CelebDF,celeb_id59,train
vid_006476_id25_id27_0004,1,CelebDF,celeb_id59,train
vid_002900_14_20__hugging_happy__B014BKVO,1,DFD,dfd_11,train
vid_005131_id16_id21_0006,1,CelebDF,celeb_id59,train
vid_004727_id8_id2_0003,1,CelebDF,celeb_id59,train
vid_007281_id31_id4_0001,1,CelebDF,celeb_id59,train
vid_005323_id48_id47_0000,1,CelebDF,celeb_id39,test
vid_008282_id32_id30_0002,1,CelebDF,celeb_id59,train
vid_009676_id23_id33_0001,1,CelebDF,celeb_id59,train
vid_003725_00260,0,CelebDF,yt_00260,train
vid_004946_id9_id21_0006,1,CelebDF,celeb_id59,train
vid_005866_id3_id0_0001,1,CelebDF,celeb_id59,train
vid_003453_00019,0,CelebDF,yt_00019,train
vid_002417_18_02__outside_talking_still_laughing__OXMEEFUQ,1,DFD,dfd_11,train
vid_005411_id49_id55_0005,1,CelebDF,celeb_id49,val
vid_006568_id20_id33_0005,1,CelebDF,celeb_id59,train
vid_002842_02_27__podium_speech_happy__UGO2181S,1,DFD,dfd_11,train
vid_006401_id37_id26_0000,1,CelebDF,celeb_id59,train
vid_008189_id20_id4_0002,1,CelebDF,celeb_id59,train
vid_003021_03_06__kitchen_still__1IXGY2FK,1,DFD,dfd_11,train
vid_000713_02_18__outside_talking_still_laughing__OXMEEFUQ,1,DFD,dfd_11,train
vid_007179_id0_id2_0003,1,CelebDF,celeb_id59,train
vid_008639_id31_id37_0009,1,CelebDF,celeb_id59,train
vid_002830_07_03__hugging_happy__WPT3Z2KN,1,DFD,dfd_11,train
vid_009272_id55_id57_0009,1,CelebDF,celeb_id49,val
vid_002371_25_07__exit_phone_room__IKMKYKPG,1,DFD,dfd_11,train
vid_002934_07_15__walk_down_hall_angry__KM6M2TBT,1,DFD,dfd_11,train
vid_003685_00119,0,CelebDF,yt_00119,train
vid_007578_id16_id30_0009,1,CelebDF,celeb_id59,train
vid_008821_id21_id33_0005,1,CelebDF,celeb_id59,train
vid_001822_21_25__walking_down_indoor_hall_disgust__2R46UX3R,1,DFD,dfd_11,train
vid_000268_06_04__outside_talking_still_laughing__ZK95PQDE,1,DFD,dfd_11,train
vid_009019_id42_id46_0000,1,CelebDF,celeb_id39,test
vid_003354_28__exit_phone_room,0,DFD,dfd_05,test
vid_000934_20_27__kitchen_pan__LM907ECA,1,DFD,dfd_11,train
vid_009793_id29_id30_0008,1,CelebDF,celeb_id59,train
vid_005606_id31_id2_0006,1,CelebDF,celeb_id59,train
vid_007752_id8_id2_0002,1,CelebDF,celeb_id59,train
vid_009298_id9_id37_0001,1,CelebDF,celeb_id59,train
vid_002801_13_14__kitchen_still__KMQ3AW6A,1,DFD,dfd_11,train
vid_004078_id49_0002,0,CelebDF,celeb_id49,val
vid_000980_09_03__outside_talking_pan_laughing__8DTEGQ54,1,DFD,dfd_11,train
vid_002001_04_13__walking_outside_cafe_disgusted__00T3UYOR,1,DFD,dfd_11,train
vid_008233_id30_id32_0002,1,CelebDF,celeb_id59,train
vid_009696_id19_id20_0007,1,CelebDF,celeb_id59,train
vid_003424_06__talking_angry_couch,0,DFD,dfd_11,train
vid_001412_20_13__podium_speech_happy__C50CSOEX,1,DFD,dfd_11,train
vid_006355_id47_id42_0008,1,CelebDF,celeb_id39,test
vid_007271_id28_id19_0005,1,CelebDF,celeb_id59,train
vid_005953_id37_id9_0003,1,CelebDF,celeb_id59,train
vid_006622_id23_id3_0000,1,CelebDF,celeb_id59,train
vid_001234_07_12__walk_down_hall_angry__KAG65PEE,1,DFD,dfd_11,train
vid_008761_id53_id52_0000,1,CelebDF,celeb_id49,val
vid_005551_id54_id56_0006,1,CelebDF,celeb_id49,val
vid_008339_id6_id20_0008,1,CelebDF,celeb_id59,train
vid_002695_25_15__walking_down_street_outside_angry__FF95NMIQ,1,DFD,dfd_11,train
vid_000839_06_04__kitchen_still__ZK95PQDE,1,DFD,dfd_11,train
vid_005168_id21_id3_0006,1,CelebDF,celeb_id59,train
vid_002142_27_02__exit_phone_room__FV8M8O2C,1,DFD,dfd_11,train
vid_002347_18_03__exit_phone_room__32DBR8L4,1,DFD,dfd_11,train
vid_003044_04_15__walk_down_hall_angry__7NW4Z6WZ,1,DFD,dfd_11,train
vid_008645_id1_id4_0005,1,CelebDF,celeb_id59,train
vid_001688_19_24__walk_down_hall_angry__QD5K7BP2,1,DFD,dfd_10,val
vid_009704_id39_id42_0007,1,CelebDF,celeb_id39,test
vid_000395_15_27__outside_talking_still_laughing__WZ4MLUAV,1,DFD,dfd_11,train
vid_007026_id26_id2_0000,1,CelebDF,celeb_id59,train
vid_004953_id17_id20_0005,1,CelebDF,celeb_id59,train
vid_004677_id16_id31_0011,1,CelebDF,celeb_id59,train
vid_004157_id3_0005,0,CelebDF,celeb_id59,train
vid_000770_16_28__kitchen_still__U757192N,1,DFD,dfd_05,test
vid_007316_id1_id4_0001,1,CelebDF,celeb_id59,train
vid_009798_id17_id23_0006,1,CelebDF,celeb_id59,train
vid_008360_id28_id0_0005,1,CelebDF,celeb_id59,train
vid_001494_02_27__walking_down_street_outside_angry__3L1MLH3D,1,DFD,dfd_11,train
vid_001495_28_08__walking_outside_cafe_disgusted__6HFK6PB4,1,DFD,dfd_05,test
vid_007053_id9_id20_0005,1,CelebDF,celeb_id59,train
vid_002091_05_28__walking_outside_cafe_disgusted__2DK5X0Y0,1,DFD,dfd_05,test
vid_002570_06_20__outside_talking_pan_laughing__6SUW7063,1,DFD,dfd_11,train
vid_002211_15_02__podium_speech_happy__N864L40U,1,DFD,dfd_11,train
vid_009186_id46_id43_0009,1,CelebDF,celeb_id39,test
vid_000869_02_09__talking_angry_couch__6KUOFMZW,1,DFD,dfd_11,train
vid_006893_id3_id30_0008,1,CelebDF,celeb_id59,train
vid_002734_13_20__kitchen_still__LXLR1B6N,1,DFD,dfd_11,train
vid_005436_id43_id41_0006,1,CelebDF,celeb_id39,test
vid_004927_id52_id50_0004,1,CelebDF,celeb_id49,val
vid_005175_id45_id46_0007,1,CelebDF,celeb_id39,test
vid_006985_id53_id57_0000,1,CelebDF,celeb_id49,val
vid_009163_id16_id26_0001,1,CelebDF,celeb_id59,train
vid_008039_id10_id12_0003,1,CelebDF,celeb_id59,train
vid_009678_id57_id54_0008,1,CelebDF,celeb_id49,val
vid_001599_03_06__secret_conversation__1IXGY2FK,1,DFD,dfd_11,train
vid_003541_00293,0,CelebDF,yt_00293,train
vid_004814_id31_id26_0009,1,CelebDF,celeb_id59,train
vid_004188_id49_0004,0,CelebDF,celeb_id49,val
vid_009556_id29_id26_0009,1,CelebDF,celeb_id59,train
vid_003533_00239,0,CelebDF,yt_00239,train
vid_004173_id47_0007,0,CelebDF,celeb_id39,test
vid_007379_id37_id32_0003,1,CelebDF,celeb_id59,train
vid_008374_id58_id54_0001,1,CelebDF,celeb_id49,val
vid_007821_id37_id29_0005,1,CelebDF,celeb_id59,train
vid_002429_20_09__outside_talking_still_laughing__9OJQX9KV,1,DFD,dfd_11,train
vid_006376_id34_id35_0005,1,CelebDF,celeb_id59,train
vid_005294_id22_id20_0006,1,CelebDF,celeb_id59,train
vid_002551_15_02__outside_talking_pan_laughing__I8G2LWD1,1,DFD,dfd_11,train
vid_001143_10_23__talking_against_wall__W4BDINQ5,1,DFD,dfd_10,val
vid_005241_id46_id39_0001,1,CelebDF,celeb_id39,test
vid_007466_id2_id6_0003,1,CelebDF,celeb_id59,train
vid_002999_09_27__walking_down_street_outside_angry__RC9KATOO,1,DFD,dfd_11,train
vid_000854_02_07__walk_down_hall_angry__O4SXNLRL,1,DFD,dfd_11,train
vid_007853_id30_id32_0006,1,CelebDF,celeb_id59,train
vid_007580_id48_id43_0006,1,CelebDF,celeb_id39,test
vid_007360_id3_id30_0004,1,CelebDF,celeb_id59,train
vid_002284_14_21__podium_speech_happy__N0WM4GSV,1,DFD,dfd_11,train
vid_001677_21_25__hugging_happy__2R46UX3R,1,DFD,dfd_11,train
vid_007682_id24_id19_0000,1,CelebDF,celeb_id59,train
vid_003043_04_01__walk_down_hall_angry__0XUW13RW,1,DFD,dfd_11,train
vid_007187_id30_id17_0008,1,CelebDF,celeb_id59,train
vid_008731_id37_id20_0002,1,CelebDF,celeb_id59,train
vid_005271_id28_id32_0007,1,CelebDF,celeb_id59,train
vid_000011_26_14__kitchen_pan__SU8SAHTT,1,DFD,dfd_11,train
vid_003459_00276,0,CelebDF,yt_00276,train
vid_001601_09_25__talking_angry_couch__ODAQ7BZL,1,DFD,dfd_11,train
vid_006149_id42_id39_0003,1,CelebDF,celeb_id39,test
vid_000916_09_25__talking_angry_couch__5041ODBN,1,DFD,dfd_11,train
vid_007780_id54_id55_0009,1,CelebDF,celeb_id49,val
vid_005863_id37_id33_0008,1,CelebDF,celeb_id59,train
vid_008688_id23_id4_0002,1,CelebDF,celeb_id59,train
vid_004465_id20_id22_0009,1,CelebDF,celeb_id59,train
vid_000848_02_06__kitchen_still__HZAXM70B,1,DFD,dfd_11,train
vid_001065_15_14__exit_phone_room__4SO1CSAM,1,DFD,dfd_11,train
vid_001282_25_09__talking_against_wall__ODAQ7BZL,1,DFD,dfd_11,train
vid_001331_20_14__talking_against_wall__R7SPX6OK,1,DFD,dfd_11,train
vid_002655_21_20__walking_down_indoor_hall_disgust__ZCB5OMEW,1,DFD,dfd_11,train
vid_007295_id32_id38_0006,1,CelebDF,celeb_id59,train
vid_006706_id47_id39_0002,1,CelebDF,celeb_id39,test
vid_001626_28_05__podium_speech_happy__W3J028UG,1,DFD,dfd_05,test
vid_000904_13_12__secret_conversation__2TM4IFSF,1,DFD,dfd_11,train
vid_001450_26_11__kitchen_pan__7C0VKV43,1,DFD,dfd_11,train
vid_001868_04_02__walk_down_hall_angry__SUIZOXAJ,1,DFD,dfd_11,train
vid_009593_id16_id28_0012,1,CelebDF,celeb_id59,train
vid_009702_id37_id30_0007,1,CelebDF,celeb_id59,train
vid_006628_id21_id20_0007,1,CelebDF,celeb_id59,train
vid_007792_id55_id56_0009,1,CelebDF,celeb_id49,val
vid_005934_id37_id23_0003,1,CelebDF,celeb_id59,train
vid_003878_id37_0002,0,CelebDF,celeb_id59,train
vid_005801_id8_id6_0007,1,CelebDF,celeb_id59,train
vid_002919_26_14__secret_conversation__ILLP29ZH,1,DFD,dfd_11,train
vid_005205_id57_id58_0002,1,CelebDF,celeb_id49,val
vid_008096_id61_id59_0000,1,CelebDF,celeb_id59,train
vid_001614_07_26__outside_talking_still_laughing__FGNGC2GT,1,DFD,dfd_11,train
vid_008642_id9_id30_0000,1,CelebDF,celeb_id59,train
vid_006145_id16_id3_0002,1,CelebDF,celeb_id59,train
vid_001718_04_07__exit_phone_room__ITC0C48B,1,DFD,dfd_11,train
vid_001386_03_15__exit_phone_room__OY4I7ZU8,1,DFD,dfd_11,train
vid_005871_id16_id35_0009,1,CelebDF,celeb_id59,train
vid_008275_id45_id39_0005,1,CelebDF,celeb_id39,test
vid_004387_id47_id48_0005,1,CelebDF,celeb_id39,test
vid_007842_id45_id39_0002,1,CelebDF,celeb_id39,test
vid_001385_19_24__secret_conversation__LVZNRK9S,1,DFD,dfd_10,val
vid_005292_id56_id54_0007,1,CelebDF,celeb_id49,val
vid_001983_20_11__hugging_happy__GNK9UR8K,1,DFD,dfd_11,train
vid_008951_id34_id20_0006,1,CelebDF,celeb_id59,train
vid_005217_id30_id23_0007,1,CelebDF,celeb_id59,train
vid_005229_id23_id19_0002,1,CelebDF,celeb_id59,train
vid_005224_id39_id42_0000,1,CelebDF,celeb_id39,test
vid_004102_id50_0005,0,CelebDF,celeb_id49,val
vid_009470_id1_id37_0002,1,CelebDF,celeb_id59,train
vid_001790_13_12__podium_speech_happy__N8IGC93J,1,DFD,dfd_11,train
vid_003822_id48_0003,0,CelebDF,celeb_id39,test
vid_000811_06_20__walk_down_hall_angry__6SUW7063,1,DFD,dfd_11,train
vid_001008_13_14__hugging_happy__KMQ3AW6A,1,DFD,dfd_11,train
vid_004714_id28_id38_0009,1,CelebDF,celeb_id59,train
vid_002836_01_21__walk_down_hall_angry__03X7CELV,1,DFD,dfd_11,train
vid_005933_id58_id54_0005,1,CelebDF,celeb_id49,val
vid_001999_20_26__podium_speech_happy__1UEDQ3GY,1,DFD,dfd_11,train
vid_006986_id29_id33_0000,1,CelebDF,celeb_id59,train
vid_009269_id47_id40_0008,1,CelebDF,celeb_id39,test
vid_006325_id39_id44_0007,1,CelebDF,celeb_id39,test
vid_003328_12__hugging_happy,0,DFD,dfd_11,train
vid_004509_id38_id20_0002,1,CelebDF,celeb_id59,train
vid_007902_id31_id1_0008,1,CelebDF,celeb_id59,train
vid_007708_id21_id38_0006,1,CelebDF,celeb_id59,train
vid_003575_00121,0,CelebDF,yt_00121,train
vid_008953_id51_id57_0007,1,CelebDF,celeb_id49,val
vid_000238_01_04__kitchen_still__GBC7ZGDP,1,DFD,dfd_11,train
vid_008206_id17_id3_0009,1,CelebDF,celeb_id59,train
vid_001462_27_01__hugging_happy__ZYCZ30C0,1,DFD,dfd_11,train
vid_005725_id33_id26_0006,1,CelebDF,celeb_id59,train
vid_002538_22_23__walking_and_outside_surprised__TU7RHG0S,1,DFD,dfd_10,val
vid_004295_id16_0013,0,CelebDF,celeb_id59,train
vid_006725_id49_id54_0005,1,CelebDF,celeb_id49,val
vid_007648_id28_id35_0006,1,CelebDF,celeb_id59,train
vid_009659_id30_id9_0005,1,CelebDF,celeb_id59,train
vid_009279_id2_id28_0004,1,CelebDF,celeb_id59,train
vid_000652_20_09__hugging_happy__RAGUKRMK,1,DFD,dfd_11,train
vid_009645_id48_id45_0003,1,CelebDF,celeb_id39,test
vid_004221_id34_0005,0,CelebDF,celeb_id59,train
vid_008660_id40_id45_0008,1,CelebDF,celeb_id39,test
vid_006123_id2_id1_0007,1,CelebDF,celeb_id59,train
vid_003514_00286,0,CelebDF,yt_00286,train
vid_006096_id16_id26_0002,1,CelebDF,celeb_id59,train
vid_002197_03_15__kitchen_still__AIOM1U5V,1,DFD,dfd_11,train
vid_002360_26_12__talking_against_wall__HEKDCIHW,1,DFD,dfd_11,train
vid_005699_id6_id37_0006,1,CelebDF,celeb_id59,train
vid_006956_id17_id31_0009,1,CelebDF,celeb_id59,train
vid_006579_id28_id33_0000,1,CelebDF,celeb_id59,train
vid_006947_id22_id28_0009,1,CelebDF,celeb_id59,train
vid_005662_id48_id44_0000,1,CelebDF,celeb_id39,test
vid_008211_id56_id49_0001,1,CelebDF,celeb_id49,val
vid_004957_id13_id7_0001,1,CelebDF,celeb_id59,train
vid_001456_20_14__walk_down_hall_angry__B014BKVO,1,DFD,dfd_11,train
vid_006556_id17_id37_0007,1,CelebDF,celeb_id59,train
vid_004694_id28_id35_0001,1,CelebDF,celeb_id59,train
vid_006593_id26_id20_0005,1,CelebDF,celeb_id59,train
vid_000576_15_01__walking_and_outside_surprised__02HILKYO,1,DFD,dfd_11,train
vid_000003_03_12__kitchen_pan__D7G6YJON,1,DFD,dfd_11,train
vid_001406_06_26__podium_speech_happy__L5BVR5L9,1,DFD,dfd_11,train
vid_004197_id57_0006,0,CelebDF,celeb_id49,val
vid_002672_19_23__talking_angry_couch__F7U8UY7V,1,DFD,dfd_10,val
vid_000716_20_15__walking_down_indoor_hall_disgust__99NHTFBM,1,DFD,dfd_11,train
vid_002268_09_20__podium_speech_happy__O5X0AWR9,1,DFD,dfd_11,train
vid_005548_id37_id30_0002,1,CelebDF,celeb_id59,train
vid_000422_02_25__walking_and_outside_surprised__Z7FQ69VP,1,DFD,dfd_11,train
vid_007537_id13_id7_0003,1,CelebDF,celeb_id59,train
vid_006988_id9_id2_0008,1,CelebDF,celeb_id59,train
vid_008869_id30_id31_0002,1,CelebDF,celeb_id59,train
vid_000041_21_01__walk_down_hall_angry__03X7CELV,1,DFD,dfd_11,train
vid_007425_id19_id21_0008,1,CelebDF,celeb_id59,train
vid_006814_id2_id0_0000,1,CelebDF,celeb_id59,train
vid_008680_id10_id13_0006,1,CelebDF,celeb_id59,train
vid_003824_id32_0001,0,CelebDF,celeb_id59,train
vid_004759_id16_id20_0009,1,CelebDF,celeb_id59,train
vid_003644_00009,0,CelebDF,yt_00009,train
vid_009041_id17_id3_0000,1,CelebDF,celeb_id59,train
vid_009360_id23_id29_0004,1,CelebDF,celeb_id59,train
vid_006255_id57_id58_0007,1,CelebDF,celeb_id49,val
vid_001953_26_13__kitchen_still__SU8J9CBG,1,DFD,dfd_11,train
vid_004132_id46_0006,0,CelebDF,celeb_id39,test
vid_006448_id44_id46_0003,1,CelebDF,celeb_id39,test
vid_001392_07_06__outside_talking_pan_laughing__NMGYPBXE,1,DFD,dfd_11,train
vid_003764_id7_0007,0,CelebDF,celeb_id59,train
vid_003652_00188,0,CelebDF,yt_00188,train
vid_007543_id3_id31_0005,1,CelebDF,celeb_id59,train
vid_009803_id57_id52_0008,1,CelebDF,celeb_id49,val
vid_003596_00215,0,CelebDF,yt_00215,train
vid_002204_22_24__talking_against_wall__7E3GY85F,1,DFD,dfd_10,val
vid_001155_03_07__exit_phone_room__6PHZRQ4H,1,DFD,dfd_11,train
vid_007826_id34_id31_0006,1,CelebDF,celeb_id59,train
vid_002666_03_15__secret_conversation__DG8ITQO3,1,DFD,dfd_11,train
vid_008974_id6_id4_0007,1,CelebDF,celeb_id59,train
vid_008706_id6_id2_0000,1,CelebDF,celeb_id59,train
vid_009448_id54_id53_0008,1,CelebDF,celeb_id49,val
vid_005226_id23_id31_0002,1,CelebDF,celeb_id59,train
vid_000971_02_04__walking_and_outside_surprised__SUIZOXAJ,1,DFD,dfd_11,train
vid_002806_09_21__walk_down_hall_angry__O9ER29Z6,1,DFD,dfd_11,train
vid_006740_id47_id41_0006,1,CelebDF,celeb_id39,test
vid_002986_27_15__walking_and_outside_surprised__WZ4MLUAV,1,DFD,dfd_11,train
vid_005272_id29_id35_0005,1,CelebDF,celeb_id59,train
vid_002840_01_11__talking_against_wall__WIZ7GKOD,1,DFD,dfd_11,train
vid_004519_id37_id26_0006,1,CelebDF,celeb_id59,train
vid_001363_01_03__walking_and_outside_surprised__JZUXXFRB,1,DFD,dfd_11,train
vid_008789_id31_id3_0006,1,CelebDF,celeb_id59,train
vid_004549_id3_id2_0001,1,CelebDF,celeb_id59,train
vid_002228_15_03__hugging_happy__T5SHH2UL,1,DFD,dfd_11,train
vid_001908_18_04__exit_phone_room__6J3ZFEJQ,1,DFD,dfd_11,train
vid_003444_00255,0,CelebDF,yt_00255,train
vid_009650_id16_id26_0012,1,CelebDF,celeb_id59,train
vid_004036_id52_0000,0,CelebDF,celeb_id49,val
vid_009614_id28_id25_0005,1,CelebDF,celeb_id59,train
vid_004741_id54_id55_0005,1,CelebDF,celeb_id49,val
vid_005788_id2_id23_0005,1,CelebDF,celeb_id59,train
vid_000718_04_03__outside_talking_pan_laughing__T04P6ELC,1,DFD,dfd_11,train
vid_006299_id3_id31_0003,1,CelebDF,celeb_id59,train
vid_007925_id43_id39_0004,1,CelebDF,celeb_id39,test
vid_006195_id27_id25_0007,1,CelebDF,celeb_id59,train
vid_002406_20_21__walking_down_indoor_hall_disgust__ZCB5OMEW,1,DFD,dfd_11,train
vid_005680_id21_id26_0005,1,CelebDF,celeb_id59,train
vid_005396_id16_id9_0009,1,CelebDF,celeb_id59,train
vid_006129_id31_id17_0000,1,CelebDF,celeb_id59,train
vid_008835_id60_id61_0005,1,CelebDF,celeb_id59,train
vid_006604_id35_id37_0008,1,CelebDF,celeb_id59,train
vid_008764_id16_id35_0000,1,CelebDF,celeb_id59,train
vid_000598_01_20__hugging_happy__6UBMLXK3,1,DFD,dfd_11,train
vid_009400_id43_id41_0008,1,CelebDF,celeb_id39,test
vid_003953_id9_0000,0,CelebDF,celeb_id59,train
vid_001744_18_27__kitchen_pan__GRZ07XTD,1,DFD,dfd_11,train
vid_007800_id26_id37_0008,1,CelebDF,celeb_id59,train
vid_002351_13_14__walking_outside_cafe_disgusted__KMQ3AW6A,1,DFD,dfd_11,train
vid_006111_id16_id17_0005,1,CelebDF,celeb_id59,train
vid_008930_id28_id16_0002,1,CelebDF,celeb_id59,train
vid_006927_id45_id47_0000,1,CelebDF,celeb_id39,test
vid_007141_id56_id51_0007,1,CelebDF,celeb_id49,val
vid_005496_id20_id9_0009,1,CelebDF,celeb_id59,train
vid_002201_12_07__outside_talking_still_laughing__0VN0A2T3,1,DFD,dfd_11,train
vid_008976_id1_id26_0008,1,CelebDF,celeb_id59,train
vid_001284_20_26__outside_talking_pan_laughing__01OJA93K,1,DFD,dfd_11,train
vid_005573_id27_id23_0006,1,CelebDF,celeb_id59,train
vid_009222_id4_id37_0007,1,CelebDF,celeb_id59,train
vid_005882_id48_id39_0009,1,CelebDF,celeb_id39,test
vid_001171_15_18__walk_down_hall_angry__V5VHLCOW,1,DFD,dfd_11,train
vid_001211_07_12__secret_conversation__1MSOAVLL,1,DFD,dfd_11,train
vid_001835_03_15__outside_talking_still_laughing__DNUJD8M2,1,DFD,dfd_11,train
vid_000197_25_20__exit_phone_room__M86GQTHK,1,DFD,dfd_11,train
vid_004664_id42_id43_0000,1,CelebDF,celeb_id39,test
vid_005786_id23_id33_0006,1,CelebDF,celeb_id59,train
vid_009197_id25_id23_0000,1,CelebDF,celeb_id59,train
vid_003627_00194,0,CelebDF,yt_00194,train
vid_007422_id50_id55_0005,1,CelebDF,celeb_id49,val
vid_000047_21_25__talking_against_wall__NFBISHIN,1,DFD,dfd_11,train
vid_005372_id50_id57_0001,1,CelebDF,celeb_id49,val
vid_000223_18_02__secret_conversation__B95S4G6F,1,DFD,dfd_11,train
vid_000146_15_02__talking_against_wall__TSRK8QS4,1,DFD,dfd_11,train
vid_009766_id28_id37_0007,1,CelebDF,celeb_id59,train
vid_004562_id31_id21_0007,1,CelebDF,celeb_id59,train
vid_001069_25_20__talking_against_wall__CYKLS79C,1,DFD,dfd_11,train
vid_009671_id1_id0_0002,1,CelebDF,celeb_id59,train
vid_008062_id30_id21_0007,1,CelebDF,celeb_id59,train
vid_000337_15_14__walking_down_street_outside_angry__OMLZILK3,1,DFD,dfd_11,train
vid_004692_id60_id5_0004,1,CelebDF,celeb_id59,train
vid_004570_id20_id31_0008,1,CelebDF,celeb_id59,train
vid_000655_23_22__kitchen_still__X2ZN5Q31,1,DFD,dfd_10,val
vid_002084_07_09__outside_talking_still_laughing__N9CWME71,1,DFD,dfd_11,train
vid_006897_id41_id45_0001,1,CelebDF,celeb_id39,test
vid_004975_id21_id29_0007,1,CelebDF,celeb_id59,train
vid_001432_09_21__talking_against_wall__PF4WD2KJ,1,DFD,dfd_11,train
vid_003526_00167,0,CelebDF,yt_00167,train
vid_007150_id23_id16_0004,1,CelebDF,celeb_id59,train
vid_005996_id54_id53_0006,1,CelebDF,celeb_id49,val
vid_005324_id33_id30_0006,1,CelebDF,celeb_id59,train
vid_007198_id60_id61_0007,1,CelebDF,celeb_id59,train
vid_007877_id45_id48_0005,1,CelebDF,celeb_id39,test
vid_008257_id1_id23_0002,1,CelebDF,celeb_id59,train
vid_004844_id3_id6_0003,1,CelebDF,celeb_id59,train
vid_002715_26_06__podium_speech_happy__L5BVR5L9,1,DFD,dfd_11,train
vid_006199_id51_id57_0004,1,CelebDF,celeb_id49,val
vid_003312_06__walk_down_hall_angry,0,DFD,dfd_11,train
vid_005257_id60_id61_0002,1,CelebDF,celeb_id59,train
vid_004512_id41_id45_0006,1,CelebDF,celeb_id39,test
vid_002640_02_12__hugging_happy__9D2ZHEKW,1,DFD,dfd_11,train
vid_005399_id16_id1_0005,1,CelebDF,celeb_id59,train
vid_007441_id39_id45_0006,1,CelebDF,celeb_id39,test
vid_002270_19_24__kitchen_still__GNHYZ84G,1,DFD,dfd_10,val
vid_000874_08_17__walk_down_hall_angry__QOX5NWIJ,1,DFD,dfd_05,test
vid_003668_00216,0,CelebDF,yt_00216,train
vid_003242_13__hugging_happy,0,DFD,dfd_11,train
vid_005346_id2_id16_0001,1,CelebDF,celeb_id59,train
vid_009731_id7_id13_0002,1,CelebDF,celeb_id59,train
vid_005068_id1_id2_0009,1,CelebDF,celeb_id59,train
vid_001535_03_14__kitchen_pan__38OVCK3X,1,DFD,dfd_11,train
vid_008827_id16_id3_0012,1,CelebDF,celeb_id59,train
vid_002969_05_16__walking_outside_cafe_disgusted__053HPS1G,1,DFD,dfd_05,test
vid_004149_id43_0007,0,CelebDF,celeb_id39,test
vid_003798_id28_0005,0,CelebDF,celeb_id59,train
vid_008330_id23_id2_0001,1,CelebDF,celeb_id59,train
vid_009304_id20_id31_0001,1,CelebDF,celeb_id59,train
vid_008231_id16_id37_0000,1,CelebDF,celeb_id59,train
vid_002597_28_05__kitchen_pan__W3J028UG,1,DFD,dfd_05,test
vid_005604_id47_id41_0004,1,CelebDF,celeb_id39,test
vid_000729_01_11__meeting_serious__18HYCC8C,1,DFD,dfd_11,train
vid_004530_id1_id20_0001,1,CelebDF,celeb_id59,train
vid_007377_id51_id53_0005,1,CelebDF,celeb_id49,val
vid_001160_10_22__podium_speech_happy__EHARPYBT,1,DFD,dfd_10,val
vid_002776_05_16__kitchen_pan__94435UY3,1,DFD,dfd_05,test
vid_005301_id38_id35_0004,1,CelebDF,celeb_id59,train
vid_009815_id45_id48_0001,1,CelebDF,celeb_id39,test
vid_001306_15_07__outside_talking_still_laughing__8MEZ98NR,1,DFD,dfd_11,train
vid_007789_id28_id34_0002,1,CelebDF,celeb_id59,train
vid_007270_id41_id45_0004,1,CelebDF,celeb_id39,test
vid_008548_id35_id34_0007,1,CelebDF,celeb_id59,train
vid_009055_id16_id30_0005,1,CelebDF,celeb_id59,train
vid_001039_26_18__secret_conversation__UMEX6HWU,1,DFD,dfd_11,train
vid_003869_id45_0000,0,CelebDF,celeb_id39,test
vid_004516_id8_id9_0008,1,CelebDF,celeb_id59,train
vid_001244_02_13__outside_talking_still_laughing__2YSYT2N3,1,DFD,dfd_11,train
vid_006466_id6_id35_0005,1,CelebDF,celeb_id59,train
vid_009665_id37_id38_0000,1,CelebDF,celeb_id59,train
vid_007081_id49_id57_0008,1,CelebDF,celeb_id49,val
vid_003972_id22_0005,0,CelebDF,celeb_id59,train
vid_000962_25_21__talking_against_wall__NFBISHIN,1,DFD,dfd_11,train
vid_007080_id55_id58_0009,1,CelebDF,celeb_id49,val
vid_001702_14_21__kitchen_still__IRKML4J0,1,DFD,dfd_11,train
vid_009342_id26_id20_0000,1,CelebDF,celeb_id59,train
vid_009726_id21_id28_0008,1,CelebDF,celeb_id59,train
vid_000339_27_02__walk_down_hall_angry__78M8S6M6,1,DFD,dfd_11,train
vid_003273_08__kitchen_still,0,DFD,dfd_05,test
vid_009722_id47_id41_0005,1,CelebDF,celeb_id39,test
vid_006127_id21_id28_0009,1,CelebDF,celeb_id59,train
vid_003545_00037,0,CelebDF,yt_00037,train
vid_007456_id16_id26_0005,1,CelebDF,celeb_id59,train
vid_008803_id3_id30_0000,1,CelebDF,celeb_id59,train
vid_007748_id11_id7_0004,1,CelebDF,celeb_id59,train
vid_004704_id44_id42_0003,1,CelebDF,celeb_id39,test
vid_005189_id21_id29_0008,1,CelebDF,celeb_id59,train
vid_004800_id28_id9_0001,1,CelebDF,celeb_id59,train
vid_007873_id52_id53_0004,1,CelebDF,celeb_id49,val
vid_008666_id48_id43_0003,1,CelebDF,celeb_id39,test
vid_006678_id23_id26_0006,1,CelebDF,celeb_id59,train
vid_002424_21_06__walking_down_indoor_hall_disgust__058I9NIZ,1,DFD,dfd_11,train
vid_000519_27_01__meeting_serious__ZYCZ30C0,1,DFD,dfd_11,train
vid_006907_id20_id33_0003,1,CelebDF,celeb_id59,train
vid_001500_03_07__hugging_happy__IFSURI9X,1,DFD,dfd_11,train
vid_006371_id39_id43_0006,1,CelebDF,celeb_id39,test
vid_000251_12_01__kitchen_pan__TNI7KUZ6,1,DFD,dfd_11,train
vid_002902_12_07__walking_down_street_outside_angry__0VN0A2T3,1,DFD,dfd_11,train
vid_002018_06_11__outside_talking_still_laughing__C8C4FW99,1,DFD,dfd_11,train
vid_004551_id22_id20_0004,1,CelebDF,celeb_id59,train
vid_006023_id54_id49_0001,1,CelebDF,celeb_id49,val
vid_002962_03_01__meeting_serious__ISF9SP4G,1,DFD,dfd_11,train
vid_007838_id3_id23_0002,1,CelebDF,celeb_id59,train
vid_002119_28_08__outside_talking_pan_laughing__8BC35RFU,1,DFD,dfd_05,test
vid_006645_id0_id3_0002,1,CelebDF,celeb_id59,train
vid_009323_id48_id47_0005,1,CelebDF,celeb_id39,test
vid_009825_id32_id37_0008,1,CelebDF,celeb_id59,train
vid_006395_id30_id21_0003,1,CelebDF,celeb_id59,train
vid_007346_id31_id21_0008,1,CelebDF,celeb_id59,train
vid_008947_id21_id38_0008,1,CelebDF,celeb_id59,train
vid_002007_22_19__kitchen_still__VK6BF5NV,1,DFD,dfd_10,val
vid_006924_id3_id31_0009,1,CelebDF,celeb_id59,train
vid_007823_id31_id35_0001,1,CelebDF,celeb_id59,train
vid_004611_id17_id1_0006,1,CelebDF,celeb_id59,train
vid_002220_01_11__exit_phone_room__4OJNJLOO,1,DFD,dfd_11,train
vid_004268_id24_0005,0,CelebDF,celeb_id59,train
vid_003070_16__walking_outside_cafe_disgusted,0,DFD,dfd_05,test
vid_005016_id54_id52_0003,1,CelebDF,celeb_id49,val
vid_006770_id31_id34_0003,1,CelebDF,celeb_id59,train
vid_005792_id32_id29_0007,1,CelebDF,celeb_id59,train
vid_004278_id47_0005,0,CelebDF,celeb_id39,test
vid_008128_id35_id37_0009,1,CelebDF,celeb_id59,train
vid_002350_04_12__walking_down_street_outside_angry__B6YJ9IW1,1,DFD,dfd_11,train
vid_001725_14_01__kitchen_still__01YF7VQM,1,DFD,dfd_11,train
vid_003820_id52_0001,0,CelebDF,celeb_id49,val
vid_007536_id52_id50_0000,1,CelebDF,celeb_id49,val
vid_007157_id2_id4_0008,1,CelebDF,celeb_id59,train
vid_006853_id19_id22_0009,1,CelebDF,celeb_id59,train
vid_004042_id54_0009,0,CelebDF,celeb_id49,val
vid_009109_id2_id20_0001,1,CelebDF,celeb_id59,train
vid_002058_13_09__walking_outside_cafe_disgusted__21H6XSPE,1,DFD,dfd_11,train
vid_004400_id54_id56_0005,1,CelebDF,celeb_id49,val
vid_000008_21_14__outside_talking_still_laughing__N0WM4GSV,1,DFD,dfd_11,train
vid_007484_id31_id23_0007,1,CelebDF,celeb_id59,train
vid_004281_id48_0000,0,CelebDF,celeb_id39,test
vid_008984_id48_id46_0003,1,CelebDF,celeb_id39,test
vid_008265_id38_id29_0007,1,CelebDF,celeb_id59,train
vid_009340_id2_id17_0003,1,CelebDF,celeb_id59,train
vid_001978_06_26__kitchen_pan__L5BVR5L9,1,DFD,dfd_11,train
vid_003144_19__walk_down_hall_angry,0,DFD,dfd_10,val
vid_005103_id30_id6_0003,1,CelebDF,celeb_id59,train
vid_004894_id23_id16_0001,1,CelebDF,celeb_id59,train
vid_002287_14_01__walking_and_outside_surprised__01YF7VQM,1,DFD,dfd_11,train
vid_007297_id54_id51_0005,1,CelebDF,celeb_id49,val
vid_000075_12_15__hugging_happy__N0SRODQD,1,DFD,dfd_11,train
vid_008758_id38_id23_0006,1,CelebDF,celeb_id59,train
vid_002589_21_03__walking_down_street_outside_angry__YCSEBZO4,1,DFD,dfd_11,train
vid_009545_id20_id3_0007,1,CelebDF,celeb_id59,train
vid_007014_id0_id20_0006,1,CelebDF,celeb_id59,train
vid_003581_00159,0,CelebDF,yt_00159,train
vid_004965_id39_id44_0008,1,CelebDF,celeb_id39,test
vid_000045_07_21__exit_phone_room__K7KXUHMU,1,DFD,dfd_11,train
vid_005688_id16_id6_0004,1,CelebDF,celeb_id59,train
vid_008815_id30_id37_0001,1,CelebDF,celeb_id59,train
vid_007576_id20_id30_0001,1,CelebDF,celeb_id59,train
vid_004914_id17_id23_0000,1,CelebDF,celeb_id59,train
vid_003803_id21_0008,0,CelebDF,celeb_id59,train
vid_009553_id21_id1_0002,1,CelebDF,celeb_id59,train
vid_007668_id35_id33_0003,1,CelebDF,celeb_id59,train
vid_007216_id0_id17_0001,1,CelebDF,celeb_id59,train
vid_003185_08__outside_talking_pan_laughing,0,DFD,dfd_05,test
vid_008513_id43_id41_0009,1,CelebDF,celeb_id39,test
vid_009691_id44_id43_0003,1,CelebDF,celeb_id39,test
vid_002752_10_22__outside_talking_pan_laughing__G48B2EQ2,1,DFD,dfd_10,val
vid_007840_id40_id44_0005,1,CelebDF,celeb_id39,test
vid_008254_id16_id1_0001,1,CelebDF,celeb_id59,train
vid_009067_id33_id23_0006,1,CelebDF,celeb_id59,train
vid_000649_13_04__walking_down_street_outside_angry__00T3UYOR,1,DFD,dfd_11,train
vid_009366_id7_id10_0004,1,CelebDF,celeb_id59,train
vid_003413_04__talking_against_wall,0,DFD,dfd_11,train
vid_002684_21_09__hugging_happy__Z8H2TRCI,1,DFD,dfd_11,train
vid_006206_id33_id28_0009,1,CelebDF,celeb_id59,train
vid_006894_id16_id2_0003,1,CelebDF,celeb_id59,train
vid_001254_06_18__walking_down_indoor_hall_disgust__DEA1TCLN,1,DFD,dfd_11,train
vid_003620_00231,0,CelebDF,yt_00231,train
vid_001768_14_18__walking_and_outside_surprised__0YRBHIKG,1,DFD,dfd_11,train
vid_006133_id9_id6_0006,1,CelebDF,celeb_id59,train
vid_007411_id20_id32_0003,1,CelebDF,celeb_id59,train
vid_009628_id23_id35_0005,1,CelebDF,celeb_id59,train
vid_003330_24__podium_speech_happy,0,DFD,dfd_10,val
vid_004526_id40_id45_0009,1,CelebDF,celeb_id39,test
vid_000799_10_23__talking_against_wall__W02WYPCX,1,DFD,dfd_10,val
vid_005556_id23_id28_0007,1,CelebDF,celeb_id59,train
vid_000269_26_13__secret_conversation__XRS5W2NC,1,DFD,dfd_11,train
vid_006670_id53_id50_0000,1,CelebDF,celeb_id49,val
vid_009548_id2_id1_0000,1,CelebDF,celeb_id59,train
vid_008067_id43_id44_0004,1,CelebDF,celeb_id39,test
vid_009173_id3_id23_0000,1,CelebDF,celeb_id59,train
vid_001230_07_02__talking_angry_couch__1VMZUH1W,1,DFD,dfd_11,train
vid_005136_id59_id60_0001,1,CelebDF,celeb_id59,train
vid_005296_id4_id6_0006,1,CelebDF,celeb_id59,train
vid_004674_id7_id13_0001,1,CelebDF,celeb_id59,train
vid_001770_09_02__outside_talking_still_laughing__9TDCEK1Q,1,DFD,dfd_11,train
vid_009329_id60_id61_0001,1,CelebDF,celeb_id59,train
vid_008864_id26_id16_0009,1,CelebDF,celeb_id59,train
vid_005978_id16_id6_0002,1,CelebDF,celeb_id59,train
vid_002758_28_08__kitchen_pan__GQN9WHLD,1,DFD,dfd_05,test
vid_003186_19__outside_talking_still_laughing,0,DFD,dfd_10,val
vid_002747_01_11__secret_conversation__4OJNJLOO,1,DFD,dfd_11,train
vid_003709_00031,0,CelebDF,yt_00031,train
vid_009481_id57_id56_0004,1,CelebDF,celeb_id49,val
vid_003041_08_17__podium_speech_happy__QOX5NWIJ,1,DFD,dfd_05,test
vid_009048_id2_id3_0009,1,CelebDF,celeb_id59,train
vid_003871_id1_0001,0,CelebDF,celeb_id59,train
vid_005040_id23_id34_0002,1,CelebDF,celeb_id59,train
vid_004045_id24_0007,0,CelebDF,celeb_id59,train
vid_008916_id21_id35_0006,1,CelebDF,celeb_id59,train
vid_005338_id34_id31_0008,1,CelebDF,celeb_id59,train
vid_005732_id46_id39_0003,1,CelebDF,celeb_id39,test
vid_001264_15_02__podium_speech_happy__TSRK8QS4,1,DFD,dfd_11,train
vid_006555_id21_id26_0009,1,CelebDF,celeb_id59,train
vid_000241_02_06__walking_down_street_outside_angry__MKZTXQ2T,1,DFD,dfd_11,train
vid_005860_id4_id9_0004,1,CelebDF,celeb_id59,train
vid_007241_id35_id37_0001,1,CelebDF,celeb_id59,train
vid_008593_id20_id1_0006,1,CelebDF,celeb_id59,train
vid_007503_id48_id45_0007,1,CelebDF,celeb_id39,test
vid_002688_02_09__hugging_happy__HIH8YA82,1,DFD,dfd_11,train
vid_001231_18_14__exit_phone_room__0YRBHIKG,1,DFD,dfd_11,train
vid_004130_id0_0008,0,CelebDF,celeb_id59,train
vid_008778_id24_id27_0002,1,CelebDF,celeb_id59,train
vid_006503_id23_id1_0009,1,CelebDF,celeb_id59,train
vid_002113_03_07__talking_against_wall__PWXXULHR,1,DFD,dfd_11,train
vid_005086_id53_id58_0006,1,CelebDF,celeb_id49,val
vid_009620_id29_id38_0004,1,CelebDF,celeb_id59,train
vid_005615_id27_id22_0001,1,CelebDF,celeb_id59,train
vid_009378_id30_id34_0004,1,CelebDF,celeb_id59,train
vid_009574_id20_id0_0006,1,CelebDF,celeb_id59,train
vid_004147_id29_0003,0,CelebDF,celeb_id59,train
vid_003883_id2_0001,0,CelebDF,celeb_id59,train
vid_003190_15__kitchen_still,0,DFD,dfd_11,train
vid_006838_id26_id9_0003,1,CelebDF,celeb_id59,train
vid_000967_13_03__walking_down_indoor_hall_disgust__GBYWJW06,1,DFD,dfd_11,train
vid_001434_24_10__walking_down_street_outside_angry__356HPS7R,1,DFD,dfd_10,val
vid_005375_id2_id35_0000,1,CelebDF,celeb_id59,train
vid_001232_06_26__walking_outside_cafe_disgusted__L5BVR5L9,1,DFD,dfd_11,train
vid_000538_12_14__walk_down_hall_angry__Z7EWFA0P,1,DFD,dfd_11,train
vid_007482_id37_id29_0002,1,CelebDF,celeb_id59,train
vid_005154_id16_id2_0004,1,CelebDF,celeb_id59,train
vid_004388_id3_id26_0002,1,CelebDF,celeb_id59,train
vid_006534_id40_id48_0004,1,CelebDF,celeb_id39,test
vid_005957_id31_id23_0005,1,CelebDF,celeb_id59,train
vid_007114_id6_id31_0006,1,CelebDF,celeb_id59,train
vid_001085_03_27__walk_down_hall_angry__KWGI1LSZ,1,DFD,dfd_11,train
vid_002422_26_14__walk_down_hall_angry__ILLP29ZH,1,DFD,dfd_11,train
vid_002908_13_26__podium_speech_happy__1ZRIYSSU,1,DFD,dfd_11,train
vid_004232_id27_0002,0,CelebDF,celeb_id59,train
vid_002440_14_20__exit_phone_room__B014BKVO,1,DFD,dfd_11,train
vid_000944_23_10__talking_against_wall__W02WYPCX,1,DFD,dfd_10,val
vid_005118_id26_id27_0001,1,CelebDF,celeb_id59,train
vid_005692_id47_id42_0002,1,CelebDF,celeb_id39,test
vid_001577_02_06__walk_down_hall_angry__MKZTXQ2T,1,DFD,dfd_11,train
vid_004818_id3_id4_0005,1,CelebDF,celeb_id59,train
vid_008273_id33_id31_0002,1,CelebDF,celeb_id59,train
vid_004068_id51_0003,0,CelebDF,celeb_id49,val
vid_003967_id3_0002,0,CelebDF,celeb_id59,train
vid_007370_id28_id26_0009,1,CelebDF,celeb_id59,train
vid_004670_id38_id37_0000,1,CelebDF,celeb_id59,train
vid_006274_id35_id2_0001,1,CelebDF,celeb_id59,train
vid_008707_id19_id28_0004,1,CelebDF,celeb_id59,train
vid_005100_id16_id23_0000,1,CelebDF,celeb_id59,train
vid_008505_id0_id3_0005,1,CelebDF,celeb_id59,train
vid_009586_id34_id30_0003,1,CelebDF,celeb_id59,train
vid_001187_12_13__walking_and_outside_surprised__SIA5P4HL,1,DFD,dfd_11,train
vid_002786_01_15__outside_talking_pan_laughing__02HILKYO,1,DFD,dfd_11,train
vid_007831_id34_id29_0001,1,CelebDF,celeb_id59,train
vid_005521_id59_id61_0004,1,CelebDF,celeb_id59,train
vid_002619_03_11__talking_against_wall__P08VGHTA,1,DFD,dfd_11,train
vid_003872_id46_0002,0,CelebDF,celeb_id39,test
vid_009172_id49_id55_0009,1,CelebDF,celeb_id49,val
vid_007695_id20_id33_0001,1,CelebDF,celeb_id59,train
vid_003158_02__talking_angry_couch,0,DFD,dfd_11,train
vid_007086_id26_id25_0009,1,CelebDF,celeb_id59,train
vid_003697_00150,0,CelebDF,yt_00150,train
vid_006713_id1_id26_0003,1,CelebDF,celeb_id59,train
vid_004051_id16_0000,0,CelebDF,celeb_id59,train
vid_007667_id29_id26_0006,1,CelebDF,celeb_id59,train
vid_009143_id57_id53_0007,1,CelebDF,celeb_id49,val
vid_006946_id31_id29_0007,1,CelebDF,celeb_id59,train
vid_003771_id36_0003,0,CelebDF,celeb_id36,train
vid_005488_id6_id28_0007,1,CelebDF,celeb_id59,train
vid_005817_id57_id58_0004,1,CelebDF,celeb_id49,val
vid_003962_id32_0003,0,CelebDF,celeb_id59,train
vid_000357_06_27__talking_angry_couch__JOG5PB18,1,DFD,dfd_11,train
vid_000939_03_13__outside_talking_still_laughing__GBYWJW06,1,DFD,dfd_11,train
vid_007893_id6_id30_0006,1,CelebDF,celeb_id59,train
vid_001198_07_06__exit_phone_room__NMGYPBXE,1,DFD,dfd_11,train
vid_000560_09_02__podium_speech_happy__HIH8YA82,1,DFD,dfd_11,train
vid_001657_21_25__walking_down_street_outside_angry__NFBISHIN,1,DFD,dfd_11,train
vid_006055_id23_id28_0006,1,CelebDF,celeb_id59,train
vid_001717_02_06__exit_phone_room__3J3BHSHI,1,DFD,dfd_11,train
vid_002663_07_03__walking_outside_cafe_disgusted__6PHZRQ4H,1,DFD,dfd_11,train
vid_005954_id52_id58_0003,1,CelebDF,celeb_id49,val
vid_007079_id9_id17_0006,1,CelebDF,celeb_id59,train
vid_000320_25_02__secret_conversation__Z7FQ69VP,1,DFD,dfd_11,train
vid_007585_id31_id28_0005,1,CelebDF,celeb_id59,train
vid_000515_01_03__talking_against_wall__JZUXXFRB,1,DFD,dfd_11,train
vid_007525_id33_id21_0007,1,CelebDF,celeb_id59,train
vid_002990_20_01__outside_talking_still_laughing__FW94AIMJ,1,DFD,dfd_11,train
vid_009167_id49_id55_0003,1,CelebDF,celeb_id49,val
vid_001056_11_13__talking_against_wall__61T622EK,1,DFD,dfd_11,train
vid_001805_20_09__walk_down_hall_angry__RAGUKRMK,1,DFD,dfd_11,train
vid_005558_id34_id30_0007,1,CelebDF,celeb_id59,train
vid_001002_01_02__meeting_serious__YVGY8LOK,1,DFD,dfd_11,train
vid_008545_id9_id17_0008,1,CelebDF,celeb_id59,train
vid_004702_id2_id23_0009,1,CelebDF,celeb_id59,train
vid_003832_id34_0009,0,CelebDF,celeb_id59,train
vid_003179_19__walking_down_street_outside_angry,0,DFD,dfd_10,val
vid_005845_id16_id28_0005,1,CelebDF,celeb_id59,train
vid_007453_id28_id35_0005,1,CelebDF,celeb_id59,train
vid_008005_id19_id26_0006,1,CelebDF,celeb_id59,train
vid_009644_id52_id54_0004,1,CelebDF,celeb_id49,val
vid_000182_02_15__talking_against_wall__QYSDT9SO,1,DFD,dfd_11,train
vid_009275_id39_id48_0000,1,CelebDF,celeb_id39,test
vid_007520_id32_id34_0000,1,CelebDF,celeb_id59,train
vid_007043_id53_id50_0005,1,CelebDF,celeb_id49,val
vid_003164_11__exit_phone_room,0,DFD,dfd_11,train
vid_001739_27_25__talking_angry_couch__GNIMW95Z,1,DFD,dfd_11,train
vid_008965_id21_id0_0009,1,CelebDF,celeb_id59,train
vid_000553_04_07__outside_talking_still_laughing__XRK7FGZX,1,DFD,dfd_11,train
vid_008382_id47_id43_0006,1,CelebDF,celeb_id39,test
vid_009005_id13_id7_0007,1,CelebDF,celeb_id59,train
vid_000164_15_14__talking_against_wall__4SO1CSAM,1,DFD,dfd_11,train
vid_007135_id50_id49_0001,1,CelebDF,celeb_id49,val
vid_007934_id55_id54_0005,1,CelebDF,celeb_id49,val
vid_001796_06_03__kitchen_pan__1IXGY2FK,1,DFD,dfd_11,train
vid_007390_id23_id3_0009,1,CelebDF,celeb_id59,train
vid_004105_id40_0006,0,CelebDF,celeb_id39,test
vid_006226_id37_id1_0004,1,CelebDF,celeb_id59,train
vid_001454_18_11__podium_speech_happy__DBSWZLXL,1,DFD,dfd_11,train
vid_004850_id24_id23_0000,1,CelebDF,celeb_id59,train
vid_009070_id24_id28_0007,1,CelebDF,celeb_id59,train
vid_008644_id37_id29_0006,1,CelebDF,celeb_id59,train
vid_002785_26_20__kitchen_pan__34DJQS3E,1,DFD,dfd_11,train
vid_002283_02_01__walking_outside_cafe_disgusted__YVGY8LOK,1,DFD,dfd_11,train
vid_004600_id25_id22_0002,1,CelebDF,celeb_id59,train
vid_009069_id32_id35_0006,1,CelebDF,celeb_id59,train
vid_006520_id32_id33_0007,1,CelebDF,celeb_id59,train
vid_000016_03_18__talking_angry_couch__22UBC0BS,1,DFD,dfd_11,train
vid_006961_id23_id34_0000,1,CelebDF,celeb_id59,train
vid_008013_id2_id17_0001,1,CelebDF,celeb_id59,train
vid_007084_id19_id23_0005,1,CelebDF,celeb_id59,train
vid_009943_id25_id22_0003,1,CelebDF,celeb_id59,train
vid_003402_19__podium_speech_happy,0,DFD,dfd_10,val
vid_009952_id21_id27_0008,1,CelebDF,celeb_id59,train
vid_004986_id28_id35_0009,1,CelebDF,celeb_id59,train
vid_005394_id26_id2_0003,1,CelebDF,celeb_id59,train
vid_004673_id31_id28_0008,1,CelebDF,celeb_id59,train
vid_004620_id35_id26_0001,1,CelebDF,celeb_id59,train
vid_004308_id42_0004,0,CelebDF,celeb_id39,test
vid_007783_id30_id38_0001,1,CelebDF,celeb_id59,train
vid_008597_id52_id57_0004,1,CelebDF,celeb_id49,val
vid_000956_05_17__kitchen_pan__M3H96PDQ,1,DFD,dfd_05,test
vid_000930_17_16__hugging_happy__S7UMSIQV,1,DFD,dfd_05,test
vid_001411_13_02__walking_and_outside_surprised__CP5HFV3K,1,DFD,dfd_11,train
vid_004623_id0_id26_0002,1,CelebDF,celeb_id59,train
vid_008272_id7_id12_0009,1,CelebDF,celeb_id59,train
vid_000615_27_18__outside_talking_pan_laughing__NYHE8D0J,1,DFD,dfd_11,train
vid_006416_id2_id17_0006,1,CelebDF,celeb_id59,train
vid_005961_id35_id34_0002,1,CelebDF,celeb_id59,train
vid_004667_id23_id4_0004,1,CelebDF,celeb_id59,train
vid_008424_id37_id35_0007,1,CelebDF,celeb_id59,train
vid_009156_id28_id24_0002,1,CelebDF,celeb_id59,train
vid_004180_id9_0004,0,CelebDF,celeb_id59,train
vid_008377_id1_id6_0009,1,CelebDF,celeb_id59,train
vid_006566_id23_id37_0004,1,CelebDF,celeb_id59,train
vid_003319_21__walking_and_outside_surprised,0,DFD,dfd_11,train
vid_000890_09_01__outside_talking_still_laughing__SJZRV69J,1,DFD,dfd_11,train
vid_008285_id37_id32_0008,1,CelebDF,celeb_id59,train
vid_003258_13__podium_speech_happy,0,DFD,dfd_11,train
vid_009303_id3_id16_0003,1,CelebDF,celeb_id59,train
vid_005244_id5_id60_0000,1,CelebDF,celeb_id59,train
vid_003406_12__kitchen_still,0,DFD,dfd_11,train
vid_006993_id31_id21_0000,1,CelebDF,celeb_id59,train
vid_009291_id51_id54_0006,1,CelebDF,celeb_id49,val
vid_007508_id0_id16_0005,1,CelebDF,celeb_id59,train
vid_007724_id2_id1_0008,1,CelebDF,celeb_id59,train
vid_007647_id24_id28_0008,1,CelebDF,celeb_id59,train
vid_002592_20_12__secret_conversation__B0X1CGG2,1,DFD,dfd_11,train
vid_001280_04_01__walking_down_street_outside_angry__GBC7ZGDP,1,DFD,dfd_11,train
vid_007547_id20_id17_0000,1,CelebDF,celeb_id59,train
vid_006067_id9_id20_0006,1,CelebDF,celeb_id59,train
vid_007327_id6_id1_0003,1,CelebDF,celeb_id59,train
vid_006672_id37_id9_0000,1,CelebDF,celeb_id59,train
vid_009233_id50_id53_0000,1,CelebDF,celeb_id49,val
vid_004660_id0_id9_0001,1,CelebDF,celeb_id59,train
vid_008811_id33_id37_0004,1,CelebDF,celeb_id59,train
vid_009423_id37_id3_0008,1,CelebDF,celeb_id59,train
vid_001191_27_25__outside_talking_still_laughing__1KU29EUL,1,DFD,dfd_11,train
vid_008969_id49_id53_0005,1,CelebDF,celeb_id49,val
vid_005326_id9_id6_0002,1,CelebDF,celeb_id59,train
vid_002099_02_14__secret_conversation__3IUBEKCT,1,DFD,dfd_11,train
vid_000712_13_02__kitchen_pan__2YSYT2N3,1,DFD,dfd_11,train
vid_005377_id33_id38_0003,1,CelebDF,celeb_id59,train
vid_003083_17__walking_down_indoor_hall_disgust,0,DFD,dfd_05,test
vid_001956_07_15__walk_down_hall_angry__NYPO7U50,1,DFD,dfd_11,train
vid_003628_00178,0,CelebDF,yt_00178,train
vid_008737_id19_id25_0004,1,CelebDF,celeb_id59,train
vid_004158_id33_0002,0,CelebDF,celeb_id59,train
vid_008462_id20_id1_0007,1,CelebDF,celeb_id59,train
vid_007819_id53_id52_0003,1,CelebDF,celeb_id49,val
vid_000614_14_18__kitchen_still__A5A1Q467,1,DFD,dfd_11,train
vid_006177_id2_id17_0002,1,CelebDF,celeb_id59,train
vid_007747_id38_id29_0006,1,CelebDF,celeb_id59,train
vid_009271_id31_id30_0000,1,CelebDF,celeb_id59,train
vid_000216_21_09__talking_against_wall__LBQF8ZN1,1,DFD,dfd_11,train
vid_002064_05_17__walk_down_hall_angry__YTJYYDO9,1,DFD,dfd_05,test
vid_006318_id26_id35_0001,1,CelebDF,celeb_id59,train
vid_003073_01__secret_conversation,0,DFD,dfd_11,train
vid_005741_id55_id53_0002,1,CelebDF,celeb_id49,val
vid_002225_14_09__walking_outside_cafe_disgusted__6TEK3ZX0,1,DFD,dfd_11,train
vid_002759_01_27__hugging_happy__ZYCZ30C0,1,DFD,dfd_11,train
vid_006891_id6_id17_0005,1,CelebDF,celeb_id59,train
vid_006480_id35_id26_0005,1,CelebDF,celeb_id59,train
vid_000998_25_11__podium_speech_happy__JX0SAMTC,1,DFD,dfd_11,train
vid_001367_04_12__walking_down_street_outside_angry__96TQKDFJ,1,DFD,dfd_11,train
vid_007302_id20_id19_0009,1,CelebDF,celeb_id59,train
vid_003571_00018,0,CelebDF,yt_00018,train
vid_008981_id30_id26_0005,1,CelebDF,celeb_id59,train
vid_009826_id48_id39_0006,1,CelebDF,celeb_id39,test
vid_004099_id6_0006,0,CelebDF,celeb_id59,train
vid_009906_id4_id28_0005,1,CelebDF,celeb_id59,train
vid_006787_id41_id40_0002,1,CelebDF,celeb_id39,test
vid_006331_id30_id1_0006,1,CelebDF,celeb_id59,train
vid_001079_24_19__kitchen_pan__QD5K7BP2,1,DFD,dfd_10,val
vid_001984_02_07__talking_against_wall__1ZE4HC06,1,DFD,dfd_11,train
vid_006883_id47_id42_0001,1,CelebDF,celeb_id39,test
vid_009859_id27_id22_0007,1,CelebDF,celeb_id59,train
vid_009568_id52_id56_0004,1,CelebDF,celeb_id49,val
vid_002036_19_10__talking_angry_couch__BVVPN5D5,1,DFD,dfd_10,val
vid_004138_id49_0006,0,CelebDF,celeb_id49,val
vid_004424_id33_id32_0000,1,CelebDF,celeb_id59,train
vid_008818_id31_id34_0000,1,CelebDF,celeb_id59,train
vid_007728_id30_id28_0002,1,CelebDF,celeb_id59,train
vid_000893_03_06__meeting_serious__1IXGY2FK,1,DFD,dfd_11,train
vid_003763_id20_0005,0,CelebDF,celeb_id59,train
vid_004366_id60_id5_0007,1,CelebDF,celeb_id59,train
vid_003460_00078,0,CelebDF,yt_00078,train
vid_002355_27_02__meeting_serious__QW05XUUZ,1,DFD,dfd_11,train
vid_009437_id25_id27_0005,1,CelebDF,celeb_id59,train
vid_006792_id3_id0_0002,1,CelebDF,celeb_id59,train
vid_004338_id20_id3_0002,1,CelebDF,celeb_id59,train
vid_004231_id30_0004,0,CelebDF,celeb_id59,train
vid_002291_22_24__walking_down_street_outside_angry__XL557XC6,1,DFD,dfd_10,val
vid_005497_id54_id55_0000,1,CelebDF,celeb_id49,val
vid_009251_id26_id16_0001,1,CelebDF,celeb_id59,train
vid_005107_id28_id3_0006,1,CelebDF,celeb_id59,train
vid_005971_id52_id56_0007,1,CelebDF,celeb_id49,val
vid_007204_id26_id29_0001,1,CelebDF,celeb_id59,train
vid_001596_17_08__talking_angry_couch__05AN86QA,1,DFD,dfd_05,test
vid_005356_id41_id40_0008,1,CelebDF,celeb_id39,test
vid_009465_id37_id33_0001,1,CelebDF,celeb_id59,train
vid_000267_15_06__exit_phone_room__E98QYYXO,1,DFD,dfd_11,train
vid_000470_03_12__exit_phone_room__D7G6YJON,1,DFD,dfd_11,train
vid_001970_08_28__kitchen_pan__6HFK6PB4,1,DFD,dfd_05,test
vid_006465_id32_id34_0008,1,CelebDF,celeb_id59,train
vid_002718_08_28__walking_outside_cafe_disgusted__GQN9WHLD,1,DFD,dfd_05,test
vid_009249_id56_id51_0005,1,CelebDF,celeb_id49,val
vid_007898_id51_id58_0007,1,CelebDF,celeb_id49,val
vid_009543_id6_id1_0001,1,CelebDF,celeb_id59,train
vid_002108_15_02__exit_phone_room__XNJIS4S3,1,DFD,dfd_11,train
vid_008326_id29_id34_0002,1,CelebDF,celeb_id59,train
vid_008329_id23_id37_0006,1,CelebDF,celeb_id59,train
vid_008900_id26_id3_0004,1,CelebDF,celeb_id59,train
vid_007715_id0_id21_0004,1,CelebDF,celeb_id59,train
vid_005459_id57_id52_0005,1,CelebDF,celeb_id49,val
vid_008933_id6_id21_0006,1,CelebDF,celeb_id59,train
vid_008151_id56_id55_0009,1,CelebDF,celeb_id49,val
vid_006905_id31_id21_0004,1,CelebDF,celeb_id59,train
vid_001563_03_11__kitchen_pan__P08VGHTA,1,DFD,dfd_11,train
vid_009629_id32_id34_0003,1,CelebDF,celeb_id59,train
vid_000027_10_19__talking_angry_couch__BVVPN5D5,1,DFD,dfd_10,val
vid_006231_id17_id35_0006,1,CelebDF,celeb_id59,train
vid_001578_27_02__walking_down_street_outside_angry__78M8S6M6,1,DFD,dfd_11,train
vid_001878_03_07__talking_against_wall__9NVYPOMN,1,DFD,dfd_11,train
vid_001787_15_02__walking_and_outside_surprised__HTG660F8,1,DFD,dfd_11,train
vid_007293_id34_id29_0008,1,CelebDF,celeb_id59,train
vid_006162_id34_id32_0001,1,CelebDF,celeb_id59,train
vid_001019_04_02__outside_talking_still_laughing__8CH7R4LW,1,DFD,dfd_11,train
vid_008801_id16_id21_0010,1,CelebDF,celeb_id59,train
vid_008729_id9_id2_0000,1,CelebDF,celeb_id59,train
vid_005969_id6_id17_0001,1,CelebDF,celeb_id59,train
vid_002605_11_18__talking_against_wall__PT4YKO2R,1,DFD,dfd_11,train
vid_005403_id29_id31_0007,1,CelebDF,celeb_id59,train
vid_006573_id20_id4_0006,1,CelebDF,celeb_id59,train
vid_001162_07_12__podium_speech_happy__X9X7FAZG,1,DFD,dfd_11,train
vid_008674_id19_id26_0001,1,CelebDF,celeb_id59,train
vid_009491_id58_id56_0004,1,CelebDF,celeb_id49,val
vid_008963_id39_id48_0008,1,CelebDF,celeb_id39,test
vid_007528_id29_id34_0008,1,CelebDF,celeb_id59,train
vid_002544_21_09__walking_outside_cafe_disgusted__MDMWQZUP,1,DFD,dfd_11,train
vid_006995_id16_id28_0011,1,CelebDF,celeb_id59,train
vid_000069_26_09__outside_talking_still_laughing__QSE5A0GF,1,DFD,dfd_11,train
vid_002368_15_12__walking_down_indoor_hall_disgust__N0SRODQD,1,DFD,dfd_11,train
vid_008646_id21_id4_0002,1,CelebDF,celeb_id59,train
vid_001763_07_03__talking_against_wall__PWXXULHR,1,DFD,dfd_11,train
vid_005562_id13_id10_0011,1,CelebDF,celeb_id59,train
vid_005098_id32_id21_0002,1,CelebDF,celeb_id59,train
vid_007984_id35_id37_0000,1,CelebDF,celeb_id59,train
vid_008629_id29_id35_0007,1,CelebDF,celeb_id59,train
vid_003093_15__walking_down_indoor_hall_disgust,0,DFD,dfd_11,train
vid_004732_id28_id4_0001,1,CelebDF,celeb_id59,train
vid_000191_17_08__walking_down_indoor_hall_disgust__JZYRLJ8T,1,DFD,dfd_05,test
vid_009029_id33_id37_0007,1,CelebDF,celeb_id59,train
vid_006068_id31_id20_0007,1,CelebDF,celeb_id59,train
vid_006660_id2_id21_0009,1,CelebDF,celeb_id59,train
vid_000919_28_16__kitchen_pan__X5FNCYON,1,DFD,dfd_05,test
vid_006805_id38_id33_0009,1,CelebDF,celeb_id59,train
vid_003980_id29_0008,0,CelebDF,celeb_id59,train
vid_000830_09_02__walk_down_hall_angry__9TDCEK1Q,1,DFD,dfd_11,train
vid_006312_id33_id28_0003,1,CelebDF,celeb_id59,train
vid_008637_id6_id1_0009,1,CelebDF,celeb_id59,train
vid_001695_03_18__outside_talking_pan_laughing__32DBR8L4,1,DFD,dfd_11,train
vid_006636_id26_id32_0004,1,CelebDF,celeb_id59,train
vid_005646_id24_id27_0007,1,CelebDF,celeb_id59,train
vid_001166_07_03__hugging_happy__IFSURI9X,1,DFD,dfd_11,train
vid_005089_id49_id51_0005,1,CelebDF,celeb_id49,val
vid_003744_id45_0003,0,CelebDF,celeb_id39,test
vid_004220_id23_0005,0,CelebDF,celeb_id59,train
vid_006091_id30_id20_0003,1,CelebDF,celeb_id59,train
vid_006631_id32_id30_0007,1,CelebDF,celeb_id59,train
vid_003027_14_03__talking_against_wall__P1L5PF4I,1,DFD,dfd_11,train
vid_001286_18_26__kitchen_still__UMEX6HWU,1,DFD,dfd_11,train
vid_004312_id33_0009,0,CelebDF,celeb_id59,train
vid_008202_id31_id33_0006,1,CelebDF,celeb_id59,train
vid_000074_15_02__walking_outside_cafe_disgusted__MZWH8ATN,1,DFD,dfd_11,train
vid_008050_id24_id25_0007,1,CelebDF,celeb_id59,train
vid_004391_id53_id58_0008,1,CelebDF,celeb_id49,val
vid_007095_id52_id49_0005,1,CelebDF,celeb_id49,val
vid_006819_id35_id32_0001,1,CelebDF,celeb_id59,train
vid_005064_id35_id28_0008,1,CelebDF,celeb_id59,train
vid_009028_id42_id43_0002,1,CelebDF,celeb_id39,test
vid_000559_28_08__kitchen_pan__6HFK6PB4,1,DFD,dfd_05,test
vid_003209_06__outside_talking_still_laughing,0,DFD,dfd_11,train
vid_009210_id55_id50_0009,1,CelebDF,celeb_id49,val
vid_000298_07_02__talking_against_wall__34PVT42V,1,DFD,dfd_11,train
vid_002714_07_26__exit_phone_room__FGNGC2GT,1,DFD,dfd_11,train
vid_009460_id28_id37_0006,1,CelebDF,celeb_id59,train
vid_002129_03_09__outside_talking_still_laughing__RCETIXYL,1,DFD,dfd_11,train
vid_007258_id3_id28_0003,1,CelebDF,celeb_id59,train
vid_002579_15_02__talking_angry_couch__HTG660F8,1,DFD,dfd_11,train
vid_002485_24_19__walk_down_hall_angry__OF8LF68K,1,DFD,dfd_10,val
vid_006661_id28_id32_0006,1,CelebDF,celeb_id59,train
vid_005319_id26_id3_0005,1,CelebDF,celeb_id59,train
vid_005082_id16_id26_0006,1,CelebDF,celeb_id59,train
vid_002542_22_10__walking_down_street_outside_angry__1TXK09OY,1,DFD,dfd_10,val
vid_002883_13_25__walking_and_outside_surprised__PBM86HKZ,1,DFD,dfd_11,train
vid_000307_26_07__podium_speech_happy__FGNGC2GT,1,DFD,dfd_11,train
vid_006996_id7_id11_0002,1,CelebDF,celeb_id59,train
vid_003610_00153,0,CelebDF,yt_00153,train
vid_009950_id24_id20_0006,1,CelebDF,celeb_id59,train
vid_007227_id33_id32_0005,1,CelebDF,celeb_id59,train
vid_008213_id0_id2_0009,1,CelebDF,celeb_id59,train
vid_007480_id1_id31_0000,1,CelebDF,celeb_id59,train
vid_003913_id17_0002,0,CelebDF,celeb_id59,train
vid_007521_id35_id34_0000,1,CelebDF,celeb_id59,train
vid_006101_id52_id56_0005,1,CelebDF,celeb_id49,val
vid_004307_id24_0002,0,CelebDF,celeb_id59,train
vid_006425_id33_id28_0004,1,CelebDF,celeb_id59,train
vid_001018_03_18__walking_down_street_outside_angry__22UBC0BS,1,DFD,dfd_11,train
vid_008849_id31_id21_0002,1,CelebDF,celeb_id59,train
vid_008457_id26_id9_0005,1,CelebDF,celeb_id59,train
vid_003589_00090,0,CelebDF,yt_00090,train
vid_008011_id20_id34_0008,1,CelebDF,celeb_id59,train
vid_009668_id30_id3_0006,1,CelebDF,celeb_id59,train
vid_000163_20_26__podium_speech_happy__2VS0S1P5,1,DFD,dfd_11,train
vid_003447_00281,0,CelebDF,yt_00281,train
vid_001070_25_20__talking_against_wall__MUS0X71T,1,DFD,dfd_11,train
vid_002477_11_03__talking_against_wall__P08VGHTA,1,DFD,dfd_11,train
vid_002893_10_22__talking_angry_couch__X803B18R,1,DFD,dfd_10,val
vid_002474_13_26__secret_conversation__DZP10XW4,1,DFD,dfd_11,train
vid_008102_id50_id49_0002,1,CelebDF,celeb_id49,val
vid_007450_id56_id51_0002,1,CelebDF,celeb_id49,val
vid_004333_id3_id17_0004,1,CelebDF,celeb_id59,train
vid_001371_18_27__kitchen_pan__G7OOOUCX,1,DFD,dfd_11,train
vid_006428_id42_id46_0001,1,CelebDF,celeb_id39,test
vid_000551_13_25__talking_against_wall__7YMTAF29,1,DFD,dfd_11,train
vid_005613_id28_id17_0008,1,CelebDF,celeb_id59,train
vid_002723_23_19__talking_against_wall__H4SUVFTL,1,DFD,dfd_10,val
vid_000278_03_07__talking_angry_couch__WPT3Z2KN,1,DFD,dfd_11,train
vid_000217_15_06__walking_down_street_outside_angry__YDX3GHFS,1,DFD,dfd_11,train
vid_003183_27__walk_down_hall_angry,0,DFD,dfd_11,train
vid_005806_id34_id33_0005,1,CelebDF,celeb_id59,train
vid_008014_id49_id57_0002,1,CelebDF,celeb_id49,val
vid_001637_02_15__secret_conversation__N864L40U,1,DFD,dfd_11,train
vid_002632_15_12__kitchen_pan__RK17XFJ9,1,DFD,dfd_11,train
vid_000042_04_13__talking_against_wall__00T3UYOR,1,DFD,dfd_11,train
vid_007221_id28_id22_0005,1,CelebDF,celeb_id59,train
vid_002726_09_13__outside_talking_pan_laughing__6K90KFOQ,1,DFD,dfd_11,train
vid_004081_id46_0000,0,CelebDF,celeb_id39,test
vid_007372_id40_id39_0001,1,CelebDF,celeb_id39,test
vid_001067_18_09__walk_down_hall_angry__3VP8836C,1,DFD,dfd_11,train
vid_009346_id16_id35_0003,1,CelebDF,celeb_id59,train
vid_002194_02_13__meeting_serious__CP5HFV3K,1,DFD,dfd_11,train
vid_005679_id38_id23_0004,1,CelebDF,celeb_id59,train
vid_008870_id21_id37_0000,1,CelebDF,celeb_id59,train
vid_004513_id34_id31_0003,1,CelebDF,celeb_id59,train
vid_000661_21_04__talking_against_wall__NRI4PHWP,1,DFD,dfd_11,train
vid_004238_id38_0007,0,CelebDF,celeb_id59,train
vid_002975_04_15__outside_talking_pan_laughing__46TJ9IOJ,1,DFD,dfd_11,train
vid_008903_id6_id0_0007,1,CelebDF,celeb_id59,train
vid_004541_id20_id26_0002,1,CelebDF,celeb_id59,train
vid_007009_id28_id30_0002,1,CelebDF,celeb_id59,train
vid_004603_id37_id30_0005,1,CelebDF,celeb_id59,train
vid_001142_28_05__secret_conversation__W3J028UG,1,DFD,dfd_05,test
vid_006353_id42_id48_0000,1,CelebDF,celeb_id39,test
vid_006648_id20_id30_0000,1,CelebDF,celeb_id59,train
vid_006697_id29_id33_0003,1,CelebDF,celeb_id59,train
vid_008408_id30_id29_0009,1,CelebDF,celeb_id59,train
vid_008776_id17_id16_0006,1,CelebDF,celeb_id59,train
vid_009201_id0_id1_0009,1,CelebDF,celeb_id59,train
vid_001522_25_26__outside_talking_pan_laughing__GJT740J9,1,DFD,dfd_11,train
vid_008727_id17_id1_0007,1,CelebDF,celeb_id59,train
vid_004940_id23_id1_0001,1,CelebDF,celeb_id59,train
vid_002941_12_07__kitchen_pan__1MSOAVLL,1,DFD,dfd_11,train
vid_007272_id20_id33_0002,1,CelebDF,celeb_id59,train
vid_004892_id2_id3_0005,1,CelebDF,celeb_id59,train
vid_008841_id31_id16_0004,1,CelebDF,celeb_id59,train
vid_000418_03_07__walking_outside_cafe_disgusted__F0YYEA5W,1,DFD,dfd_11,train
vid_005875_id48_id42_0002,1,CelebDF,celeb_id39,test
vid_000446_15_03__walk_down_hall_angry__AIOM1U5V,1,DFD,dfd_11,train
vid_006115_id50_id56_0002,1,CelebDF,celeb_id49,val
vid_002658_01_11__hugging_happy__4OJNJLOO,1,DFD,dfd_11,train
vid_006909_id32_id33_0005,1,CelebDF,celeb_id59,train
vid_009888_id0_id9_0009,1,CelebDF,celeb_id59,train
vid_003100_11__walking_down_street_outside_angry,0,DFD,dfd_11,train
vid_004077_id34_0004,0,CelebDF,celeb_id59,train
vid_003882_id24_0004,0,CelebDF,celeb_id59,train
vid_009397_id52_id57_0007,1,CelebDF,celeb_id49,val
vid_000352_06_15__walking_down_street_outside_angry__YDX3GHFS,1,DFD,dfd_11,train
vid_000331_02_04__walk_down_hall_angry__8CH7R4LW,1,DFD,dfd_11,train
vid_004746_id2_id4_0001,1,CelebDF,celeb_id59,train
vid_006039_id16_id17_0012,1,CelebDF,celeb_id59,train
vid_009270_id39_id40_0009,1,CelebDF,celeb_id39,test
vid_008884_id52_id49_0006,1,CelebDF,celeb_id49,val
vid_009715_id20_id29_0000,1,CelebDF,celeb_id59,train
vid_002885_20_25__outside_talking_pan_laughing__M86GQTHK,1,DFD,dfd_11,train
vid_003618_00202,0,CelebDF,yt_00202,train
vid_008544_id48_id41_0002,1,CelebDF,celeb_id39,test
vid_003496_00157,0,CelebDF,yt_00157,train
vid_001382_06_27__walking_and_outside_surprised__O7L5Z9U8,1,DFD,dfd_11,train
vid_000465_06_27__walking_outside_cafe_disgusted__VN14WY2N,1,DFD,dfd_11,train
vid_007451_id21_id37_0002,1,CelebDF,celeb_id59,train
vid_006310_id50_id55_0004,1,CelebDF,celeb_id49,val
vid_009151_id35_id17_0009,1,CelebDF,celeb_id59,train
vid_005605_id47_id40_0003,1,CelebDF,celeb_id39,test
vid_009345_id1_id23_0009,1,CelebDF,celeb_id59,train
vid_005667_id39_id47_0002,1,CelebDF,celeb_id39,test
vid_000511_02_15__kitchen_still__XNJIS4S3,1,DFD,dfd_11,train
vid_007116_id16_id26_0011,1,CelebDF,celeb_id59,train
vid_003911_id35_0009,0,CelebDF,celeb_id59,train
vid_008456_id3_id0_0000,1,CelebDF,celeb_id59,train
vid_006693_id17_id35_0000,1,CelebDF,celeb_id59,train
vid_008434_id1_id30_0003,1,CelebDF,celeb_id59,train
vid_005084_id28_id32_0004,1,CelebDF,celeb_id59,train
vid_001157_15_12__walking_and_outside_surprised__N0SRODQD,1,DFD,dfd_11,train
vid_003601_00106,0,CelebDF,yt_00106,train
vid_002252_01_03__podium_speech_happy__JZUXXFRB,1,DFD,dfd_11,train
vid_006597_id35_id29_0008,1,CelebDF,celeb_id59,train
vid_001104_21_03__talking_against_wall__YCSEBZO4,1,DFD,dfd_11,train
vid_000575_03_12__outside_talking_still_laughing__D7G6YJON,1,DFD,dfd_11,train
vid_009403_id2_id26_0008,1,CelebDF,celeb_id59,train
vid_002445_03_14__kitchen_pan__ZC2KYASW,1,DFD,dfd_11,train
vid_005710_id48_id41_0004,1,CelebDF,celeb_id39,test
vid_000198_12_18__walking_and_outside_surprised__IKH1LBBY,1,DFD,dfd_11,train
vid_009761_id4_id2_0005,1,CelebDF,celeb_id59,train
vid_007301_id0_id20_0001,1,CelebDF,celeb_id59,train
vid_003626_00033,0,CelebDF,yt_00033,train
vid_006092_id57_id51_0004,1,CelebDF,celeb_id49,val
vid_001631_02_07__kitchen_pan__O4SXNLRL,1,DFD,dfd_11,train
vid_005468_id53_id52_0004,1,CelebDF,celeb_id49,val
vid_005423_id41_id47_0006,1,CelebDF,celeb_id39,test
vid_002495_04_01__kitchen_pan__GBC7ZGDP,1,DFD,dfd_11,train
vid_007075_id58_id55_0006,1,CelebDF,celeb_id49,val
vid_005674_id47_id44_0008,1,CelebDF,celeb_id39,test
vid_000154_27_14__walk_down_hall_angry__0KSONKQ2,1,DFD,dfd_11,train
vid_002852_15_03__kitchen_pan__AIOM1U5V,1,DFD,dfd_11,train
vid_006616_id4_id28_0008,1,CelebDF,celeb_id59,train
vid_006212_id28_id22_0003,1,CelebDF,celeb_id59,train
vid_003015_03_07__walking_down_indoor_hall_disgust__WPT3Z2KN,1,DFD,dfd_11,train
vid_001848_02_18__exit_phone_room__B95S4G6F,1,DFD,dfd_11,train
vid_008675_id28_id9_0009,1,CelebDF,celeb_id59,train
vid_000993_02_15__podium_speech_happy__N864L40U,1,DFD,dfd_11,train
vid_004858_id35_id3_0009,1,CelebDF,celeb_id59,train
vid_002090_06_12__podium_speech_happy__0VR4Y891,1,DFD,dfd_11,train
vid_008609_id26_id35_0005,1,CelebDF,celeb_id59,train
vid_009775_id37_id1_0008,1,CelebDF,celeb_id59,train
vid_009791_id35_id29_0005,1,CelebDF,celeb_id59,train
vid_007492_id3_id37_0005,1,CelebDF,celeb_id59,train
vid_000978_06_15__exit_phone_room__QRCD27P8,1,DFD,dfd_11,train
vid_002545_06_15__outside_talking_pan_laughing__QRCD27P8,1,DFD,dfd_11,train
vid_001814_13_12__walking_down_street_outside_angry__2TM4IFSF,1,DFD,dfd_11,train
vid_009110_id35_id30_0002,1,CelebDF,celeb_id59,train
vid_000571_23_24__outside_talking_still_laughing__YR5OVD4S,1,DFD,dfd_10,val
vid_008677_id1_id20_0006,1,CelebDF,celeb_id59,train
vid_008506_id3_id6_0009,1,CelebDF,celeb_id59,train
vid_000263_18_14__walking_outside_cafe_disgusted__0YRBHIKG,1,DFD,dfd_11,train
vid_009339_id9_id2_0006,1,CelebDF,celeb_id59,train
vid_001771_18_02__exit_phone_room__B95S4G6F,1,DFD,dfd_11,train
vid_002115_25_27__walking_down_street_outside_angry__1KU29EUL,1,DFD,dfd_11,train
vid_003520_00177,0,CelebDF,yt_00177,train
vid_009180_id9_id3_0007,1,CelebDF,celeb_id59,train
vid_007900_id53_id58_0007,1,CelebDF,celeb_id49,val
vid_007758_id4_id30_0005,1,CelebDF,celeb_id59,train
vid_009539_id37_id32_0002,1,CelebDF,celeb_id59,train
vid_005397_id48_id44_0005,1,CelebDF,celeb_id39,test
vid_006386_id55_id52_0002,1,CelebDF,celeb_id49,val
vid_008598_id12_id7_0001,1,CelebDF,celeb_id59,train
vid_004739_id35_id37_0005,1,CelebDF,celeb_id59,train
vid_001468_25_26__outside_talking_still_laughing__0UFFR3U1,1,DFD,dfd_11,train
vid_006580_id26_id22_0001,1,CelebDF,celeb_id59,train
vid_006446_id9_id31_0001,1,CelebDF,celeb_id59,train
vid_008070_id21_id33_0009,1,CelebDF,celeb_id59,train
vid_008576_id37_id28_0008,1,CelebDF,celeb_id59,train
vid_003952_id9_0003,0,CelebDF,celeb_id59,train
vid_003244_22__talking_against_wall,0,DFD,dfd_10,val
vid_002316_24_22__outside_talking_still_laughing__XL557XC6,1,DFD,dfd_10,val
vid_007721_id16_id3_0007,1,CelebDF,celeb_id59,train
vid_005306_id40_id42_0004,1,CelebDF,celeb_id39,test
vid_009006_id20_id31_0003,1,CelebDF,celeb_id59,train
vid_001870_23_10__walking_down_street_outside_angry__W02WYPCX,1,DFD,dfd_10,val
vid_002822_21_09__podium_speech_happy__JEELOMN2,1,DFD,dfd_11,train
vid_006552_id27_id21_0009,1,CelebDF,celeb_id59,train
vid_006183_id33_id38_0001,1,CelebDF,celeb_id59,train
vid_004351_id23_id38_0004,1,CelebDF,celeb_id59,train
vid_006936_id47_id39_0009,1,CelebDF,celeb_id39,test
vid_008224_id35_id37_0002,1,CelebDF,celeb_id59,train
vid_006357_id24_id19_0003,1,CelebDF,celeb_id59,train
vid_000778_07_12__kitchen_pan__88BSFG9O,1,DFD,dfd_11,train
vid_008209_id34_id21_0002,1,CelebDF,celeb_id59,train
vid_003876_id3_0000,0,CelebDF,celeb_id59,train
vid_008310_id53_id57_0008,1,CelebDF,celeb_id49,val
vid_007343_id35_id33_0001,1,CelebDF,celeb_id59,train
vid_003836_id4_0003,0,CelebDF,celeb_id59,train
vid_002636_27_01__walking_and_outside_surprised__S2YCUY48,1,DFD,dfd_11,train
vid_002727_16_28__kitchen_pan__6DWLCU6T,1,DFD,dfd_05,test
vid_006407_id48_id41_0006,1,CelebDF,celeb_id39,test
vid_008845_id9_id28_0000,1,CelebDF,celeb_id59,train
vid_001311_12_03__kitchen_pan__D7G6YJON,1,DFD,dfd_11,train
vid_009749_id41_id48_0006,1,CelebDF,celeb_id39,test
vid_008352_id0_id16_0009,1,CelebDF,celeb_id59,train
vid_009820_id20_id33_0009,1,CelebDF,celeb_id59,train
vid_001275_02_13__kitchen_pan__2YSYT2N3,1,DFD,dfd_11,train
vid_000128_03_18__walk_down_hall_angry__22UBC0BS,1,DFD,dfd_11,train
vid_002326_24_23__outside_talking_still_laughing__YR5OVD4S,1,DFD,dfd_10,val
vid_008695_id20_id3_0000,1,CelebDF,celeb_id59,train
vid_003894_id13_0011,0,CelebDF,celeb_id59,train
vid_001505_03_27__walk_down_hall_angry__IL675GCI,1,DFD,dfd_11,train
vid_009878_id46_id43_0000,1,CelebDF,celeb_id39,test
vid_003064_14_03__walking_outside_cafe_disgusted__PLCQJM81,1,DFD,dfd_11,train
vid_003265_11__talking_angry_couch,0,DFD,dfd_11,train
vid_001220_26_18__walking_outside_cafe_disgusted__UMEX6HWU,1,DFD,dfd_11,train
vid_001797_15_02__podium_speech_happy__MZWH8ATN,1,DFD,dfd_11,train
vid_009065_id43_id48_0007,1,CelebDF,celeb_id39,test
vid_004646_id9_id3_0001,1,CelebDF,celeb_id59,train
vid_008712_id45_id44_0004,1,CelebDF,celeb_id39,test
vid_004669_id28_id31_0009,1,CelebDF,celeb_id59,train
vid_003486_00128,0,CelebDF,yt_00128,train
vid_006680_id20_id27_0000,1,CelebDF,celeb_id59,train
vid_003151_26__outside_talking_still_laughing,0,DFD,dfd_11,train
vid_006902_id4_id30_0007,1,CelebDF,celeb_id59,train
vid_002906_03_13__hugging_happy__GBYWJW06,1,DFD,dfd_11,train
vid_007869_id38_id34_0006,1,CelebDF,celeb_id59,train
vid_002070_28_08__talking_angry_couch__KXO8S7OP,1,DFD,dfd_05,test
vid_001824_12_25__walking_down_indoor_hall_disgust__FQE07ND1,1,DFD,dfd_11,train
vid_002325_25_06__outside_talking_pan_laughing__MI9BDQ7M,1,DFD,dfd_11,train
vid_006828_id25_id20_0008,1,CelebDF,celeb_id59,train
vid_009362_id20_id1_0001,1,CelebDF,celeb_id59,train
vid_005835_id32_id20_0002,1,CelebDF,celeb_id59,train
vid_004722_id19_id20_0000,1,CelebDF,celeb_id59,train
vid_007612_id53_id55_0001,1,CelebDF,celeb_id49,val
vid_005874_id5_id60_0001,1,CelebDF,celeb_id59,train
vid_001048_22_23__exit_phone_room__X2ZN5Q31,1,DFD,dfd_10,val
vid_004599_id34_id37_0005,1,CelebDF,celeb_id59,train
vid_009087_id49_id56_0004,1,CelebDF,celeb_id49,val
vid_005330_id3_id21_0005,1,CelebDF,celeb_id59,train
vid_000070_27_06__walking_down_indoor_hall_disgust__JOG5PB18,1,DFD,dfd_11,train
vid_003001_15_14__talking_against_wall__3FRJCJ0V,1,DFD,dfd_11,train
vid_002313_14_03__exit_phone_room__KJ221YN0,1,DFD,dfd_11,train
vid_008219_id6_id30_0009,1,CelebDF,celeb_id59,train
vid_009229_id6_id28_0001,1,CelebDF,celeb_id59,train
vid_005048_id31_id4_0002,1,CelebDF,celeb_id59,train
vid_008542_id33_id23_0009,1,CelebDF,celeb_id59,train
vid_000294_28_16__exit_phone_room__U757192N,1,DFD,dfd_05,test
vid_008335_id45_id41_0000,1,CelebDF,celeb_id39,test
vid_009338_id22_id24_0004,1,CelebDF,celeb_id59,train
vid_008696_id20_id3_0009,1,CelebDF,celeb_id59,train
vid_009134_id25_id28_0008,1,CelebDF,celeb_id59,train
vid_003305_07__talking_angry_couch,0,DFD,dfd_11,train
vid_008421_id16_id6_0000,1,CelebDF,celeb_id59,train
vid_000347_11_18__walk_down_hall_angry__KLKJ9FPE,1,DFD,dfd_11,train
vid_001715_20_01__kitchen_still__FW94AIMJ,1,DFD,dfd_11,train
vid_003048_07_14__podium_speech_happy__P9QFO50U,1,DFD,dfd_11,train
vid_009149_id16_id26_0013,1,CelebDF,celeb_id59,train
vid_007376_id23_id37_0005,1,CelebDF,celeb_id59,train
vid_007683_id29_id20_0004,1,CelebDF,celeb_id59,train
vid_002382_22_24__walking_down_street_outside_angry__7E3GY85F,1,DFD,dfd_10,val
vid_002721_09_01__talking_angry_couch__P70H1JB0,1,DFD,dfd_11,train
vid_000206_27_06__walking_and_outside_surprised__VN14WY2N,1,DFD,dfd_11,train
vid_007032_id34_id33_0002,1,CelebDF,celeb_id59,train
vid_004407_id30_id29_0005,1,CelebDF,celeb_id59,train
vid_006931_id37_id31_0003,1,CelebDF,celeb_id59,train
vid_002106_12_26__kitchen_pan__HEKDCIHW,1,DFD,dfd_11,train
vid_001194_26_11__outside_talking_pan_laughing__ALJ0OHNM,1,DFD,dfd_11,train
vid_007820_id23_id17_0009,1,CelebDF,celeb_id59,train
vid_003965_id23_0000,0,CelebDF,celeb_id59,train
vid_009667_id32_id30_0000,1,CelebDF,celeb_id59,train
vid_004060_id3_0007,0,CelebDF,celeb_id59,train
vid_000771_20_25__walking_and_outside_surprised__RSCD7KXO,1,DFD,dfd_11,train
vid_003058_24_19__exit_phone_room__QD5K7BP2,1,DFD,dfd_10,val
vid_001168_22_23__walking_outside_cafe_disgusted__J8JK3NBV,1,DFD,dfd_10,val
vid_000406_04_26__walking_down_street_outside_angry__WX836VLY,1,DFD,dfd_11,train
vid_006888_id30_id26_0009,1,CelebDF,celeb_id59,train
vid_003800_id11_0007,0,CelebDF,celeb_id59,train
vid_001670_24_22__kitchen_still__7E3GY85F,1,DFD,dfd_10,val
vid_006429_id8_id6_0008,1,CelebDF,celeb_id59,train
vid_008531_id24_id23_0002,1,CelebDF,celeb_id59,train
vid_001132_26_18__podium_speech_happy__UMEX6HWU,1,DFD,dfd_11,train
vid_008832_id16_id17_0011,1,CelebDF,celeb_id59,train
vid_007384_id30_id9_0004,1,CelebDF,celeb_id59,train
vid_001831_07_03__hugging_happy__W3MXGEU9,1,DFD,dfd_11,train
vid_006033_id41_id44_0009,1,CelebDF,celeb_id39,test
vid_007325_id54_id56_0009,1,CelebDF,celeb_id49,val
vid_005530_id48_id43_0004,1,CelebDF,celeb_id39,test
vid_007837_id59_id61_0001,1,CelebDF,celeb_id59,train
vid_005649_id6_id31_0009,1,CelebDF,celeb_id59,train
vid_006630_id28_id24_0003,1,CelebDF,celeb_id59,train
vid_006118_id27_id22_0003,1,CelebDF,celeb_id59,train
vid_006537_id33_id34_0000,1,CelebDF,celeb_id59,train
vid_005426_id42_id39_0002,1,CelebDF,celeb_id39,test
vid_005507_id37_id2_0003,1,CelebDF,celeb_id59,train
vid_005482_id32_id30_0005,1,CelebDF,celeb_id59,train
vid_003888_id61_0005,0,CelebDF,celeb_id59,train
vid_002620_11_13__talking_angry_couch__61T622EK,1,DFD,dfd_11,train
vid_004489_id16_id23_0012,1,CelebDF,celeb_id59,train
vid_004326_id28_id0_0004,1,CelebDF,celeb_id59,train
vid_001825_18_20__walking_outside_cafe_disgusted__8BMQOD7S,1,DFD,dfd_11,train
vid_000279_18_06__talking_against_wall__DEA1TCLN,1,DFD,dfd_11,train
vid_002956_13_03__talking_against_wall__GBYWJW06,1,DFD,dfd_11,train
vid_004272_id10_0000,0,CelebDF,celeb_id59,train
vid_003518_00246,0,CelebDF,yt_00246,train
vid_008643_id47_id48_0009,1,CelebDF,celeb_id39,test
vid_006172_id34_id38_0007,1,CelebDF,celeb_id59,train
vid_007617_id1_id31_0006,1,CelebDF,celeb_id59,train
vid_003407_18__podium_speech_happy,0,DFD,dfd_11,train
vid_004590_id38_id30_0005,1,CelebDF,celeb_id59,train
vid_008127_id23_id1_0006,1,CelebDF,celeb_id59,train
vid_007460_id57_id55_0004,1,CelebDF,celeb_id49,val
vid_006453_id40_id39_0008,1,CelebDF,celeb_id39,test
vid_007947_id40_id39_0005,1,CelebDF,celeb_id39,test
vid_002593_15_13__outside_talking_pan_laughing__X0EIIJF7,1,DFD,dfd_11,train
vid_003187_15__outside_talking_pan_laughing,0,DFD,dfd_11,train
vid_007340_id46_id47_0000,1,CelebDF,celeb_id39,test
vid_006876_id51_id53_0002,1,CelebDF,celeb_id49,val
vid_002686_15_02__walk_down_hall_angry__HTG660F8,1,DFD,dfd_11,train
vid_005288_id52_id50_0002,1,CelebDF,celeb_id49,val
vid_001444_07_03__secret_conversation__IFSURI9X,1,DFD,dfd_11,train
vid_003024_03_02__walking_and_outside_surprised__GYX5OFTD,1,DFD,dfd_11,train
vid_006296_id3_id31_0006,1,CelebDF,celeb_id59,train
vid_000091_06_03__exit_phone_room__1IXGY2FK,1,DFD,dfd_11,train
vid_001000_01_09__talking_angry_couch__P70H1JB0,1,DFD,dfd_11,train
vid_004480_id29_id32_0005,1,CelebDF,celeb_id59,train
vid_004949_id23_id24_0006,1,CelebDF,celeb_id59,train
vid_008235_id35_id33_0008,1,CelebDF,celeb_id59,train
vid_005432_id29_id35_0000,1,CelebDF,celeb_id59,train
vid_003298_17__kitchen_still,0,DFD,dfd_05,test
vid_001273_06_11__kitchen_still__C8C4FW99,1,DFD,dfd_11,train
vid_001948_02_27__walking_down_indoor_hall_disgust__YQX5Z8GN,1,DFD,dfd_11,train
vid_009632_id7_id12_0005,1,CelebDF,celeb_id59,train
vid_008052_id20_id19_0006,1,CelebDF,celeb_id59,train
vid_008158_id16_id37_0011,1,CelebDF,celeb_id59,train
vid_006898_id16_id20_0006,1,CelebDF,celeb_id59,train
vid_007489_id5_id59_0007,1,CelebDF,celeb_id59,train
vid_000532_18_25__outside_talking_pan_laughing__41UL3HO6,1,DFD,dfd_11,train
vid_002072_03_07__walking_outside_cafe_disgusted__PWXXULHR,1,DFD,dfd_11,train
vid_002720_25_09__secret_conversation__ODAQ7BZL,1,DFD,dfd_11,train
vid_003239_13__walking_outside_cafe_disgusted,0,DFD,dfd_11,train
vid_003997_id58_0007,0,CelebDF,celeb_id49,val
vid_001997_03_15__outside_talking_pan_laughing__GZNLO4X9,1,DFD,dfd_11,train
vid_002529_06_20__kitchen_pan__6SUW7063,1,DFD,dfd_11,train
vid_004007_id23_0004,0,CelebDF,celeb_id59,train
vid_009392_id16_id28_0004,1,CelebDF,celeb_id59,train
vid_005519_id55_id53_0006,1,CelebDF,celeb_id49,val
vid_008913_id30_id2_0004,1,CelebDF,celeb_id59,train
vid_002381_14_13__walking_down_indoor_hall_disgust__KMQ3AW6A,1,DFD,dfd_11,train
vid_009774_id1_id2_0007,1,CelebDF,celeb_id59,train
vid_005390_id55_id56_0000,1,CelebDF,celeb_id49,val
vid_006328_id39_id43_0000,1,CelebDF,celeb_id39,test
vid_002527_09_21__walk_down_hall_angry__J7SQKGUR,1,DFD,dfd_11,train
vid_004938_id27_id26_0003,1,CelebDF,celeb_id59,train
vid_004951_id35_id32_0005,1,CelebDF,celeb_id59,train
vid_003853_id50_0007,0,CelebDF,celeb_id49,val
vid_000994_01_26__walking_outside_cafe_disgusted__BTVMWLG6,1,DFD,dfd_11,train
vid_008592_id4_id9_0000,1,CelebDF,celeb_id59,train
vid_006070_id31_id1_0009,1,CelebDF,celeb_id59,train
vid_009698_id31_id32_0002,1,CelebDF,celeb_id59,train
vid_005329_id53_id56_0004,1,CelebDF,celeb_id49,val
vid_003984_id21_0001,0,CelebDF,celeb_id59,train
vid_000068_06_27__walking_and_outside_surprised__SZWVBWY4,1,DFD,dfd_11,train
vid_001318_15_06__outside_talking_still_laughing__QRCD27P8,1,DFD,dfd_11,train
vid_000820_21_14__outside_talking_still_laughing__IRKML4J0,1,DFD,dfd_11,train
vid_004354_id11_id7_0006,1,CelebDF,celeb_id59,train
vid_003139_02__secret_conversation,0,DFD,dfd_11,train
vid_009560_id31_id23_0002,1,CelebDF,celeb_id59,train
vid_006773_id27_id24_0002,1,CelebDF,celeb_id59,train
vid_002074_23_24__kitchen_pan__YR5OVD4S,1,DFD,dfd_10,val
vid_004038_id61_0003,0,CelebDF,celeb_id59,train
vid_001981_15_20__hugging_happy__99NHTFBM,1,DFD,dfd_11,train
vid_004185_id47_0006,0,CelebDF,celeb_id39,test
vid_003893_id35_0003,0,CelebDF,celeb_id59,train
vid_000148_14_27__outside_talking_pan_laughing__0KSONKQ2,1,DFD,dfd_11,train
vid_009306_id19_id25_0008,1,CelebDF,celeb_id59,train
vid_002217_13_15__outside_talking_still_laughing__X0EIIJF7,1,DFD,dfd_11,train
vid_003807_id40_0007,0,CelebDF,celeb_id39,test
vid_005491_id48_id43_0007,1,CelebDF,celeb_id39,test
vid_002024_11_20__secret_conversation__B2H95QXV,1,DFD,dfd_11,train
vid_004508_id9_id3_0009,1,CelebDF,celeb_id59,train
vid_007112_id16_id1_0006,1,CelebDF,celeb_id59,train
vid_004845_id52_id54_0007,1,CelebDF,celeb_id49,val
vid_008242_id23_id3_0005,1,CelebDF,celeb_id59,train
vid_008317_id4_id1_0003,1,CelebDF,celeb_id59,train
vid_002121_12_18__talking_against_wall__IKH1LBBY,1,DFD,dfd_11,train
vid_004460_id49_id56_0002,1,CelebDF,celeb_id49,val
vid_000006_05_17__hugging_happy__YTJYYDO9,1,DFD,dfd_05,test
vid_002809_07_26__kitchen_pan__FGNGC2GT,1,DFD,dfd_11,train
vid_005876_id31_id33_0003,1,CelebDF,celeb_id59,train
vid_003704_00284,0,CelebDF,yt_00284,train
vid_000207_02_06__podium_speech_happy__SU4OQCS9,1,DFD,dfd_11,train
vid_003641_00113,0,CelebDF,yt_00113,train
vid_002182_06_14__podium_speech_happy__8U9ULZDT,1,DFD,dfd_11,train
vid_009371_id58_id52_0005,1,CelebDF,celeb_id49,val
vid_003738_id21_0003,0,CelebDF,celeb_id59,train
vid_003819_id43_0006,0,CelebDF,celeb_id39,test
vid_007665_id23_id4_0001,1,CelebDF,celeb_id59,train
vid_003046_15_02__talking_against_wall__HTG660F8,1,DFD,dfd_11,train
vid_002543_06_02__talking_against_wall__SU4OQCS9,1,DFD,dfd_11,train
vid_008779_id21_id0_0004,1,CelebDF,celeb_id59,train
vid_002547_20_12__walking_down_indoor_hall_disgust__GHPWDH3C,1,DFD,dfd_11,train
vid_002258_04_01__podium_speech_happy__GBC7ZGDP,1,DFD,dfd_11,train
vid_001772_19_24__walking_down_street_outside_angry__QD5K7BP2,1,DFD,dfd_10,val
vid_002587_02_15__walking_and_outside_surprised__I8G2LWD1,1,DFD,dfd_11,train
vid_000733_25_26__exit_phone_room__7ZRKCFMS,1,DFD,dfd_11,train
vid_007024_id4_id20_0007,1,CelebDF,celeb_id59,train
vid_007102_id22_id23_0005,1,CelebDF,celeb_id59,train
vid_004176_id1_0000,0,CelebDF,celeb_id59,train
vid_009894_id35_id33_0000,1,CelebDF,celeb_id59,train
vid_008659_id0_id6_0002,1,CelebDF,celeb_id59,train
vid_003688_00280,0,CelebDF,yt_00280,train
vid_003963_id13_0000,0,CelebDF,celeb_id59,train
vid_007843_id28_id2_0005,1,CelebDF,celeb_id59,train
vid_003535_00135,0,CelebDF,yt_00135,train
vid_004481_id30_id16_0004,1,CelebDF,celeb_id59,train
vid_005312_id48_id44_0008,1,CelebDF,celeb_id39,test
vid_000775_27_25__walking_down_street_outside_angry__1KU29EUL,1,DFD,dfd_11,train
vid_000014_07_12__outside_talking_pan_laughing__KAG65PEE,1,DFD,dfd_11,train
vid_001946_26_07__walking_down_street_outside_angry__FGNGC2GT,1,DFD,dfd_11,train
vid_002791_14_07__hugging_happy__P9QFO50U,1,DFD,dfd_11,train
vid_002709_05_28__walking_outside_cafe_disgusted__U9LRLJ6N,1,DFD,dfd_05,test
vid_009900_id50_id53_0007,1,CelebDF,celeb_id49,val
vid_007514_id3_id35_0004,1,CelebDF,celeb_id59,train
vid_001485_26_04__walk_down_hall_angry__WX836VLY,1,DFD,dfd_11,train
vid_003416_09__talking_angry_couch,0,DFD,dfd_11,train
vid_005704_id2_id0_0003,1,CelebDF,celeb_id59,train
vid_003450_00057,0,CelebDF,yt_00057,train
vid_002107_25_12__walking_down_street_outside_angry__MA71PDNV,1,DFD,dfd_11,train
vid_002130_08_16__kitchen_still__8Q7JCS95,1,DFD,dfd_05,test
vid_002279_24_19__kitchen_still__RKQTC50P,1,DFD,dfd_10,val
vid_000544_01_09__hugging_happy__SJZRV69J,1,DFD,dfd_11,train
vid_005127_id33_id35_0004,1,CelebDF,celeb_id59,train
vid_006899_id2_id37_0008,1,CelebDF,celeb_id59,train
vid_008819_id29_id31_0005,1,CelebDF,celeb_id59,train
vid_002757_18_25__podium_speech_happy__SEGFKFJG,1,DFD,dfd_11,train
vid_000623_02_18__kitchen_still__B95S4G6F,1,DFD,dfd_11,train
vid_004214_id36_0008,0,CelebDF,celeb_id36,train
vid_003473_00070,0,CelebDF,yt_00070,train
vid_008177_id40_id48_0006,1,CelebDF,celeb_id39,test
vid_004356_id20_id37_0009,1,CelebDF,celeb_id59,train
vid_008971_id28_id0_0003,1,CelebDF,celeb_id59,train
vid_000863_12_15__walking_down_indoor_hall_disgust__N0SRODQD,1,DFD,dfd_11,train
vid_002133_16_08__walking_down_indoor_hall_disgust__8Q7JCS95,1,DFD,dfd_05,test
vid_007513_id16_id26_0004,1,CelebDF,celeb_id59,train
vid_009353_id23_id9_0008,1,CelebDF,celeb_id59,train
vid_008588_id3_id9_0007,1,CelebDF,celeb_id59,train
vid_007423_id26_id38_0002,1,CelebDF,celeb_id59,train
vid_008259_id6_id2_0004,1,CelebDF,celeb_id59,train
vid_001887_28_08__exit_phone_room__KXO8S7OP,1,DFD,dfd_05,test
vid_007760_id2_id26_0005,1,CelebDF,celeb_id59,train
vid_009920_id21_id9_0002,1,CelebDF,celeb_id59,train
vid_000425_08_05__walk_down_hall_angry__FBICSP2C,1,DFD,dfd_05,test
vid_008567_id29_id37_0003,1,CelebDF,celeb_id59,train
vid_002476_17_05__hugging_happy__YTJYYDO9,1,DFD,dfd_05,test
vid_002452_02_07__walking_outside_cafe_disgusted__1H07DFQJ,1,DFD,dfd_11,train
vid_001243_04_01__podium_speech_happy__6I623VU9,1,DFD,dfd_11,train
vid_003095_27__walking_outside_cafe_disgusted,0,DFD,dfd_11,train
vid_000176_18_02__kitchen_pan__OXMEEFUQ,1,DFD,dfd_11,train
vid_006457_id33_id35_0008,1,CelebDF,celeb_id59,train
vid_004004_id5_0005,0,CelebDF,celeb_id59,train
vid_005636_id17_id16_0007,1,CelebDF,celeb_id59,train
vid_001203_16_28__outside_talking_pan_laughing__OANAQYD5,1,DFD,dfd_05,test
vid_007550_id24_id27_0000,1,CelebDF,celeb_id59,train
vid_004764_id19_id28_0000,1,CelebDF,celeb_id59,train
vid_006354_id50_id49_0006,1,CelebDF,celeb_id49,val
vid_006017_id56_id50_0006,1,CelebDF,celeb_id49,val
vid_006031_id56_id52_0007,1,CelebDF,celeb_id49,val
vid_008577_id41_id45_0007,1,CelebDF,celeb_id39,test
vid_000475_15_13__kitchen_still__X0EIIJF7,1,DFD,dfd_11,train
vid_008655_id29_id31_0003,1,CelebDF,celeb_id59,train
vid_008030_id41_id44_0006,1,CelebDF,celeb_id39,test
vid_003717_00214,0,CelebDF,yt_00214,train
vid_008437_id6_id21_0009,1,CelebDF,celeb_id59,train
vid_000254_04_15__kitchen_still__46TJ9IOJ,1,DFD,dfd_11,train
vid_009027_id48_id39_0008,1,CelebDF,celeb_id39,test
vid_005110_id57_id51_0008,1,CelebDF,celeb_id49,val
vid_001437_06_02__talking_against_wall__GH8TGTBS,1,DFD,dfd_11,train
vid_008091_id3_id9_0001,1,CelebDF,celeb_id59,train
vid_004830_id17_id9_0003,1,CelebDF,celeb_id59,train
vid_006010_id27_id23_0008,1,CelebDF,celeb_id59,train
vid_006481_id1_id17_0002,1,CelebDF,celeb_id59,train
vid_009093_id9_id26_0004,1,CelebDF,celeb_id59,train
vid_004991_id21_id9_0008,1,CelebDF,celeb_id59,train
vid_005128_id22_id25_0004,1,CelebDF,celeb_id59,train
vid_004361_id20_id0_0009,1,CelebDF,celeb_id59,train
vid_007212_id4_id23_0003,1,CelebDF,celeb_id59,train
vid_000686_24_22__kitchen_pan__XL557XC6,1,DFD,dfd_10,val
vid_002768_11_18__talking_angry_couch__JJ1YREUN,1,DFD,dfd_11,train
vid_004651_id23_id2_0006,1,CelebDF,celeb_id59,train
vid_000821_25_20__outside_talking_still_laughing__NPM0ENKD,1,DFD,dfd_11,train
vid_004166_id34_0002,0,CelebDF,celeb_id59,train
vid_002778_03_27__hugging_happy__72BPN7A1,1,DFD,dfd_11,train
vid_006032_id54_id50_0009,1,CelebDF,celeb_id49,val
vid_001266_09_14__kitchen_pan__FRY0IZ4R,1,DFD,dfd_11,train
vid_005807_id46_id44_0007,1,CelebDF,celeb_id39,test
vid_000588_03_14__secret_conversation__KJ221YN0,1,DFD,dfd_11,train
vid_000562_15_21__walking_down_indoor_hall_disgust__87WSBJP3,1,DFD,dfd_11,train
vid_007131_id20_id28_0002,1,CelebDF,celeb_id59,train
vid_009208_id40_id41_0002,1,CelebDF,celeb_id39,test
vid_001376_06_18__exit_phone_room__H9445M6R,1,DFD,dfd_11,train
vid_001664_27_02__podium_speech_happy__XFSH3BW7,1,DFD,dfd_11,train
vid_009091_id6_id9_0003,1,CelebDF,celeb_id59,train
vid_006532_id31_id23_0001,1,CelebDF,celeb_id59,train
vid_002732_25_02__exit_phone_room__Z7FQ69VP,1,DFD,dfd_11,train
vid_009812_id24_id22_0001,1,CelebDF,celeb_id59,train
vid_006411_id56_id55_0008,1,CelebDF,celeb_id49,val
vid_009646_id39_id44_0004,1,CelebDF,celeb_id39,test
vid_008026_id31_id29_0002,1,CelebDF,celeb_id59,train
vid_009035_id20_id17_0004,1,CelebDF,celeb_id59,train
vid_008921_id48_id46_0002,1,CelebDF,celeb_id39,test
vid_007279_id21_id28_0005,1,CelebDF,celeb_id59,train
vid_000883_14_06__walking_down_indoor_hall_disgust__8U9ULZDT,1,DFD,dfd_11,train
vid_003617_00130,0,CelebDF,yt_00130,train
vid_005155_id38_id33_0007,1,CelebDF,celeb_id59,train
vid_005007_id20_id31_0002,1,CelebDF,celeb_id59,train
vid_004207_id29_0009,0,CelebDF,celeb_id59,train
vid_005813_id20_id0_0005,1,CelebDF,celeb_id59,train
vid_005125_id58_id55_0004,1,CelebDF,celeb_id49,val
vid_004383_id17_id16_0005,1,CelebDF,celeb_id59,train
vid_009401_id8_id1_0008,1,CelebDF,celeb_id59,train
vid_003232_23__talking_against_wall,0,DFD,dfd_10,val
vid_006251_id9_id17_0000,1,CelebDF,celeb_id59,train
vid_007828_id17_id23_0004,1,CelebDF,celeb_id59,train
vid_008882_id21_id38_0009,1,CelebDF,celeb_id59,train
vid_004001_id30_0009,0,CelebDF,celeb_id59,train
vid_006471_id3_id6_0000,1,CelebDF,celeb_id59,train
vid_005290_id53_id55_0000,1,CelebDF,celeb_id49,val
vid_008240_id3_id35_0001,1,CelebDF,celeb_id59,train
vid_001592_15_04__walking_outside_cafe_disgusted__46TJ9IOJ,1,DFD,dfd_11,train
vid_008934_id24_id21_0002,1,CelebDF,celeb_id59,train
vid_003074_22__walk_down_hall_angry,0,DFD,dfd_10,val
vid_005810_id58_id49_0004,1,CelebDF,celeb_id49,val
vid_004069_id28_0003,0,CelebDF,celeb_id59,train
vid_009603_id1_id17_0006,1,CelebDF,celeb_id59,train
vid_003902_id2_0002,0,CelebDF,celeb_id59,train
vid_005601_id21_id28_0000,1,CelebDF,celeb_id59,train
vid_006590_id20_id16_0002,1,CelebDF,celeb_id59,train
vid_007589_id57_id50_0002,1,CelebDF,celeb_id49,val
vid_009274_id16_id0_0012,1,CelebDF,celeb_id59,train
vid_001801_18_14__exit_phone_room__6SB2BR0A,1,DFD,dfd_11,train
vid_005439_id44_id47_0001,1,CelebDF,celeb_id39,test
vid_006333_id9_id16_0007,1,CelebDF,celeb_id59,train
vid_007473_id1_id35_0002,1,CelebDF,celeb_id59,train
vid_003317_13__talking_angry_couch,0,DFD,dfd_11,train
vid_009782_id27_id20_0004,1,CelebDF,celeb_id59,train
vid_007798_id57_id56_0003,1,CelebDF,celeb_id49,val
vid_006220_id4_id21_0006,1,CelebDF,celeb_id59,train
vid_004984_id26_id4_0003,1,CelebDF,celeb_id59,train
vid_001164_11_01__exit_phone_room__9229VVZ3,1,DFD,dfd_11,train
vid_006230_id41_id46_0006,1,CelebDF,celeb_id39,test
vid_004271_id13_0003,0,CelebDF,celeb_id59,train
vid_001867_21_18__outside_talking_pan_laughing__PQFTWVRQ,1,DFD,dfd_11,train
vid_006497_id51_id55_0001,1,CelebDF,celeb_id49,val
vid_003012_13_15__walking_down_indoor_hall_disgust__X0EIIJF7,1,DFD,dfd_11,train
vid_009877_id39_id43_0003,1,CelebDF,celeb_id39,test
vid_004071_id4_0002,0,CelebDF,celeb_id59,train
vid_004005_id51_0002,0,CelebDF,celeb_id49,val
vid_006813_id6_id4_0005,1,CelebDF,celeb_id59,train
vid_003928_id3_0009,0,CelebDF,celeb_id59,train
vid_001707_18_09__outside_talking_pan_laughing__3VP8836C,1,DFD,dfd_11,train
vid_001210_26_07__walk_down_hall_angry__FGNGC2GT,1,DFD,dfd_11,train
vid_006052_id23_id1_0005,1,CelebDF,celeb_id59,train
vid_003775_id29_0000,0,CelebDF,celeb_id59,train
vid_003348_26__podium_speech_happy,0,DFD,dfd_11,train
vid_001370_16_05__podium_speech_happy__053HPS1G,1,DFD,dfd_05,test
vid_008720_id34_id35_0009,1,CelebDF,celeb_id59,train
vid_005533_id30_id33_0009,1,CelebDF,celeb_id59,train
vid_005342_id56_id58_0006,1,CelebDF,celeb_id49,val
vid_006812_id28_id27_0000,1,CelebDF,celeb_id59,train
vid_003931_id26_0004,0,CelebDF,celeb_id59,train
vid_009762_id9_id1_0000,1,CelebDF,celeb_id59,train
vid_005074_id19_id22_0007,1,CelebDF,celeb_id59,train
vid_001207_13_11__outside_talking_still_laughing__XXKQ4XM0,1,DFD,dfd_11,train
vid_003694_00142,0,CelebDF,yt_00142,train
vid_001940_13_20__talking_against_wall__4SAX54BT,1,DFD,dfd_11,train
vid_005371_id55_id54_0007,1,CelebDF,celeb_id49,val
vid_004301_id54_0004,0,CelebDF,celeb_id49,val
vid_004785_id40_id41_0001,1,CelebDF,celeb_id39,test
vid_008025_id54_id56_0004,1,CelebDF,celeb_id49,val
vid_004248_id60_0000,0,CelebDF,celeb_id59,train
vid_004775_id45_id42_0002,1,CelebDF,celeb_id39,test
vid_000451_10_24__kitchen_still__356HPS7R,1,DFD,dfd_10,val
vid_007414_id28_id23_0003,1,CelebDF,celeb_id59,train
vid_008415_id2_id20_0005,1,CelebDF,celeb_id59,train
vid_007117_id58_id54_0007,1,CelebDF,celeb_id49,val
vid_008863_id4_id35_0003,1,CelebDF,celeb_id59,train
vid_007652_id37_id9_0002,1,CelebDF,celeb_id59,train
vid_006989_id29_id34_0007,1,CelebDF,celeb_id59,train
vid_007254_id58_id55_0002,1,CelebDF,celeb_id49,val
vid_002293_27_18__walking_down_indoor_hall_disgust__NYHE8D0J,1,DFD,dfd_11,train
vid_000429_01_15__walk_down_hall_angry__02HILKYO,1,DFD,dfd_11,train
vid_000789_26_06__walking_outside_cafe_disgusted__L5BVR5L9,1,DFD,dfd_11,train
vid_005775_id20_id0_0003,1,CelebDF,celeb_id59,train
vid_001012_20_14__walk_down_hall_angry__R7SPX6OK,1,DFD,dfd_11,train
vid_002309_07_14__talking_against_wall__P9QFO50U,1,DFD,dfd_11,train
vid_000314_03_18__kitchen_pan__22UBC0BS,1,DFD,dfd_11,train
vid_005480_id35_id37_0006,1,CelebDF,celeb_id59,train
vid_004131_id40_0001,0,CelebDF,celeb_id39,test
vid_006704_id37_id34_0000,1,CelebDF,celeb_id59,train
vid_009871_id17_id3_0007,1,CelebDF,celeb_id59,train
vid_001665_21_01__kitchen_pan__03X7CELV,1,DFD,dfd_11,train
vid_007292_id20_id2_0008,1,CelebDF,celeb_id59,train
vid_007835_id59_id5_0002,1,CelebDF,celeb_id59,train
vid_009824_id30_id6_0008,1,CelebDF,celeb_id59,train
vid_001053_03_15__walk_down_hall_angry__5C1OMK8W,1,DFD,dfd_11,train
vid_007861_id54_id58_0009,1,CelebDF,celeb_id49,val
vid_007356_id17_id30_0009,1,CelebDF,celeb_id59,train
vid_005359_id47_id48_0001,1,CelebDF,celeb_id39,test
vid_001050_22_10__secret_conversation__PUJR4HJ1,1,DFD,dfd_10,val
vid_007252_id56_id52_0000,1,CelebDF,celeb_id49,val
vid_009286_id30_id3_0002,1,CelebDF,celeb_id59,train
vid_007646_id35_id38_0004,1,CelebDF,celeb_id59,train
vid_003498_00073,0,CelebDF,yt_00073,train
vid_003751_id0_0002,0,CelebDF,celeb_id59,train
vid_004417_id22_id24_0005,1,CelebDF,celeb_id59,train
vid_003131_27__meeting_serious,0,DFD,dfd_11,train
vid_001241_06_12__talking_against_wall__0VR4Y891,1,DFD,dfd_11,train
vid_006209_id38_id28_0008,1,CelebDF,celeb_id59,train
vid_000696_02_01__talking_against_wall__YVGY8LOK,1,DFD,dfd_11,train
vid_008064_id6_id35_0007,1,CelebDF,celeb_id59,train
vid_003870_id5_0009,0,CelebDF,celeb_id59,train
vid_009289_id21_id37_0004,1,CelebDF,celeb_id59,train
vid_002030_14_12__outside_talking_pan_laughing__Z7EWFA0P,1,DFD,dfd_11,train
vid_002334_17_05__kitchen_pan__C4VHXZFY,1,DFD,dfd_05,test
vid_002200_18_06__walking_outside_cafe_disgusted__XJ76YU5A,1,DFD,dfd_11,train
vid_001674_13_20__outside_talking_pan_laughing__43KAHOT2,1,DFD,dfd_11,train
vid_008802_id21_id29_0006,1,CelebDF,celeb_id59,train
vid_001817_14_15__outside_talking_pan_laughing__3FRJCJ0V,1,DFD,dfd_11,train
vid_007633_id30_id35_0006,1,CelebDF,celeb_id59,train
vid_002027_26_07__talking_against_wall__FGNGC2GT,1,DFD,dfd_11,train
vid_003133_16__outside_talking_pan_laughing,0,DFD,dfd_05,test
vid_006171_id21_id17_0004,1,CelebDF,celeb_id59,train
vid_007804_id46_id47_0004,1,CelebDF,celeb_id39,test
vid_000183_15_02__hugging_happy__MZWH8ATN,1,DFD,dfd_11,train
vid_006008_id3_id23_0008,1,CelebDF,celeb_id59,train
vid_009377_id38_id21_0005,1,CelebDF,celeb_id59,train
vid_001530_23_22__walking_down_street_outside_angry__AKZRL2QD,1,DFD,dfd_10,val
vid_007367_id4_id0_0000,1,CelebDF,celeb_id59,train
vid_002434_11_18__secret_conversation__PT4YKO2R,1,DFD,dfd_11,train
vid_006916_id28_id2_0000,1,CelebDF,celeb_id59,train
vid_006356_id54_id52_0005,1,CelebDF,celeb_id49,val
vid_002603_13_09__kitchen_still__NDMHWBT1,1,DFD,dfd_11,train
vid_000793_09_14__outside_talking_still_laughing__FRY0IZ4R,1,DFD,dfd_11,train
vid_001654_15_12__walk_down_hall_angry__N0SRODQD,1,DFD,dfd_11,train
vid_007038_id32_id33_0009,1,CelebDF,celeb_id59,train
vid_001937_06_18__kitchen_pan__XJ76YU5A,1,DFD,dfd_11,train
vid_006153_id33_id29_0004,1,CelebDF,celeb_id59,train
vid_008994_id1_id6_0005,1,CelebDF,celeb_id59,train
vid_001150_04_26__talking_angry_couch__WX836VLY,1,DFD,dfd_11,train
vid_005469_id54_id57_0003,1,CelebDF,celeb_id49,val
vid_009238_id31_id16_0003,1,CelebDF,celeb_id59,train
vid_003846_id33_0003,0,CelebDF,celeb_id59,train
vid_000409_06_03__kitchen_pan__2XWC5JED,1,DFD,dfd_11,train
vid_007901_id31_id3_0002,1,CelebDF,celeb_id59,train
vid_004638_id45_id44_0002,1,CelebDF,celeb_id39,test
vid_007277_id21_id24_0006,1,CelebDF,celeb_id59,train
vid_009880_id43_id44_0009,1,CelebDF,celeb_id39,test
vid_009658_id41_id40_0006,1,CelebDF,celeb_id39,test
vid_008221_id16_id37_0004,1,CelebDF,celeb_id59,train
vid_001345_14_03__walking_down_indoor_hall_disgust__KJ221YN0,1,DFD,dfd_11,train
vid_009728_id50_id55_0007,1,CelebDF,celeb_id49,val
vid_003409_09__podium_speech_happy,0,DFD,dfd_11,train
vid_007214_id21_id27_0002,1,CelebDF,celeb_id59,train
vid_004888_id45_id42_0006,1,CelebDF,celeb_id39,test
vid_000693_27_07__walking_down_street_outside_angry__3RH5PR6S,1,DFD,dfd_11,train
vid_007459_id35_id33_0007,1,CelebDF,celeb_id59,train
vid_000103_07_02__hugging_happy__1JCLEEBQ,1,DFD,dfd_11,train
vid_004663_id26_id1_0000,1,CelebDF,celeb_id59,train
vid_005828_id30_id9_0006,1,CelebDF,celeb_id59,train
vid_001033_06_02__talking_angry_couch__J1W9R0NG,1,DFD,dfd_11,train
vid_000985_14_18__kitchen_pan__A5A1Q467,1,DFD,dfd_11,train
vid_002991_14_13__kitchen_still__KMQ3AW6A,1,DFD,dfd_11,train
vid_005650_id4_id20_0003,1,CelebDF,celeb_id59,train
vid_005825_id44_id48_0004,1,CelebDF,celeb_id39,test
vid_009735_id26_id28_0003,1,CelebDF,celeb_id59,train
vid_002571_02_15__meeting_serious__HTG660F8,1,DFD,dfd_11,train
vid_005510_id30_id16_0008,1,CelebDF,celeb_id59,train
vid_002095_03_09__outside_talking_still_laughing__8DTEGQ54,1,DFD,dfd_11,train
vid_008931_id25_id21_0005,1,CelebDF,celeb_id59,train
vid_006421_id28_id33_0008,1,CelebDF,celeb_id59,train
vid_003255_16__kitchen_still,0,DFD,dfd_05,test
vid_009681_id23_id17_0006,1,CelebDF,celeb_id59,train
vid_003814_id47_0009,0,CelebDF,celeb_id39,test
vid_005325_id30_id38_0005,1,CelebDF,celeb_id59,train
vid_004687_id30_id33_0006,1,CelebDF,celeb_id59,train
vid_007812_id49_id56_0008,1,CelebDF,celeb_id49,val
vid_003002_21_09__podium_speech_happy__J7SQKGUR,1,DFD,dfd_11,train
vid_002866_18_04__walking_outside_cafe_disgusted__6J3ZFEJQ,1,DFD,dfd_11,train
vid_007874_id29_id38_0005,1,CelebDF,celeb_id59,train
vid_008403_id26_id30_0003,1,CelebDF,celeb_id59,train
vid_001476_12_06__walk_down_hall_angry__3K21NFNM,1,DFD,dfd_11,train
vid_008380_id17_id31_0004,1,CelebDF,celeb_id59,train
vid_004116_id27_0003,0,CelebDF,celeb_id59,train
vid_001258_11_04__outside_talking_still_laughing__60BU0X0I,1,DFD,dfd_11,train
vid_004290_id33_0007,0,CelebDF,celeb_id59,train
vid_002596_25_06__outside_talking_still_laughing__MI9BDQ7M,1,DFD,dfd_11,train
vid_008412_id45_id48_0007,1,CelebDF,celeb_id39,test
vid_003457_00004,0,CelebDF,yt_00004,train
vid_003570_00051,0,CelebDF,yt_00051,train
vid_001190_27_06__walking_outside_cafe_disgusted__S3T7SK9O,1,DFD,dfd_11,train
vid_004959_id26_id25_0004,1,CelebDF,celeb_id59,train
vid_005815_id55_id50_0004,1,CelebDF,celeb_id49,val
vid_006126_id23_id35_0004,1,CelebDF,celeb_id59,train
vid_000259_02_09__kitchen_pan__HIH8YA82,1,DFD,dfd_11,train
vid_008625_id35_id29_0000,1,CelebDF,celeb_id59,train
vid_005910_id6_id16_0000,1,CelebDF,celeb_id59,train
vid_008079_id20_id9_0000,1,CelebDF,celeb_id59,train
vid_008489_id45_id48_0008,1,CelebDF,celeb_id39,test
vid_003456_00183,0,CelebDF,yt_00183,train
vid_004955_id21_id32_0006,1,CelebDF,celeb_id59,train
vid_005230_id20_id24_0003,1,CelebDF,celeb_id59,train
vid_002604_15_14__walking_and_outside_surprised__OMLZILK3,1,DFD,dfd_11,train
vid_008842_id46_id41_0008,1,CelebDF,celeb_id39,test
vid_000142_18_11__walking_down_street_outside_angry__PT4YKO2R,1,DFD,dfd_11,train
vid_004852_id47_id46_0005,1,CelebDF,celeb_id39,test
vid_008342_id38_id33_0008,1,CelebDF,celeb_id59,train
vid_008220_id24_id25_0005,1,CelebDF,celeb_id59,train
vid_001648_14_07__podium_speech_happy__VOX29AK0,1,DFD,dfd_11,train
vid_006222_id17_id3_0004,1,CelebDF,celeb_id59,train
vid_004989_id40_id39_0006,1,CelebDF,celeb_id39,test
vid_002339_21_12__kitchen_pan__ME7E3R1D,1,DFD,dfd_11,train
vid_000695_03_14__secret_conversation__0O9TTCJT,1,DFD,dfd_11,train
vid_003147_24__talking_angry_couch,0,DFD,dfd_10,val
vid_005424_id27_id24_0008,1,CelebDF,celeb_id59,train
vid_009468_id30_id16_0009,1,CelebDF,celeb_id59,train
vid_004325_id3_id21_0004,1,CelebDF,celeb_id59,train
vid_001985_14_18__talking_against_wall__A5A1Q467,1,DFD,dfd_11,train
vid_004634_id41_id47_0001,1,CelebDF,celeb_id39,test
vid_001240_01_11__hugging_happy__P06JKA75,1,DFD,dfd_11,train
vid_006744_id47_id45_0004,1,CelebDF,celeb_id39,test
vid_002730_02_07__exit_phone_room__1JCLEEBQ,1,DFD,dfd_11,train
vid_001955_21_12__outside_talking_pan_laughing__ME7E3R1D,1,DFD,dfd_11,train
vid_008733_id39_id40_0007,1,CelebDF,celeb_id39,test
vid_006508_id45_id40_0000,1,CelebDF,celeb_id39,test
vid_002713_15_03__talking_against_wall__Q14RO7M7,1,DFD,dfd_11,train
vid_004553_id47_id46_0004,1,CelebDF,celeb_id39,test
vid_009071_id28_id37_0004,1,CelebDF,celeb_id59,train
vid_005879_id44_id46_0001,1,CelebDF,celeb_id39,test
vid_000022_22_23__walking_and_outside_surprised__NUTQ0HJ5,1,DFD,dfd_10,val
vid_004534_id46_id48_0009,1,CelebDF,celeb_id39,test
vid_003020_14_26__secret_conversation__ILLP29ZH,1,DFD,dfd_11,train
vid_000665_13_02__outside_talking_pan_laughing__2YSYT2N3,1,DFD,dfd_11,train
vid_001986_12_13__outside_talking_still_laughing__N8IGC93J,1,DFD,dfd_11,train
vid_005406_id52_id55_0005,1,CelebDF,celeb_id49,val
vid_009622_id28_id32_0001,1,CelebDF,celeb_id59,train
vid_006799_id31_id9_0001,1,CelebDF,celeb_id59,train
vid_002522_12_25__walk_down_hall_angry__I2X1XTCC,1,DFD,dfd_11,train
vid_004563_id40_id46_0000,1,CelebDF,celeb_id39,test
vid_006731_id17_id35_0007,1,CelebDF,celeb_id59,train
vid_002168_06_18__walking_down_street_outside_angry__MVXBDKGB,1,DFD,dfd_11,train
vid_001089_24_23__talking_angry_couch__YR5OVD4S,1,DFD,dfd_10,val
vid_002548_03_11__exit_phone_room__P08VGHTA,1,DFD,dfd_11,train
vid_007246_id0_id3_0007,1,CelebDF,celeb_id59,train
vid_004411_id40_id48_0001,1,CelebDF,celeb_id39,test
vid_002851_03_13__meeting_serious__GBYWJW06,1,DFD,dfd_11,train
vid_008135_id53_id57_0005,1,CelebDF,celeb_id49,val
vid_004128_id31_0005,0,CelebDF,celeb_id59,train
vid_003588_00052,0,CelebDF,yt_00052,train
vid_000293_20_01__secret_conversation__6UBMLXK3,1,DFD,dfd_11,train
vid_002428_20_07__walking_and_outside_surprised__9I0WSUJV,1,DFD,dfd_11,train
vid_004761_id51_id54_0001,1,CelebDF,celeb_id49,val
vid_002093_21_07__exit_phone_room__K7KXUHMU,1,DFD,dfd_11,train
vid_006487_id3_id31_0001,1,CelebDF,celeb_id59,train
vid_008750_id38_id30_0009,1,CelebDF,celeb_id59,train
vid_009733_id33_id30_0003,1,CelebDF,celeb_id59,train
vid_006254_id38_id33_0001,1,CelebDF,celeb_id59,train
vid_009454_id35_id38_0000,1,CelebDF,celeb_id59,train
vid_004429_id33_id37_0005,1,CelebDF,celeb_id59,train
vid_003889_id59_0000,0,CelebDF,celeb_id59,train
vid_004859_id56_id50_0000,1,CelebDF,celeb_id49,val
vid_009680_id33_id29_0009,1,CelebDF,celeb_id59,train
vid_004748_id9_id37_0006,1,CelebDF,celeb_id59,train
vid_009495_id34_id31_0000,1,CelebDF,celeb_id59,train
vid_005631_id32_id30_0003,1,CelebDF,celeb_id59,train
vid_007825_id23_id28_0009,1,CelebDF,celeb_id59,train
vid_003847_id29_0001,0,CelebDF,celeb_id59,train
vid_000340_15_21__outside_talking_pan_laughing__87WSBJP3,1,DFD,dfd_11,train
vid_004046_id21_0004,0,CelebDF,celeb_id59,train
vid_007220_id29_id21_0000,1,CelebDF,celeb_id59,train
vid_003730_00158,0,CelebDF,yt_00158,train
vid_003922_id35_0002,0,CelebDF,celeb_id59,train
vid_001268_23_10__outside_talking_still_laughing__CU6SNBFZ,1,DFD,dfd_10,val
vid_003189_07__podium_speech_happy,0,DFD,dfd_11,train
vid_002633_26_09__kitchen_pan__C3K20JOL,1,DFD,dfd_11,train
vid_007733_id4_id3_0005,1,CelebDF,celeb_id59,train
vid_006404_id29_id20_0007,1,CelebDF,celeb_id59,train
vid_000641_15_20__kitchen_pan__99NHTFBM,1,DFD,dfd_11,train
vid_000359_14_03__exit_phone_room__0O9TTCJT,1,DFD,dfd_11,train
vid_004093_id55_0007,0,CelebDF,celeb_id49,val
vid_007705_id49_id56_0005,1,CelebDF,celeb_id49,val
vid_008633_id32_id34_0005,1,CelebDF,celeb_id59,train
vid_007932_id30_id3_0001,1,CelebDF,celeb_id59,train
vid_005900_id53_id58_0000,1,CelebDF,celeb_id49,val
vid_000737_18_14__outside_talking_still_laughing__6SB2BR0A,1,DFD,dfd_11,train
vid_002674_01_20__hugging_happy__FW94AIMJ,1,DFD,dfd_11,train
vid_006653_id31_id28_0002,1,CelebDF,celeb_id59,train
vid_005681_id48_id47_0006,1,CelebDF,celeb_id39,test
vid_001733_27_26__talking_angry_couch__IE9N0ZI9,1,DFD,dfd_11,train
vid_007457_id56_id55_0003,1,CelebDF,celeb_id49,val
vid_003605_00016,0,CelebDF,yt_00016,train
vid_001131_13_04__talking_against_wall__00T3UYOR,1,DFD,dfd_11,train
vid_008500_id52_id55_0004,1,CelebDF,celeb_id49,val
vid_005629_id30_id16_0001,1,CelebDF,celeb_id59,train
vid_007488_id44_id45_0002,1,CelebDF,celeb_id39,test
vid_005842_id27_id21_0000,1,CelebDF,celeb_id59,train
vid_001111_01_26__exit_phone_room__BTVMWLG6,1,DFD,dfd_11,train
vid_009301_id23_id26_0001,1,CelebDF,celeb_id59,train
vid_002301_12_13__secret_conversation__2TM4IFSF,1,DFD,dfd_11,train
vid_008313_id53_id55_0004,1,CelebDF,celeb_id49,val
vid_009910_id37_id2_0000,1,CelebDF,celeb_id59,train
vid_007620_id42_id40_0003,1,CelebDF,celeb_id39,test
vid_009886_id2_id3_0006,1,CelebDF,celeb_id59,train
vid_000155_20_09__kitchen_pan__HG1S0KHA,1,DFD,dfd_11,train
vid_003277_02__exit_phone_room,0,DFD,dfd_11,train
vid_005823_id0_id1_0007,1,CelebDF,celeb_id59,train
vid_007256_id0_id1_0006,1,CelebDF,celeb_id59,train
vid_002015_15_06__talking_against_wall__QRCD27P8,1,DFD,dfd_11,train
vid_002539_21_02__outside_talking_still_laughing__Z0XHPQAR,1,DFD,dfd_11,train
vid_004758_id30_id1_0009,1,CelebDF,celeb_id59,train
vid_009756_id10_id12_0004,1,CelebDF,celeb_id59,train
vid_003080_02__kitchen_still,0,DFD,dfd_11,train
vid_009327_id54_id56_0008,1,CelebDF,celeb_id49,val
vid_007553_id28_id3_0003,1,CelebDF,celeb_id59,train
vid_009764_id52_id50_0005,1,CelebDF,celeb_id49,val
vid_000167_05_17__talking_against_wall__YTJYYDO9,1,DFD,dfd_05,test
vid_004255_id28_0008,0,CelebDF,celeb_id59,train
vid_002660_15_06__hugging_happy__E98QYYXO,1,DFD,dfd_11,train
vid_000256_03_11__walk_down_hall_angry__P08VGHTA,1,DFD,dfd_11,train
vid_003123_03__kitchen_pan,0,DFD,dfd_11,train
vid_008943_id2_id4_0009,1,CelebDF,celeb_id59,train
vid_003802_id12_0004,0,CelebDF,celeb_id59,train
vid_007172_id3_id16_0002,1,CelebDF,celeb_id59,train
vid_004423_id3_id17_0005,1,CelebDF,celeb_id59,train
vid_002796_26_04__outside_talking_pan_laughing__WX836VLY,1,DFD,dfd_11,train
vid_001730_01_04__walking_and_outside_surprised__GBC7ZGDP,1,DFD,dfd_11,train
vid_007943_id3_id21_0003,1,CelebDF,celeb_id59,train
vid_009706_id28_id4_0004,1,CelebDF,celeb_id59,train
vid_005464_id28_id1_0004,1,CelebDF,celeb_id59,train
vid_009538_id17_id26_0001,1,CelebDF,celeb_id59,train
vid_006755_id50_id56_0001,1,CelebDF,celeb_id49,val
vid_006454_id31_id29_0000,1,CelebDF,celeb_id59,train
vid_004993_id45_id42_0000,1,CelebDF,celeb_id39,test
vid_007171_id49_id57_0007,1,CelebDF,celeb_id49,val
vid_006134_id35_id28_0009,1,CelebDF,celeb_id59,train
vid_008442_id0_id2_0005,1,CelebDF,celeb_id59,train
vid_006935_id33_id35_0000,1,CelebDF,celeb_id59,train
vid_006941_id37_id31_0007,1,CelebDF,celeb_id59,train
vid_009456_id32_id30_0006,1,CelebDF,celeb_id59,train
vid_009332_id20_id32_0006,1,CelebDF,celeb_id59,train
vid_004021_id26_0005,0,CelebDF,celeb_id59,train
vid_008630_id48_id44_0001,1,CelebDF,celeb_id39,test
vid_008436_id16_id9_0003,1,CelebDF,celeb_id59,train
vid_004097_id8_0007,0,CelebDF,celeb_id59,train
vid_007805_id35_id6_0000,1,CelebDF,celeb_id59,train
vid_001159_02_09__meeting_serious__9TDCEK1Q,1,DFD,dfd_11,train
vid_008748_id33_id20_0009,1,CelebDF,celeb_id59,train
vid_001571_12_26__walking_outside_cafe_disgusted__OTKIGGFE,1,DFD,dfd_11,train
vid_009558_id58_id56_0006,1,CelebDF,celeb_id49,val
vid_005442_id26_id2_0006,1,CelebDF,celeb_id59,train
vid_003964_id0_0003,0,CelebDF,celeb_id59,train
vid_007261_id20_id2_0001,1,CelebDF,celeb_id59,train
vid_005315_id32_id23_0007,1,CelebDF,celeb_id59,train
vid_000780_07_06__talking_against_wall__NMGYPBXE,1,DFD,dfd_11,train
vid_003976_id21_0009,0,CelebDF,celeb_id59,train
vid_007938_id29_id20_0006,1,CelebDF,celeb_id59,train
vid_007402_id45_id43_0004,1,CelebDF,celeb_id39,test
vid_004863_id49_id50_0001,1,CelebDF,celeb_id49,val
vid_005000_id60_id5_0003,1,CelebDF,celeb_id59,train
vid_006564_id3_id16_0006,1,CelebDF,celeb_id59,train
vid_004094_id60_0003,0,CelebDF,celeb_id59,train
vid_008790_id35_id29_0002,1,CelebDF,celeb_id59,train
vid_003625_00129,0,CelebDF,yt_00129,train
vid_003708_00201,0,CelebDF,yt_00201,train
vid_004419_id52_id50_0007,1,CelebDF,celeb_id49,val
vid_008194_id28_id38_0008,1,CelebDF,celeb_id59,train
vid_003477_00296,0,CelebDF,yt_00296,train
vid_009857_id51_id50_0008,1,CelebDF,celeb_id49,val
vid_003573_00046,0,CelebDF,yt_00046,train
vid_006483_id38_id31_0008,1,CelebDF,celeb_id59,train
vid_001923_04_06__kitchen_still__ZK95PQDE,1,DFD,dfd_11,train
vid_000143_23_22__outside_talking_pan_laughing__J671JKCH,1,DFD,dfd_10,val
vid_003633_00220,0,CelebDF,yt_00220,train
vid_009207_id56_id52_0001,1,CelebDF,celeb_id49,val
vid_004378_id7_id11_0000,1,CelebDF,celeb_id59,train
vid_001396_21_07__exit_phone_room__MKU99DVX,1,DFD,dfd_11,train
vid_008922_id53_id56_0000,1,CelebDF,celeb_id49,val
vid_001388_17_08__podium_speech_happy__JZYRLJ8T,1,DFD,dfd_05,test
vid_000838_27_01__talking_against_wall__ZYCZ30C0,1,DFD,dfd_11,train
vid_002531_18_06__walking_down_street_outside_angry__UIQG2RF4,1,DFD,dfd_11,train
vid_008322_id50_id57_0009,1,CelebDF,celeb_id49,val
vid_005853_id1_id30_0001,1,CelebDF,celeb_id59,train
vid_005709_id51_id53_0008,1,CelebDF,celeb_id49,val
vid_003150_02__podium_speech_happy,0,DFD,dfd_11,train
vid_009085_id24_id28_0009,1,CelebDF,celeb_id59,train
vid_000194_02_13__walking_and_outside_surprised__CP5HFV3K,1,DFD,dfd_11,train
vid_008179_id17_id31_0005,1,CelebDF,celeb_id59,train
vid_003702_00081,0,CelebDF,yt_00081,train
vid_003572_00059,0,CelebDF,yt_00059,train
vid_007809_id6_id3_0008,1,CelebDF,celeb_id59,train
vid_004456_id51_id49_0000,1,CelebDF,celeb_id49,val
vid_009713_id4_id37_0008,1,CelebDF,celeb_id59,train
vid_007921_id21_id25_0005,1,CelebDF,celeb_id59,train
vid_006506_id30_id20_0000,1,CelebDF,celeb_id59,train
vid_005836_id4_id6_0001,1,CelebDF,celeb_id59,train
vid_001689_05_17__walking_down_street_outside_angry__M3H96PDQ,1,DFD,dfd_05,test
vid_005986_id41_id45_0005,1,CelebDF,celeb_id39,test
vid_007757_id9_id28_0005,1,CelebDF,celeb_id59,train
vid_007981_id19_id25_0001,1,CelebDF,celeb_id59,train
vid_001020_18_06__podium_speech_happy__DEA1TCLN,1,DFD,dfd_11,train
vid_009432_id45_id42_0005,1,CelebDF,celeb_id39,test
vid_000673_04_15__talking_angry_couch__46TJ9IOJ,1,DFD,dfd_11,train
vid_005163_id27_id26_0007,1,CelebDF,celeb_id59,train
vid_004525_id20_id16_0006,1,CelebDF,celeb_id59,train
vid_001341_02_13__talking_angry_couch__AROBAY8R,1,DFD,dfd_11,train
vid_000250_27_06__walk_down_hall_angry__S3T7SK9O,1,DFD,dfd_11,train
vid_005214_id49_id52_0003,1,CelebDF,celeb_id49,val
vid_006939_id23_id37_0008,1,CelebDF,celeb_id59,train
vid_003235_15__walk_down_hall_angry,0,DFD,dfd_11,train
vid_007101_id24_id21_0009,1,CelebDF,celeb_id59,train
vid_005211_id16_id2_0013,1,CelebDF,celeb_id59,train
vid_009128_id2_id0_0006,1,CelebDF,celeb_id59,train
vid_001447_01_11__outside_talking_still_laughing__4OJNJLOO,1,DFD,dfd_11,train
vid_008773_id20_id31_0007,1,CelebDF,celeb_id59,train
vid_002011_11_13__kitchen_pan__XXKQ4XM0,1,DFD,dfd_11,train
vid_004868_id26_id32_0003,1,CelebDF,celeb_id59,train
vid_008274_id35_id2_0003,1,CelebDF,celeb_id59,train
vid_006490_id35_id30_0003,1,CelebDF,celeb_id59,train
vid_000728_02_06__walk_down_hall_angry__0M6JNS5D,1,DFD,dfd_11,train
vid_007130_id40_id43_0009,1,CelebDF,celeb_id39,test
vid_003087_20__outside_talking_still_laughing,0,DFD,dfd_11,train
vid_001383_05_08__talking_against_wall__BGI70HJ5,1,DFD,dfd_05,test
vid_005102_id31_id4_0009,1,CelebDF,celeb_id59,train
vid_005542_id28_id17_0000,1,CelebDF,celeb_id59,train
vid_005287_id6_id3_0004,1,CelebDF,celeb_id59,train
vid_009296_id29_id30_0002,1,CelebDF,celeb_id59,train
vid_009245_id45_id40_0004,1,CelebDF,celeb_id39,test
vid_008319_id4_id26_0008,1,CelebDF,celeb_id59,train
vid_002701_13_25__outside_talking_still_laughing__IW9OFVMG,1,DFD,dfd_11,train
vid_004926_id39_id46_0007,1,CelebDF,celeb_id39,test
vid_009228_id56_id49_0007,1,CelebDF,celeb_id49,val
vid_007397_id28_id34_0008,1,CelebDF,celeb_id59,train
vid_003078_22__outside_talking_pan_laughing,0,DFD,dfd_10,val
vid_003365_23__walking_down_indoor_hall_disgust,0,DFD,dfd_10,val
vid_003907_id41_0007,0,CelebDF,celeb_id39,test
vid_002988_10_23__exit_phone_room__W4BDINQ5,1,DFD,dfd_10,val
vid_004810_id23_id31_0005,1,CelebDF,celeb_id59,train
vid_001676_12_15__talking_angry_couch__RK17XFJ9,1,DFD,dfd_11,train
vid_005142_id30_id38_0002,1,CelebDF,celeb_id59,train
vid_007829_id23_id19_0007,1,CelebDF,celeb_id59,train
vid_002324_13_07__secret_conversation__RVQCPCJF,1,DFD,dfd_11,train
vid_002917_05_16__talking_against_wall__U9WZI5LK,1,DFD,dfd_05,test
vid_009641_id51_id53_0007,1,CelebDF,celeb_id49,val
vid_009583_id26_id27_0004,1,CelebDF,celeb_id59,train
vid_003352_28__kitchen_pan,0,DFD,dfd_05,test
vid_006758_id19_id20_0008,1,CelebDF,celeb_id59,train
vid_009707_id38_id30_0003,1,CelebDF,celeb_id59,train
vid_006184_id35_id4_0009,1,CelebDF,celeb_id59,train
vid_006114_id1_id0_0003,1,CelebDF,celeb_id59,train
vid_006116_id1_id28_0005,1,CelebDF,celeb_id59,train
vid_002487_06_15__walking_outside_cafe_disgusted__QRCD27P8,1,DFD,dfd_11,train
vid_009901_id19_id22_0005,1,CelebDF,celeb_id59,train
vid_008638_id3_id9_0008,1,CelebDF,celeb_id59,train
vid_002263_02_07__walking_and_outside_surprised__1VMZUH1W,1,DFD,dfd_11,train
vid_008796_id30_id32_0005,1,CelebDF,celeb_id59,train
vid_006587_id51_id50_0005,1,CelebDF,celeb_id49,val
vid_004103_id33_0000,0,CelebDF,celeb_id59,train
vid_003983_id22_0009,0,CelebDF,celeb_id59,train
vid_000264_23_19__walking_and_outside_surprised__H4SUVFTL,1,DFD,dfd_10,val
vid_006056_id16_id0_0005,1,CelebDF,celeb_id59,train
vid_001259_14_21__walking_and_outside_surprised__N0WM4GSV,1,DFD,dfd_11,train
vid_008651_id3_id4_0006,1,CelebDF,celeb_id59,train
vid_004336_id20_id3_0004,1,CelebDF,celeb_id59,train
vid_007777_id17_id3_0003,1,CelebDF,celeb_id59,train
vid_005090_id29_id28_0007,1,CelebDF,celeb_id59,train
vid_000249_12_21__kitchen_still__ME7E3R1D,1,DFD,dfd_11,train
vid_007756_id8_id6_0002,1,CelebDF,celeb_id59,train
vid_007985_id19_id24_0009,1,CelebDF,celeb_id59,train
vid_002265_14_03__kitchen_still__0O9TTCJT,1,DFD,dfd_11,train
vid_002441_07_04__hugging_happy__ITC0C48B,1,DFD,dfd_11,train
vid_002914_25_12__walking_outside_cafe_disgusted__3PS32GAH,1,DFD,dfd_11,train
vid_005656_id38_id31_0001,1,CelebDF,celeb_id59,train
vid_002510_24_19__podium_speech_happy__OF8LF68K,1,DFD,dfd_10,val
vid_002582_24_22__walk_down_hall_angry__7E3GY85F,1,DFD,dfd_10,val
vid_001415_15_14__kitchen_pan__4SO1CSAM,1,DFD,dfd_11,train
vid_009697_id40_id48_0005,1,CelebDF,celeb_id39,test
vid_002558_02_07__kitchen_still__1ZE4HC06,1,DFD,dfd_11,train
vid_001726_27_25__walking_and_outside_surprised__1KU29EUL,1,DFD,dfd_11,train
vid_009930_id28_id19_0008,1,CelebDF,celeb_id59,train
vid_005715_id4_id26_0001,1,CelebDF,celeb_id59,train
vid_006742_id21_id20_0000,1,CelebDF,celeb_id59,train
vid_003635_00213,0,CelebDF,yt_00213,train
vid_000245_01_21__talking_angry_couch__03X7CELV,1,DFD,dfd_11,train
vid_008451_id26_id22_0005,1,CelebDF,celeb_id59,train
vid_000423_02_25__outside_talking_still_laughing__Z7FQ69VP,1,DFD,dfd_11,train
vid_006423_id6_id17_0008,1,CelebDF,celeb_id59,train
vid_007500_id28_id6_0007,1,CelebDF,celeb_id59,train
vid_005416_id32_id37_0009,1,CelebDF,celeb_id59,train
vid_001321_20_25__exit_phone_room__M86GQTHK,1,DFD,dfd_11,train
vid_009834_id46_id45_0006,1,CelebDF,celeb_id39,test
vid_004832_id13_id7_0008,1,CelebDF,celeb_id59,train
vid_008113_id16_id21_0007,1,CelebDF,celeb_id59,train
vid_007764_id29_id33_0009,1,CelebDF,celeb_id59,train
vid_006869_id31_id30_0005,1,CelebDF,celeb_id59,train
vid_004399_id48_id40_0001,1,CelebDF,celeb_id39,test
vid_002008_21_14__walk_down_hall_angry__N0WM4GSV,1,DFD,dfd_11,train
vid_005072_id9_id16_0008,1,CelebDF,celeb_id59,train
vid_000479_12_26__podium_speech_happy__FWFQ5YB8,1,DFD,dfd_11,train
vid_009884_id39_id47_0008,1,CelebDF,celeb_id39,test
vid_000976_04_15__kitchen_pan__46TJ9IOJ,1,DFD,dfd_11,train
vid_003253_04__walking_down_street_outside_angry,0,DFD,dfd_11,train
vid_007248_id2_id3_0004,1,CelebDF,celeb_id59,train
vid_008487_id22_id23_0001,1,CelebDF,celeb_id59,train
vid_008395_id23_id6_0006,1,CelebDF,celeb_id59,train
vid_006753_id35_id37_0007,1,CelebDF,celeb_id59,train
vid_002532_02_15__outside_talking_still_laughing__HTG660F8,1,DFD,dfd_11,train
vid_006445_id31_id29_0003,1,CelebDF,celeb_id59,train
vid_002473_18_26__walk_down_hall_angry__UMEX6HWU,1,DFD,dfd_11,train
vid_000724_13_12__walking_down_indoor_hall_disgust__2TM4IFSF,1,DFD,dfd_11,train
vid_008391_id52_id57_0001,1,CelebDF,celeb_id49,val
vid_000273_04_01__walking_down_street_outside_angry__0XUW13RW,1,DFD,dfd_11,train
vid_003211_01__talking_angry_couch,0,DFD,dfd_11,train
vid_005800_id31_id37_0000,1,CelebDF,celeb_id59,train
vid_004624_id37_id28_0006,1,CelebDF,celeb_id59,train
vid_008142_id2_id9_0005,1,CelebDF,celeb_id59,train
vid_000255_02_27__meeting_serious__QW05XUUZ,1,DFD,dfd_11,train
vid_009532_id23_id20_0006,1,CelebDF,celeb_id59,train
vid_009166_id0_id1_0005,1,CelebDF,celeb_id59,train
vid_008432_id49_id50_0004,1,CelebDF,celeb_id49,val
vid_004686_id23_id24_0009,1,CelebDF,celeb_id59,train
vid_004344_id38_id32_0007,1,CelebDF,celeb_id59,train
vid_003838_id54_0002,0,CelebDF,celeb_id49,val
vid_009581_id23_id37_0009,1,CelebDF,celeb_id59,train
vid_008721_id17_id16_0000,1,CelebDF,celeb_id59,train
vid_004654_id2_id21_0007,1,CelebDF,celeb_id59,train
vid_000701_09_20__walk_down_hall_angry__MKEWB4SM,1,DFD,dfd_11,train
vid_005690_id28_id16_0007,1,CelebDF,celeb_id59,train
vid_001277_03_09__outside_talking_pan_laughing__8DTEGQ54,1,DFD,dfd_11,train
vid_006981_id2_id21_0003,1,CelebDF,celeb_id59,train
vid_006216_id45_id48_0004,1,CelebDF,celeb_id39,test
vid_004233_id38_0008,0,CelebDF,celeb_id59,train
vid_004644_id55_id51_0004,1,CelebDF,celeb_id49,val
vid_009273_id23_id6_0000,1,CelebDF,celeb_id59,train
vid_001409_18_02__secret_conversation__OXMEEFUQ,1,DFD,dfd_11,train
vid_007160_id0_id4_0002,1,CelebDF,celeb_id59,train
vid_002789_27_26__meeting_serious__IE9N0ZI9,1,DFD,dfd_11,train
vid_007956_id39_id45_0005,1,CelebDF,celeb_id39,test
vid_008015_id7_id12_0002,1,CelebDF,celeb_id59,train
vid_005736_id24_id26_0008,1,CelebDF,celeb_id59,train
vid_002479_18_26__talking_against_wall__UMEX6HWU,1,DFD,dfd_11,train
vid_001593_09_11__podium_speech_happy__INNOT5UE,1,DFD,dfd_11,train
vid_000485_11_01__talking_angry_couch__LL4RUKZA,1,DFD,dfd_11,train
vid_008503_id2_id23_0008,1,CelebDF,celeb_id59,train
vid_002282_07_09__kitchen_pan__N9CWME71,1,DFD,dfd_11,train
vid_006669_id28_id23_0000,1,CelebDF,celeb_id59,train
vid_002063_07_09__secret_conversation__N9CWME71,1,DFD,dfd_11,train
vid_008747_id26_id32_0002,1,CelebDF,celeb_id59,train
vid_006796_id33_id26_0004,1,CelebDF,celeb_id59,train
vid_007803_id1_id4_0000,1,CelebDF,celeb_id59,train
vid_008857_id37_id32_0004,1,CelebDF,celeb_id59,train
vid_005378_id45_id42_0007,1,CelebDF,celeb_id39,test
vid_002081_14_18__secret_conversation__A5A1Q467,1,DFD,dfd_11,train
vid_003936_id60_0001,0,CelebDF,celeb_id59,train
vid_000024_02_09__walk_down_hall_angry__6KUOFMZW,1,DFD,dfd_11,train
vid_008042_id35_id29_0001,1,CelebDF,celeb_id59,train
vid_001976_19_24__secret_conversation__59PN7WZ2,1,DFD,dfd_10,val
vid_005123_id37_id3_0002,1,CelebDF,celeb_id59,train
vid_008541_id55_id58_0002,1,CelebDF,celeb_id49,val
vid_009511_id29_id30_0003,1,CelebDF,celeb_id59,train
vid_003723_00028,0,CelebDF,yt_00028,train
vid_004455_id53_id52_0008,1,CelebDF,celeb_id49,val
vid_001721_01_11__meeting_serious__FCNL2OVP,1,DFD,dfd_11,train
vid_007661_id35_id31_0002,1,CelebDF,celeb_id59,train
vid_009226_id19_id20_0006,1,CelebDF,celeb_id59,train
vid_007311_id38_id31_0000,1,CelebDF,celeb_id59,train
vid_001140_13_15__outside_talking_pan_laughing__X0EIIJF7,1,DFD,dfd_11,train
vid_000584_04_21__talking_angry_couch__5Y31RZP8,1,DFD,dfd_11,train
vid_005150_id32_id38_0000,1,CelebDF,celeb_id59,train
vid_006369_id17_id20_0006,1,CelebDF,celeb_id59,train
vid_009049_id55_id53_0009,1,CelebDF,celeb_id49,val
vid_002405_21_25__walking_down_street_outside_angry__2R46UX3R,1,DFD,dfd_11,train
vid_002517_17_16__walking_down_indoor_hall_disgust__S7UMSIQV,1,DFD,dfd_05,test
vid_000471_13_14__walking_down_indoor_hall_disgust__KMQ3AW6A,1,DFD,dfd_11,train
vid_008806_id20_id23_0000,1,CelebDF,celeb_id59,train
vid_008525_id0_id4_0005,1,CelebDF,celeb_id59,train
vid_004375_id55_id51_0000,1,CelebDF,celeb_id49,val
vid_003230_27__hugging_happy,0,DFD,dfd_11,train
vid_009865_id30_id34_0007,1,CelebDF,celeb_id59,train
vid_008703_id5_id60_0007,1,CelebDF,celeb_id59,train
vid_005208_id9_id17_0003,1,CelebDF,celeb_id59,train
vid_003503_00251,0,CelebDF,yt_00251,train
vid_000120_20_13__walk_down_hall_angry__43KAHOT2,1,DFD,dfd_11,train
vid_006151_id32_id20_0007,1,CelebDF,celeb_id59,train
vid_008715_id56_id49_0002,1,CelebDF,celeb_id49,val
vid_008814_id2_id21_0006,1,CelebDF,celeb_id59,train
vid_009493_id25_id26_0010,1,CelebDF,celeb_id59,train
vid_000046_02_25__walking_outside_cafe_disgusted__Z7FQ69VP,1,DFD,dfd_11,train
vid_008312_id43_id46_0001,1,CelebDF,celeb_id39,test
vid_008264_id20_id19_0000,1,CelebDF,celeb_id59,train
vid_005321_id52_id53_0001,1,CelebDF,celeb_id49,val
vid_000526_18_25__walking_down_street_outside_angry__41UL3HO6,1,DFD,dfd_11,train
vid_002370_21_09__exit_phone_room__CGIID3GV,1,DFD,dfd_11,train
vid_006245_id21_id27_0005,1,CelebDF,celeb_id59,train
vid_001114_21_07__walking_down_indoor_hall_disgust__CRGVSDBI,1,DFD,dfd_11,train
vid_006452_id26_id6_0001,1,CelebDF,celeb_id59,train
vid_000879_25_21__walking_outside_cafe_disgusted__2R46UX3R,1,DFD,dfd_11,train
vid_001580_02_18__exit_phone_room__OXMEEFUQ,1,DFD,dfd_11,train
vid_004028_id8_0004,0,CelebDF,celeb_id59,train
vid_006978_id0_id6_0001,1,CelebDF,celeb_id59,train
vid_009033_id19_id25_0002,1,CelebDF,celeb_id59,train
vid_006041_id47_id40_0001,1,CelebDF,celeb_id39,test
vid_003880_id4_0004,0,CelebDF,celeb_id59,train
vid_001022_21_01__talking_angry_couch__03X7CELV,1,DFD,dfd_11,train
vid_007275_id6_id1_0006,1,CelebDF,celeb_id59,train
vid_001517_06_18__podium_speech_happy__DEA1TCLN,1,DFD,dfd_11,train
vid_000903_15_06__kitchen_still__QRCD27P8,1,DFD,dfd_11,train
vid_004316_id19_0005,0,CelebDF,celeb_id59,train
vid_008547_id33_id21_0009,1,CelebDF,celeb_id59,train
vid_001731_26_12__podium_speech_happy__BFBNM8FR,1,DFD,dfd_11,train
vid_005105_id29_id33_0007,1,CelebDF,celeb_id59,train
vid_006161_id32_id35_0001,1,CelebDF,celeb_id59,train
vid_005219_id23_id31_0007,1,CelebDF,celeb_id59,train
vid_002594_19_23__talking_against_wall__H4SUVFTL,1,DFD,dfd_10,val
vid_008995_id57_id49_0002,1,CelebDF,celeb_id49,val
vid_007239_id4_id35_0008,1,CelebDF,celeb_id59,train
vid_006438_id51_id55_0002,1,CelebDF,celeb_id49,val
vid_007427_id23_id4_0006,1,CelebDF,celeb_id59,train
vid_003198_23__walk_down_hall_angry,0,DFD,dfd_10,val
vid_009474_id48_id42_0007,1,CelebDF,celeb_id39,test
vid_002549_14_02__walking_and_outside_surprised__3IUBEKCT,1,DFD,dfd_11,train
vid_003443_00221,0,CelebDF,yt_00221,train
vid_009828_id9_id30_0001,1,CelebDF,celeb_id59,train
vid_002890_06_03__outside_talking_still_laughing__ZFRX9RKW,1,DFD,dfd_11,train
vid_004306_id10_0008,0,CelebDF,celeb_id59,train
vid_002412_10_19__walking_outside_cafe_disgusted__BVVPN5D5,1,DFD,dfd_10,val
vid_002804_12_15__podium_speech_happy__N0SRODQD,1,DFD,dfd_11,train
vid_000787_01_09__kitchen_pan__6TSGVLHA,1,DFD,dfd_11,train
vid_001009_03_21__outside_talking_still_laughing__V53E3RVB,1,DFD,dfd_11,train
vid_001126_03_14__meeting_serious__PLCQJM81,1,DFD,dfd_11,train
vid_006818_id23_id17_0002,1,CelebDF,celeb_id59,train
vid_004230_id44_0001,0,CelebDF,celeb_id39,test
vid_008941_id32_id37_0002,1,CelebDF,celeb_id59,train
vid_005975_id17_id37_0004,1,CelebDF,celeb_id59,train
vid_007815_id56_id58_0005,1,CelebDF,celeb_id49,val
vid_002180_12_06__walking_and_outside_surprised__3K21NFNM,1,DFD,dfd_11,train
vid_000554_14_26__talking_against_wall__ILLP29ZH,1,DFD,dfd_11,train
vid_006602_id42_id40_0001,1,CelebDF,celeb_id39,test
vid_009258_id20_id35_0002,1,CelebDF,celeb_id59,train
vid_003076_23__outside_talking_pan_laughing,0,DFD,dfd_10,val
vid_003271_12__exit_phone_room,0,DFD,dfd_11,train
vid_000302_15_07__walking_down_indoor_hall_disgust__NYPO7U50,1,DFD,dfd_11,train
vid_001285_01_15__exit_phone_room__02HILKYO,1,DFD,dfd_11,train
vid_009292_id21_id0_0007,1,CelebDF,celeb_id59,train
vid_008141_id19_id20_0001,1,CelebDF,celeb_id59,train
vid_002731_18_27__outside_talking_still_laughing__G7OOOUCX,1,DFD,dfd_11,train
vid_006075_id22_id25_0002,1,CelebDF,celeb_id59,train
vid_009312_id24_id22_0000,1,CelebDF,celeb_id59,train
vid_000548_26_14__secret_conversation__SU8SAHTT,1,DFD,dfd_11,train
vid_008980_id21_id26_0006,1,CelebDF,celeb_id59,train
vid_000660_18_13__outside_talking_still_laughing__3II4T6H5,1,DFD,dfd_11,train
vid_006020_id42_id40_0000,1,CelebDF,celeb_id39,test
vid_004879_id23_id28_0000,1,CelebDF,celeb_id59,train
vid_001632_21_03__outside_talking_still_laughing__V53E3RVB,1,DFD,dfd_11,train
vid_004695_id9_id16_0001,1,CelebDF,celeb_id59,train
vid_006313_id28_id27_0009,1,CelebDF,celeb_id59,train
vid_001762_27_13__talking_against_wall__A1OSUJE9,1,DFD,dfd_11,train
vid_005652_id1_id37_0000,1,CelebDF,celeb_id59,train
vid_009097_id33_id34_0001,1,CelebDF,celeb_id59,train
vid_009168_id33_id38_0008,1,CelebDF,celeb_id59,train
vid_009790_id4_id35_0001,1,CelebDF,celeb_id59,train
vid_008833_id54_id57_0001,1,CelebDF,celeb_id49,val
vid_003607_00049,0,CelebDF,yt_00049,train
vid_004783_id8_id0_0002,1,CelebDF,celeb_id59,train
vid_002179_13_09__walking_down_street_outside_angry__8YDMHH02,1,DFD,dfd_11,train
vid_004934_id28_id27_0005,1,CelebDF,celeb_id59,train
vid_006845_id28_id31_0004,1,CelebDF,celeb_id59,train
vid_009299_id53_id50_0001,1,CelebDF,celeb_id49,val
vid_000772_03_07__outside_talking_pan_laughing__IFSURI9X,1,DFD,dfd_11,train
vid_009137_id24_id26_0004,1,CelebDF,celeb_id59,train
vid_009738_id51_id58_0004,1,CelebDF,celeb_id49,val
vid_002690_09_20__walk_down_hall_angry__RAGUKRMK,1,DFD,dfd_11,train
vid_007133_id30_id20_0006,1,CelebDF,celeb_id59,train
vid_009535_id8_id0_0007,1,CelebDF,celeb_id59,train
vid_006562_id55_id58_0008,1,CelebDF,celeb_id49,val
vid_003982_id37_0003,0,CelebDF,celeb_id59,train
vid_002843_10_19__exit_phone_room__BVVPN5D5,1,DFD,dfd_10,val
vid_003318_01__hugging_happy,0,DFD,dfd_11,train
vid_008665_id53_id55_0007,1,CelebDF,celeb_id49,val
vid_005001_id17_id30_0005,1,CelebDF,celeb_id59,train
vid_008029_id30_id2_0007,1,CelebDF,celeb_id59,train
vid_008890_id21_id30_0000,1,CelebDF,celeb_id59,train
vid_008346_id57_id54_0002,1,CelebDF,celeb_id49,val
vid_008728_id33_id32_0007,1,CelebDF,celeb_id59,train
vid_001821_20_01__outside_talking_still_laughing__D8GWGO2A,1,DFD,dfd_11,train
vid_002869_18_15__outside_talking_still_laughing__V5VHLCOW,1,DFD,dfd_11,train
vid_008556_id30_id20_0001,1,CelebDF,celeb_id59,train
vid_000243_03_11__walking_down_indoor_hall_disgust__P08VGHTA,1,DFD,dfd_11,train
vid_006451_id47_id39_0004,1,CelebDF,celeb_id39,test
vid_007735_id44_id43_0002,1,CelebDF,celeb_id39,test
vid_005353_id40_id46_0005,1,CelebDF,celeb_id39,test
vid_003583_00058,0,CelebDF,yt_00058,train
vid_007979_id28_id34_0001,1,CelebDF,celeb_id59,train
vid_005389_id30_id6_0004,1,CelebDF,celeb_id59,train
vid_008340_id23_id4_0009,1,CelebDF,celeb_id59,train
vid_005790_id3_id35_0007,1,CelebDF,celeb_id59,train
vid_005172_id3_id30_0005,1,CelebDF,celeb_id59,train
vid_005152_id33_id32_0003,1,CelebDF,celeb_id59,train
vid_008009_id16_id31_0003,1,CelebDF,celeb_id59,train
vid_003497_00242,0,CelebDF,yt_00242,train
vid_000773_20_14__walking_down_street_outside_angry__3HWOJRAM,1,DFD,dfd_11,train
vid_009778_id44_id45_0001,1,CelebDF,celeb_id39,test
vid_009393_id3_id28_0006,1,CelebDF,celeb_id59,train
vid_006491_id0_id6_0000,1,CelebDF,celeb_id59,train
vid_003326_24__kitchen_still,0,DFD,dfd_10,val
vid_005856_id9_id16_0006,1,CelebDF,celeb_id59,train
vid_000489_20_14__podium_speech_happy__B014BKVO,1,DFD,dfd_11,train
vid_008474_id40_id47_0009,1,CelebDF,celeb_id39,test
vid_007324_id10_id7_0007,1,CelebDF,celeb_id59,train
vid_007516_id27_id21_0003,1,CelebDF,celeb_id59,train
vid_007139_id51_id57_0008,1,CelebDF,celeb_id49,val
vid_003082_14__hugging_happy,0,DFD,dfd_11,train
vid_007539_id23_id4_0003,1,CelebDF,celeb_id59,train
vid_005621_id20_id29_0009,1,CelebDF,celeb_id59,train
vid_003905_id45_0001,0,CelebDF,celeb_id39,test
vid_002649_15_04__kitchen_pan__46TJ9IOJ,1,DFD,dfd_11,train
vid_008101_id45_id47_0005,1,CelebDF,celeb_id39,test
vid_004495_id29_id26_0004,1,CelebDF,celeb_id59,train
vid_000212_19_23__walking_outside_cafe_disgusted__D1K19NUP,1,DFD,dfd_10,val
vid_005055_id28_id26_0007,1,CelebDF,celeb_id59,train
vid_006019_id17_id30_0006,1,CelebDF,celeb_id59,train
vid_008396_id29_id38_0007,1,CelebDF,celeb_id59,train
vid_005847_id17_id28_0004,1,CelebDF,celeb_id59,train
vid_009947_id30_id38_0003,1,CelebDF,celeb_id59,train
vid_002247_21_15__walking_down_indoor_hall_disgust__87WSBJP3,1,DFD,dfd_11,train
vid_003263_03__podium_speech_happy,0,DFD,dfd_11,train
vid_007846_id42_id46_0002,1,CelebDF,celeb_id39,test
vid_006013_id0_id16_0002,1,CelebDF,celeb_id59,train
vid_001785_02_07__walking_down_street_outside_angry__O4SXNLRL,1,DFD,dfd_11,train
vid_007017_id28_id16_0001,1,CelebDF,celeb_id59,train
vid_006601_id21_id35_0001,1,CelebDF,celeb_id59,train
vid_004869_id4_id2_0007,1,CelebDF,celeb_id59,train
vid_002383_03_21__talking_against_wall__YCSEBZO4,1,DFD,dfd_11,train
vid_007113_id29_id21_0005,1,CelebDF,celeb_id59,train
vid_005327_id46_id43_0008,1,CelebDF,celeb_id39,test
vid_007308_id30_id17_0005,1,CelebDF,celeb_id59,train
vid_007978_id26_id0_0004,1,CelebDF,celeb_id59,train
vid_003748_id24_0006,0,CelebDF,celeb_id59,train
vid_007727_id33_id35_0002,1,CelebDF,celeb_id59,train
vid_005669_id27_id22_0009,1,CelebDF,celeb_id59,train
vid_001612_15_02__walking_down_indoor_hall_disgust__HTG660F8,1,DFD,dfd_11,train
vid_000899_11_13__outside_talking_still_laughing__XXKQ4XM0,1,DFD,dfd_11,train
vid_005284_id32_id33_0006,1,CelebDF,celeb_id59,train
vid_005295_id45_id44_0001,1,CelebDF,celeb_id39,test
vid_008631_id20_id3_0003,1,CelebDF,celeb_id59,train
vid_004428_id27_id24_0000,1,CelebDF,celeb_id59,train
vid_007164_id25_id24_0007,1,CelebDF,celeb_id59,train
vid_002865_19_10__podium_speech_happy__FFXB67PI,1,DFD,dfd_10,val
vid_008606_id21_id33_0006,1,CelebDF,celeb_id59,train
vid_009385_id47_id45_0007,1,CelebDF,celeb_id39,test
vid_000477_03_09__talking_against_wall__8DTEGQ54,1,DFD,dfd_11,train
vid_004713_id29_id37_0000,1,CelebDF,celeb_id59,train
vid_007363_id21_id23_0005,1,CelebDF,celeb_id59,train
vid_009763_id30_id23_0008,1,CelebDF,celeb_id59,train
vid_009357_id38_id29_0004,1,CelebDF,celeb_id59,train
vid_004809_id2_id20_0000,1,CelebDF,celeb_id59,train
vid_002151_01_04__exit_phone_room__0XUW13RW,1,DFD,dfd_11,train
vid_002147_08_05__walk_down_hall_angry__PRBCE28Z,1,DFD,dfd_05,test
vid_003025_13_03__walking_outside_cafe_disgusted__GBYWJW06,1,DFD,dfd_11,train
vid_007477_id27_id25_0008,1,CelebDF,celeb_id59,train
vid_006326_id37_id1_0009,1,CelebDF,celeb_id59,train
vid_003272_09__outside_talking_still_laughing,0,DFD,dfd_11,train
vid_000246_23_19__kitchen_pan__WHQ1229T,1,DFD,dfd_10,val
vid_000529_26_20__outside_talking_pan_laughing__01OJA93K,1,DFD,dfd_11,train
vid_001078_26_20__walking_outside_cafe_disgusted__C8GN41DU,1,DFD,dfd_11,train
vid_009039_id37_id29_0009,1,CelebDF,celeb_id59,train
vid_008243_id7_id11_0007,1,CelebDF,celeb_id59,train
vid_005148_id21_id37_0005,1,CelebDF,celeb_id59,train
vid_001813_07_03__hugging_happy__7NGMD8FT,1,DFD,dfd_11,train
vid_005881_id11_id7_0010,1,CelebDF,celeb_id59,train
vid_002683_02_25__outside_talking_pan_laughing__Z7FQ69VP,1,DFD,dfd_11,train
vid_007403_id1_id26_0005,1,CelebDF,celeb_id59,train
vid_001619_26_25__secret_conversation__0UFFR3U1,1,DFD,dfd_11,train
vid_002136_14_18__walking_outside_cafe_disgusted__0YRBHIKG,1,DFD,dfd_11,train
vid_005380_id43_id45_0009,1,CelebDF,celeb_id39,test
vid_005804_id48_id45_0008,1,CelebDF,celeb_id39,test
vid_005648_id21_id16_0007,1,CelebDF,celeb_id59,train
vid_001441_13_14__podium_speech_happy__KMQ3AW6A,1,DFD,dfd_11,train
vid_003519_00032,0,CelebDF,yt_00032,train
vid_005748_id31_id1_0007,1,CelebDF,celeb_id59,train
vid_001350_28_08__walking_outside_cafe_disgusted__KXO8S7OP,1,DFD,dfd_05,test
vid_006244_id28_id31_0000,1,CelebDF,celeb_id59,train
vid_000160_03_14__outside_talking_pan_laughing__0O9TTCJT,1,DFD,dfd_11,train
vid_003909_id31_0001,0,CelebDF,celeb_id59,train
vid_007424_id17_id37_0009,1,CelebDF,celeb_id59,train
vid_002881_02_18__walk_down_hall_angry__B95S4G6F,1,DFD,dfd_11,train
vid_001842_11_01__outside_talking_pan_laughing__UQ0BOBNO,1,DFD,dfd_11,train
vid_005914_id2_id4_0007,1,CelebDF,celeb_id59,train
vid_002029_09_21__exit_phone_room__JEELOMN2,1,DFD,dfd_11,train
vid_004607_id28_id19_0004,1,CelebDF,celeb_id59,train
vid_003216_16__walking_down_street_outside_angry,0,DFD,dfd_05,test
vid_007358_id53_id49_0008,1,CelebDF,celeb_id49,val
vid_004846_id6_id28_0009,1,CelebDF,celeb_id59,train
vid_005116_id13_id10_0007,1,CelebDF,celeb_id59,train
vid_009720_id57_id50_0008,1,CelebDF,celeb_id49,val
vid_008476_id50_id52_0004,1,CelebDF,celeb_id49,val
vid_003335_20__kitchen_still,0,DFD,dfd_11,train
vid_008019_id28_id27_0007,1,CelebDF,celeb_id59,train
vid_003137_03__kitchen_still,0,DFD,dfd_11,train
vid_009883_id28_id17_0009,1,CelebDF,celeb_id59,train
vid_009140_id30_id34_0001,1,CelebDF,celeb_id59,train
vid_003809_id31_0007,0,CelebDF,celeb_id59,train
vid_009302_id30_id37_0000,1,CelebDF,celeb_id59,train
vid_000631_07_20__outside_talking_pan_laughing__KV6Q7D6C,1,DFD,dfd_11,train
vid_006676_id55_id51_0002,1,CelebDF,celeb_id49,val
vid_003758_id19_0000,0,CelebDF,celeb_id59,train
vid_009125_id53_id56_0009,1,CelebDF,celeb_id49,val
vid_000832_25_21__walking_down_street_outside_angry__NFBISHIN,1,DFD,dfd_11,train
vid_009390_id47_id41_0008,1,CelebDF,celeb_id39,test
vid_008479_id26_id1_0006,1,CelebDF,celeb_id59,train
vid_007786_id44_id43_0000,1,CelebDF,celeb_id39,test
vid_000509_22_10__walking_and_outside_surprised__8YQ2EUQP,1,DFD,dfd_10,val
vid_003761_id56_0003,0,CelebDF,celeb_id49,val
vid_000125_20_06__walk_down_hall_angry__6SUW7063,1,DFD,dfd_11,train
vid_005151_id17_id21_0003,1,CelebDF,celeb_id59,train
vid_007161_id3_id9_0005,1,CelebDF,celeb_id59,train
vid_008315_id50_id52_0003,1,CelebDF,celeb_id49,val
vid_009079_id31_id26_0007,1,CelebDF,celeb_id59,train
vid_008739_id0_id6_0007,1,CelebDF,celeb_id59,train
vid_000875_02_09__walking_down_street_outside_angry__9TDCEK1Q,1,DFD,dfd_11,train
vid_001486_07_02__walking_outside_cafe_disgusted__1H07DFQJ,1,DFD,dfd_11,train
vid_002631_06_15__talking_against_wall__QRCD27P8,1,DFD,dfd_11,train
vid_005137_id34_id30_0006,1,CelebDF,celeb_id59,train
vid_009409_id47_id41_0001,1,CelebDF,celeb_id39,test
vid_000377_27_25__exit_phone_room__1KU29EUL,1,DFD,dfd_11,train
vid_003369_08__exit_phone_room,0,DFD,dfd_05,test
vid_002509_13_11__talking_against_wall__61T622EK,1,DFD,dfd_11,train
vid_005144_id1_id3_0000,1,CelebDF,celeb_id59,train
vid_001332_03_01__exit_phone_room__480LQD1C,1,DFD,dfd_11,train
vid_008966_id27_id28_0006,1,CelebDF,celeb_id59,train
vid_009330_id23_id27_0009,1,CelebDF,celeb_id59,train
vid_006142_id54_id58_0002,1,CelebDF,celeb_id49,val
vid_004977_id57_id51_0007,1,CelebDF,celeb_id49,val
vid_000368_02_15__talking_angry_couch__I8G2LWD1,1,DFD,dfd_11,train
vid_006447_id23_id25_0002,1,CelebDF,celeb_id59,train
vid_004404_id22_id28_0008,1,CelebDF,celeb_id59,train
vid_008094_id20_id1_0008,1,CelebDF,celeb_id59,train
vid_008007_id26_id24_0001,1,CelebDF,celeb_id59,train
vid_000949_15_02__podium_speech_happy__I8G2LWD1,1,DFD,dfd_11,train
vid_007725_id19_id22_0001,1,CelebDF,celeb_id59,train
vid_000166_06_27__walking_down_street_outside_angry__S3T7SK9O,1,DFD,dfd_11,train
vid_002096_14_20__walking_and_outside_surprised__B014BKVO,1,DFD,dfd_11,train
vid_000602_02_27__walking_and_outside_surprised__QW05XUUZ,1,DFD,dfd_11,train
vid_009651_id2_id30_0001,1,CelebDF,celeb_id59,train
vid_000841_16_08__kitchen_still__8Q7JCS95,1,DFD,dfd_05,test
vid_004520_id56_id51_0003,1,CelebDF,celeb_id49,val
vid_001181_13_04__walking_outside_cafe_disgusted__00T3UYOR,1,DFD,dfd_11,train
vid_007637_id31_id29_0004,1,CelebDF,celeb_id59,train
vid_007184_id54_id49_0003,1,CelebDF,celeb_id49,val
vid_000797_11_01__secret_conversation__FCNL2OVP,1,DFD,dfd_11,train
vid_001304_25_26__secret_conversation__GJT740J9,1,DFD,dfd_11,train
vid_003385_11__talking_against_wall,0,DFD,dfd_11,train
vid_007085_id21_id2_0000,1,CelebDF,celeb_id59,train
vid_009261_id16_id0_0004,1,CelebDF,celeb_id59,train
vid_008879_id29_id34_0001,1,CelebDF,celeb_id59,train
vid_001951_12_20__walk_down_hall_angry__B0X1CGG2,1,DFD,dfd_11,train
vid_000651_15_20__walking_outside_cafe_disgusted__99NHTFBM,1,DFD,dfd_11,train
vid_007529_id56_id55_0002,1,CelebDF,celeb_id49,val
vid_009893_id9_id35_0009,1,CelebDF,celeb_id59,train
vid_008000_id41_id45_0002,1,CelebDF,celeb_id39,test
vid_006159_id21_id3_0009,1,CelebDF,celeb_id59,train
vid_008700_id49_id50_0006,1,CelebDF,celeb_id49,val
vid_005414_id21_id37_0009,1,CelebDF,celeb_id59,train
vid_007597_id20_id9_0001,1,CelebDF,celeb_id59,train
vid_008904_id17_id31_0006,1,CelebDF,celeb_id59,train
vid_008295_id9_id26_0005,1,CelebDF,celeb_id59,train
vid_007098_id2_id20_0007,1,CelebDF,celeb_id59,train
vid_005474_id31_id32_0004,1,CelebDF,celeb_id59,train
vid_007595_id51_id57_0002,1,CelebDF,celeb_id49,val
vid_002266_07_25__walking_outside_cafe_disgusted__PAE9HCA8,1,DFD,dfd_11,train
vid_009736_id4_id2_0006,1,CelebDF,celeb_id59,train
vid_003924_id1_0005,0,CelebDF,celeb_id59,train
vid_006719_id16_id21_0012,1,CelebDF,celeb_id59,train
vid_002559_15_04__walking_and_outside_surprised__46TJ9IOJ,1,DFD,dfd_11,train
vid_002010_14_21__outside_talking_still_laughing__N0WM4GSV,1,DFD,dfd_11,train
vid_009095_id44_id42_0002,1,CelebDF,celeb_id39,test
vid_006577_id28_id2_0009,1,CelebDF,celeb_id59,train
vid_001679_26_20__walk_down_hall_angry__XWMKFMF6,1,DFD,dfd_11,train
vid_001443_03_07__talking_angry_couch__7NGMD8FT,1,DFD,dfd_11,train
vid_009771_id0_id26_0004,1,CelebDF,celeb_id59,train
vid_005861_id37_id4_0003,1,CelebDF,celeb_id59,train
vid_007719_id35_id31_0009,1,CelebDF,celeb_id59,train
vid_009078_id28_id17_0003,1,CelebDF,celeb_id59,train
vid_004898_id31_id35_0007,1,CelebDF,celeb_id59,train
vid_004377_id27_id23_0004,1,CelebDF,celeb_id59,train
vid_009455_id4_id21_0004,1,CelebDF,celeb_id59,train
vid_007987_id34_id20_0002,1,CelebDF,celeb_id59,train
vid_008359_id21_id38_0002,1,CelebDF,celeb_id59,train
vid_003105_17__hugging_happy,0,DFD,dfd_05,test
vid_000053_13_20__secret_conversation__4RU7I77X,1,DFD,dfd_11,train
vid_001265_24_23__podium_speech_happy__YR5OVD4S,1,DFD,dfd_10,val
vid_003793_id27_0009,0,CelebDF,celeb_id59,train
vid_006785_id16_id20_0003,1,CelebDF,celeb_id59,train
vid_000399_27_13__kitchen_still__A1OSUJE9,1,DFD,dfd_11,train
vid_006307_id37_id29_0003,1,CelebDF,celeb_id59,train
vid_002496_06_03__talking_angry_couch__83ABVHC3,1,DFD,dfd_11,train
vid_002705_21_18__walking_down_indoor_hall_disgust__PQFTWVRQ,1,DFD,dfd_11,train
vid_006373_id47_id39_0000,1,CelebDF,celeb_id39,test
vid_006053_id38_id29_0001,1,CelebDF,celeb_id59,train
vid_003322_04__podium_speech_happy,0,DFD,dfd_11,train
vid_002105_07_03__walk_down_hall_angry__6PHZRQ4H,1,DFD,dfd_11,train
vid_005765_id49_id51_0003,1,CelebDF,celeb_id49,val
vid_002235_01_14__walking_and_outside_surprised__01YF7VQM,1,DFD,dfd_11,train
vid_003619_00273,0,CelebDF,yt_00273,train
vid_009783_id46_id43_0005,1,CelebDF,celeb_id39,test
vid_005113_id32_id26_0006,1,CelebDF,celeb_id59,train
vid_008694_id33_id30_0008,1,CelebDF,celeb_id59,train
vid_000211_27_18__talking_against_wall__NYHE8D0J,1,DFD,dfd_11,train
vid_006402_id3_id37_0003,1,CelebDF,celeb_id59,train
vid_001417_23_22__exit_phone_room__10R2HRAU,1,DFD,dfd_10,val
vid_009796_id43_id40_0008,1,CelebDF,celeb_id39,test
vid_007224_id27_id20_0001,1,CelebDF,celeb_id59,train
vid_000448_02_13__walking_outside_cafe_disgusted__CP5HFV3K,1,DFD,dfd_11,train
vid_006675_id37_id35_0002,1,CelebDF,celeb_id59,train
vid_009337_id23_id24_0002,1,CelebDF,celeb_id59,train
vid_007498_id50_id57_0004,1,CelebDF,celeb_id49,val
vid_008104_id31_id37_0004,1,CelebDF,celeb_id59,train
vid_002318_18_03__kitchen_pan__22UBC0BS,1,DFD,dfd_11,train
vid_003960_id1_0009,0,CelebDF,celeb_id59,train
vid_006677_id3_id17_0008,1,CelebDF,celeb_id59,train
vid_007949_id47_id48_0008,1,CelebDF,celeb_id39,test
vid_004870_id31_id2_0009,1,CelebDF,celeb_id59,train
vid_004212_id37_0009,0,CelebDF,celeb_id59,train
vid_009266_id49_id58_0000,1,CelebDF,celeb_id49,val
vid_002277_07_09__outside_talking_pan_laughing__N9CWME71,1,DFD,dfd_11,train
vid_000844_05_17__walking_outside_cafe_disgusted__C4VHXZFY,1,DFD,dfd_05,test
vid_003608_00047,0,CelebDF,yt_00047,train
vid_006571_id31_id26_0003,1,CelebDF,celeb_id59,train
vid_003094_26__outside_talking_pan_laughing,0,DFD,dfd_11,train
vid_000060_09_21__walking_down_street_outside_angry__Z8H2TRCI,1,DFD,dfd_11,train
vid_001909_15_21__talking_angry_couch__JDPD580N,1,DFD,dfd_11,train
vid_002948_02_06__kitchen_pan__0M6JNS5D,1,DFD,dfd_11,train
vid_000056_22_24__kitchen_pan__XL557XC6,1,DFD,dfd_10,val
vid_009300_id9_id1_0006,1,CelebDF,celeb_id59,train
vid_005157_id42_id47_0003,1,CelebDF,celeb_id39,test
vid_006919_id4_id23_0006,1,CelebDF,celeb_id59,train
vid_000019_01_15__kitchen_pan__02HILKYO,1,DFD,dfd_11,train
vid_006246_id19_id26_0007,1,CelebDF,celeb_id59,train
vid_000121_13_02__outside_talking_still_laughing__2YSYT2N3,1,DFD,dfd_11,train
vid_004381_id28_id38_0006,1,CelebDF,celeb_id59,train
vid_001173_22_10__outside_talking_pan_laughing__8YQ2EUQP,1,DFD,dfd_10,val
vid_006637_id16_id37_0009,1,CelebDF,celeb_id59,train
vid_003107_18__secret_conversation,0,DFD,dfd_11,train
vid_009443_id28_id23_0008,1,CelebDF,celeb_id59,train
vid_006024_id35_id21_0001,1,CelebDF,celeb_id59,train
vid_002847_10_22__kitchen_still__EHARPYBT,1,DFD,dfd_10,val
vid_005373_id33_id32_0001,1,CelebDF,celeb_id59,train
vid_004777_id28_id34_0009,1,CelebDF,celeb_id59,train
vid_006535_id59_id61_0002,1,CelebDF,celeb_id59,train
vid_005625_id28_id4_0000,1,CelebDF,celeb_id59,train
vid_000132_03_11__walking_outside_cafe_disgusted__P08VGHTA,1,DFD,dfd_11,train
vid_005512_id37_id34_0008,1,CelebDF,celeb_id59,train
vid_002343_09_07__outside_talking_pan_laughing__N9CWME71,1,DFD,dfd_11,train
vid_006051_id28_id20_0004,1,CelebDF,celeb_id59,train
vid_008856_id26_id0_0000,1,CelebDF,celeb_id59,train
vid_004752_id17_id35_0004,1,CelebDF,celeb_id59,train
vid_004822_id2_id3_0001,1,CelebDF,celeb_id59,train
vid_005431_id23_id6_0003,1,CelebDF,celeb_id59,train
vid_006639_id2_id30_0004,1,CelebDF,celeb_id59,train
vid_007048_id54_id56_0007,1,CelebDF,celeb_id49,val
vid_001010_13_09__walking_down_indoor_hall_disgust__21H6XSPE,1,DFD,dfd_11,train
vid_000646_12_13__podium_speech_happy__BFH4F0N8,1,DFD,dfd_11,train
vid_003478_00080,0,CelebDF,yt_00080,train
vid_004613_id59_id60_0007,1,CelebDF,celeb_id59,train
vid_001169_08_05__kitchen_still__UNN7ZGKO,1,DFD,dfd_05,test
vid_007791_id40_id47_0008,1,CelebDF,celeb_id39,test
vid_000274_03_01__hugging_happy__ISF9SP4G,1,DFD,dfd_11,train
vid_001320_22_23__secret_conversation__10R2HRAU,1,DFD,dfd_10,val
vid_008176_id57_id52_0003,1,CelebDF,celeb_id49,val
vid_005762_id28_id21_0009,1,CelebDF,celeb_id59,train
vid_005277_id34_id31_0005,1,CelebDF,celeb_id59,train
vid_001663_21_15__outside_talking_pan_laughing__87WSBJP3,1,DFD,dfd_11,train
vid_007878_id33_id26_0001,1,CelebDF,celeb_id59,train
vid_003916_id48_0004,0,CelebDF,celeb_id39,test
vid_006003_id21_id25_0007,1,CelebDF,celeb_id59,train
vid_004628_id41_id43_0006,1,CelebDF,celeb_id39,test
vid_006458_id51_id54_0008,1,CelebDF,celeb_id49,val
vid_000801_04_07__podium_speech_happy__M2NBCLFR,1,DFD,dfd_11,train
vid_001939_01_11__exit_phone_room__9229VVZ3,1,DFD,dfd_11,train
vid_008684_id46_id48_0003,1,CelebDF,celeb_id39,test
vid_004321_id39_id46_0006,1,CelebDF,celeb_id39,test
vid_007042_id25_id26_0004,1,CelebDF,celeb_id59,train
vid_007096_id35_id17_0006,1,CelebDF,celeb_id59,train
vid_000329_25_27__walking_outside_cafe_disgusted__1KU29EUL,1,DFD,dfd_11,train
vid_003939_id7_0000,0,CelebDF,celeb_id59,train
vid_001176_26_07__exit_phone_room__FGNGC2GT,1,DFD,dfd_11,train
vid_003721_00209,0,CelebDF,yt_00209,train
vid_002336_19_23__walk_down_hall_angry__F7U8UY7V,1,DFD,dfd_10,val
vid_000157_15_03__talking_angry_couch__T5SHH2UL,1,DFD,dfd_11,train
vid_002555_07_02__hugging_happy__O4SXNLRL,1,DFD,dfd_11,train
vid_005457_id30_id37_0005,1,CelebDF,celeb_id59,train
vid_008028_id44_id48_0001,1,CelebDF,celeb_id39,test
vid_007858_id26_id16_0004,1,CelebDF,celeb_id59,train
vid_002470_12_15__outside_talking_still_laughing__RK17XFJ9,1,DFD,dfd_11,train
vid_006337_id28_id29_0008,1,CelebDF,celeb_id59,train
vid_007412_id31_id38_0000,1,CelebDF,celeb_id59,train
vid_008628_id35_id30_0007,1,CelebDF,celeb_id59,train
vid_008928_id9_id28_0009,1,CelebDF,celeb_id59,train
vid_001804_11_20__walking_down_street_outside_angry__B2H95QXV,1,DFD,dfd_11,train
vid_005388_id20_id37_0002,1,CelebDF,celeb_id59,train
vid_004140_id23_0007,0,CelebDF,celeb_id59,train
vid_006696_id55_id57_0001,1,CelebDF,celeb_id49,val
vid_001536_01_11__outside_talking_pan_laughing__9OM3VE0Y,1,DFD,dfd_11,train
vid_008549_id1_id31_0003,1,CelebDF,celeb_id59,train
vid_002627_02_25__walking_down_street_outside_angry__Z7FQ69VP,1,DFD,dfd_11,train
vid_009016_id17_id2_0005,1,CelebDF,celeb_id59,train
vid_001516_01_04__walking_outside_cafe_disgusted__0XUW13RW,1,DFD,dfd_11,train
vid_006879_id3_id4_0004,1,CelebDF,celeb_id59,train
vid_009294_id9_id31_0006,1,CelebDF,celeb_id59,train
vid_004382_id47_id44_0009,1,CelebDF,celeb_id39,test
vid_006619_id24_id26_0002,1,CelebDF,celeb_id59,train
vid_007413_id1_id6_0000,1,CelebDF,celeb_id59,train
vid_007524_id42_id45_0001,1,CelebDF,celeb_id39,test
vid_001807_07_25__outside_talking_pan_laughing__IKMKYKPG,1,DFD,dfd_11,train
vid_003759_id38_0003,0,CelebDF,celeb_id59,train
vid_002315_15_20__walking_down_indoor_hall_disgust__CYD62VPP,1,DFD,dfd_11,train
vid_000152_13_20__walk_down_hall_angry__43KAHOT2,1,DFD,dfd_11,train
vid_004555_id51_id58_0006,1,CelebDF,celeb_id49,val
vid_001775_25_11__walk_down_hall_angry__JX0SAMTC,1,DFD,dfd_11,train
vid_008255_id20_id24_0000,1,CelebDF,celeb_id59,train
vid_001974_02_09__walking_down_street_outside_angry__6KUOFMZW,1,DFD,dfd_11,train
vid_006427_id10_id13_0004,1,CelebDF,celeb_id59,train
vid_008493_id34_id38_0008,1,CelebDF,celeb_id59,train
vid_006241_id1_id2_0002,1,CelebDF,celeb_id59,train
vid_003856_id7_0002,0,CelebDF,celeb_id59,train
vid_007697_id53_id54_0003,1,CelebDF,celeb_id49,val
vid_003113_01__walk_down_hall_angry,0,DFD,dfd_11,train
vid_009309_id20_id23_0003,1,CelebDF,celeb_id59,train
vid_002132_25_18__walk_down_hall_angry__AUC0HY5T,1,DFD,dfd_11,train
vid_007967_id23_id20_0000,1,CelebDF,celeb_id59,train
vid_000410_07_21__walking_down_street_outside_angry__K7KXUHMU,1,DFD,dfd_11,train
vid_001037_12_25__walking_outside_cafe_disgusted__G26LG5N7,1,DFD,dfd_11,train
vid_002525_14_15__outside_talking_still_laughing__4SO1CSAM,1,DFD,dfd_11,train
vid_008662_id27_id19_0004,1,CelebDF,celeb_id59,train
vid_005422_id57_id53_0004,1,CelebDF,celeb_id49,val
vid_002581_07_06__kitchen_pan__NMGYPBXE,1,DFD,dfd_11,train
vid_005838_id39_id44_0005,1,CelebDF,celeb_id39,test
vid_005983_id0_id4_0004,1,CelebDF,celeb_id59,train
vid_009008_id9_id17_0007,1,CelebDF,celeb_id59,train
vid_009522_id1_id3_0003,1,CelebDF,celeb_id59,train
vid_001694_03_13__kitchen_pan__GBYWJW06,1,DFD,dfd_11,train
vid_005523_id53_id52_0002,1,CelebDF,celeb_id49,val
vid_000266_03_27__walking_and_outside_surprised__KWGI1LSZ,1,DFD,dfd_11,train
vid_003431_00143,0,CelebDF,yt_00143,train
vid_006065_id35_id21_0000,1,CelebDF,celeb_id59,train
vid_008536_id39_id42_0003,1,CelebDF,celeb_id39,test
vid_001967_06_02__exit_phone_room__SU4OQCS9,1,DFD,dfd_11,train
vid_000617_26_14__walking_outside_cafe_disgusted__ILLP29ZH,1,DFD,dfd_11,train
vid_006484_id26_id21_0005,1,CelebDF,celeb_id59,train
vid_004754_id6_id9_0005,1,CelebDF,celeb_id59,train
vid_003857_id41_0003,0,CelebDF,celeb_id39,test
vid_005478_id17_id3_0001,1,CelebDF,celeb_id59,train
vid_003912_id42_0001,0,CelebDF,celeb_id39,test
vid_009211_id44_id47_0005,1,CelebDF,celeb_id39,test
vid_007845_id37_id35_0004,1,CelebDF,celeb_id59,train
vid_003569_00298,0,CelebDF,yt_00298,train
vid_002035_02_15__walking_down_street_outside_angry__I8G2LWD1,1,DFD,dfd_11,train
vid_000188_02_03__walking_and_outside_surprised__GYX5OFTD,1,DFD,dfd_11,train
vid_003494_00289,0,CelebDF,yt_00289,train
vid_008416_id23_id24_0007,1,CelebDF,celeb_id59,train
vid_003130_05__outside_talking_pan_laughing,0,DFD,dfd_05,test
vid_002707_26_20__podium_speech_happy__01OJA93K,1,DFD,dfd_11,train
vid_006269_id30_id16_0007,1,CelebDF,celeb_id59,train
vid_009498_id38_id26_0004,1,CelebDF,celeb_id59,train
vid_009936_id9_id6_0004,1,CelebDF,celeb_id59,train
vid_004813_id37_id31_0009,1,CelebDF,celeb_id59,train
vid_007644_id24_id21_0000,1,CelebDF,celeb_id59,train
vid_006271_id55_id53_0007,1,CelebDF,celeb_id49,val
vid_005902_id48_id39_0003,1,CelebDF,celeb_id39,test
vid_001404_25_12__walk_down_hall_angry__I2X1XTCC,1,DFD,dfd_11,train
vid_003729_00184,0,CelebDF,yt_00184,train
vid_003546_00256,0,CelebDF,yt_00256,train
vid_005915_id1_id30_0002,1,CelebDF,celeb_id59,train
vid_001972_12_21__kitchen_pan__ME7E3R1D,1,DFD,dfd_11,train
vid_006980_id37_id38_0001,1,CelebDF,celeb_id59,train
vid_004537_id24_id21_0003,1,CelebDF,celeb_id59,train
vid_001202_13_20__walk_down_hall_angry__4SAX54BT,1,DFD,dfd_11,train
vid_009463_id21_id1_0004,1,CelebDF,celeb_id59,train
vid_000694_24_23__walking_down_street_outside_angry__YR5OVD4S,1,DFD,dfd_10,val
vid_003136_28__secret_conversation,0,DFD,dfd_05,test
vid_000317_11_07__exit_phone_room__PGC20QSY,1,DFD,dfd_11,train
vid_000487_01_15__outside_talking_still_laughing__02HILKYO,1,DFD,dfd_11,train
vid_008002_id4_id6_0007,1,CelebDF,celeb_id59,train
vid_006852_id23_id31_0003,1,CelebDF,celeb_id59,train
vid_006505_id35_id1_0006,1,CelebDF,celeb_id59,train
vid_007222_id16_id30_0006,1,CelebDF,celeb_id59,train
vid_003542_00145,0,CelebDF,yt_00145,train
vid_000760_26_25__walking_down_street_outside_angry__XKQAYTLI,1,DFD,dfd_11,train
vid_001933_06_12__outside_talking_pan_laughing__0VR4Y891,1,DFD,dfd_11,train
vid_006390_id1_id21_0002,1,CelebDF,celeb_id59,train
vid_006088_id40_id41_0008,1,CelebDF,celeb_id39,test
vid_004867_id26_id34_0006,1,CelebDF,celeb_id59,train
vid_000853_17_08__walk_down_hall_angry__ISS1V0B1,1,DFD,dfd_05,test
vid_009501_id3_id26_0005,1,CelebDF,celeb_id59,train
vid_006279_id24_id22_0005,1,CelebDF,celeb_id59,train
vid_000987_24_19__outside_talking_pan_laughing__W1DEM0XM,1,DFD,dfd_10,val
vid_008229_id56_id54_0009,1,CelebDF,celeb_id49,val
vid_007730_id19_id23_0007,1,CelebDF,celeb_id59,train
vid_002361_02_27__hugging_happy__6GC9HY9J,1,DFD,dfd_11,train
vid_008106_id20_id35_0008,1,CelebDF,celeb_id59,train
vid_000018_20_07__walk_down_hall_angry__KV6Q7D6C,1,DFD,dfd_11,train
vid_003213_09__talking_against_wall,0,DFD,dfd_11,train
vid_002577_19_24__outside_talking_still_laughing__59PN7WZ2,1,DFD,dfd_10,val
vid_002625_15_04__talking_against_wall__46TJ9IOJ,1,DFD,dfd_11,train
vid_006544_id6_id3_0005,1,CelebDF,celeb_id59,train
vid_005126_id35_id23_0008,1,CelebDF,celeb_id59,train
vid_005752_id1_id4_0003,1,CelebDF,celeb_id59,train
vid_007931_id11_id7_0005,1,CelebDF,celeb_id59,train
vid_001480_02_01__outside_talking_still_laughing__YVGY8LOK,1,DFD,dfd_11,train
vid_003863_id48_0007,0,CelebDF,celeb_id39,test
vid_008955_id20_id38_0009,1,CelebDF,celeb_id59,train
vid_001374_09_03__outside_talking_still_laughing__RCETIXYL,1,DFD,dfd_11,train
vid_002963_13_25__hugging_happy__7YMTAF29,1,DFD,dfd_11,train
vid_004070_id61_0007,0,CelebDF,celeb_id59,train
vid_003544_00023,0,CelebDF,yt_00023,train
vid_000102_13_09__walk_down_hall_angry__YP7MGDQ6,1,DFD,dfd_11,train
vid_009193_id30_id2_0005,1,CelebDF,celeb_id59,train
vid_006332_id28_id9_0008,1,CelebDF,celeb_id59,train
vid_008197_id40_id42_0009,1,CelebDF,celeb_id39,test
vid_000960_20_06__outside_talking_pan_laughing__6SUW7063,1,DFD,dfd_11,train
vid_000382_13_20__podium_speech_happy__U3IPYECM,1,DFD,dfd_11,train
vid_004937_id54_id53_0005,1,CelebDF,celeb_id49,val
vid_005456_id2_id23_0001,1,CelebDF,celeb_id59,train
vid_001057_26_12__exit_phone_room__HEKDCIHW,1,DFD,dfd_11,train
vid_002239_12_06__outside_talking_pan_laughing__3K21NFNM,1,DFD,dfd_11,train
vid_008129_id16_id21_0009,1,CelebDF,celeb_id59,train
vid_006060_id3_id0_0003,1,CelebDF,celeb_id59,train
vid_007497_id28_id33_0009,1,CelebDF,celeb_id59,train
vid_005209_id45_id40_0001,1,CelebDF,celeb_id39,test
vid_001925_12_25__walking_and_outside_surprised__G26LG5N7,1,DFD,dfd_11,train
vid_009013_id51_id49_0004,1,CelebDF,celeb_id49,val
vid_000864_25_12__outside_talking_still_laughing__3PS32GAH,1,DFD,dfd_11,train
vid_007094_id4_id23_0005,1,CelebDF,celeb_id59,train
vid_004529_id17_id31_0007,1,CelebDF,celeb_id59,train
vid_002949_03_15__walk_down_hall_angry__T5SHH2UL,1,DFD,dfd_11,train
vid_000257_21_09__hugging_happy__O9ER29Z6,1,DFD,dfd_11,train
vid_006844_id57_id56_0006,1,CelebDF,celeb_id49,val
vid_009188_id26_id19_0004,1,CelebDF,celeb_id59,train
vid_004895_id28_id26_0001,1,CelebDF,celeb_id59,train
vid_000997_26_20__walking_down_street_outside_angry__2VS0S1P5,1,DFD,dfd_11,train
vid_007029_id21_id34_0006,1,CelebDF,celeb_id59,train
vid_006477_id55_id49_0000,1,CelebDF,celeb_id49,val
vid_007322_id28_id22_0000,1,CelebDF,celeb_id59,train
vid_000450_03_01__secret_conversation__480LQD1C,1,DFD,dfd_11,train
vid_005739_id35_id2_0002,1,CelebDF,celeb_id59,train
vid_001544_01_20__walk_down_hall_angry__FW94AIMJ,1,DFD,dfd_11,train
vid_004510_id28_id3_0004,1,CelebDF,celeb_id59,train
vid_006687_id3_id26_0003,1,CelebDF,celeb_id59,train
vid_001100_17_16__walking_down_indoor_hall_disgust__P141P1QH,1,DFD,dfd_05,test
vid_006548_id58_id49_0006,1,CelebDF,celeb_id49,val
vid_001760_13_09__hugging_happy__LPT427RY,1,DFD,dfd_11,train
vid_006193_id43_id42_0006,1,CelebDF,celeb_id39,test
vid_007364_id31_id28_0007,1,CelebDF,celeb_id59,train
vid_003199_28__podium_speech_happy,0,DFD,dfd_05,test
vid_004683_id26_id35_0002,1,CelebDF,celeb_id59,train
vid_001416_16_17__hugging_happy__S7UMSIQV,1,DFD,dfd_05,test
vid_000104_26_13__outside_talking_still_laughing__1ZRIYSSU,1,DFD,dfd_11,train
vid_004472_id30_id4_0006,1,CelebDF,celeb_id59,train
vid_001538_12_15__walking_down_indoor_hall_disgust__RK17XFJ9,1,DFD,dfd_11,train
vid_008765_id49_id54_0003,1,CelebDF,celeb_id49,val
vid_002580_15_02__outside_talking_still_laughing__P2FAY3DR,1,DFD,dfd_11,train
vid_009909_id20_id38_0008,1,CelebDF,celeb_id59,train
vid_008840_id26_id6_0002,1,CelebDF,celeb_id59,train
vid_003667_00285,0,CelebDF,yt_00285,train
vid_004058_id40_0008,0,CelebDF,celeb_id39,test
vid_007313_id6_id3_0007,1,CelebDF,celeb_id59,train
vid_001365_15_01__kitchen_pan__02HILKYO,1,DFD,dfd_11,train
vid_001102_03_18__walking_outside_cafe_disgusted__UEC1BI8E,1,DFD,dfd_11,train
vid_007999_id21_id1_0008,1,CelebDF,celeb_id59,train
vid_001568_02_11__meeting_serious__NZJ1YEWE,1,DFD,dfd_11,train
vid_003429_20__walking_down_indoor_hall_disgust,0,DFD,dfd_11,train
vid_005896_id17_id1_0001,1,CelebDF,celeb_id59,train
vid_007359_id30_id23_0004,1,CelebDF,celeb_id59,train
vid_002911_13_09__walk_down_hall_angry__6K90KFOQ,1,DFD,dfd_11,train
vid_007471_id37_id6_0007,1,CelebDF,celeb_id59,train
vid_005893_id50_id53_0009,1,CelebDF,celeb_id49,val
vid_007089_id37_id20_0008,1,CelebDF,celeb_id59,train
vid_006880_id25_id23_0008,1,CelebDF,celeb_id59,train
vid_000592_02_07__walk_down_hall_angry__U7DEOZNV,1,DFD,dfd_11,train
vid_002508_02_15__exit_phone_room__MCRFMYAE,1,DFD,dfd_11,train
vid_004380_id21_id6_0002,1,CelebDF,celeb_id59,train
vid_008150_id20_id21_0000,1,CelebDF,celeb_id59,train
vid_005253_id3_id20_0000,1,CelebDF,celeb_id59,train
vid_003539_00225,0,CelebDF,yt_00225,train
vid_005051_id46_id45_0001,1,CelebDF,celeb_id39,test
vid_001482_21_11__walking_down_indoor_hall_disgust__T7DK03O1,1,DFD,dfd_11,train
vid_000809_06_18__kitchen_pan__5HNHMK6G,1,DFD,dfd_11,train
vid_007335_id23_id37_0007,1,CelebDF,celeb_id59,train
vid_008130_id20_id28_0003,1,CelebDF,celeb_id59,train
vid_002518_16_08__talking_against_wall__8Q7JCS95,1,DFD,dfd_05,test
vid_006714_id27_id23_0003,1,CelebDF,celeb_id59,train
vid_002945_02_15__walk_down_hall_angry__TN2CWM3K,1,DFD,dfd_11,train
vid_007491_id38_id29_0000,1,CelebDF,celeb_id59,train
vid_007707_id2_id35_0006,1,CelebDF,celeb_id59,train
vid_005941_id21_id23_0008,1,CelebDF,celeb_id59,train
vid_009600_id45_id42_0008,1,CelebDF,celeb_id39,test
vid_000088_15_12__talking_angry_couch__RK17XFJ9,1,DFD,dfd_11,train
vid_004244_id56_0002,0,CelebDF,celeb_id49,val
vid_004436_id55_id58_0006,1,CelebDF,celeb_id49,val
vid_002419_15_13__walking_down_indoor_hall_disgust__X0EIIJF7,1,DFD,dfd_11,train
vid_007627_id35_id23_0002,1,CelebDF,celeb_id59,train
vid_005672_id43_id48_0000,1,CelebDF,celeb_id39,test
vid_000500_13_09__walking_down_indoor_hall_disgust__3GQ49P2J,1,DFD,dfd_11,train
vid_000214_23_24__podium_speech_happy__YR5OVD4S,1,DFD,dfd_10,val
vid_003297_19__walking_outside_cafe_disgusted,0,DFD,dfd_10,val
vid_001015_15_01__hugging_happy__02HILKYO,1,DFD,dfd_11,train
vid_009202_id26_id6_0004,1,CelebDF,celeb_id59,train
vid_002031_07_26__walk_down_hall_angry__FGNGC2GT,1,DFD,dfd_11,train
vid_004969_id41_id47_0009,1,CelebDF,celeb_id39,test
vid_001167_04_07__podium_speech_happy__XRK7FGZX,1,DFD,dfd_11,train
vid_003689_00174,0,CelebDF,yt_00174,train
vid_009311_id26_id2_0001,1,CelebDF,celeb_id59,train
vid_000902_16_17__exit_phone_room__S7UMSIQV,1,DFD,dfd_05,test
vid_000816_06_15__walking_down_indoor_hall_disgust__QRCD27P8,1,DFD,dfd_11,train
vid_005265_id29_id30_0004,1,CelebDF,celeb_id59,train
vid_001827_13_12__secret_conversation__DJ7MF331,1,DFD,dfd_11,train
vid_008570_id6_id26_0008,1,CelebDF,celeb_id59,train
vid_008145_id26_id6_0003,1,CelebDF,celeb_id59,train
vid_005596_id35_id30_0009,1,CelebDF,celeb_id59,train
vid_000753_15_20__outside_talking_still_laughing__99NHTFBM,1,DFD,dfd_11,train
vid_007369_id0_id21_0002,1,CelebDF,celeb_id59,train
vid_008138_id30_id6_0002,1,CelebDF,celeb_id59,train
vid_004226_id20_0006,0,CelebDF,celeb_id59,train
vid_006543_id23_id9_0000,1,CelebDF,celeb_id59,train
vid_008027_id40_id39_0007,1,CelebDF,celeb_id39,test
vid_000547_18_25__walking_outside_cafe_disgusted__SEGFKFJG,1,DFD,dfd_11,train
vid_008074_id60_id59_0002,1,CelebDF,celeb_id59,train
vid_007004_id29_id37_0004,1,CelebDF,celeb_id59,train
vid_008770_id47_id44_0003,1,CelebDF,celeb_id39,test
vid_004459_id31_id23_0000,1,CelebDF,celeb_id59,train
vid_006667_id9_id28_0001,1,CelebDF,celeb_id59,train
vid_007749_id17_id28_0001,1,CelebDF,celeb_id59,train
vid_008478_id30_id26_0004,1,CelebDF,celeb_id59,train
vid_002698_25_06__exit_phone_room__MI9BDQ7M,1,DFD,dfd_11,train
vid_006087_id20_id35_0000,1,CelebDF,celeb_id59,train
vid_006715_id28_id2_0002,1,CelebDF,celeb_id59,train
vid_006125_id30_id32_0000,1,CelebDF,celeb_id59,train
vid_003049_07_26__outside_talking_pan_laughing__FGNGC2GT,1,DFD,dfd_11,train
vid_003432_00196,0,CelebDF,yt_00196,train
vid_005728_id53_id58_0003,1,CelebDF,celeb_id49,val
vid_003145_05__walking_outside_cafe_disgusted,0,DFD,dfd_05,test
vid_000239_14_06__walking_and_outside_surprised__8U9ULZDT,1,DFD,dfd_11,train
vid_009148_id26_id30_0004,1,CelebDF,celeb_id59,train
vid_007889_id28_id19_0000,1,CelebDF,celeb_id59,train
vid_004487_id24_id20_0005,1,CelebDF,celeb_id59,train
vid_006575_id4_id1_0000,1,CelebDF,celeb_id59,train
vid_002391_20_15__walking_down_indoor_hall_disgust__CYD62VPP,1,DFD,dfd_11,train
vid_006283_id30_id1_0005,1,CelebDF,celeb_id59,train
vid_000634_25_12__walking_outside_cafe_disgusted__G26LG5N7,1,DFD,dfd_11,train
vid_000162_06_11__outside_talking_pan_laughing__MX659QU8,1,DFD,dfd_11,train
vid_002793_23_19__podium_speech_happy__D1K19NUP,1,DFD,dfd_10,val
vid_005487_id38_id35_0005,1,CelebDF,celeb_id59,train
vid_003490_00064,0,CelebDF,yt_00064,train
vid_000593_03_18__exit_phone_room__32DBR8L4,1,DFD,dfd_11,train
vid_002915_01_14__hugging_happy__0S0NS5C6,1,DFD,dfd_11,train
vid_000270_26_15__walk_down_hall_angry__JHMUZFIJ,1,DFD,dfd_11,train
vid_002254_13_11__hugging_happy__61T622EK,1,DFD,dfd_11,train
vid_004968_id57_id56_0001,1,CelebDF,celeb_id49,val
vid_005237_id23_id9_0009,1,CelebDF,celeb_id59,train
vid_002155_15_12__walking_down_indoor_hall_disgust__RK17XFJ9,1,DFD,dfd_11,train
vid_000037_23_19__walking_outside_cafe_disgusted__D1K19NUP,1,DFD,dfd_10,val
vid_006578_id6_id37_0001,1,CelebDF,celeb_id59,train
vid_001459_07_26__talking_against_wall__FGNGC2GT,1,DFD,dfd_11,train
vid_005966_id33_id31_0001,1,CelebDF,celeb_id59,train
vid_000732_15_03__outside_talking_pan_laughing__AIOM1U5V,1,DFD,dfd_11,train
vid_001751_06_03__hugging_happy__4I8LRXWF,1,DFD,dfd_11,train
vid_004970_id6_id17_0002,1,CelebDF,celeb_id59,train
vid_006569_id21_id30_0008,1,CelebDF,celeb_id59,train
vid_002970_10_23__kitchen_pan__GYY4VANY,1,DFD,dfd_10,val
vid_007905_id17_id23_0007,1,CelebDF,celeb_id59,train
vid_008446_id10_id11_0008,1,CelebDF,celeb_id59,train
vid_005830_id4_id37_0009,1,CelebDF,celeb_id59,train
vid_000462_06_07__outside_talking_pan_laughing__NMGYPBXE,1,DFD,dfd_11,train
vid_002389_27_02__hugging_happy__UGO2181S,1,DFD,dfd_11,train
vid_003713_00287,0,CelebDF,yt_00287,train
vid_003276_10__talking_angry_couch,0,DFD,dfd_10,val
vid_008661_id51_id50_0002,1,CelebDF,celeb_id49,val
vid_009268_id17_id20_0001,1,CelebDF,celeb_id59,train
vid_006304_id23_id28_0001,1,CelebDF,celeb_id59,train
vid_009447_id2_id21_0001,1,CelebDF,celeb_id59,train
vid_001567_03_09__secret_conversation__8DTEGQ54,1,DFD,dfd_11,train
vid_007563_id19_id22_0004,1,CelebDF,celeb_id59,train
vid_004027_id28_0004,0,CelebDF,celeb_id59,train
vid_001515_15_13__walking_down_street_outside_angry__X0EIIJF7,1,DFD,dfd_11,train
vid_006107_id33_id30_0001,1,CelebDF,celeb_id59,train
vid_009010_id46_id39_0002,1,CelebDF,celeb_id39,test
vid_005851_id21_id34_0009,1,CelebDF,celeb_id59,train
vid_006954_id8_id2_0007,1,CelebDF,celeb_id59,train
vid_006702_id21_id35_0007,1,CelebDF,celeb_id59,train
vid_006686_id26_id2_0005,1,CelebDF,celeb_id59,train
vid_001464_01_04__walking_down_street_outside_angry__GBC7ZGDP,1,DFD,dfd_11,train
vid_008501_id45_id40_0008,1,CelebDF,celeb_id39,test
vid_007602_id39_id48_0006,1,CelebDF,celeb_id39,test
vid_005992_id48_id42_0005,1,CelebDF,celeb_id39,test
vid_003125_18__kitchen_still,0,DFD,dfd_11,train
vid_006708_id31_id35_0002,1,CelebDF,celeb_id59,train
vid_007219_id56_id57_0001,1,CelebDF,celeb_id49,val
vid_009453_id24_id28_0006,1,CelebDF,celeb_id59,train
vid_007269_id55_id51_0003,1,CelebDF,celeb_id49,val
vid_008915_id1_id31_0007,1,CelebDF,celeb_id59,train
vid_004394_id35_id29_0007,1,CelebDF,celeb_id59,train
vid_004565_id44_id48_0002,1,CelebDF,celeb_id39,test
vid_002569_02_27__outside_talking_still_laughing__FV8M8O2C,1,DFD,dfd_11,train
vid_003283_26__walking_down_street_outside_angry,0,DFD,dfd_11,train
vid_003695_00116,0,CelebDF,yt_00116,train
vid_008407_id2_id9_0003,1,CelebDF,celeb_id59,train
vid_002575_14_03__hugging_happy__ZC2KYASW,1,DFD,dfd_11,train
vid_000657_13_11__kitchen_pan__61T622EK,1,DFD,dfd_11,train
vid_002306_09_25__outside_talking_pan_laughing__ODAQ7BZL,1,DFD,dfd_11,train
vid_006500_id57_id52_0006,1,CelebDF,celeb_id49,val
vid_004680_id26_id16_0003,1,CelebDF,celeb_id59,train
vid_004167_id21_0007,0,CelebDF,celeb_id59,train
vid_006591_id54_id55_0003,1,CelebDF,celeb_id49,val
vid_006441_id16_id35_0012,1,CelebDF,celeb_id59,train
vid_003292_03__outside_talking_still_laughing,0,DFD,dfd_11,train
vid_003250_19__kitchen_still,0,DFD,dfd_10,val
vid_002689_18_14__talking_against_wall__0YRBHIKG,1,DFD,dfd_11,train
vid_001182_02_13__talking_angry_couch__CP5HFV3K,1,DFD,dfd_11,train
vid_008843_id16_id6_0005,1,CelebDF,celeb_id59,train
vid_002181_13_09__outside_talking_still_laughing__YP7MGDQ6,1,DFD,dfd_11,train
vid_007291_id23_id38_0006,1,CelebDF,celeb_id59,train
vid_005565_id2_id31_0003,1,CelebDF,celeb_id59,train
vid_002102_27_01__walking_outside_cafe_disgusted__S2YCUY48,1,DFD,dfd_11,train
vid_008311_id4_id0_0006,1,CelebDF,celeb_id59,train
vid_008791_id6_id21_0005,1,CelebDF,celeb_id59,train
vid_008345_id37_id4_0006,1,CelebDF,celeb_id59,train
vid_005594_id20_id31_0000,1,CelebDF,celeb_id59,train
vid_002100_03_15__podium_speech_happy__OY4I7ZU8,1,DFD,dfd_11,train
vid_003552_00068,0,CelebDF,yt_00068,train
vid_001962_11_01__outside_talking_pan_laughing__WIZ7GKOD,1,DFD,dfd_11,train
vid_001526_07_14__walking_down_street_outside_angry__VOX29AK0,1,DFD,dfd_11,train
vid_000114_12_07__walking_outside_cafe_disgusted__KAG65PEE,1,DFD,dfd_11,train
vid_001552_24_22__talking_angry_couch__7E3GY85F,1,DFD,dfd_10,val
vid_006896_id48_id39_0000,1,CelebDF,celeb_id39,test
vid_002150_15_18__outside_talking_pan_laughing__V5VHLCOW,1,DFD,dfd_11,train
vid_002659_02_06__walking_outside_cafe_disgusted__37DH75GQ,1,DFD,dfd_11,train
vid_000950_06_03__talking_against_wall__1IXGY2FK,1,DFD,dfd_11,train
vid_006165_id53_id51_0001,1,CelebDF,celeb_id49,val
vid_001373_18_26__kitchen_still__C9VUQS9O,1,DFD,dfd_11,train
vid_009044_id23_id16_0006,1,CelebDF,celeb_id59,train
vid_002066_04_06__talking_against_wall__ZK95PQDE,1,DFD,dfd_11,train
vid_006953_id3_id20_0005,1,CelebDF,celeb_id59,train
vid_006745_id24_id20_0009,1,CelebDF,celeb_id59,train
vid_001704_03_06__hugging_happy__1IXGY2FK,1,DFD,dfd_11,train
vid_000127_25_06__walk_down_hall_angry__3QQBVBYN,1,DFD,dfd_11,train
vid_008862_id38_id26_0007,1,CelebDF,celeb_id59,train
vid_001558_16_17__walk_down_hall_angry__S7UMSIQV,1,DFD,dfd_05,test
vid_002961_09_13__outside_talking_still_laughing__BVZGDFD8,1,DFD,dfd_11,train
vid_009195_id45_id46_0006,1,CelebDF,celeb_id39,test
vid_003071_22__walking_down_street_outside_angry,0,DFD,dfd_10,val
vid_006186_id30_id31_0003,1,CelebDF,celeb_id59,train
vid_008550_id56_id57_0005,1,CelebDF,celeb_id49,val
vid_003035_01_14__outside_talking_still_laughing__01YF7VQM,1,DFD,dfd_11,train
vid_009129_id30_id35_0009,1,CelebDF,celeb_id59,train
vid_003481_00082,0,CelebDF,yt_00082,train
vid_000201_19_10__walk_down_hall_angry__BVVPN5D5,1,DFD,dfd_10,val
vid_006437_id52_id56_0006,1,CelebDF,celeb_id49,val
vid_000138_02_06__walking_down_indoor_hall_disgust__GH8TGTBS,1,DFD,dfd_11,train
vid_002039_09_26__kitchen_pan__C3K20JOL,1,DFD,dfd_11,train
vid_006840_id53_id52_0005,1,CelebDF,celeb_id49,val
vid_000242_12_07__podium_speech_happy__KAG65PEE,1,DFD,dfd_11,train
vid_000405_06_12__outside_talking_pan_laughing__3K21NFNM,1,DFD,dfd_11,train
vid_005970_id23_id0_0004,1,CelebDF,celeb_id59,train
vid_004110_id13_0006,0,CelebDF,celeb_id59,train
vid_008526_id19_id27_0008,1,CelebDF,celeb_id59,train
vid_007200_id6_id2_0003,1,CelebDF,celeb_id59,train
vid_000181_17_05__talking_against_wall__YTJYYDO9,1,DFD,dfd_05,test
vid_006588_id24_id26_0007,1,CelebDF,celeb_id59,train
vid_009554_id1_id6_0003,1,CelebDF,celeb_id59,train
vid_000135_23_10__walking_down_indoor_hall_disgust__GYY4VANY,1,DFD,dfd_10,val
vid_007318_id2_id30_0003,1,CelebDF,celeb_id59,train
vid_004216_id3_0004,0,CelebDF,celeb_id59,train
vid_009870_id41_id48_0003,1,CelebDF,celeb_id39,test
vid_005687_id28_id26_0005,1,CelebDF,celeb_id59,train
vid_003241_15__podium_speech_happy,0,DFD,dfd_11,train
vid_002337_20_12__outside_talking_pan_laughing__VD7BCF1U,1,DFD,dfd_11,train
vid_005339_id30_id34_0000,1,CelebDF,celeb_id59,train
vid_004483_id28_id24_0004,1,CelebDF,celeb_id59,train
vid_001287_03_02__walking_down_street_outside_angry__QH3Y0IG0,1,DFD,dfd_11,train
vid_005050_id28_id24_0006,1,CelebDF,celeb_id59,train
vid_005293_id39_id47_0009,1,CelebDF,celeb_id39,test
vid_000579_18_11__talking_against_wall__PT4YKO2R,1,DFD,dfd_11,train
vid_003492_00204,0,CelebDF,yt_00204,train
vid_000876_07_06__walking_down_street_outside_angry__NMGYPBXE,1,DFD,dfd_11,train
vid_009317_id43_id46_0005,1,CelebDF,celeb_id39,test
vid_005185_id33_id34_0008,1,CelebDF,celeb_id59,train
vid_003512_00162,0,CelebDF,yt_00162,train
vid_001828_12_02__podium_speech_happy__9D2ZHEKW,1,DFD,dfd_11,train
vid_009617_id61_id59_0002,1,CelebDF,celeb_id59,train
vid_003945_id46_0007,0,CelebDF,celeb_id39,test
vid_006530_id23_id32_0000,1,CelebDF,celeb_id59,train
vid_007884_id4_id9_0008,1,CelebDF,celeb_id59,train
vid_008605_id56_id49_0008,1,CelebDF,celeb_id49,val
vid_003355_26__kitchen_pan,0,DFD,dfd_11,train
vid_009213_id3_id6_0004,1,CelebDF,celeb_id59,train
vid_008909_id26_id38_0003,1,CelebDF,celeb_id59,train
vid_000815_18_11__talking_against_wall__Z5MZ8PP7,1,DFD,dfd_11,train
vid_006632_id6_id2_0007,1,CelebDF,celeb_id59,train
vid_000862_21_14__podium_speech_happy__IRKML4J0,1,DFD,dfd_11,train
vid_007945_id0_id21_0001,1,CelebDF,celeb_id59,train
vid_009509_id53_id50_0004,1,CelebDF,celeb_id49,val
vid_007044_id0_id23_0004,1,CelebDF,celeb_id59,train
vid_006035_id20_id3_0008,1,CelebDF,celeb_id59,train
vid_000093_07_03__walking_down_street_outside_angry__CDSNLDQ8,1,DFD,dfd_11,train
vid_006984_id13_id10_0008,1,CelebDF,celeb_id59,train
vid_004286_id61_0008,0,CelebDF,celeb_id59,train
vid_000533_16_05__walking_down_street_outside_angry__94435UY3,1,DFD,dfd_05,test
vid_000662_12_20__talking_against_wall__GHPWDH3C,1,DFD,dfd_11,train
vid_006635_id56_id50_0007,1,CelebDF,celeb_id49,val
vid_005553_id46_id48_0007,1,CelebDF,celeb_id39,test
vid_001891_02_18__meeting_serious__B95S4G6F,1,DFD,dfd_11,train
vid_007581_id8_id1_0007,1,CelebDF,celeb_id59,train
vid_000261_15_21__hugging_happy__87WSBJP3,1,DFD,dfd_11,train
vid_000009_18_03__walk_down_hall_angry__22UBC0BS,1,DFD,dfd_11,train
vid_009621_id28_id3_0001,1,CelebDF,celeb_id59,train
vid_002987_03_01__podium_speech_happy__480LQD1C,1,DFD,dfd_11,train
vid_009103_id16_id2_0010,1,CelebDF,celeb_id59,train
vid_003205_13__kitchen_pan,0,DFD,dfd_11,train
vid_004717_id41_id48_0000,1,CelebDF,celeb_id39,test
vid_001368_18_14__walk_down_hall_angry__A5A1Q467,1,DFD,dfd_11,train
vid_007323_id17_id6_0002,1,CelebDF,celeb_id59,train
vid_006955_id3_id2_0004,1,CelebDF,celeb_id59,train
vid_008245_id1_id16_0004,1,CelebDF,celeb_id59,train
vid_002080_01_04__walk_down_hall_angry__GBC7ZGDP,1,DFD,dfd_11,train
vid_001080_26_25__walk_down_hall_angry__XKQAYTLI,1,DFD,dfd_11,train
vid_005013_id2_id37_0005,1,CelebDF,celeb_id59,train
vid_009907_id31_id30_0007,1,CelebDF,celeb_id59,train
vid_006048_id33_id34_0002,1,CelebDF,celeb_id59,train
vid_001469_12_15__walking_down_street_outside_angry__N0SRODQD,1,DFD,dfd_11,train
vid_005787_id26_id25_0002,1,CelebDF,celeb_id59,train
vid_006071_id17_id0_0003,1,CelebDF,celeb_id59,train
vid_000034_02_18__kitchen_still__OXMEEFUQ,1,DFD,dfd_11,train
vid_003469_00124,0,CelebDF,yt_00124,train
vid_003754_id39_0000,0,CelebDF,celeb_id39,test
vid_004047_id56_0007,0,CelebDF,celeb_id49,val
vid_005545_id9_id28_0006,1,CelebDF,celeb_id59,train
vid_003777_id3_0006,0,CelebDF,celeb_id59,train
vid_000370_21_14__talking_angry_couch__N0WM4GSV,1,DFD,dfd_11,train
vid_000514_14_18__outside_talking_still_laughing__6SB2BR0A,1,DFD,dfd_11,train
vid_004517_id30_id37_0003,1,CelebDF,celeb_id59,train
vid_009751_id31_id32_0003,1,CelebDF,celeb_id59,train
vid_009933_id26_id33_0003,1,CelebDF,celeb_id59,train
vid_002259_11_01__talking_against_wall__P06JKA75,1,DFD,dfd_11,train
vid_009746_id20_id29_0002,1,CelebDF,celeb_id59,train
vid_009499_id55_id51_0008,1,CelebDF,celeb_id49,val
vid_005848_id35_id6_0007,1,CelebDF,celeb_id59,train
vid_006722_id9_id17_0001,1,CelebDF,celeb_id59,train
vid_007381_id28_id34_0006,1,CelebDF,celeb_id59,train
vid_009944_id21_id24_0008,1,CelebDF,celeb_id59,train
vid_003072_15__exit_phone_room,0,DFD,dfd_11,train
vid_006800_id27_id24_0003,1,CelebDF,celeb_id59,train
vid_002017_14_03__walk_down_hall_angry__7JPPCV50,1,DFD,dfd_11,train
vid_002206_14_15__outside_talking_pan_laughing__OMLZILK3,1,DFD,dfd_11,train
vid_001206_14_15__outside_talking_still_laughing__RNHLLKSQ,1,DFD,dfd_11,train
vid_005697_id48_id40_0006,1,CelebDF,celeb_id39,test
vid_008692_id22_id25_0006,1,CelebDF,celeb_id59,train
vid_000927_15_18__outside_talking_still_laughing__V5VHLCOW,1,DFD,dfd_11,train
vid_009203_id13_id7_0015,1,CelebDF,celeb_id59,train
vid_001873_06_12__outside_talking_still_laughing__3K21NFNM,1,DFD,dfd_11,train
vid_003023_02_06__walking_down_indoor_hall_disgust__U6MDWIHG,1,DFD,dfd_11,train
vid_002813_03_09__talking_angry_couch__RCETIXYL,1,DFD,dfd_11,train
vid_008898_id30_id4_0004,1,CelebDF,celeb_id59,train
vid_009540_id56_id54_0001,1,CelebDF,celeb_id49,val
vid_008190_id52_id54_0003,1,CelebDF,celeb_id49,val
vid_006388_id20_id21_0005,1,CelebDF,celeb_id59,train
vid_004527_id3_id16_0000,1,CelebDF,celeb_id59,train
vid_006237_id28_id4_0006,1,CelebDF,celeb_id59,train
vid_002794_27_02__podium_speech_happy__FV8M8O2C,1,DFD,dfd_11,train
vid_007712_id16_id2_0011,1,CelebDF,celeb_id59,train
vid_008338_id33_id23_0002,1,CelebDF,celeb_id59,train
vid_001384_09_21__podium_speech_happy__JEELOMN2,1,DFD,dfd_11,train
vid_004724_id39_id42_0008,1,CelebDF,celeb_id39,test
vid_001618_03_15__meeting_serious__OY4I7ZU8,1,DFD,dfd_11,train
vid_003243_25__walk_down_hall_angry,0,DFD,dfd_11,train
vid_003161_17__kitchen_pan,0,DFD,dfd_05,test
vid_009537_id1_id0_0005,1,CelebDF,celeb_id59,train
vid_000190_15_01__outside_talking_still_laughing__02HILKYO,1,DFD,dfd_11,train
vid_007551_id55_id50_0000,1,CelebDF,celeb_id49,val
vid_007153_id23_id2_0004,1,CelebDF,celeb_id59,train
vid_009062_id1_id17_0009,1,CelebDF,celeb_id59,train
vid_000508_19_24__walk_down_hall_angry__59PN7WZ2,1,DFD,dfd_10,val
vid_008777_id23_id37_0003,1,CelebDF,celeb_id59,train
vid_006140_id31_id20_0009,1,CelebDF,celeb_id59,train
vid_009395_id16_id21_0004,1,CelebDF,celeb_id59,train
vid_006561_id29_id38_0009,1,CelebDF,celeb_id59,train
vid_001625_14_03__walking_and_outside_surprised__38OVCK3X,1,DFD,dfd_11,train
vid_009582_id31_id6_0006,1,CelebDF,celeb_id59,train
vid_008836_id34_id26_0002,1,CelebDF,celeb_id59,train
vid_003602_00100,0,CelebDF,yt_00100,train
vid_000534_07_04__kitchen_still__M2NBCLFR,1,DFD,dfd_11,train
vid_004706_id20_id1_0003,1,CelebDF,celeb_id59,train
vid_003394_11__outside_talking_still_laughing,0,DFD,dfd_11,train
vid_009056_id28_id6_0009,1,CelebDF,celeb_id59,train
vid_008560_id50_id49_0007,1,CelebDF,celeb_id49,val
vid_001379_24_22__walking_down_street_outside_angry__XL557XC6,1,DFD,dfd_10,val
vid_006410_id41_id47_0005,1,CelebDF,celeb_id39,test
vid_007876_id34_id31_0007,1,CelebDF,celeb_id59,train
vid_008652_id40_id43_0006,1,CelebDF,celeb_id39,test
vid_006005_id4_id2_0002,1,CelebDF,celeb_id59,train
vid_002602_22_19__walking_down_indoor_hall_disgust__VK6BF5NV,1,DFD,dfd_10,val
vid_001425_15_06__walking_down_indoor_hall_disgust__QRCD27P8,1,DFD,dfd_11,train
vid_001401_15_13__exit_phone_room__X0EIIJF7,1,DFD,dfd_11,train
vid_000618_03_14__kitchen_still__Q9NSXM88,1,DFD,dfd_11,train
vid_007274_id31_id21_0001,1,CelebDF,celeb_id59,train
vid_003380_06__talking_against_wall,0,DFD,dfd_11,train
vid_005267_id35_id1_0009,1,CelebDF,celeb_id59,train
vid_009155_id41_id40_0007,1,CelebDF,celeb_id39,test
vid_008191_id53_id50_0008,1,CelebDF,celeb_id49,val
vid_001545_02_27__walking_and_outside_surprised__UGO2181S,1,DFD,dfd_11,train
vid_009260_id35_id3_0006,1,CelebDF,celeb_id59,train
vid_000581_12_07__talking_against_wall__0VN0A2T3,1,DFD,dfd_11,train
vid_006728_id29_id26_0005,1,CelebDF,celeb_id59,train
vid_001799_02_15__meeting_serious__TSRK8QS4,1,DFD,dfd_11,train
vid_004486_id30_id33_0004,1,CelebDF,celeb_id59,train
vid_009356_id4_id37_0003,1,CelebDF,celeb_id59,train
vid_000629_02_15__walking_and_outside_surprised__HTG660F8,1,DFD,dfd_11,train
vid_005977_id29_id23_0007,1,CelebDF,celeb_id59,train
vid_003592_00056,0,CelebDF,yt_00056,train
vid_008595_id27_id24_0009,1,CelebDF,celeb_id59,train
vid_003684_00036,0,CelebDF,yt_00036,train
vid_002524_18_14__secret_conversation__A5A1Q467,1,DFD,dfd_11,train
vid_005099_id31_id20_0008,1,CelebDF,celeb_id59,train
vid_008982_id33_id38_0004,1,CelebDF,celeb_id59,train
vid_001752_28_16__kitchen_still__U757192N,1,DFD,dfd_05,test
vid_008532_id47_id43_0002,1,CelebDF,celeb_id39,test
vid_002388_01_02__hugging_happy__YVGY8LOK,1,DFD,dfd_11,train
vid_002566_16_05__walk_down_hall_angry__V7BK27TX,1,DFD,dfd_05,test
vid_006976_id52_id50_0009,1,CelebDF,celeb_id49,val
vid_005831_id30_id17_0003,1,CelebDF,celeb_id59,train
vid_006783_id52_id49_0007,1,CelebDF,celeb_id49,val
vid_007685_id50_id51_0003,1,CelebDF,celeb_id49,val
vid_009557_id28_id1_0005,1,CelebDF,celeb_id59,train
vid_008090_id2_id9_0004,1,CelebDF,celeb_id59,train
vid_009445_id60_id61_0006,1,CelebDF,celeb_id59,train
vid_004082_id52_0009,0,CelebDF,celeb_id49,val
vid_008664_id58_id55_0003,1,CelebDF,celeb_id49,val
vid_002675_04_01__kitchen_still__6I623VU9,1,DFD,dfd_11,train
vid_005368_id40_id42_0007,1,CelebDF,celeb_id39,test
vid_009185_id25_id21_0010,1,CelebDF,celeb_id59,train
vid_005659_id40_id45_0000,1,CelebDF,celeb_id39,test
vid_009246_id30_id26_0006,1,CelebDF,celeb_id59,train
vid_006104_id39_id48_0007,1,CelebDF,celeb_id39,test
vid_007718_id46_id47_0005,1,CelebDF,celeb_id39,test
vid_007568_id21_id27_0009,1,CelebDF,celeb_id59,train
vid_005663_id20_id32_0002,1,CelebDF,celeb_id59,train
vid_008740_id2_id9_0000,1,CelebDF,celeb_id59,train
vid_000007_25_18__walking_down_street_outside_angry__41UL3HO6,1,DFD,dfd_11,train
vid_005770_id2_id35_0005,1,CelebDF,celeb_id59,train
vid_009563_id39_id43_0009,1,CelebDF,celeb_id39,test
vid_002810_13_09__walking_down_street_outside_angry__B41GFUV2,1,DFD,dfd_11,train
vid_002229_06_18__outside_talking_pan_laughing__DEA1TCLN,1,DFD,dfd_11,train
vid_005895_id4_id9_0005,1,CelebDF,celeb_id59,train
vid_007265_id6_id20_0006,1,CelebDF,celeb_id59,train
vid_003115_15__talking_against_wall,0,DFD,dfd_11,train
vid_002208_02_09__exit_phone_room__6KUOFMZW,1,DFD,dfd_11,train
vid_003646_00003,0,CelebDF,yt_00003,train
vid_001845_07_21__outside_talking_still_laughing__K7KXUHMU,1,DFD,dfd_11,train
vid_003310_23__hugging_happy,0,DFD,dfd_10,val
vid_001613_07_12__outside_talking_still_laughing__0VN0A2T3,1,DFD,dfd_11,train
vid_003204_23__walking_outside_cafe_disgusted,0,DFD,dfd_10,val
vid_006482_id37_id31_0001,1,CelebDF,celeb_id59,train
vid_004115_id10_0005,0,CelebDF,celeb_id59,train
vid_000299_27_02__kitchen_pan__B3XHKO27,1,DFD,dfd_11,train
vid_007942_id31_id17_0002,1,CelebDF,celeb_id59,train
vid_004251_id16_0007,0,CelebDF,celeb_id59,train
vid_006698_id28_id21_0007,1,CelebDF,celeb_id59,train
vid_009837_id35_id38_0005,1,CelebDF,celeb_id59,train
vid_005985_id54_id49_0002,1,CelebDF,celeb_id49,val
vid_008905_id57_id56_0002,1,CelebDF,celeb_id49,val
vid_002745_21_04__walking_down_street_outside_angry__5Y31RZP8,1,DFD,dfd_11,train
vid_000226_03_21__exit_phone_room__YCSEBZO4,1,DFD,dfd_11,train
vid_001075_07_21__talking_against_wall__MKU99DVX,1,DFD,dfd_11,train
vid_005075_id21_id19_0008,1,CelebDF,celeb_id59,train
vid_001574_20_01__kitchen_pan__6UBMLXK3,1,DFD,dfd_11,train
vid_007548_id34_id30_0004,1,CelebDF,celeb_id59,train
vid_008539_id33_id30_0000,1,CelebDF,celeb_id59,train
vid_003577_00043,0,CelebDF,yt_00043,train
vid_004065_id26_0009,0,CelebDF,celeb_id59,train
vid_005651_id16_id28_0010,1,CelebDF,celeb_id59,train
vid_009592_id2_id37_0002,1,CelebDF,celeb_id59,train
vid_006391_id20_id2_0000,1,CelebDF,celeb_id59,train
vid_001732_20_13__kitchen_pan__4SAX54BT,1,DFD,dfd_11,train
vid_004370_id9_id6_0001,1,CelebDF,celeb_id59,train
vid_005928_id0_id26_0008,1,CelebDF,celeb_id59,train
vid_008017_id21_id22_0002,1,CelebDF,celeb_id59,train
vid_002939_15_03__walking_and_outside_surprised__DG8ITQO3,1,DFD,dfd_11,train
vid_006804_id0_id20_0005,1,CelebDF,celeb_id59,train
vid_003749_id16_0001,0,CelebDF,celeb_id59,train
vid_009887_id1_id9_0002,1,CelebDF,celeb_id59,train
vid_007354_id29_id37_0008,1,CelebDF,celeb_id59,train
vid_003532_00299,0,CelebDF,yt_00299,train
vid_004124_id47_0000,0,CelebDF,celeb_id39,test
vid_003210_20__walk_down_hall_angry,0,DFD,dfd_11,train
vid_003472_00173,0,CelebDF,yt_00173,train
vid_001354_25_27__walk_down_hall_angry__GNIMW95Z,1,DFD,dfd_11,train
vid_001212_18_14__exit_phone_room__MAEROFMR,1,DFD,dfd_11,train
vid_007315_id54_id56_0000,1,CelebDF,celeb_id49,val
vid_009398_id31_id1_0004,1,CelebDF,celeb_id59,train
vid_005404_id30_id20_0009,1,CelebDF,celeb_id59,train
vid_004291_id13_0010,0,CelebDF,celeb_id59,train
vid_005410_id54_id49_0009,1,CelebDF,celeb_id49,val
vid_002874_19_24__podium_speech_happy__OF8LF68K,1,DFD,dfd_10,val
vid_000518_18_26__walking_down_street_outside_angry__UMEX6HWU,1,DFD,dfd_11,train
vid_004729_id51_id53_0004,1,CelebDF,celeb_id49,val
vid_008449_id26_id4_0006,1,CelebDF,celeb_id59,train
vid_008960_id20_id25_0001,1,CelebDF,celeb_id59,train
vid_007919_id20_id34_0006,1,CelebDF,celeb_id59,train
vid_009690_id0_id6_0009,1,CelebDF,celeb_id59,train
vid_000185_01_27__talking_against_wall__ZYCZ30C0,1,DFD,dfd_11,train
vid_005742_id26_id23_0002,1,CelebDF,celeb_id59,train
vid_005461_id48_id40_0000,1,CelebDF,celeb_id39,test
vid_009449_id28_id32_0002,1,CelebDF,celeb_id59,train
vid_009394_id41_id40_0005,1,CelebDF,celeb_id39,test
vid_006872_id25_id23_0010,1,CelebDF,celeb_id59,train
vid_007175_id4_id1_0005,1,CelebDF,celeb_id59,train
vid_000466_06_12__hugging_happy__F3I4PDYF,1,DFD,dfd_11,train
vid_003574_00076,0,CelebDF,yt_00076,train
vid_004793_id23_id27_0006,1,CelebDF,celeb_id59,train
vid_007632_id17_id3_0006,1,CelebDF,celeb_id59,train
vid_000741_09_25__talking_against_wall__ODAQ7BZL,1,DFD,dfd_11,train
vid_006462_id20_id16_0008,1,CelebDF,celeb_id59,train
vid_008405_id52_id49_0004,1,CelebDF,celeb_id49,val
vid_005795_id23_id37_0002,1,CelebDF,celeb_id59,train
vid_007196_id47_id46_0008,1,CelebDF,celeb_id39,test
vid_002946_23_22__walking_outside_cafe_disgusted__X2ZN5Q31,1,DFD,dfd_10,val
vid_006074_id39_id44_0001,1,CelebDF,celeb_id39,test
vid_006062_id3_id35_0006,1,CelebDF,celeb_id59,train
vid_002363_02_07__meeting_serious__1JCLEEBQ,1,DFD,dfd_11,train
vid_007771_id30_id34_0005,1,CelebDF,celeb_id59,train
vid_004282_id49_0005,0,CelebDF,celeb_id49,val
vid_007703_id31_id33_0002,1,CelebDF,celeb_id59,train
vid_008687_id10_id13_0007,1,CelebDF,celeb_id59,train
vid_000726_02_01__hugging_happy__YVGY8LOK,1,DFD,dfd_11,train
vid_008944_id44_id39_0002,1,CelebDF,celeb_id39,test
vid_008783_id3_id9_0002,1,CelebDF,celeb_id59,train
vid_008792_id24_id26_0003,1,CelebDF,celeb_id59,train
vid_006301_id53_id51_0000,1,CelebDF,celeb_id49,val
vid_007806_id48_id39_0002,1,CelebDF,celeb_id39,test
vid_005052_id21_id24_0002,1,CelebDF,celeb_id59,train
vid_007404_id21_id23_0002,1,CelebDF,celeb_id59,train
vid_009436_id35_id34_0009,1,CelebDF,celeb_id59,train
vid_000989_03_15__kitchen_pan__AIOM1U5V,1,DFD,dfd_11,train
vid_006098_id3_id31_0008,1,CelebDF,celeb_id59,train
vid_008049_id43_id47_0006,1,CelebDF,celeb_id39,test
vid_000165_03_11__outside_talking_pan_laughing__P08VGHTA,1,DFD,dfd_11,train
vid_006657_id17_id35_0001,1,CelebDF,celeb_id59,train
vid_007065_id1_id30_0004,1,CelebDF,celeb_id59,train
vid_001566_20_13__talking_against_wall__HQHYKNGK,1,DFD,dfd_11,train
vid_001214_10_19__talking_angry_couch__QNZIMEJH,1,DFD,dfd_10,val
vid_005133_id23_id30_0002,1,CelebDF,celeb_id59,train
vid_005541_id21_id2_0002,1,CelebDF,celeb_id59,train
vid_003226_05__kitchen_pan,0,DFD,dfd_05,test
vid_007225_id38_id37_0003,1,CelebDF,celeb_id59,train
vid_007193_id26_id30_0000,1,CelebDF,celeb_id59,train
vid_000744_13_27__talking_against_wall__A1OSUJE9,1,DFD,dfd_11,train
vid_009018_id0_id23_0001,1,CelebDF,celeb_id59,train
vid_004773_id21_id22_0008,1,CelebDF,celeb_id59,train
vid_000353_08_28__outside_talking_pan_laughing__HIOU8Z8I,1,DFD,dfd_05,test
vid_001470_13_27__outside_talking_pan_laughing__A1OSUJE9,1,DFD,dfd_11,train
vid_000912_18_11__outside_talking_pan_laughing__PT4YKO2R,1,DFD,dfd_11,train
vid_003493_00000,0,CelebDF,yt_00000,train
vid_006045_id20_id19_0005,1,CelebDF,celeb_id59,train
vid_008477_id34_id32_0002,1,CelebDF,celeb_id59,train
vid_003747_id8_0002,0,CelebDF,celeb_id59,train
vid_001269_15_02__hugging_happy__SB6PMCO0,1,DFD,dfd_11,train
vid_000558_27_18__outside_talking_still_laughing__NYHE8D0J,1,DFD,dfd_11,train
vid_003523_00134,0,CelebDF,yt_00134,train
vid_004629_id30_id31_0004,1,CelebDF,celeb_id59,train
vid_009882_id17_id2_0004,1,CelebDF,celeb_id59,train
vid_009956_id19_id23_0008,1,CelebDF,celeb_id59,train
vid_007122_id6_id28_0006,1,CelebDF,celeb_id59,train
vid_006815_id54_id50_0004,1,CelebDF,celeb_id49,val
vid_006061_id31_id33_0009,1,CelebDF,celeb_id59,train
vid_007868_id9_id16_0005,1,CelebDF,celeb_id59,train
vid_004414_id21_id2_0001,1,CelebDF,celeb_id59,train
vid_003343_14__walking_down_street_outside_angry,0,DFD,dfd_11,train
vid_002184_20_13__outside_talking_still_laughing__LXLR1B6N,1,DFD,dfd_11,train
vid_009949_id34_id28_0005,1,CelebDF,celeb_id59,train
vid_000826_01_11__outside_talking_pan_laughing__UQ0BOBNO,1,DFD,dfd_11,train
vid_008368_id3_id31_0000,1,CelebDF,celeb_id59,train
vid_001436_03_26__meeting_serious__WBSXBL82,1,DFD,dfd_11,train
vid_009288_id34_id38_0009,1,CelebDF,celeb_id59,train
vid_000628_20_13__walk_down_hall_angry__4SAX54BT,1,DFD,dfd_11,train
vid_005053_id34_id35_0004,1,CelebDF,celeb_id59,train
vid_007330_id2_id28_0002,1,CelebDF,celeb_id59,train
vid_004802_id29_id38_0008,1,CelebDF,celeb_id59,train
vid_002328_07_21__walking_down_street_outside_angry__MKU99DVX,1,DFD,dfd_11,train
vid_000384_13_02__walking_outside_cafe_disgusted__CP5HFV3K,1,DFD,dfd_11,train
vid_002415_07_14__exit_phone_room__P9QFO50U,1,DFD,dfd_11,train
vid_002357_03_15__meeting_serious__DNUJD8M2,1,DFD,dfd_11,train
vid_002120_05_16__walk_down_hall_angry__4MEM6YNQ,1,DFD,dfd_05,test
vid_001219_07_03__hugging_happy__BKLOCI1M,1,DFD,dfd_11,train
vid_000722_18_04__kitchen_pan__6J3ZFEJQ,1,DFD,dfd_11,train
vid_006889_id56_id57_0003,1,CelebDF,celeb_id49,val
vid_002362_27_18__outside_talking_still_laughing__G7OOOUCX,1,DFD,dfd_11,train
vid_007154_id16_id1_0013,1,CelebDF,celeb_id59,train
vid_008970_id20_id2_0005,1,CelebDF,celeb_id59,train
vid_007818_id29_id20_0008,1,CelebDF,celeb_id59,train
vid_004589_id49_id58_0009,1,CelebDF,celeb_id49,val
vid_007443_id1_id3_0007,1,CelebDF,celeb_id59,train
vid_003955_id53_0009,0,CelebDF,celeb_id49,val
vid_001502_02_09__meeting_serious__6KUOFMZW,1,DFD,dfd_11,train
vid_002192_04_11__outside_talking_still_laughing__8FD8U22M,1,DFD,dfd_11,train
vid_006349_id37_id2_0008,1,CelebDF,celeb_id59,train
vid_001846_18_06__walking_outside_cafe_disgusted__DEA1TCLN,1,DFD,dfd_11,train
vid_000161_01_20__kitchen_still__D8GWGO2A,1,DFD,dfd_11,train
vid_003054_20_13__kitchen_still__NJEO6L5O,1,DFD,dfd_11,train
vid_000397_27_18__talking_angry_couch__GRZ07XTD,1,DFD,dfd_11,train
vid_006663_id31_id30_0009,1,CelebDF,celeb_id59,train
vid_003223_21__talking_angry_couch,0,DFD,dfd_11,train
vid_009466_id4_id37_0000,1,CelebDF,celeb_id59,train
vid_005014_id21_id19_0002,1,CelebDF,celeb_id59,train
vid_007711_id53_id55_0002,1,CelebDF,celeb_id49,val
vid_005066_id52_id54_0009,1,CelebDF,celeb_id49,val
vid_004979_id10_id11_0003,1,CelebDF,celeb_id59,train
vid_004009_id0_0001,0,CelebDF,celeb_id59,train
vid_009280_id37_id17_0002,1,CelebDF,celeb_id59,train
vid_009739_id40_id43_0000,1,CelebDF,celeb_id39,test
vid_007982_id54_id55_0004,1,CelebDF,celeb_id49,val
vid_000860_04_01__outside_talking_still_laughing__0XUW13RW,1,DFD,dfd_11,train
vid_005210_id33_id37_0009,1,CelebDF,celeb_id59,train
vid_003441_00241,0,CelebDF,yt_00241,train
vid_005454_id27_id28_0003,1,CelebDF,celeb_id59,train
vid_001579_15_02__walking_down_street_outside_angry__MZWH8ATN,1,DFD,dfd_11,train
vid_003464_00249,0,CelebDF,yt_00249,train
vid_007935_id17_id20_0000,1,CelebDF,celeb_id59,train
vid_002918_20_12__talking_against_wall__GHPWDH3C,1,DFD,dfd_11,train
vid_006603_id49_id58_0007,1,CelebDF,celeb_id49,val
vid_006542_id17_id26_0003,1,CelebDF,celeb_id59,train
vid_009050_id52_id50_0006,1,CelebDF,celeb_id49,val
vid_004359_id32_id35_0007,1,CelebDF,celeb_id59,train
vid_006547_id2_id28_0000,1,CelebDF,celeb_id59,train
vid_007194_id9_id1_0004,1,CelebDF,celeb_id59,train
vid_000858_23_19__walk_down_hall_angry__H4SUVFTL,1,DFD,dfd_10,val
vid_005081_id38_id31_0005,1,CelebDF,celeb_id59,train
vid_005492_id16_id3_0013,1,CelebDF,celeb_id59,train
vid_007474_id21_id32_0000,1,CelebDF,celeb_id59,train
vid_008780_id40_id44_0001,1,CelebDF,celeb_id39,test
vid_007590_id59_id60_0005,1,CelebDF,celeb_id59,train
vid_008616_id7_id11_0005,1,CelebDF,celeb_id59,train
vid_005566_id17_id6_0003,1,CelebDF,celeb_id59,train
vid_006768_id35_id34_0008,1,CelebDF,celeb_id59,train
vid_001532_15_02__exit_phone_room__MZWH8ATN,1,DFD,dfd_11,train
vid_009953_id57_id50_0000,1,CelebDF,celeb_id49,val
vid_007746_id6_id17_0006,1,CelebDF,celeb_id59,train
vid_007299_id35_id17_0003,1,CelebDF,celeb_id59,train
vid_001158_12_20__outside_talking_pan_laughing__GHPWDH3C,1,DFD,dfd_11,train
vid_003484_00203,0,CelebDF,yt_00203,train
vid_006180_id50_id54_0009,1,CelebDF,celeb_id49,val
vid_007159_id38_id37_0001,1,CelebDF,celeb_id59,train
vid_000076_06_02__walking_down_street_outside_angry__0M6JNS5D,1,DFD,dfd_11,train
vid_008656_id32_id35_0005,1,CelebDF,celeb_id59,train
vid_000703_14_21__hugging_happy__N0WM4GSV,1,DFD,dfd_11,train
vid_003399_23__kitchen_still,0,DFD,dfd_10,val
vid_001031_04_15__talking_against_wall__7NW4Z6WZ,1,DFD,dfd_11,train
vid_002661_15_03__exit_phone_room__OY4I7ZU8,1,DFD,dfd_11,train
vid_000668_18_11__secret_conversation__PT4YKO2R,1,DFD,dfd_11,train
vid_008237_id21_id0_0005,1,CelebDF,celeb_id59,train
vid_009688_id28_id2_0006,1,CelebDF,celeb_id59,train
vid_004593_id20_id23_0006,1,CelebDF,celeb_id59,train
vid_001478_07_03__outside_talking_pan_laughing__IFSURI9X,1,DFD,dfd_11,train
vid_004684_id53_id56_0003,1,CelebDF,celeb_id49,val
vid_007870_id52_id54_0006,1,CelebDF,celeb_id49,val
vid_007962_id53_id54_0004,1,CelebDF,celeb_id49,val
vid_009817_id4_id31_0006,1,CelebDF,celeb_id59,train
vid_002630_09_20__walking_down_street_outside_angry__HG1S0KHA,1,DFD,dfd_11,train
vid_004757_id48_id41_0001,1,CelebDF,celeb_id39,test
vid_007860_id35_id20_0009,1,CelebDF,celeb_id59,train
vid_008123_id40_id47_0006,1,CelebDF,celeb_id39,test
vid_006836_id20_id22_0006,1,CelebDF,celeb_id59,train
vid_007506_id44_id41_0002,1,CelebDF,celeb_id39,test
vid_007852_id1_id23_0006,1,CelebDF,celeb_id59,train
vid_004364_id1_id26_0002,1,CelebDF,celeb_id59,train
vid_007020_id37_id33_0007,1,CelebDF,celeb_id59,train
vid_004073_id48_0005,0,CelebDF,celeb_id39,test
vid_009904_id1_id26_0009,1,CelebDF,celeb_id59,train
vid_003654_00170,0,CelebDF,yt_00170,train
vid_007350_id31_id2_0000,1,CelebDF,celeb_id59,train
vid_003381_08__walking_down_street_outside_angry,0,DFD,dfd_05,test
vid_009759_id0_id6_0006,1,CelebDF,celeb_id59,train
vid_009225_id32_id21_0000,1,CelebDF,celeb_id59,train
vid_001971_02_04__secret_conversation__8CH7R4LW,1,DFD,dfd_11,train
vid_009145_id25_id24_0005,1,CelebDF,celeb_id59,train
vid_008201_id16_id35_0013,1,CelebDF,celeb_id59,train
vid_002144_21_20__walking_down_indoor_hall_disgust__5LWO5ZDA,1,DFD,dfd_11,train
vid_007033_id34_id32_0007,1,CelebDF,celeb_id59,train
vid_006498_id40_id45_0005,1,CelebDF,celeb_id39,test
vid_001423_01_20__secret_conversation__FW94AIMJ,1,DFD,dfd_11,train
vid_002703_25_26__walk_down_hall_angry__XKQAYTLI,1,DFD,dfd_11,train
vid_003528_00146,0,CelebDF,yt_00146,train
vid_007958_id37_id31_0008,1,CelebDF,celeb_id59,train
vid_003463_00044,0,CelebDF,yt_00044,train
vid_006757_id48_id45_0006,1,CelebDF,celeb_id39,test
vid_006150_id35_id3_0001,1,CelebDF,celeb_id59,train
vid_004205_id47_0004,0,CelebDF,celeb_id39,test
vid_000806_02_18__outside_talking_pan_laughing__OXMEEFUQ,1,DFD,dfd_11,train
vid_007337_id6_id20_0007,1,CelebDF,celeb_id59,train
vid_009101_id3_id35_0005,1,CelebDF,celeb_id59,train
vid_007740_id21_id30_0007,1,CelebDF,celeb_id59,train
vid_007336_id26_id25_0005,1,CelebDF,celeb_id59,train
vid_009161_id28_id9_0000,1,CelebDF,celeb_id59,train
vid_008816_id37_id9_0009,1,CelebDF,celeb_id59,train
vid_002534_07_25__hugging_happy__IKMKYKPG,1,DFD,dfd_11,train
vid_006585_id41_id47_0007,1,CelebDF,celeb_id39,test
vid_008010_id51_id56_0002,1,CelebDF,celeb_id49,val
vid_009478_id30_id17_0001,1,CelebDF,celeb_id59,train
vid_009872_id30_id32_0004,1,CelebDF,celeb_id59,train
vid_005255_id22_id28_0006,1,CelebDF,celeb_id59,train
vid_008621_id37_id4_0004,1,CelebDF,celeb_id59,train
vid_001992_18_06__outside_talking_pan_laughing__OWJY9LQU,1,DFD,dfd_11,train
vid_002045_03_15__kitchen_still__OY4I7ZU8,1,DFD,dfd_11,train
vid_008370_id34_id30_0005,1,CelebDF,celeb_id59,train
vid_008698_id52_id58_0002,1,CelebDF,celeb_id49,val
vid_003750_id42_0003,0,CelebDF,celeb_id39,test
vid_000884_20_01__hugging_happy__FW94AIMJ,1,DFD,dfd_11,train
vid_004322_id43_id45_0008,1,CelebDF,celeb_id39,test
vid_006886_id17_id20_0007,1,CelebDF,celeb_id59,train
vid_005909_id23_id32_0009,1,CelebDF,celeb_id59,train
vid_002993_07_12__walking_down_street_outside_angry__1MSOAVLL,1,DFD,dfd_11,train
vid_008874_id52_id56_0003,1,CelebDF,celeb_id49,val
vid_001025_11_01__talking_against_wall__EKE2KNRE,1,DFD,dfd_11,train
vid_004122_id61_0002,0,CelebDF,celeb_id59,train
vid_001072_21_09__walk_down_hall_angry__WBPEX4CU,1,DFD,dfd_11,train
vid_006034_id35_id16_0002,1,CelebDF,celeb_id59,train
vid_008492_id39_id46_0008,1,CelebDF,celeb_id39,test
vid_003368_21__walking_down_indoor_hall_disgust,0,DFD,dfd_11,train
vid_002521_07_03__outside_talking_still_laughing__7NGMD8FT,1,DFD,dfd_11,train
vid_009737_id2_id9_0002,1,CelebDF,celeb_id59,train
vid_001749_06_18__walking_and_outside_surprised__MVXBDKGB,1,DFD,dfd_11,train
vid_005418_id35_id16_0005,1,CelebDF,celeb_id59,train
vid_004710_id2_id20_0006,1,CelebDF,celeb_id59,train
vid_000441_12_15__secret_conversation__N0SRODQD,1,DFD,dfd_11,train
vid_005705_id23_id22_0007,1,CelebDF,celeb_id59,train
vid_004700_id48_id42_0008,1,CelebDF,celeb_id39,test
vid_000383_01_15__podium_speech_happy__02HILKYO,1,DFD,dfd_11,train
vid_008301_id6_id35_0001,1,CelebDF,celeb_id59,train
vid_007342_id41_id43_0008,1,CelebDF,celeb_id39,test
vid_003388_21__walking_down_street_outside_angry,0,DFD,dfd_11,train
vid_009256_id23_id38_0001,1,CelebDF,celeb_id59,train
vid_004247_id53_0005,0,CelebDF,celeb_id49,val
vid_007178_id28_id33_0006,1,CelebDF,celeb_id59,train
vid_000473_16_05__podium_speech_happy__SYY41YGX,1,DFD,dfd_05,test
vid_001720_12_03__walk_down_hall_angry__D7G6YJON,1,DFD,dfd_11,train
vid_001310_10_22__walk_down_hall_angry__C1U7OY5M,1,DFD,dfd_10,val
vid_005297_id25_id20_0005,1,CelebDF,celeb_id59,train
vid_004418_id45_id47_0007,1,CelebDF,celeb_id39,test
vid_008040_id28_id22_0008,1,CelebDF,celeb_id59,train
vid_000381_27_25__hugging_happy__1KU29EUL,1,DFD,dfd_11,train
vid_004448_id27_id20_0007,1,CelebDF,celeb_id59,train
vid_009821_id26_id27_0005,1,CelebDF,celeb_id59,train
vid_004323_id10_id12_0008,1,CelebDF,celeb_id59,train
vid_009954_id6_id37_0005,1,CelebDF,celeb_id59,train
vid_007808_id38_id28_0001,1,CelebDF,celeb_id59,train
vid_000802_09_07__kitchen_pan__N9CWME71,1,DFD,dfd_11,train
vid_004853_id43_id44_0001,1,CelebDF,celeb_id39,test
vid_009265_id27_id20_0002,1,CelebDF,celeb_id59,train
vid_001313_15_02__walking_and_outside_surprised__MZWH8ATN,1,DFD,dfd_11,train
vid_002046_14_06__kitchen_still__8U9ULZDT,1,DFD,dfd_11,train
vid_002512_02_15__secret_conversation__MZWH8ATN,1,DFD,dfd_11,train
vid_005761_id7_id10_0009,1,CelebDF,celeb_id59,train
vid_003045_21_14__hugging_happy__N0WM4GSV,1,DFD,dfd_11,train
vid_000371_03_21__meeting_serious__V53E3RVB,1,DFD,dfd_11,train
vid_006925_id2_id35_0007,1,CelebDF,celeb_id59,train
vid_005755_id16_id26_0009,1,CelebDF,celeb_id59,train
vid_003445_00155,0,CelebDF,yt_00155,train
vid_001016_23_22__walking_outside_cafe_disgusted__TU7RHG0S,1,DFD,dfd_10,val
vid_003810_id16_0008,0,CelebDF,celeb_id59,train
vid_005444_id45_id39_0003,1,CelebDF,celeb_id39,test
vid_002765_02_15__kitchen_still__I8G2LWD1,1,DFD,dfd_11,train
vid_009374_id1_id17_0000,1,CelebDF,celeb_id59,train
vid_008296_id33_id34_0009,1,CelebDF,celeb_id59,train
vid_005401_id27_id25_0000,1,CelebDF,celeb_id59,train
vid_004087_id49_0003,0,CelebDF,celeb_id49,val
vid_004639_id16_id30_0002,1,CelebDF,celeb_id59,train
vid_009959_id30_id38_0007,1,CelebDF,celeb_id59,train
vid_009514_id26_id3_0000,1,CelebDF,celeb_id59,train
vid_000800_04_18__exit_phone_room__6J3ZFEJQ,1,DFD,dfd_11,train
vid_008920_id35_id9_0005,1,CelebDF,celeb_id59,train
vid_006915_id30_id26_0000,1,CelebDF,celeb_id59,train
vid_000928_06_04__talking_against_wall__ZK95PQDE,1,DFD,dfd_11,train
vid_008552_id32_id35_0002,1,CelebDF,celeb_id59,train
vid_007069_id2_id0_0005,1,CelebDF,celeb_id59,train
vid_007573_id37_id17_0009,1,CelebDF,celeb_id59,train
vid_003898_id23_0001,0,CelebDF,celeb_id59,train
vid_007108_id37_id6_0006,1,CelebDF,celeb_id59,train
vid_008897_id28_id21_0000,1,CelebDF,celeb_id59,train
vid_005712_id20_id2_0003,1,CelebDF,celeb_id59,train
vid_003587_00085,0,CelebDF,yt_00085,train
vid_003291_21__walking_outside_cafe_disgusted,0,DFD,dfd_11,train
vid_007640_id21_id37_0008,1,CelebDF,celeb_id59,train
vid_001204_22_23__walk_down_hall_angry__NUTQ0HJ5,1,DFD,dfd_10,val
vid_008455_id33_id34_0006,1,CelebDF,celeb_id59,train
vid_005065_id31_id35_0003,1,CelebDF,celeb_id59,train
vid_008036_id53_id49_0004,1,CelebDF,celeb_id49,val
vid_004446_id7_id10_0002,1,CelebDF,celeb_id59,train
vid_001847_19_23__kitchen_pan__H4SUVFTL,1,DFD,dfd_10,val
vid_006514_id55_id49_0003,1,CelebDF,celeb_id49,val
vid_002123_04_07__exit_phone_room__M2NBCLFR,1,DFD,dfd_11,train
vid_008063_id26_id35_0003,1,CelebDF,celeb_id59,train
vid_006282_id17_id26_0000,1,CelebDF,celeb_id59,train
vid_002997_21_14__walking_and_outside_surprised__N0WM4GSV,1,DFD,dfd_11,train
vid_001027_11_13__outside_talking_still_laughing__61T622EK,1,DFD,dfd_11,train
vid_001803_24_19__exit_phone_room__0ZFOV5ZE,1,DFD,dfd_10,val
vid_002146_14_01__outside_talking_still_laughing__01YF7VQM,1,DFD,dfd_11,train
vid_007545_id48_id40_0003,1,CelebDF,celeb_id39,test
vid_007148_id13_id10_0003,1,CelebDF,celeb_id59,train
vid_004733_id25_id22_0004,1,CelebDF,celeb_id59,train
vid_003951_id0_0000,0,CelebDF,celeb_id59,train
vid_000814_25_15__walk_down_hall_angry__BXVA6VQB,1,DFD,dfd_11,train
vid_000028_02_14__meeting_serious__3IUBEKCT,1,DFD,dfd_11,train
vid_008768_id56_id53_0009,1,CelebDF,celeb_id49,val
vid_002051_25_27__walk_down_hall_angry__1KU29EUL,1,DFD,dfd_11,train
vid_007621_id6_id26_0001,1,CelebDF,celeb_id59,train
vid_000137_15_14__hugging_happy__OMLZILK3,1,DFD,dfd_11,train
vid_008464_id25_id28_0005,1,CelebDF,celeb_id59,train
vid_001920_13_20__hugging_happy__C50CSOEX,1,DFD,dfd_11,train
vid_001802_13_25__walking_down_street_outside_angry__IW9OFVMG,1,DFD,dfd_11,train
vid_005463_id44_id40_0000,1,CelebDF,celeb_id39,test
vid_008367_id8_id9_0007,1,CelebDF,celeb_id59,train
vid_001553_03_21__kitchen_pan__YCSEBZO4,1,DFD,dfd_11,train
vid_005943_id53_id57_0003,1,CelebDF,celeb_id49,val
vid_008782_id47_id44_0006,1,CelebDF,celeb_id39,test
vid_004123_id40_0003,0,CelebDF,celeb_id39,test
vid_002928_14_06__outside_talking_pan_laughing__8U9ULZDT,1,DFD,dfd_11,train
vid_000632_18_15__walk_down_hall_angry__V5VHLCOW,1,DFD,dfd_11,train
vid_001119_06_12__talking_against_wall__3K21NFNM,1,DFD,dfd_11,train
vid_002913_14_03__secret_conversation__KJ221YN0,1,DFD,dfd_11,train
vid_004421_id31_id28_0006,1,CelebDF,celeb_id59,train
vid_005525_id23_id29_0003,1,CelebDF,celeb_id59,train
vid_001685_21_25__outside_talking_pan_laughing__NFBISHIN,1,DFD,dfd_11,train
vid_005310_id31_id34_0004,1,CelebDF,celeb_id59,train
vid_001650_01_15__kitchen_still__02HILKYO,1,DFD,dfd_11,train
vid_000222_21_11__talking_angry_couch__T7DK03O1,1,DFD,dfd_11,train
vid_005367_id40_id48_0003,1,CelebDF,celeb_id39,test
vid_002899_13_02__walking_down_indoor_hall_disgust__AROBAY8R,1,DFD,dfd_11,train
vid_000747_27_07__kitchen_pan__B5S6XY2L,1,DFD,dfd_11,train
vid_008958_id51_id53_0001,1,CelebDF,celeb_id49,val
vid_008512_id31_id32_0008,1,CelebDF,celeb_id59,train
vid_001457_20_09__outside_talking_still_laughing__MKEWB4SM,1,DFD,dfd_11,train
vid_004484_id3_id20_0009,1,CelebDF,celeb_id59,train
vid_008121_id0_id1_0000,1,CelebDF,celeb_id59,train
vid_000444_22_23__walking_and_outside_surprised__J671JKCH,1,DFD,dfd_10,val
vid_009081_id26_id23_0001,1,CelebDF,celeb_id59,train
vid_007306_id54_id51_0000,1,CelebDF,celeb_id49,val
vid_007023_id31_id2_0001,1,CelebDF,celeb_id59,train
vid_009263_id30_id38_0008,1,CelebDF,celeb_id59,train
vid_005647_id38_id33_0003,1,CelebDF,celeb_id59,train
vid_007088_id44_id45_0003,1,CelebDF,celeb_id39,test
vid_004162_id25_0006,0,CelebDF,celeb_id59,train
vid_005673_id49_id58_0004,1,CelebDF,celeb_id49,val
vid_005654_id4_id0_0009,1,CelebDF,celeb_id59,train
vid_007855_id54_id58_0004,1,CelebDF,celeb_id49,val
vid_008216_id33_id30_0007,1,CelebDF,celeb_id59,train
vid_005087_id23_id25_0009,1,CelebDF,celeb_id59,train
vid_005777_id49_id51_0007,1,CelebDF,celeb_id49,val
vid_009343_id24_id28_0002,1,CelebDF,celeb_id59,train
vid_000766_03_15__walking_down_indoor_hall_disgust__OY4I7ZU8,1,DFD,dfd_11,train
vid_007067_id23_id1_0003,1,CelebDF,celeb_id59,train
vid_002043_02_04__walk_down_hall_angry__SUIZOXAJ,1,DFD,dfd_11,train
vid_003003_22_10__walking_down_street_outside_angry__8YQ2EUQP,1,DFD,dfd_10,val
vid_004631_id16_id20_0007,1,CelebDF,celeb_id59,train
vid_002264_28_05__talking_angry_couch__V20UNLJ5,1,DFD,dfd_05,test
vid_002635_03_21__hugging_happy__TEV3HIHZ,1,DFD,dfd_11,train
vid_000888_20_07__talking_against_wall__KV6Q7D6C,1,DFD,dfd_11,train
vid_008328_id8_id5_0007,1,CelebDF,celeb_id59,train
vid_007530_id28_id24_0000,1,CelebDF,celeb_id59,train
vid_009957_id46_id47_0008,1,CelebDF,celeb_id39,test
vid_004146_id9_0008,0,CelebDF,celeb_id59,train
vid_004769_id34_id26_0005,1,CelebDF,celeb_id59,train
vid_003282_24__exit_phone_room,0,DFD,dfd_10,val
vid_003088_24__kitchen_pan,0,DFD,dfd_10,val
vid_005921_id37_id21_0001,1,CelebDF,celeb_id59,train
vid_004594_id25_id20_0003,1,CelebDF,celeb_id59,train
vid_008032_id21_id3_0008,1,CelebDF,celeb_id59,train
vid_009483_id21_id28_0002,1,CelebDF,celeb_id59,train
vid_006994_id46_id47_0006,1,CelebDF,celeb_id39,test
vid_007103_id17_id37_0002,1,CelebDF,celeb_id59,train
vid_007917_id1_id23_0003,1,CelebDF,celeb_id59,train
vid_005700_id0_id16_0008,1,CelebDF,celeb_id59,train
vid_008582_id32_id23_0009,1,CelebDF,celeb_id59,train
vid_008604_id43_id40_0004,1,CelebDF,celeb_id39,test
vid_008471_id20_id33_0000,1,CelebDF,celeb_id59,train
vid_005561_id30_id20_0004,1,CelebDF,celeb_id59,train
vid_001611_26_18__talking_against_wall__UMEX6HWU,1,DFD,dfd_11,train
vid_009939_id16_id9_0006,1,CelebDF,celeb_id59,train
vid_003195_27__kitchen_pan,0,DFD,dfd_11,train
vid_009230_id20_id0_0001,1,CelebDF,celeb_id59,train
vid_003756_id27_0001,0,CelebDF,celeb_id59,train
vid_008807_id32_id20_0008,1,CelebDF,celeb_id59,train
vid_000275_03_13__walking_down_indoor_hall_disgust__GBYWJW06,1,DFD,dfd_11,train
vid_000192_09_02__walking_down_street_outside_angry__HIH8YA82,1,DFD,dfd_11,train
vid_003351_28__outside_talking_pan_laughing,0,DFD,dfd_05,test
vid_003274_27__outside_talking_pan_laughing,0,DFD,dfd_11,train
vid_006210_id45_id40_0005,1,CelebDF,celeb_id39,test
vid_001146_03_13__meeting_serious__T3MZOI8X,1,DFD,dfd_11,train
vid_006717_id4_id28_0000,1,CelebDF,celeb_id59,train
vid_003091_05__exit_phone_room,0,DFD,dfd_05,test
vid_000757_15_14__exit_phone_room__OMLZILK3,1,DFD,dfd_11,train
vid_003516_00269,0,CelebDF,yt_00269,train
vid_007396_id25_id23_0002,1,CelebDF,celeb_id59,train
vid_007670_id1_id21_0004,1,CelebDF,celeb_id59,train
vid_006341_id21_id6_0007,1,CelebDF,celeb_id59,train
vid_004575_id6_id31_0007,1,CelebDF,celeb_id59,train
vid_008854_id39_id47_0005,1,CelebDF,celeb_id39,test
vid_000326_02_07__outside_talking_pan_laughing__34PVT42V,1,DFD,dfd_11,train
vid_001753_07_06__walking_outside_cafe_disgusted__NMGYPBXE,1,DFD,dfd_11,train
vid_001199_01_11__outside_talking_pan_laughing__WIZ7GKOD,1,DFD,dfd_11,train
vid_004086_id13_0009,0,CelebDF,celeb_id59,train
vid_009267_id6_id37_0009,1,CelebDF,celeb_id59,train
vid_000959_12_18__outside_talking_still_laughing__IKH1LBBY,1,DFD,dfd_11,train
vid_003506_00166,0,CelebDF,yt_00166,train
vid_008991_id29_id21_0004,1,CelebDF,celeb_id59,train
vid_000749_04_07__podium_speech_happy__ITC0C48B,1,DFD,dfd_11,train
vid_001184_18_15__outside_talking_pan_laughing__V5VHLCOW,1,DFD,dfd_11,train
vid_007478_id47_id44_0001,1,CelebDF,celeb_id39,test
vid_009076_id16_id17_0007,1,CelebDF,celeb_id59,train
vid_007181_id7_id12_0004,1,CelebDF,celeb_id59,train
vid_006463_id59_id5_0000,1,CelebDF,celeb_id59,train
vid_001098_06_15__kitchen_pan__E98QYYXO,1,DFD,dfd_11,train
vid_003269_06__outside_talking_pan_laughing,0,DFD,dfd_11,train
vid_005837_id55_id50_0003,1,CelebDF,celeb_id49,val
vid_000900_09_21__exit_phone_room__CGIID3GV,1,DFD,dfd_11,train
vid_000591_06_27__walk_down_hall_angry__S3T7SK9O,1,DFD,dfd_11,train
vid_001661_27_25__walk_down_hall_angry__GNIMW95Z,1,DFD,dfd_11,train
vid_005518_id31_id33_0000,1,CelebDF,celeb_id59,train
vid_007655_id28_id23_0009,1,CelebDF,celeb_id59,train
vid_004427_id3_id4_0001,1,CelebDF,celeb_id59,train
vid_000493_12_13__talking_angry_couch__WCPCP2TD,1,DFD,dfd_11,train
vid_001061_13_07__walking_down_street_outside_angry__RVQCPCJF,1,DFD,dfd_11,train
vid_003396_11__outside_talking_pan_laughing,0,DFD,dfd_11,train
vid_007915_id3_id1_0009,1,CelebDF,celeb_id59,train
vid_003839_id44_0005,0,CelebDF,celeb_id39,test
vid_004718_id31_id2_0007,1,CelebDF,celeb_id59,train
vid_001068_25_20__walking_down_street_outside_angry__DW2L6D2V,1,DFD,dfd_11,train
vid_004691_id58_id56_0001,1,CelebDF,celeb_id49,val
vid_009809_id47_id45_0009,1,CelebDF,celeb_id39,test
vid_000609_19_24__outside_talking_pan_laughing__59PN7WZ2,1,DFD,dfd_10,val
vid_001686_01_02__talking_against_wall__YVGY8LOK,1,DFD,dfd_11,train
vid_005749_id23_id38_0003,1,CelebDF,celeb_id59,train
vid_008494_id45_id39_0009,1,CelebDF,celeb_id39,test
vid_001569_06_18__podium_speech_happy__5HNHMK6G,1,DFD,dfd_11,train
vid_009413_id49_id50_0007,1,CelebDF,celeb_id49,val
vid_008579_id40_id43_0001,1,CelebDF,celeb_id39,test
vid_002067_02_15__walking_outside_cafe_disgusted__MZWH8ATN,1,DFD,dfd_11,train
vid_006467_id41_id44_0008,1,CelebDF,celeb_id39,test
vid_007696_id54_id50_0003,1,CelebDF,celeb_id49,val
vid_008787_id39_id47_0007,1,CelebDF,celeb_id39,test
vid_001537_12_11__talking_against_wall__8NS148U7,1,DFD,dfd_11,train
vid_009610_id21_id29_0005,1,CelebDF,celeb_id59,train
vid_005006_id19_id22_0002,1,CelebDF,celeb_id59,train
vid_006752_id19_id23_0001,1,CelebDF,celeb_id59,train
vid_009439_id32_id28_0000,1,CelebDF,celeb_id59,train
vid_003678_00115,0,CelebDF,yt_00115,train
vid_002016_03_13__kitchen_still__T3MZOI8X,1,DFD,dfd_11,train
vid_006433_id38_id35_0000,1,CelebDF,celeb_id59,train
vid_000411_12_01__outside_talking_pan_laughing__TNI7KUZ6,1,DFD,dfd_11,train
vid_004816_id38_id37_0002,1,CelebDF,celeb_id59,train
vid_002792_25_09__walking_down_street_outside_angry__5041ODBN,1,DFD,dfd_11,train
vid_002065_09_18__outside_talking_still_laughing__3VP8836C,1,DFD,dfd_11,train
vid_006403_id48_id39_0005,1,CelebDF,celeb_id39,test
vid_000857_27_02__talking_angry_couch__GVFLSZD5,1,DFD,dfd_11,train
vid_001092_03_07__outside_talking_still_laughing__IFSURI9X,1,DFD,dfd_11,train
vid_003281_18__walking_outside_cafe_disgusted,0,DFD,dfd_11,train
vid_007546_id2_id4_0002,1,CelebDF,celeb_id59,train
vid_003502_00175,0,CelebDF,yt_00175,train
vid_001261_18_06__kitchen_still__XJ76YU5A,1,DFD,dfd_11,train
vid_008376_id45_id46_0004,1,CelebDF,celeb_id39,test
vid_000871_06_03__talking_against_wall__4I8LRXWF,1,DFD,dfd_11,train
vid_000129_21_25__walk_down_hall_angry__NFBISHIN,1,DFD,dfd_11,train
vid_000835_13_26__exit_phone_room__U5ELHUN5,1,DFD,dfd_11,train
vid_005917_id22_id28_0002,1,CelebDF,celeb_id59,train
vid_008431_id17_id2_0009,1,CelebDF,celeb_id59,train
vid_005190_id29_id32_0007,1,CelebDF,celeb_id59,train
vid_003844_id17_0005,0,CelebDF,celeb_id59,train
vid_007452_id3_id9_0004,1,CelebDF,celeb_id59,train
vid_003563_00039,0,CelebDF,yt_00039,train
vid_004671_id48_id47_0007,1,CelebDF,celeb_id39,test
vid_001082_01_20__meeting_serious__D8GWGO2A,1,DFD,dfd_11,train
vid_003480_00172,0,CelebDF,yt_00172,train
vid_005261_id53_id56_0008,1,CelebDF,celeb_id49,val
vid_007763_id31_id34_0005,1,CelebDF,celeb_id59,train
vid_007557_id61_id5_0009,1,CelebDF,celeb_id59,train
vid_005841_id31_id37_0003,1,CelebDF,celeb_id59,train
vid_007502_id25_id26_0003,1,CelebDF,celeb_id59,train
vid_008098_id10_id7_0002,1,CelebDF,celeb_id59,train
vid_005313_id55_id56_0007,1,CelebDF,celeb_id49,val
vid_008253_id31_id32_0006,1,CelebDF,celeb_id59,train
vid_009710_id17_id0_0001,1,CelebDF,celeb_id59,train
vid_005645_id54_id58_0001,1,CelebDF,celeb_id49,val
vid_008488_id1_id35_0006,1,CelebDF,celeb_id59,train
vid_005897_id52_id54_0001,1,CelebDF,celeb_id49,val
vid_007801_id26_id25_0001,1,CelebDF,celeb_id59,train
vid_004900_id3_id37_0006,1,CelebDF,celeb_id59,train
vid_008564_id21_id33_0002,1,CelebDF,celeb_id59,train
vid_003558_00268,0,CelebDF,yt_00268,train
vid_008109_id38_id31_0004,1,CelebDF,celeb_id59,train
vid_001105_20_25__talking_against_wall__MUS0X71T,1,DFD,dfd_11,train
vid_001407_13_11__talking_angry_couch__61T622EK,1,DFD,dfd_11,train
vid_008826_id28_id30_0000,1,CelebDF,celeb_id59,train
vid_001966_26_04__kitchen_still__WX836VLY,1,DFD,dfd_11,train
vid_001189_01_11__meeting_serious__WIZ7GKOD,1,DFD,dfd_11,train
vid_001949_01_11__secret_conversation__WIZ7GKOD,1,DFD,dfd_11,train
vid_008065_id37_id3_0001,1,CelebDF,celeb_id59,train
vid_004083_id56_0004,0,CelebDF,celeb_id49,val
vid_004398_id3_id21_0000,1,CelebDF,celeb_id59,train
vid_009838_id1_id9_0006,1,CelebDF,celeb_id59,train
vid_005919_id35_id2_0008,1,CelebDF,celeb_id59,train
vid_006511_id20_id21_0006,1,CelebDF,celeb_id59,train
vid_002395_14_20__walking_down_street_outside_angry__B014BKVO,1,DFD,dfd_11,train
vid_001347_03_06__podium_speech_happy__ZFRX9RKW,1,DFD,dfd_11,train
vid_003851_id43_0000,0,CelebDF,celeb_id39,test
vid_003098_03__meeting_serious,0,DFD,dfd_11,train
vid_009297_id28_id3_0002,1,CelebDF,celeb_id59,train
vid_004200_id54_0001,0,CelebDF,celeb_id49,val
vid_005773_id48_id47_0004,1,CelebDF,celeb_id39,test
vid_000788_26_06__talking_against_wall__L5BVR5L9,1,DFD,dfd_11,train
vid_004726_id30_id20_0007,1,CelebDF,celeb_id59,train
vid_004604_id45_id44_0009,1,CelebDF,celeb_id39,test
vid_006937_id4_id9_0002,1,CelebDF,celeb_id59,train
vid_000517_13_09__exit_phone_room__BVZGDFD8,1,DFD,dfd_11,train
vid_004457_id19_id25_0006,1,CelebDF,celeb_id59,train
vid_004703_id20_id4_0009,1,CelebDF,celeb_id59,train
vid_000762_02_25__talking_against_wall__Z7FQ69VP,1,DFD,dfd_11,train
vid_004043_id44_0002,0,CelebDF,celeb_id39,test
vid_008940_id27_id22_0004,1,CelebDF,celeb_id59,train
vid_003705_00079,0,CelebDF,yt_00079,train
vid_001931_14_20__kitchen_pan__R7SPX6OK,1,DFD,dfd_11,train
vid_009220_id1_id3_0002,1,CelebDF,celeb_id59,train
vid_006801_id59_id5_0005,1,CelebDF,celeb_id59,train
vid_007511_id47_id40_0009,1,CelebDF,celeb_id39,test
vid_005387_id1_id35_0000,1,CelebDF,celeb_id59,train
vid_000840_16_17__walking_outside_cafe_disgusted__S7UMSIQV,1,DFD,dfd_05,test
vid_006450_id58_id54_0004,1,CelebDF,celeb_id49,val
vid_009955_id9_id0_0005,1,CelebDF,celeb_id59,train
vid_000180_12_15__talking_angry_couch__N0SRODQD,1,DFD,dfd_11,train
vid_001123_07_21__kitchen_pan__K7KXUHMU,1,DFD,dfd_11,train
vid_008722_id42_id48_0002,1,CelebDF,celeb_id39,test
vid_007538_id53_id49_0003,1,CelebDF,celeb_id49,val
vid_007802_id61_id60_0002,1,CelebDF,celeb_id59,train
vid_000975_11_03__kitchen_still__P08VGHTA,1,DFD,dfd_11,train
vid_006424_id20_id26_0008,1,CelebDF,celeb_id59,train
vid_001829_20_25__hugging_happy__CYKLS79C,1,DFD,dfd_11,train
vid_005019_id53_id58_0005,1,CelebDF,celeb_id49,val
vid_001683_20_25__outside_talking_still_laughing__M86GQTHK,1,DFD,dfd_11,train
vid_002821_09_14__talking_angry_couch__6TEK3ZX0,1,DFD,dfd_11,train
vid_005283_id21_id25_0008,1,CelebDF,celeb_id59,train
vid_009262_id28_id0_0009,1,CelebDF,celeb_id59,train
vid_009589_id37_id33_0005,1,CelebDF,celeb_id59,train
vid_003342_07__walking_outside_cafe_disgusted,0,DFD,dfd_11,train
vid_007202_id45_id47_0008,1,CelebDF,celeb_id39,test
vid_002461_03_07__walking_down_indoor_hall_disgust__PWXXULHR,1,DFD,dfd_11,train
vid_005995_id3_id0_0008,1,CelebDF,celeb_id59,train
vid_001512_17_05__walk_down_hall_angry__YTJYYDO9,1,DFD,dfd_05,test
vid_004999_id23_id22_0006,1,CelebDF,celeb_id59,train
vid_002191_22_10__podium_speech_happy__FY7YI0AJ,1,DFD,dfd_10,val
vid_006643_id20_id32_0008,1,CelebDF,celeb_id59,train
vid_004942_id50_id51_0006,1,CelebDF,celeb_id49,val
vid_004602_id23_id28_0003,1,CelebDF,celeb_id59,train
vid_002728_14_21__podium_speech_happy__IRKML4J0,1,DFD,dfd_11,train
vid_005428_id32_id34_0002,1,CelebDF,celeb_id59,train
vid_008147_id55_id51_0001,1,CelebDF,celeb_id49,val
vid_008653_id26_id37_0000,1,CelebDF,celeb_id59,train
vid_004720_id49_id52_0009,1,CelebDF,celeb_id49,val
vid_009150_id30_id23_0009,1,CelebDF,celeb_id59,train
vid_007465_id47_id48_0006,1,CelebDF,celeb_id39,test
vid_008839_id49_id52_0007,1,CelebDF,celeb_id49,val
vid_003129_11__podium_speech_happy,0,DFD,dfd_11,train
vid_002621_01_11__walking_and_outside_surprised__18HYCC8C,1,DFD,dfd_11,train
vid_008137_id28_id16_0003,1,CelebDF,celeb_id59,train
vid_004194_id28_0002,0,CelebDF,celeb_id59,train
vid_005819_id4_id0_0005,1,CelebDF,celeb_id59,train
vid_009602_id38_id34_0008,1,CelebDF,celeb_id59,train
vid_009789_id31_id2_0004,1,CelebDF,celeb_id59,train
vid_005628_id12_id10_0006,1,CelebDF,celeb_id59,train
vid_002006_18_11__walking_outside_cafe_disgusted__TRJUIS24,1,DFD,dfd_11,train
vid_007813_id31_id6_0003,1,CelebDF,celeb_id59,train
vid_004615_id6_id31_0001,1,CelebDF,celeb_id59,train
vid_007955_id41_id43_0001,1,CelebDF,celeb_id39,test
vid_005049_id34_id21_0005,1,CelebDF,celeb_id59,train
vid_008669_id33_id29_0001,1,CelebDF,celeb_id59,train
vid_009940_id32_id31_0005,1,CelebDF,celeb_id59,train
vid_002504_02_25__secret_conversation__Z7FQ69VP,1,DFD,dfd_11,train
vid_001251_26_03__talking_against_wall__WBSXBL82,1,DFD,dfd_11,train
vid_001408_02_12__walking_and_outside_surprised__9D2ZHEKW,1,DFD,dfd_11,train
vid_002214_03_11__walking_outside_cafe_disgusted__VLCLB0AU,1,DFD,dfd_11,train
vid_009368_id58_id51_0002,1,CelebDF,celeb_id49,val
vid_008469_id21_id24_0005,1,CelebDF,celeb_id59,train
vid_004543_id45_id48_0002,1,CelebDF,celeb_id39,test
vid_003784_id22_0006,0,CelebDF,celeb_id59,train
vid_001643_20_09__outside_talking_pan_laughing__O5X0AWR9,1,DFD,dfd_11,train
vid_005735_id47_id45_0000,1,CelebDF,celeb_id39,test
vid_007599_id4_id26_0009,1,CelebDF,celeb_id59,train
vid_004928_id31_id38_0006,1,CelebDF,celeb_id59,train
vid_005435_id5_id59_0008,1,CelebDF,celeb_id59,train
vid_008188_id24_id25_0004,1,CelebDF,celeb_id59,train
vid_002972_25_26__podium_speech_happy__PQ41U3IJ,1,DFD,dfd_11,train
vid_006081_id57_id55_0007,1,CelebDF,celeb_id49,val
vid_009721_id0_id21_0005,1,CelebDF,celeb_id59,train
vid_007378_id21_id37_0001,1,CelebDF,celeb_id59,train
vid_002369_15_03__kitchen_pan__5C1OMK8W,1,DFD,dfd_11,train
vid_005575_id3_id21_0008,1,CelebDF,celeb_id59,train
vid_002886_02_27__outside_talking_still_laughing__YQX5Z8GN,1,DFD,dfd_11,train
vid_006485_id20_id30_0006,1,CelebDF,celeb_id59,train
vid_007940_id50_id49_0004,1,CelebDF,celeb_id49,val
vid_000116_05_28__walking_down_street_outside_angry__U9LRLJ6N,1,DFD,dfd_05,test
vid_005129_id35_id4_0002,1,CelebDF,celeb_id59,train
vid_009855_id43_id42_0007,1,CelebDF,celeb_id39,test
vid_009120_id9_id35_0002,1,CelebDF,celeb_id59,train
vid_002820_17_08__podium_speech_happy__ZCEYWYTC,1,DFD,dfd_05,test
vid_009370_id19_id25_0007,1,CelebDF,celeb_id59,train
vid_006285_id35_id31_0003,1,CelebDF,celeb_id59,train
vid_000140_27_07__outside_talking_pan_laughing__LEVU87KC,1,DFD,dfd_11,train
vid_000731_02_21__talking_angry_couch__Z0XHPQAR,1,DFD,dfd_11,train
vid_000419_21_07__talking_angry_couch__MKU99DVX,1,DFD,dfd_11,train
vid_008502_id20_id0_0008,1,CelebDF,celeb_id59,train
vid_003191_03__outside_talking_pan_laughing,0,DFD,dfd_11,train
vid_009747_id1_id20_0007,1,CelebDF,celeb_id59,train
vid_008118_id37_id35_0001,1,CelebDF,celeb_id59,train
vid_002824_13_15__kitchen_pan__X0EIIJF7,1,DFD,dfd_11,train
vid_007205_id16_id2_0001,1,CelebDF,celeb_id59,train
vid_001418_18_27__outside_talking_pan_laughing__NYHE8D0J,1,DFD,dfd_11,train
vid_009350_id37_id4_0002,1,CelebDF,celeb_id59,train
vid_009640_id31_id28_0003,1,CelebDF,celeb_id59,train
vid_003524_00224,0,CelebDF,yt_00224,train
vid_001343_07_15__hugging_happy__9Z2MLKVX,1,DFD,dfd_11,train
vid_004964_id19_id22_0006,1,CelebDF,celeb_id59,train
vid_002431_14_18__kitchen_pan__HYMNQ00Q,1,DFD,dfd_11,train
vid_000709_28_08__kitchen_still__HIOU8Z8I,1,DFD,dfd_05,test
vid_000659_07_13__walking_outside_cafe_disgusted__RVQCPCJF,1,DFD,dfd_11,train
vid_000537_07_11__hugging_happy__R7R86Z62,1,DFD,dfd_11,train
vid_004558_id3_id37_0004,1,CelebDF,celeb_id59,train
vid_007903_id46_id40_0002,1,CelebDF,celeb_id39,test
vid_004435_id1_id6_0007,1,CelebDF,celeb_id59,train
vid_000376_16_17__walking_down_indoor_hall_disgust__S7UMSIQV,1,DFD,dfd_05,test
vid_007922_id33_id28_0008,1,CelebDF,celeb_id59,train
vid_004622_id33_id20_0003,1,CelebDF,celeb_id59,train
vid_007662_id48_id44_0009,1,CelebDF,celeb_id39,test
vid_009937_id48_id47_0003,1,CelebDF,celeb_id39,test
vid_006264_id44_id42_0004,1,CelebDF,celeb_id39,test
vid_009196_id23_id25_0001,1,CelebDF,celeb_id59,train
vid_004022_id5_0000,0,CelebDF,celeb_id59,train
vid_006413_id23_id34_0001,1,CelebDF,celeb_id59,train
vid_003415_21__outside_talking_still_laughing,0,DFD,dfd_11,train
vid_002060_09_13__kitchen_pan__21H6XSPE,1,DFD,dfd_11,train
vid_006176_id57_id58_0000,1,CelebDF,celeb_id49,val
vid_001213_26_12__outside_talking_still_laughing__LI63E4TS,1,DFD,dfd_11,train
vid_004647_id16_id9_0012,1,CelebDF,celeb_id59,train
vid_004723_id33_id32_0004,1,CelebDF,celeb_id59,train
vid_002696_07_06__outside_talking_still_laughing__NMGYPBXE,1,DFD,dfd_11,train
vid_003069_22__walking_down_indoor_hall_disgust,0,DFD,dfd_10,val
vid_007834_id17_id21_0002,1,CelebDF,celeb_id59,train
vid_009022_id56_id57_0000,1,CelebDF,celeb_id49,val
vid_007137_id28_id17_0002,1,CelebDF,celeb_id59,train
vid_005130_id40_id41_0007,1,CelebDF,celeb_id39,test
vid_004171_id4_0005,0,CelebDF,celeb_id59,train
vid_006926_id20_id25_0000,1,CelebDF,celeb_id59,train
vid_002376_05_16__walking_outside_cafe_disgusted__94435UY3,1,DFD,dfd_05,test
vid_000700_20_26__kitchen_pan__1UEDQ3GY,1,DFD,dfd_11,train
vid_005061_id50_id57_0000,1,CelebDF,celeb_id49,val
vid_004795_id2_id9_0007,1,CelebDF,celeb_id59,train
vid_004990_id46_id41_0007,1,CelebDF,celeb_id39,test
vid_009755_id30_id38_0009,1,CelebDF,celeb_id59,train
vid_008798_id52_id49_0003,1,CelebDF,celeb_id49,val
vid_006351_id6_id20_0004,1,CelebDF,celeb_id59,train
vid_001548_27_18__walking_outside_cafe_disgusted__NYHE8D0J,1,DFD,dfd_11,train
vid_005676_id35_id34_0004,1,CelebDF,celeb_id59,train
vid_001077_07_27__walking_down_street_outside_angry__3RH5PR6S,1,DFD,dfd_11,train
vid_007496_id45_id43_0006,1,CelebDF,celeb_id39,test
vid_002430_20_09__kitchen_still__2E5DNCYI,1,DFD,dfd_11,train
vid_001659_09_21__kitchen_pan__JEELOMN2,1,DFD,dfd_11,train
vid_000449_25_21__podium_speech_happy__NFBISHIN,1,DFD,dfd_11,train
vid_000856_03_07__hugging_happy__BKLOCI1M,1,DFD,dfd_11,train
vid_007594_id50_id51_0008,1,CelebDF,celeb_id49,val
vid_000313_27_25__walk_down_hall_angry__1KU29EUL,1,DFD,dfd_11,train
vid_006257_id37_id9_0008,1,CelebDF,celeb_id59,train
vid_002560_03_18__outside_talking_still_laughing__N72YE748,1,DFD,dfd_11,train
vid_004256_id41_0000,0,CelebDF,celeb_id39,test
vid_001460_21_25__podium_speech_happy__NFBISHIN,1,DFD,dfd_11,train
vid_002576_20_18__walking_down_indoor_hall_disgust__8BMQOD7S,1,DFD,dfd_11,train
vid_004580_id49_id55_0002,1,CelebDF,celeb_id49,val
vid_007464_id59_id61_0007,1,CelebDF,celeb_id59,train
vid_004577_id32_id21_0007,1,CelebDF,celeb_id59,train
vid_004820_id23_id38_0005,1,CelebDF,celeb_id59,train
vid_005450_id39_id44_0002,1,CelebDF,celeb_id39,test
vid_002210_06_18__talking_angry_couch__H9445M6R,1,DFD,dfd_11,train
vid_002338_27_25__outside_talking_pan_laughing__ZTV6TUQ9,1,DFD,dfd_11,train
vid_006859_id42_id40_0002,1,CelebDF,celeb_id39,test
vid_005738_id23_id30_0007,1,CelebDF,celeb_id59,train
vid_006320_id20_id26_0009,1,CelebDF,celeb_id59,train
vid_007745_id23_id33_0007,1,CelebDF,celeb_id59,train
vid_000224_06_26__talking_angry_couch__L5BVR5L9,1,DFD,dfd_11,train
vid_004264_id13_0005,0,CelebDF,celeb_id59,train
vid_002623_09_20__exit_phone_room__MKEWB4SM,1,DFD,dfd_11,train
vid_005115_id6_id28_0008,1,CelebDF,celeb_id59,train
vid_001317_26_18__kitchen_pan__C9VUQS9O,1,DFD,dfd_11,train
vid_000496_09_26__outside_talking_still_laughing__QSE5A0GF,1,DFD,dfd_11,train
vid_003345_14__walk_down_hall_angry,0,DFD,dfd_11,train
vid_000925_11_04__walking_outside_cafe_disgusted__SXI772ZL,1,DFD,dfd_11,train
vid_009561_id48_id47_0002,1,CelebDF,celeb_id39,test
vid_000099_14_13__walking_outside_cafe_disgusted__KMQ3AW6A,1,DFD,dfd_11,train
vid_007211_id28_id19_0002,1,CelebDF,celeb_id59,train
vid_005906_id28_id9_0007,1,CelebDF,celeb_id59,train
vid_009694_id4_id23_0001,1,CelebDF,celeb_id59,train
vid_006524_id4_id0_0007,1,CelebDF,celeb_id59,train
vid_005073_id3_id0_0005,1,CelebDF,celeb_id59,train
vid_002295_06_03__walking_down_street_outside_angry__1IXGY2FK,1,DFD,dfd_11,train
vid_009808_id35_id20_0007,1,CelebDF,celeb_id59,train
vid_006829_id4_id37_0002,1,CelebDF,celeb_id59,train
vid_000334_09_02__walking_down_street_outside_angry__9TDCEK1Q,1,DFD,dfd_11,train
vid_004420_id32_id28_0005,1,CelebDF,celeb_id59,train
vid_007188_id20_id32_0007,1,CelebDF,celeb_id59,train
vid_009106_id2_id28_0003,1,CelebDF,celeb_id59,train
vid_005945_id21_id34_0002,1,CelebDF,celeb_id59,train
vid_009695_id3_id1_0001,1,CelebDF,celeb_id59,train
vid_003919_id58_0002,0,CelebDF,celeb_id49,val
vid_008875_id3_id30_0006,1,CelebDF,celeb_id59,train
vid_007588_id52_id53_0008,1,CelebDF,celeb_id49,val
vid_005494_id13_id10_0000,1,CelebDF,celeb_id59,train
vid_001541_20_26__kitchen_pan__34DJQS3E,1,DFD,dfd_11,train
vid_005046_id20_id37_0008,1,CelebDF,celeb_id59,train
vid_004524_id23_id16_0009,1,CelebDF,celeb_id59,train
vid_005974_id37_id33_0009,1,CelebDF,celeb_id59,train
vid_002598_03_06__exit_phone_room__1IXGY2FK,1,DFD,dfd_11,train
vid_002020_18_06__exit_phone_room__H9445M6R,1,DFD,dfd_11,train
vid_007417_id53_id50_0006,1,CelebDF,celeb_id49,val
vid_002356_04_26__walking_outside_cafe_disgusted__MS2MLJP1,1,DFD,dfd_11,train
vid_008314_id41_id42_0002,1,CelebDF,celeb_id39,test
vid_004302_id40_0004,0,CelebDF,celeb_id39,test
vid_006018_id4_id31_0000,1,CelebDF,celeb_id59,train
vid_005194_id1_id28_0007,1,CelebDF,celeb_id59,train
vid_000282_06_03__kitchen_pan__KIWCEATU,1,DFD,dfd_11,train
vid_009254_id46_id39_0005,1,CelebDF,celeb_id39,test
vid_005585_id47_id42_0009,1,CelebDF,celeb_id39,test
vid_006340_id39_id40_0005,1,CelebDF,celeb_id39,test
vid_008394_id4_id37_0001,1,CelebDF,celeb_id59,train
vid_001007_27_25__walk_down_hall_angry__ZTV6TUQ9,1,DFD,dfd_11,train
vid_007125_id45_id44_0007,1,CelebDF,celeb_id39,test
vid_006109_id51_id58_0000,1,CelebDF,celeb_id49,val
vid_005460_id28_id31_0001,1,CelebDF,celeb_id59,train
vid_006901_id7_id13_0005,1,CelebDF,celeb_id59,train
vid_004493_id16_id3_0006,1,CelebDF,celeb_id59,train
vid_002781_11_01__outside_talking_pan_laughing__9OM3VE0Y,1,DFD,dfd_11,train
vid_004109_id20_0004,0,CelebDF,celeb_id59,train
vid_000308_08_16__podium_speech_happy__8Q7JCS95,1,DFD,dfd_05,test
vid_002300_26_18__kitchen_still__UMEX6HWU,1,DFD,dfd_11,train
vid_003927_id56_0006,0,CelebDF,celeb_id49,val
vid_009544_id54_id51_0008,1,CelebDF,celeb_id49,val
vid_005960_id0_id9_0003,1,CelebDF,celeb_id59,train
vid_005885_id40_id45_0002,1,CelebDF,celeb_id39,test
vid_002770_14_15__hugging_happy__4SO1CSAM,1,DFD,dfd_11,train
vid_003057_15_01__outside_talking_pan_laughing__02HILKYO,1,DFD,dfd_11,train
vid_002174_01_09__exit_phone_room__6TSGVLHA,1,DFD,dfd_11,train
vid_003013_02_09__kitchen_still__6KUOFMZW,1,DFD,dfd_11,train
vid_000918_02_04__podium_speech_happy__8CH7R4LW,1,DFD,dfd_11,train
vid_004012_id25_0003,0,CelebDF,celeb_id59,train
vid_007515_id39_id46_0000,1,CelebDF,celeb_id39,test
vid_004270_id20_0008,0,CelebDF,celeb_id59,train
vid_006122_id30_id33_0000,1,CelebDF,celeb_id59,train
vid_005671_id50_id54_0001,1,CelebDF,celeb_id49,val
vid_003465_00211,0,CelebDF,yt_00211,train
vid_002432_10_19__kitchen_still__IDX76N5R,1,DFD,dfd_10,val
vid_001263_09_13__outside_talking_pan_laughing__TG55WJXX,1,DFD,dfd_11,train
vid_002227_09_26__walking_down_street_outside_angry__C3K20JOL,1,DFD,dfd_11,train
vid_000172_26_27__kitchen_pan__IE9N0ZI9,1,DFD,dfd_11,train
vid_005745_id21_id0_0006,1,CelebDF,celeb_id59,train
vid_000106_14_26__podium_speech_happy__ILLP29ZH,1,DFD,dfd_11,train
vid_001276_20_14__hugging_happy__B014BKVO,1,DFD,dfd_11,train
vid_000453_03_14__exit_phone_room__H0VQHGS3,1,DFD,dfd_11,train
vid_007507_id37_id32_0006,1,CelebDF,celeb_id59,train
vid_004181_id1_0007,0,CelebDF,celeb_id59,train
vid_001497_15_02__exit_phone_room__HTG660F8,1,DFD,dfd_11,train
vid_002889_03_02__secret_conversation__GYX5OFTD,1,DFD,dfd_11,train
vid_000023_12_07__walking_and_outside_surprised__KAG65PEE,1,DFD,dfd_11,train
vid_009115_id23_id9_0003,1,CelebDF,celeb_id59,train
vid_005398_id20_id9_0006,1,CelebDF,celeb_id59,train
vid_002089_24_22__walking_down_street_outside_angry__7E3GY85F,1,DFD,dfd_10,val
vid_005524_id52_id58_0001,1,CelebDF,celeb_id49,val
vid_003660_00139,0,CelebDF,yt_00139,train
vid_008596_id52_id57_0003,1,CelebDF,celeb_id49,val
vid_001483_28_08__exit_phone_room__5DCAESDA,1,DFD,dfd_05,test
vid_002454_06_27__walking_and_outside_surprised__VN14WY2N,1,DFD,dfd_11,train
vid_009941_id6_id16_0005,1,CelebDF,celeb_id59,train
vid_003865_id52_0006,0,CelebDF,celeb_id49,val
vid_000209_02_27__hugging_happy__GVFLSZD5,1,DFD,dfd_11,train
vid_009418_id7_id11_0009,1,CelebDF,celeb_id59,train
vid_008952_id21_id9_0005,1,CelebDF,celeb_id59,train
vid_004578_id4_id35_0000,1,CelebDF,celeb_id59,train
vid_002798_21_04__talking_angry_couch__HY1VWEJK,1,DFD,dfd_11,train
vid_006736_id34_id32_0006,1,CelebDF,celeb_id59,train
vid_007234_id3_id20_0006,1,CelebDF,celeb_id59,train
vid_001628_18_27__outside_talking_still_laughing__NYHE8D0J,1,DFD,dfd_11,train
vid_000555_04_26__outside_talking_still_laughing__WX836VLY,1,DFD,dfd_11,train
vid_005944_id30_id26_0003,1,CelebDF,celeb_id59,train
vid_006749_id23_id0_0003,1,CelebDF,celeb_id59,train
vid_000886_23_10__walk_down_hall_angry__GYY4VANY,1,DFD,dfd_10,val
vid_006426_id30_id21_0006,1,CelebDF,celeb_id59,train
vid_009779_id17_id3_0005,1,CelebDF,celeb_id59,train
vid_003904_id30_0007,0,CelebDF,celeb_id59,train
vid_001712_15_25__outside_talking_pan_laughing__BXVA6VQB,1,DFD,dfd_11,train
vid_007963_id1_id20_0002,1,CelebDF,celeb_id59,train
vid_009487_id6_id0_0001,1,CelebDF,celeb_id59,train
vid_000865_17_16__outside_talking_pan_laughing__EWJJTZHY,1,DFD,dfd_05,test
vid_002037_15_07__podium_speech_happy__KM6M2TBT,1,DFD,dfd_11,train
vid_009484_id30_id29_0008,1,CelebDF,celeb_id59,train
vid_006668_id1_id0_0006,1,CelebDF,celeb_id59,train
vid_001389_27_04__hugging_happy__2CCI2ND1,1,DFD,dfd_11,train
vid_001428_01_21__outside_talking_pan_laughing__03X7CELV,1,DFD,dfd_11,train
vid_005840_id51_id54_0005,1,CelebDF,celeb_id49,val
vid_001271_13_20__hugging_happy__43KAHOT2,1,DFD,dfd_11,train
vid_001097_06_18__talking_angry_couch__DEA1TCLN,1,DFD,dfd_11,train
vid_006167_id60_id61_0009,1,CelebDF,celeb_id59,train
vid_005889_id0_id17_0003,1,CelebDF,celeb_id59,train
vid_001743_03_06__hugging_happy__4I8LRXWF,1,DFD,dfd_11,train
vid_006794_id46_id45_0004,1,CelebDF,celeb_id39,test
vid_001798_03_18__secret_conversation__N72YE748,1,DFD,dfd_11,train
vid_003236_15__hugging_happy,0,DFD,dfd_11,train
vid_000522_27_18__walking_and_outside_surprised__NYHE8D0J,1,DFD,dfd_11,train
vid_000727_20_11__walk_down_hall_angry__B2H95QXV,1,DFD,dfd_11,train
vid_009562_id28_id20_0005,1,CelebDF,celeb_id59,train
vid_006694_id49_id54_0000,1,CelebDF,celeb_id49,val
vid_009325_id21_id22_0006,1,CelebDF,celeb_id59,train
vid_008465_id21_id2_0005,1,CelebDF,celeb_id59,train
vid_007582_id3_id2_0003,1,CelebDF,celeb_id59,train
vid_005274_id2_id0_0004,1,CelebDF,celeb_id59,train
vid_006382_id27_id28_0002,1,CelebDF,celeb_id59,train
vid_003373_13__walking_down_indoor_hall_disgust,0,DFD,dfd_11,train
vid_006751_id28_id26_0006,1,CelebDF,celeb_id59,train
vid_002556_21_11__podium_speech_happy__T7DK03O1,1,DFD,dfd_11,train
vid_006099_id40_id47_0000,1,CelebDF,celeb_id39,test
vid_006405_id35_id20_0006,1,CelebDF,celeb_id59,train
vid_001109_21_03__exit_phone_room__YCSEBZO4,1,DFD,dfd_11,train
vid_002472_09_02__podium_speech_happy__9TDCEK1Q,1,DFD,dfd_11,train
vid_009092_id5_id60_0004,1,CelebDF,celeb_id59,train
vid_004294_id21_0006,0,CelebDF,celeb_id59,train
vid_008075_id23_id16_0005,1,CelebDF,celeb_id59,train
vid_009082_id20_id6_0009,1,CelebDF,celeb_id59,train
vid_005412_id28_id26_0003,1,CelebDF,celeb_id59,train
vid_008942_id4_id2_0001,1,CelebDF,celeb_id59,train
vid_009021_id41_id42_0006,1,CelebDF,celeb_id39,test
vid_004498_id37_id26_0002,1,CelebDF,celeb_id59,train
vid_006911_id35_id33_0005,1,CelebDF,celeb_id59,train
vid_001518_03_07__talking_against_wall__IFSURI9X,1,DFD,dfd_11,train
vid_007618_id53_id58_0001,1,CelebDF,celeb_id49,val
vid_002854_22_23__kitchen_pan__TU7RHG0S,1,DFD,dfd_10,val
vid_001366_09_02__kitchen_pan__9TDCEK1Q,1,DFD,dfd_11,train
vid_008146_id2_id31_0008,1,CelebDF,celeb_id59,train
vid_005235_id41_id46_0009,1,CelebDF,celeb_id39,test
vid_005514_id23_id35_0002,1,CelebDF,celeb_id59,train
vid_004640_id31_id3_0003,1,CelebDF,celeb_id59,train
vid_007755_id3_id2_0006,1,CelebDF,celeb_id59,train
vid_003224_12__podium_speech_happy,0,DFD,dfd_11,train
vid_005212_id2_id35_0009,1,CelebDF,celeb_id59,train
vid_005187_id35_id6_0001,1,CelebDF,celeb_id59,train
vid_007373_id1_id9_0000,1,CelebDF,celeb_id59,train
vid_002320_13_27__kitchen_still__A1OSUJE9,1,DFD,dfd_11,train
vid_004348_id35_id16_0004,1,CelebDF,celeb_id59,train
vid_007115_id30_id16_0006,1,CelebDF,celeb_id59,train
vid_008041_id29_id28_0003,1,CelebDF,celeb_id59,train
vid_009795_id21_id0_0002,1,CelebDF,celeb_id59,train
vid_007872_id46_id45_0008,1,CelebDF,celeb_id39,test
vid_005859_id31_id16_0009,1,CelebDF,celeb_id59,train
vid_004983_id16_id30_0010,1,CelebDF,celeb_id59,train
vid_005096_id35_id2_0007,1,CelebDF,celeb_id59,train
vid_006625_id3_id16_0009,1,CelebDF,celeb_id59,train
vid_002348_13_14__talking_angry_couch__KMQ3AW6A,1,DFD,dfd_11,train
vid_009777_id16_id31_0006,1,CelebDF,celeb_id59,train
vid_003557_00096,0,CelebDF,yt_00096,train
vid_005012_id4_id37_0005,1,CelebDF,celeb_id59,train
vid_006724_id33_id28_0000,1,CelebDF,celeb_id59,train
vid_006147_id8_id7_0003,1,CelebDF,celeb_id59,train
vid_003943_id34_0006,0,CelebDF,celeb_id59,train
vid_004907_id2_id0_0008,1,CelebDF,celeb_id59,train
vid_007782_id41_id44_0002,1,CelebDF,celeb_id39,test
vid_004872_id50_id56_0005,1,CelebDF,celeb_id49,val
vid_006974_id28_id25_0004,1,CelebDF,celeb_id59,train
vid_004743_id54_id51_0006,1,CelebDF,celeb_id49,val
vid_005708_id51_id49_0001,1,CelebDF,celeb_id49,val
vid_004586_id43_id46_0008,1,CelebDF,celeb_id39,test
vid_003452_00095,0,CelebDF,yt_00095,train
vid_007886_id26_id23_0009,1,CelebDF,celeb_id59,train
vid_004648_id23_id22_0000,1,CelebDF,celeb_id59,train
vid_004277_id6_0009,0,CelebDF,celeb_id59,train
vid_009832_id37_id17_0000,1,CelebDF,celeb_id59,train
vid_004304_id20_0000,0,CelebDF,celeb_id59,train
vid_001977_21_11__kitchen_pan__T7DK03O1,1,DFD,dfd_11,train
vid_009153_id45_id47_0003,1,CelebDF,celeb_id39,test
vid_004679_id27_id28_0008,1,CelebDF,celeb_id59,train
vid_009088_id60_id59_0008,1,CelebDF,celeb_id59,train
vid_004293_id26_0008,0,CelebDF,celeb_id59,train
vid_000991_15_06__walking_and_outside_surprised__QRCD27P8,1,DFD,dfd_11,train
vid_008472_id2_id6_0008,1,CelebDF,celeb_id59,train
vid_002944_01_11__podium_speech_happy__WIZ7GKOD,1,DFD,dfd_11,train
vid_006810_id52_id56_0001,1,CelebDF,celeb_id49,val
vid_002535_09_02__outside_talking_pan_laughing__6KUOFMZW,1,DFD,dfd_11,train
vid_006918_id54_id52_0001,1,CelebDF,celeb_id49,val
vid_007406_id38_id26_0006,1,CelebDF,celeb_id59,train
vid_006042_id38_id30_0002,1,CelebDF,celeb_id59,train
vid_000083_02_06__walking_and_outside_surprised__N8OSN8P6,1,DFD,dfd_11,train
vid_001823_13_12__walk_down_hall_angry__Q442U52P,1,DFD,dfd_11,train
vid_004125_id17_0009,0,CelebDF,celeb_id59,train
vid_002515_15_07__kitchen_still__9Z2MLKVX,1,DFD,dfd_11,train
vid_008762_id34_id23_0003,1,CelebDF,celeb_id59,train
vid_002196_13_25__exit_phone_room__7YMTAF29,1,DFD,dfd_11,train
vid_001453_05_16__kitchen_still__O56DDU3S,1,DFD,dfd_05,test
vid_001235_23_24__walking_down_indoor_hall_disgust__MDSDXSNU,1,DFD,dfd_10,val
vid_000361_22_10__outside_talking_pan_laughing__1TXK09OY,1,DFD,dfd_10,val
vid_004015_id44_0003,0,CelebDF,celeb_id39,test
vid_008490_id54_id51_0009,1,CelebDF,celeb_id49,val
vid_008622_id20_id19_0002,1,CelebDF,celeb_id59,train
vid_001134_27_15__outside_talking_pan_laughing__WZ4MLUAV,1,DFD,dfd_11,train
vid_006522_id38_id35_0007,1,CelebDF,celeb_id59,train
vid_002550_09_13__exit_phone_room__YP7MGDQ6,1,DFD,dfd_11,train
vid_002398_05_17__talking_against_wall__M3H96PDQ,1,DFD,dfd_05,test
vid_004151_id16_0005,0,CelebDF,celeb_id59,train
vid_006083_id4_id31_0004,1,CelebDF,celeb_id59,train
vid_000202_13_03__secret_conversation__GBYWJW06,1,DFD,dfd_11,train
vid_001791_14_07__hugging_happy__VOX29AK0,1,DFD,dfd_11,train
vid_006187_id5_id61_0007,1,CelebDF,celeb_id59,train
vid_000265_14_21__exit_phone_room__IRKML4J0,1,DFD,dfd_11,train
vid_001256_11_12__secret_conversation__8NS148U7,1,DFD,dfd_11,train
vid_002053_06_15__outside_talking_still_laughing__QRCD27P8,1,DFD,dfd_11,train
vid_006174_id47_id41_0009,1,CelebDF,celeb_id39,test
vid_000480_04_21__outside_talking_pan_laughing__NRI4PHWP,1,DFD,dfd_11,train
vid_003034_05_16__podium_speech_happy__SYY41YGX,1,DFD,dfd_05,test
vid_004899_id9_id4_0006,1,CelebDF,celeb_id59,train
vid_008418_id29_id32_0002,1,CelebDF,celeb_id59,train
vid_009485_id16_id30_0012,1,CelebDF,celeb_id59,train
vid_000616_11_21__kitchen_still__N6YQW2AP,1,DFD,dfd_11,train
vid_006036_id16_id17_0009,1,CelebDF,celeb_id59,train
vid_009847_id7_id10_0003,1,CelebDF,celeb_id59,train
vid_000171_15_06__walking_outside_cafe_disgusted__QRCD27P8,1,DFD,dfd_11,train
vid_006144_id28_id30_0004,1,CelebDF,celeb_id59,train
vid_001666_20_18__hugging_happy__8BMQOD7S,1,DFD,dfd_11,train
vid_008430_id29_id21_0008,1,CelebDF,celeb_id59,train
vid_000497_14_02__walking_outside_cafe_disgusted__3IUBEKCT,1,DFD,dfd_11,train
vid_008718_id35_id1_0001,1,CelebDF,celeb_id59,train
vid_002377_24_19__talking_against_wall__QD5K7BP2,1,DFD,dfd_10,val
vid_000077_14_02__podium_speech_happy__3IUBEKCT,1,DFD,dfd_11,train
vid_008114_id38_id34_0005,1,CelebDF,celeb_id59,train
vid_004067_id56_0001,0,CelebDF,celeb_id49,val
vid_003897_id34_0000,0,CelebDF,celeb_id59,train
vid_003376_22__outside_talking_still_laughing,0,DFD,dfd_10,val
vid_009599_id28_id3_0007,1,CelebDF,celeb_id59,train
vid_000566_20_11__outside_talking_still_laughing__GNK9UR8K,1,DFD,dfd_11,train
vid_001099_07_09__hugging_happy__N9CWME71,1,DFD,dfd_11,train
vid_002590_21_11__walk_down_hall_angry__USLHUQDI,1,DFD,dfd_11,train
vid_000905_07_04__outside_talking_still_laughing__XRK7FGZX,1,DFD,dfd_11,train
vid_006739_id23_id38_0007,1,CelebDF,celeb_id59,train
vid_001719_02_01__walking_down_indoor_hall_disgust__YVGY8LOK,1,DFD,dfd_11,train
vid_004478_id25_id21_0002,1,CelebDF,celeb_id59,train
vid_002725_01_20__meeting_serious__6UBMLXK3,1,DFD,dfd_11,train
vid_005984_id0_id1_0003,1,CelebDF,celeb_id59,train
vid_008473_id2_id6_0001,1,CelebDF,celeb_id59,train
vid_005334_id26_id22_0004,1,CelebDF,celeb_id59,train
vid_002280_11_02__secret_conversation__NZJ1YEWE,1,DFD,dfd_11,train
vid_009596_id3_id9_0006,1,CelebDF,celeb_id59,train
vid_004088_id1_0006,0,CelebDF,celeb_id59,train
vid_002308_18_15__kitchen_still__V5VHLCOW,1,DFD,dfd_11,train
vid_001927_12_18__hugging_happy__IKH1LBBY,1,DFD,dfd_11,train
vid_008204_id21_id19_0007,1,CelebDF,celeb_id59,train
vid_002195_24_19__secret_conversation__LVZNRK9S,1,DFD,dfd_10,val
vid_007123_id22_id27_0001,1,CelebDF,celeb_id59,train
vid_007797_id20_id29_0003,1,CelebDF,celeb_id59,train
vid_008697_id19_id23_0002,1,CelebDF,celeb_id59,train
vid_004208_id41_0004,0,CelebDF,celeb_id39,test
vid_003591_00014,0,CelebDF,yt_00014,train
vid_006629_id54_id58_0005,1,CelebDF,celeb_id49,val
vid_003783_id47_0008,0,CelebDF,celeb_id39,test
vid_004237_id10_0006,0,CelebDF,celeb_id59,train
vid_003412_26__secret_conversation,0,DFD,dfd_11,train
vid_008422_id16_id6_0003,1,CelebDF,celeb_id59,train
vid_001333_11_21__walking_down_street_outside_angry__USLHUQDI,1,DFD,dfd_11,train
vid_004443_id40_id43_0008,1,CelebDF,celeb_id39,test
vid_005796_id50_id53_0004,1,CelebDF,celeb_id49,val
vid_001656_22_23__outside_talking_still_laughing__10R2HRAU,1,DFD,dfd_10,val
vid_002218_18_03__podium_speech_happy__UEC1BI8E,1,DFD,dfd_11,train
vid_003234_01__talking_against_wall,0,DFD,dfd_11,train
vid_004365_id1_id20_0005,1,CelebDF,celeb_id59,train
vid_002157_15_06__hugging_happy__QRCD27P8,1,DFD,dfd_11,train
vid_009462_id20_id17_0008,1,CelebDF,celeb_id59,train
vid_009030_id1_id28_0003,1,CelebDF,celeb_id59,train
vid_000583_23_22__kitchen_pan__W9MT3Q5K,1,DFD,dfd_10,val
vid_005852_id34_id20_0003,1,CelebDF,celeb_id59,train
vid_003482_00292,0,CelebDF,yt_00292,train
vid_003461_00127,0,CelebDF,yt_00127,train
vid_007420_id49_id53_0002,1,CelebDF,celeb_id49,val
vid_001860_05_08__talking_against_wall__PRBCE28Z,1,DFD,dfd_05,test
vid_004582_id28_id25_0001,1,CelebDF,celeb_id59,train
vid_008785_id16_id31_0007,1,CelebDF,celeb_id59,train
vid_003172_12__outside_talking_pan_laughing,0,DFD,dfd_11,train
vid_006265_id26_id19_0002,1,CelebDF,celeb_id59,train
vid_007635_id23_id3_0006,1,CelebDF,celeb_id59,train
vid_004476_id38_id31_0007,1,CelebDF,celeb_id59,train
vid_006094_id31_id23_0003,1,CelebDF,celeb_id59,train
vid_001932_13_12__talking_against_wall__2TM4IFSF,1,DFD,dfd_11,train
vid_004967_id40_id44_0009,1,CelebDF,celeb_id39,test
vid_001755_12_04__kitchen_pan__B6YJ9IW1,1,DFD,dfd_11,train
vid_008400_id27_id20_0009,1,CelebDF,celeb_id59,train
vid_004811_id3_id35_0009,1,CelebDF,celeb_id59,train
vid_000968_21_20__walk_down_hall_angry__ZCB5OMEW,1,DFD,dfd_11,train
vid_009810_id24_id25_0006,1,CelebDF,celeb_id59,train
vid_005311_id1_id3_0009,1,CelebDF,celeb_id59,train
vid_006218_id50_id49_0005,1,CelebDF,celeb_id49,val
vid_002086_01_11__talking_against_wall__UQ0BOBNO,1,DFD,dfd_11,train
vid_002983_04_18__secret_conversation__6J3ZFEJQ,1,DFD,dfd_11,train
vid_008484_id49_id54_0006,1,CelebDF,celeb_id49,val
vid_008573_id2_id26_0007,1,CelebDF,celeb_id59,train
vid_004676_id6_id23_0007,1,CelebDF,celeb_id59,train
vid_000464_12_06__podium_speech_happy__3K21NFNM,1,DFD,dfd_11,train
vid_003155_02__walk_down_hall_angry,0,DFD,dfd_11,train
vid_005078_id43_id44_0007,1,CelebDF,celeb_id39,test
vid_009892_id40_id44_0006,1,CelebDF,celeb_id39,test
vid_009198_id54_id49_0006,1,CelebDF,celeb_id49,val
vid_006855_id35_id4_0006,1,CelebDF,celeb_id59,train
vid_007731_id19_id25_0000,1,CelebDF,celeb_id59,train
vid_007933_id44_id48_0000,1,CelebDF,celeb_id39,test
vid_008316_id37_id28_0002,1,CelebDF,celeb_id59,train
vid_008580_id39_id43_0001,1,CelebDF,celeb_id39,test
vid_002738_25_21__walking_outside_cafe_disgusted__NFBISHIN,1,DFD,dfd_11,train
vid_000421_02_27__kitchen_pan__UGO2181S,1,DFD,dfd_11,train
vid_009708_id6_id28_0000,1,CelebDF,celeb_id59,train
vid_006942_id49_id57_0005,1,CelebDF,celeb_id49,val
vid_004973_id33_id35_0007,1,CelebDF,celeb_id59,train
vid_007078_id21_id35_0005,1,CelebDF,celeb_id59,train
vid_008990_id60_id61_0004,1,CelebDF,celeb_id59,train
vid_003175_03__walking_and_outside_surprised,0,DFD,dfd_11,train
vid_004155_id22_0008,0,CelebDF,celeb_id59,train
vid_002667_26_20__secret_conversation__1UEDQ3GY,1,DFD,dfd_11,train
vid_005430_id58_id53_0002,1,CelebDF,celeb_id49,val
vid_008709_id17_id16_0001,1,CelebDF,celeb_id59,train
vid_007288_id26_id1_0002,1,CelebDF,celeb_id59,train
vid_009835_id57_id54_0007,1,CelebDF,celeb_id49,val
vid_004518_id37_id21_0000,1,CelebDF,celeb_id59,train
vid_001904_16_05__walking_down_street_outside_angry__BY646B4R,1,DFD,dfd_05,test
vid_000768_18_14__kitchen_pan__A5A1Q467,1,DFD,dfd_11,train
vid_005857_id20_id28_0008,1,CelebDF,celeb_id59,train
vid_008344_id30_id33_0001,1,CelebDF,celeb_id59,train
vid_000687_15_02__outside_talking_still_laughing__HTG660F8,1,DFD,dfd_11,train
vid_009244_id41_id48_0005,1,CelebDF,celeb_id39,test
vid_007859_id29_id37_0005,1,CelebDF,celeb_id59,train
vid_005946_id23_id34_0009,1,CelebDF,celeb_id59,train
vid_005278_id4_id20_0002,1,CelebDF,celeb_id59,train
vid_009389_id56_id53_0003,1,CelebDF,celeb_id49,val
vid_002736_22_19__outside_talking_pan_laughing__VK6BF5NV,1,DFD,dfd_10,val
vid_003805_id52_0002,0,CelebDF,celeb_id49,val
vid_008260_id54_id55_0007,1,CelebDF,celeb_id49,val
vid_002891_25_26__walking_down_street_outside_angry__XKQAYTLI,1,DFD,dfd_11,train
vid_005958_id19_id21_0009,1,CelebDF,celeb_id59,train
vid_007415_id2_id37_0000,1,CelebDF,celeb_id59,train
vid_005303_id60_id5_0005,1,CelebDF,celeb_id59,train
vid_007305_id55_id54_0006,1,CelebDF,celeb_id49,val
vid_004034_id8_0000,0,CelebDF,celeb_id59,train
vid_002513_13_09__podium_speech_happy__TG55WJXX,1,DFD,dfd_11,train
vid_001811_01_20__outside_talking_pan_laughing__OTGHOG4Z,1,DFD,dfd_11,train
vid_007642_id49_id57_0006,1,CelebDF,celeb_id49,val
vid_005640_id21_id31_0008,1,CelebDF,celeb_id59,train
vid_004193_id40_0002,0,CelebDF,celeb_id39,test
vid_003040_24_23__talking_against_wall__YR5OVD4S,1,DFD,dfd_10,val
vid_005764_id43_id39_0000,1,CelebDF,celeb_id39,test
vid_001998_03_06__talking_against_wall__OPTNKNYK,1,DFD,dfd_11,train
vid_002624_06_14__kitchen_still__8U9ULZDT,1,DFD,dfd_11,train
vid_000638_03_07__walking_down_indoor_hall_disgust__F0YYEA5W,1,DFD,dfd_11,train
vid_003485_00112,0,CelebDF,yt_00112,train
vid_002302_22_10__walk_down_hall_angry__PUJR4HJ1,1,DFD,dfd_10,val
vid_009767_id24_id22_0007,1,CelebDF,celeb_id59,train
vid_008992_id52_id50_0003,1,CelebDF,celeb_id49,val
vid_001487_03_12__walk_down_hall_angry__D7G6YJON,1,DFD,dfd_11,train
vid_003781_id61_0009,0,CelebDF,celeb_id59,train
vid_003826_id22_0007,0,CelebDF,celeb_id59,train
vid_005557_id26_id3_0002,1,CelebDF,celeb_id59,train
vid_003727_00020,0,CelebDF,yt_00020,train
vid_001757_26_20__kitchen_still__34DJQS3E,1,DFD,dfd_11,train
vid_009823_id30_id1_0007,1,CelebDF,celeb_id59,train
vid_003442_00029,0,CelebDF,yt_00029,train
vid_001138_06_25__exit_phone_room__MI9BDQ7M,1,DFD,dfd_11,train
vid_007975_id41_id42_0003,1,CelebDF,celeb_id39,test
vid_005106_id6_id3_0009,1,CelebDF,celeb_id59,train
vid_001917_14_20__walk_down_hall_angry__B014BKVO,1,DFD,dfd_11,train
vid_007732_id60_id59_0007,1,CelebDF,celeb_id59,train
vid_009147_id35_id33_0009,1,CelebDF,celeb_id59,train
vid_005056_id29_id26_0007,1,CelebDF,celeb_id59,train
vid_006306_id26_id31_0008,1,CelebDF,celeb_id59,train
vid_002973_08_05__walk_down_hall_angry__YN1Q9TER,1,DFD,dfd_05,test
vid_000907_26_06__walk_down_hall_angry__L5BVR5L9,1,DFD,dfd_11,train
vid_000215_22_19__walking_outside_cafe_disgusted__VK6BF5NV,1,DFD,dfd_10,val
vid_002141_09_13__talking_against_wall__LPT427RY,1,DFD,dfd_11,train
vid_001789_25_20__talking_against_wall__ZG0SRZOA,1,DFD,dfd_11,train
vid_005695_id4_id30_0006,1,CelebDF,celeb_id59,train
vid_001576_15_25__walking_down_street_outside_angry__FF95NMIQ,1,DFD,dfd_11,train
vid_007686_id0_id23_0005,1,CelebDF,celeb_id59,train
vid_009895_id23_id0_0002,1,CelebDF,celeb_id59,train
vid_002366_12_13__walk_down_hall_angry__N8IGC93J,1,DFD,dfd_11,train
vid_002048_18_21__outside_talking_pan_laughing__PQFTWVRQ,1,DFD,dfd_11,train
vid_000433_25_20__outside_talking_still_laughing__AMY6M1KL,1,DFD,dfd_11,train
vid_006406_id31_id1_0005,1,CelebDF,celeb_id59,train
vid_002311_25_06__outside_talking_pan_laughing__3QQBVBYN,1,DFD,dfd_11,train
vid_004817_id28_id32_0005,1,CelebDF,celeb_id59,train
vid_002490_26_25__outside_talking_pan_laughing__GJT740J9,1,DFD,dfd_11,train
vid_005603_id19_id25_0009,1,CelebDF,celeb_id59,train
vid_002390_23_22__kitchen_still__10R2HRAU,1,DFD,dfd_10,val
vid_007816_id43_id39_0009,1,CelebDF,celeb_id39,test
vid_005042_id40_id44_0008,1,CelebDF,celeb_id39,test
vid_003529_00040,0,CelebDF,yt_00040,train
vid_005376_id0_id9_0006,1,CelebDF,celeb_id59,train
vid_009814_id44_id43_0001,1,CelebDF,celeb_id39,test
vid_005527_id59_id60_0004,1,CelebDF,celeb_id59,train
vid_001897_25_26__talking_against_wall__8LPKLIRG,1,DFD,dfd_11,train
vid_003360_27__talking_angry_couch,0,DFD,dfd_11,train
vid_008080_id23_id6_0002,1,CelebDF,celeb_id59,train
vid_009631_id23_id3_0007,1,CelebDF,celeb_id59,train
vid_008935_id9_id26_0008,1,CelebDF,celeb_id59,train
vid_003114_25__exit_phone_room,0,DFD,dfd_11,train
vid_003110_17__talking_against_wall,0,DFD,dfd_05,test
vid_006523_id38_id29_0002,1,CelebDF,celeb_id59,train
vid_006963_id17_id37_0000,1,CelebDF,celeb_id59,train
vid_007165_id30_id21_0000,1,CelebDF,celeb_id59,train
vid_007924_id35_id3_0007,1,CelebDF,celeb_id59,train
vid_002775_03_14__walking_outside_cafe_disgusted__ZC2KYASW,1,DFD,dfd_11,train
vid_005872_id21_id2_0004,1,CelebDF,celeb_id59,train
vid_006878_id22_id26_0003,1,CelebDF,celeb_id59,train
vid_004235_id55_0008,0,CelebDF,celeb_id49,val
vid_005827_id56_id55_0001,1,CelebDF,celeb_id49,val
vid_008215_id46_id45_0000,1,CelebDF,celeb_id39,test
vid_004782_id4_id30_0009,1,CelebDF,celeb_id59,train
vid_001449_26_09__walk_down_hall_angry__XXGYLT82,1,DFD,dfd_11,train
vid_002327_11_18__walking_outside_cafe_disgusted__TRJUIS24,1,DFD,dfd_11,train
vid_000413_02_03__podium_speech_happy__QH3Y0IG0,1,DFD,dfd_11,train
vid_007054_id26_id34_0001,1,CelebDF,celeb_id59,train
vid_006703_id16_id3_0003,1,CelebDF,celeb_id59,train
vid_007751_id20_id30_0002,1,CelebDF,celeb_id59,train
vid_000586_02_07__talking_angry_couch__1VMZUH1W,1,DFD,dfd_11,train
vid_008217_id29_id34_0009,1,CelebDF,celeb_id59,train
vid_005516_id37_id6_0001,1,CelebDF,celeb_id59,train
vid_005536_id6_id3_0003,1,CelebDF,celeb_id59,train
vid_000556_02_07__hugging_happy__1JCLEEBQ,1,DFD,dfd_11,train
vid_001587_07_03__walking_outside_cafe_disgusted__F0YYEA5W,1,DFD,dfd_11,train
vid_004658_id6_id4_0008,1,CelebDF,celeb_id59,train
vid_001642_11_18__outside_talking_pan_laughing__KLKJ9FPE,1,DFD,dfd_11,train
vid_002514_15_02__talking_angry_couch__I8G2LWD1,1,DFD,dfd_11,train
vid_008034_id2_id16_0002,1,CelebDF,celeb_id59,train
vid_003656_00054,0,CelebDF,yt_00054,train
vid_000781_20_25__outside_talking_still_laughing__M786RTSM,1,DFD,dfd_11,train
vid_002771_04_26__talking_against_wall__WX836VLY,1,DFD,dfd_11,train
vid_007066_id2_id3_0002,1,CelebDF,celeb_id59,train
vid_004766_id23_id20_0007,1,CelebDF,celeb_id59,train
vid_006086_id54_id53_0004,1,CelebDF,celeb_id49,val
vid_007199_id43_id41_0000,1,CelebDF,celeb_id39,test
vid_009585_id2_id9_0006,1,CelebDF,celeb_id59,train
vid_002101_04_02__exit_phone_room__SUIZOXAJ,1,DFD,dfd_11,train
vid_005471_id25_id27_0008,1,CelebDF,celeb_id59,train
vid_002811_14_13__talking_against_wall__KMQ3AW6A,1,DFD,dfd_11,train
vid_006615_id3_id30_0001,1,CelebDF,celeb_id59,train
vid_000057_27_06__walking_outside_cafe_disgusted__SZWVBWY4,1,DFD,dfd_11,train
vid_006513_id56_id51_0009,1,CelebDF,celeb_id49,val
vid_007641_id17_id28_0007,1,CelebDF,celeb_id59,train
vid_002637_06_02__talking_against_wall__MKZTXQ2T,1,DFD,dfd_11,train
vid_001501_23_10__secret_conversation__CU6SNBFZ,1,DFD,dfd_10,val
vid_000608_07_03__podium_speech_happy__IFSURI9X,1,DFD,dfd_11,train
vid_009204_id25_id27_0003,1,CelebDF,celeb_id59,train
vid_009206_id57_id49_0000,1,CelebDF,celeb_id49,val
vid_005693_id33_id35_0003,1,CelebDF,celeb_id59,train
vid_002782_26_04__walking_down_street_outside_angry__WX836VLY,1,DFD,dfd_11,train
vid_002608_02_06__podium_speech_happy__N8OSN8P6,1,DFD,dfd_11,train
vid_009348_id27_id26_0000,1,CelebDF,celeb_id59,train
vid_002187_03_21__kitchen_still__V53E3RVB,1,DFD,dfd_11,train
vid_007100_id49_id51_0002,1,CelebDF,celeb_id49,val
vid_003831_id7_0003,0,CelebDF,celeb_id59,train
vid_006589_id42_id41_0001,1,CelebDF,celeb_id39,test
vid_008055_id57_id56_0000,1,CelebDF,celeb_id49,val
vid_002098_14_03__outside_talking_pan_laughing__H0VQHGS3,1,DFD,dfd_11,train
vid_009007_id43_id48_0004,1,CelebDF,celeb_id39,test
vid_006069_id26_id22_0003,1,CelebDF,celeb_id59,train
vid_001742_18_09__kitchen_pan__3VP8836C,1,DFD,dfd_11,train
vid_009284_id40_id45_0004,1,CelebDF,celeb_id39,test
vid_005080_id44_id46_0000,1,CelebDF,celeb_id39,test
vid_006090_id3_id1_0008,1,CelebDF,celeb_id59,train
vid_001133_06_18__walking_outside_cafe_disgusted__DEA1TCLN,1,DFD,dfd_11,train
vid_006217_id31_id34_0006,1,CelebDF,celeb_id59,train
vid_007677_id46_id48_0000,1,CelebDF,celeb_id39,test
vid_009430_id23_id9_0006,1,CelebDF,celeb_id59,train
vid_008956_id0_id4_0009,1,CelebDF,celeb_id59,train
vid_009573_id29_id35_0009,1,CelebDF,celeb_id59,train
vid_007097_id31_id38_0007,1,CelebDF,celeb_id59,train
vid_006460_id0_id28_0001,1,CelebDF,celeb_id59,train
vid_004776_id30_id31_0005,1,CelebDF,celeb_id59,train
vid_001218_06_26__talking_against_wall__L5BVR5L9,1,DFD,dfd_11,train
vid_005923_id28_id33_0007,1,CelebDF,celeb_id59,train
vid_005564_id17_id37_0005,1,CelebDF,celeb_id59,train
vid_004958_id53_id52_0001,1,CelebDF,celeb_id49,val
vid_000568_14_07__secret_conversation__P9QFO50U,1,DFD,dfd_11,train
vid_007104_id3_id20_0003,1,CelebDF,celeb_id59,train
vid_009428_id20_id2_0009,1,CelebDF,celeb_id59,train
vid_002716_19_24__podium_speech_happy__QD5K7BP2,1,DFD,dfd_10,val
vid_000372_11_26__outside_talking_pan_laughing__ALJ0OHNM,1,DFD,dfd_11,train
vid_004269_id4_0001,0,CelebDF,celeb_id59,train
vid_005844_id20_id35_0004,1,CelebDF,celeb_id59,train
vid_009660_id30_id37_0006,1,CelebDF,celeb_id59,train
vid_008518_id28_id29_0000,1,CelebDF,celeb_id59,train
vid_006163_id47_id40_0004,1,CelebDF,celeb_id39,test
vid_000521_25_18__walking_outside_cafe_disgusted__SEGFKFJG,1,DFD,dfd_11,train
vid_007257_id22_id28_0004,1,CelebDF,celeb_id59,train
vid_002628_12_25__walking_outside_cafe_disgusted__MA71PDNV,1,DFD,dfd_11,train
vid_004824_id58_id51_0001,1,CelebDF,celeb_id49,val
vid_002438_01_09__walk_down_hall_angry__P70H1JB0,1,DFD,dfd_11,train
vid_009784_id3_id2_0005,1,CelebDF,celeb_id59,train
vid_006078_id50_id51_0007,1,CelebDF,celeb_id49,val
vid_004504_id26_id37_0002,1,CelebDF,celeb_id59,train
vid_005577_id3_id28_0008,1,CelebDF,celeb_id59,train
vid_005285_id43_id48_0001,1,CelebDF,celeb_id39,test
vid_004974_id34_id37_0002,1,CelebDF,celeb_id59,train
vid_002537_21_15__talking_against_wall__87WSBJP3,1,DFD,dfd_11,train
vid_007892_id10_id12_0007,1,CelebDF,celeb_id59,train
vid_008871_id6_id31_0005,1,CelebDF,celeb_id59,train
vid_001534_15_13__outside_talking_still_laughing__X0EIIJF7,1,DFD,dfd_11,train
vid_003742_id13_0012,0,CelebDF,celeb_id59,train
vid_008824_id53_id49_0006,1,CelebDF,celeb_id49,val
vid_009807_id53_id58_0009,1,CelebDF,celeb_id49,val
vid_002907_14_15__talking_against_wall__RNHLLKSQ,1,DFD,dfd_11,train
vid_008409_id56_id50_0005,1,CelebDF,celeb_id49,val
vid_003132_02__walking_outside_cafe_disgusted,0,DFD,dfd_11,train
vid_009369_id0_id2_0004,1,CelebDF,celeb_id59,train
vid_005184_id16_id23_0010,1,CelebDF,celeb_id59,train
vid_009714_id19_id28_0001,1,CelebDF,celeb_id59,train
vid_008705_id1_id20_0004,1,CelebDF,celeb_id59,train
vid_005486_id45_id41_0001,1,CelebDF,celeb_id39,test
vid_007649_id19_id24_0004,1,CelebDF,celeb_id59,train
vid_002985_02_04__exit_phone_room__SUIZOXAJ,1,DFD,dfd_11,train
vid_004572_id29_id28_0009,1,CelebDF,celeb_id59,train
vid_008716_id55_id56_0008,1,CelebDF,celeb_id49,val
vid_009861_id33_id23_0005,1,CelebDF,celeb_id59,train
vid_007259_id9_id35_0005,1,CelebDF,celeb_id59,train
vid_002502_16_05__walking_outside_cafe_disgusted__94435UY3,1,DFD,dfd_05,test
vid_009652_id16_id37_0001,1,CelebDF,celeb_id59,train
vid_004318_id55_0000,0,CelebDF,celeb_id49,val
vid_006016_id34_id21_0009,1,CelebDF,celeb_id59,train
vid_001338_18_03__exit_phone_room__N72YE748,1,DFD,dfd_11,train
vid_006339_id52_id55_0000,1,CelebDF,celeb_id49,val
vid_008140_id47_id41_0002,1,CelebDF,celeb_id39,test
vid_001510_11_21__podium_speech_happy__T7DK03O1,1,DFD,dfd_11,train
vid_007960_id1_id0_0009,1,CelebDF,celeb_id59,train
vid_006214_id21_id28_0007,1,CelebDF,celeb_id59,train
vid_003079_06__walking_outside_cafe_disgusted,0,DFD,dfd_11,train
vid_009864_id52_id58_0004,1,CelebDF,celeb_id49,val
vid_003918_id52_0008,0,CelebDF,celeb_id49,val
vid_008048_id59_id5_0008,1,CelebDF,celeb_id59,train
vid_005291_id45_id44_0000,1,CelebDF,celeb_id39,test
vid_003862_id36_0004,0,CelebDF,celeb_id36,train
vid_008852_id55_id52_0000,1,CelebDF,celeb_id49,val
vid_001652_14_13__podium_speech_happy__KMQ3AW6A,1,DFD,dfd_11,train
vid_000723_27_06__walking_down_street_outside_angry__S3T7SK9O,1,DFD,dfd_11,train
vid_004196_id60_0007,0,CelebDF,celeb_id59,train
vid_004477_id30_id16_0005,1,CelebDF,celeb_id59,train
vid_009846_id2_id4_0006,1,CelebDF,celeb_id59,train
vid_004854_id29_id26_0000,1,CelebDF,celeb_id59,train
vid_006397_id29_id33_0006,1,CelebDF,celeb_id59,train
vid_002423_26_25__podium_speech_happy__8LPKLIRG,1,DFD,dfd_11,train
vid_002979_19_23__outside_talking_pan_laughing__H4SUVFTL,1,DFD,dfd_10,val
vid_008172_id22_id19_0005,1,CelebDF,celeb_id59,train
vid_001490_04_02__walk_down_hall_angry__8CH7R4LW,1,DFD,dfd_11,train
vid_008287_id3_id26_0009,1,CelebDF,celeb_id59,train
vid_005453_id30_id28_0005,1,CelebDF,celeb_id59,train
vid_004239_id25_0004,0,CelebDF,celeb_id59,train
vid_001295_18_03__outside_talking_pan_laughing__22UBC0BS,1,DFD,dfd_11,train
vid_008021_id21_id19_0005,1,CelebDF,celeb_id59,train
vid_007880_id46_id44_0000,1,CelebDF,celeb_id39,test
vid_004573_id35_id4_0003,1,CelebDF,celeb_id59,train
vid_000999_11_13__podium_speech_happy__XXKQ4XM0,1,DFD,dfd_11,train
vid_001895_08_28__podium_speech_happy__GGCUYQA4,1,DFD,dfd_05,test
vid_007929_id2_id16_0005,1,CelebDF,celeb_id59,train
vid_001616_15_25__walking_outside_cafe_disgusted__BXVA6VQB,1,DFD,dfd_11,train
vid_009928_id42_id48_0001,1,CelebDF,celeb_id39,test
vid_007564_id20_id28_0005,1,CelebDF,celeb_id59,train
vid_002359_07_13__secret_conversation__RVQCPCJF,1,DFD,dfd_11,train
vid_001346_15_18__walking_down_indoor_hall_disgust__V5VHLCOW,1,DFD,dfd_11,train
vid_007807_id1_id30_0009,1,CelebDF,celeb_id59,train
vid_004454_id35_id32_0009,1,CelebDF,celeb_id59,train
vid_001180_06_12__podium_speech_happy__3K21NFNM,1,DFD,dfd_11,train
vid_002711_15_13__walking_outside_cafe_disgusted__X0EIIJF7,1,DFD,dfd_11,train
vid_008800_id23_id25_0000,1,CelebDF,celeb_id59,train
vid_006525_id56_id50_0008,1,CelebDF,celeb_id49,val
vid_006260_id26_id3_0008,1,CelebDF,celeb_id59,train
vid_002500_02_15__outside_talking_pan_laughing__SB6PMCO0,1,DFD,dfd_11,train
vid_003430_04__talking_angry_couch,0,DFD,dfd_11,train
vid_003604_00189,0,CelebDF,yt_00189,train
vid_008977_id20_id33_0008,1,CelebDF,celeb_id59,train
vid_005862_id53_id57_0006,1,CelebDF,celeb_id49,val
vid_006494_id48_id39_0001,1,CelebDF,celeb_id39,test
vid_001493_25_09__outside_talking_still_laughing__ODAQ7BZL,1,DFD,dfd_11,train
vid_003932_id13_0008,0,CelebDF,celeb_id59,train
vid_001959_20_12__kitchen_pan__B0X1CGG2,1,DFD,dfd_11,train
vid_006272_id2_id4_0003,1,CelebDF,celeb_id59,train
vid_004254_id53_0000,0,CelebDF,celeb_id49,val
vid_002014_12_11__podium_speech_happy__8NS148U7,1,DFD,dfd_11,train
vid_008086_id32_id37_0000,1,CelebDF,celeb_id59,train
vid_009100_id32_id31_0000,1,CelebDF,celeb_id59,train
vid_008825_id21_id4_0005,1,CelebDF,celeb_id59,train
vid_009440_id58_id53_0006,1,CelebDF,celeb_id49,val
vid_004225_id28_0009,0,CelebDF,celeb_id59,train
vid_005932_id10_id7_0006,1,CelebDF,celeb_id59,train
vid_003773_id12_0006,0,CelebDF,celeb_id59,train
vid_003372_02__hugging_happy,0,DFD,dfd_11,train
vid_003167_04__secret_conversation,0,DFD,dfd_11,train
vid_007535_id28_id3_0008,1,CelebDF,celeb_id59,train
vid_008574_id10_id11_0004,1,CelebDF,celeb_id59,train
vid_001017_26_13__kitchen_pan__U5ELHUN5,1,DFD,dfd_11,train
vid_001766_22_23__outside_talking_still_laughing__W9MT3Q5K,1,DFD,dfd_10,val
vid_000791_21_14__exit_phone_room__IRKML4J0,1,DFD,dfd_11,train
vid_000604_06_25__outside_talking_still_laughing__3QQBVBYN,1,DFD,dfd_11,train
vid_003259_21__talking_against_wall,0,DFD,dfd_11,train
vid_006063_id2_id1_0009,1,CelebDF,celeb_id59,train
vid_002482_13_20__kitchen_pan__4SAX54BT,1,DFD,dfd_11,train
vid_006627_id3_id16_0004,1,CelebDF,celeb_id59,train
vid_005109_id21_id24_0000,1,CelebDF,celeb_id59,train
vid_006507_id32_id29_0006,1,CelebDF,celeb_id59,train
vid_008375_id37_id3_0000,1,CelebDF,celeb_id59,train
vid_001352_23_22__talking_against_wall__NUTQ0HJ5,1,DFD,dfd_10,val
vid_004791_id9_id21_0002,1,CelebDF,celeb_id59,train
vid_008910_id4_id35_0004,1,CelebDF,celeb_id59,train
vid_000670_24_19__podium_speech_happy__QD5K7BP2,1,DFD,dfd_10,val
vid_007499_id23_id9_0005,1,CelebDF,celeb_id59,train
vid_001600_14_02__kitchen_pan__3IUBEKCT,1,DFD,dfd_11,train
vid_003609_00253,0,CelebDF,yt_00253,train
vid_006777_id31_id17_0006,1,CelebDF,celeb_id59,train
vid_003112_25__walking_outside_cafe_disgusted,0,DFD,dfd_11,train
vid_000344_18_14__talking_against_wall__A5A1Q467,1,DFD,dfd_11,train
vid_005009_id17_id1_0002,1,CelebDF,celeb_id59,train
vid_003120_28__outside_talking_still_laughing,0,DFD,dfd_05,test
vid_005352_id55_id49_0008,1,CelebDF,celeb_id49,val
vid_004918_id26_id22_0009,1,CelebDF,celeb_id59,train
vid_001865_03_21__secret_conversation__YCSEBZO4,1,DFD,dfd_11,train
vid_007093_id34_id38_0002,1,CelebDF,celeb_id59,train
vid_000683_13_20__podium_speech_happy__C50CSOEX,1,DFD,dfd_11,train
vid_001242_15_03__walk_down_hall_angry__5C1OMK8W,1,DFD,dfd_11,train
vid_007151_id48_id40_0009,1,CelebDF,celeb_id39,test
vid_009136_id4_id9_0001,1,CelebDF,celeb_id59,train
vid_003289_18__talking_against_wall,0,DFD,dfd_11,train
vid_002864_03_09__kitchen_pan__8DTEGQ54,1,DFD,dfd_11,train
vid_007304_id59_id60_0006,1,CelebDF,celeb_id59,train
vid_006780_id9_id6_0009,1,CelebDF,celeb_id59,train
vid_008508_id35_id26_0002,1,CelebDF,celeb_id59,train
vid_006756_id23_id20_0009,1,CelebDF,celeb_id59,train
vid_008468_id25_id20_0002,1,CelebDF,celeb_id59,train
vid_005318_id55_id49_0002,1,CelebDF,celeb_id49,val
vid_002503_20_13__walking_down_indoor_hall_disgust__NJEO6L5O,1,DFD,dfd_11,train
vid_004260_id25_0005,0,CelebDF,celeb_id59,train
vid_002041_05_16__kitchen_still__B62WCGUN,1,DFD,dfd_05,test
vid_005481_id3_id35_0000,1,CelebDF,celeb_id59,train
vid_003632_00147,0,CelebDF,yt_00147,train
vid_006741_id2_id3_0007,1,CelebDF,celeb_id59,train
vid_003475_00187,0,CelebDF,yt_00187,train
vid_009480_id35_id29_0004,1,CelebDF,celeb_id59,train
vid_003669_00247,0,CelebDF,yt_00247,train
vid_007532_id43_id44_0008,1,CelebDF,celeb_id39,test
vid_005598_id34_id30_0009,1,CelebDF,celeb_id59,train
vid_007334_id17_id6_0006,1,CelebDF,celeb_id59,train
vid_004191_id41_0005,0,CelebDF,celeb_id39,test
vid_006895_id2_id35_0002,1,CelebDF,celeb_id59,train
vid_007476_id27_id22_0002,1,CelebDF,celeb_id59,train
vid_003420_13__talking_against_wall,0,DFD,dfd_11,train
vid_006323_id57_id54_0000,1,CelebDF,celeb_id49,val
vid_007822_id23_id19_0009,1,CelebDF,celeb_id59,train
vid_001780_12_04__kitchen_still__B6YJ9IW1,1,DFD,dfd_11,train
vid_008196_id1_id17_0004,1,CelebDF,celeb_id59,train
vid_007074_id4_id1_0008,1,CelebDF,celeb_id59,train
vid_001414_14_15__secret_conversation__OMLZILK3,1,DFD,dfd_11,train
vid_009816_id6_id17_0004,1,CelebDF,celeb_id59,train
vid_004064_id6_0008,0,CelebDF,celeb_id59,train
vid_004209_id33_0005,0,CelebDF,celeb_id59,train
vid_005952_id35_id34_0001,1,CelebDF,celeb_id59,train
vid_002952_20_15__walking_outside_cafe_disgusted__99NHTFBM,1,DFD,dfd_11,train
vid_001237_03_06__talking_against_wall__1IXGY2FK,1,DFD,dfd_11,train
vid_003383_04__walking_outside_cafe_disgusted,0,DFD,dfd_11,train
vid_000484_12_13__podium_speech_happy__N8IGC93J,1,DFD,dfd_11,train
vid_004164_id59_0007,0,CelebDF,celeb_id59,train
vid_004690_id1_id21_0003,1,CelebDF,celeb_id59,train
vid_004625_id37_id38_0007,1,CelebDF,celeb_id59,train
vid_005236_id16_id6_0012,1,CelebDF,celeb_id59,train
vid_006362_id60_id5_0006,1,CelebDF,celeb_id59,train
vid_004258_id23_0008,0,CelebDF,celeb_id59,train
vid_007173_id39_id43_0007,1,CelebDF,celeb_id39,test
vid_005104_id25_id24_0003,1,CelebDF,celeb_id59,train
vid_003221_09__outside_talking_pan_laughing,0,DFD,dfd_11,train
vid_003681_00248,0,CelebDF,yt_00248,train
vid_005037_id6_id2_0008,1,CelebDF,celeb_id59,train
vid_002901_01_20__talking_angry_couch__FW94AIMJ,1,DFD,dfd_11,train
vid_005737_id21_id17_0006,1,CelebDF,celeb_id59,train
vid_000867_02_01__walk_down_hall_angry__YVGY8LOK,1,DFD,dfd_11,train
vid_005058_id38_id20_0005,1,CelebDF,celeb_id59,train
vid_004559_id50_id54_0002,1,CelebDF,celeb_id49,val
vid_003716_00191,0,CelebDF,yt_00191,train
vid_000730_02_04__outside_talking_pan_laughing__8CH7R4LW,1,DFD,dfd_11,train
vid_007918_id11_id7_0007,1,CelebDF,celeb_id59,train
vid_003200_01__meeting_serious,0,DFD,dfd_11,train
vid_001410_28_05__secret_conversation__V20UNLJ5,1,DFD,dfd_05,test
vid_000205_23_24__kitchen_still__MDSDXSNU,1,DFD,dfd_10,val
vid_007145_id23_id0_0008,1,CelebDF,celeb_id59,train
vid_002938_15_21__exit_phone_room__JDPD580N,1,DFD,dfd_11,train
vid_007207_id21_id16_0008,1,CelebDF,celeb_id59,train
vid_004016_id38_0004,0,CelebDF,celeb_id59,train
vid_003160_10__outside_talking_pan_laughing,0,DFD,dfd_10,val
vid_009444_id43_id42_0008,1,CelebDF,celeb_id39,test
vid_004731_id35_id17_0002,1,CelebDF,celeb_id59,train
vid_003849_id9_0001,0,CelebDF,celeb_id59,train
vid_002931_11_06__walking_outside_cafe_disgusted__MX659QU8,1,DFD,dfd_11,train
vid_005936_id21_id32_0008,1,CelebDF,celeb_id59,train
vid_001658_03_06__walking_down_street_outside_angry__1IXGY2FK,1,DFD,dfd_11,train
vid_002871_15_06__kitchen_pan__QRCD27P8,1,DFD,dfd_11,train
vid_006385_id53_id54_0000,1,CelebDF,celeb_id49,val
vid_000530_28_16__walking_outside_cafe_disgusted__NAZP864W,1,DFD,dfd_05,test
vid_009590_id57_id53_0008,1,CelebDF,celeb_id49,val
vid_005899_id1_id2_0005,1,CelebDF,celeb_id59,train
vid_008347_id50_id57_0003,1,CelebDF,celeb_id49,val
vid_007244_id0_id1_0001,1,CelebDF,celeb_id59,train
vid_008950_id16_id28_0013,1,CelebDF,celeb_id59,train
vid_006874_id3_id23_0009,1,CelebDF,celeb_id59,train
vid_004546_id31_id32_0000,1,CelebDF,celeb_id59,train
vid_003769_id34_0008,0,CelebDF,celeb_id59,train
vid_009285_id32_id23_0000,1,CelebDF,celeb_id59,train
vid_008247_id8_id9_0003,1,CelebDF,celeb_id59,train
vid_007517_id31_id9_0003,1,CelebDF,celeb_id59,train
vid_006026_id16_id1_0007,1,CelebDF,celeb_id59,train
vid_008046_id6_id9_0009,1,CelebDF,celeb_id59,train
vid_002704_06_02__outside_talking_still_laughing__HZAXM70B,1,DFD,dfd_11,train
vid_007352_id28_id4_0005,1,CelebDF,celeb_id59,train
vid_000915_09_03__talking_angry_couch__RCETIXYL,1,DFD,dfd_11,train
vid_003134_10__walk_down_hall_angry,0,DFD,dfd_10,val
vid_000078_07_03__exit_phone_room__6PHZRQ4H,1,DFD,dfd_11,train
vid_001492_24_19__outside_talking_still_laughing__NPZW2Z9L,1,DFD,dfd_10,val
vid_003487_00071,0,CelebDF,yt_00071,train
vid_003926_id48_0002,0,CelebDF,celeb_id39,test
vid_006324_id35_id16_0003,1,CelebDF,celeb_id59,train
vid_007182_id30_id33_0007,1,CelebDF,celeb_id59,train
vid_006581_id55_id54_0000,1,CelebDF,celeb_id49,val
vid_000085_12_15__kitchen_pan__N0SRODQD,1,DFD,dfd_11,train
vid_006576_id2_id0_0001,1,CelebDF,celeb_id59,train
vid_001038_09_02__talking_angry_couch__6KUOFMZW,1,DFD,dfd_11,train
vid_005976_id50_id57_0008,1,CelebDF,celeb_id49,val
vid_002274_11_03__exit_phone_room__P08VGHTA,1,DFD,dfd_11,train
vid_002872_04_18__kitchen_still__NAXINA1N,1,DFD,dfd_11,train
vid_006501_id39_id45_0009,1,CelebDF,celeb_id39,test
vid_001301_20_21__walking_and_outside_surprised__5LWO5ZDA,1,DFD,dfd_11,train
vid_007010_id51_id55_0005,1,CelebDF,celeb_id49,val
vid_000463_26_07__outside_talking_still_laughing__FGNGC2GT,1,DFD,dfd_11,train
vid_007577_id59_id60_0000,1,CelebDF,celeb_id59,train
vid_009003_id49_id55_0004,1,CelebDF,celeb_id49,val
vid_000550_27_18__kitchen_pan__BSOLX3SI,1,DFD,dfd_11,train
vid_007410_id28_id26_0002,1,CelebDF,celeb_id59,train
vid_009760_id34_id38_0006,1,CelebDF,celeb_id59,train
vid_000996_14_21__walk_down_hall_angry__N0WM4GSV,1,DFD,dfd_11,train
vid_003140_13__walking_down_street_outside_angry,0,DFD,dfd_11,train
vid_006375_id6_id0_0002,1,CelebDF,celeb_id59,train
vid_003400_15__walking_and_outside_surprised,0,DFD,dfd_11,train
vid_001692_15_18__kitchen_still__V5VHLCOW,1,DFD,dfd_11,train
vid_004649_id30_id28_0003,1,CelebDF,celeb_id59,train
vid_001196_20_01__walk_down_hall_angry__FW94AIMJ,1,DFD,dfd_11,train
vid_003801_id11_0002,0,CelebDF,celeb_id59,train
vid_000335_19_23__walking_outside_cafe_disgusted__F7U8UY7V,1,DFD,dfd_10,val
vid_006834_id40_id46_0001,1,CelebDF,celeb_id39,test
vid_007344_id30_id4_0001,1,CelebDF,celeb_id59,train
vid_004137_id38_0006,0,CelebDF,celeb_id59,train
vid_006965_id9_id2_0005,1,CelebDF,celeb_id59,train
vid_008303_id28_id25_0006,1,CelebDF,celeb_id59,train
vid_000430_02_15__exit_phone_room__I8G2LWD1,1,DFD,dfd_11,train
vid_003553_00272,0,CelebDF,yt_00272,train
vid_009496_id56_id50_0009,1,CelebDF,celeb_id49,val
vid_004905_id4_id20_0005,1,CelebDF,celeb_id59,train
vid_000474_02_15__exit_phone_room__MZWH8ATN,1,DFD,dfd_11,train
vid_002607_01_04__podium_speech_happy__0XUW13RW,1,DFD,dfd_11,train
vid_005618_id1_id17_0003,1,CelebDF,celeb_id59,train
vid_007223_id23_id9_0002,1,CelebDF,celeb_id59,train
vid_003711_00186,0,CelebDF,yt_00186,train
vid_009349_id17_id9_0005,1,CelebDF,celeb_id59,train
vid_004568_id20_id25_0002,1,CelebDF,celeb_id59,train
vid_000574_10_22__kitchen_still__1TXK09OY,1,DFD,dfd_10,val
vid_005898_id43_id40_0000,1,CelebDF,celeb_id39,test
vid_000664_05_28__podium_speech_happy__2DK5X0Y0,1,DFD,dfd_05,test
vid_004092_id1_0002,0,CelebDF,celeb_id59,train
vid_001912_25_13__outside_talking_still_laughing__IW9OFVMG,1,DFD,dfd_11,train
vid_000401_27_02__walking_down_street_outside_angry__XFSH3BW7,1,DFD,dfd_11,train
vid_007284_id31_id20_0001,1,CelebDF,celeb_id59,train
vid_001572_21_07__walking_down_street_outside_angry__K7KXUHMU,1,DFD,dfd_11,train
vid_009412_id38_id37_0006,1,CelebDF,celeb_id59,train
vid_003333_27__outside_talking_still_laughing,0,DFD,dfd_11,train
vid_007600_id23_id24_0004,1,CelebDF,celeb_id59,train
vid_000689_11_26__walk_down_hall_angry__7C0VKV43,1,DFD,dfd_11,train
vid_000688_18_09__walking_down_street_outside_angry__3VP8836C,1,DFD,dfd_11,train
vid_005069_id3_id2_0007,1,CelebDF,celeb_id59,train
vid_005158_id26_id1_0003,1,CelebDF,celeb_id59,train
vid_000398_04_26__outside_talking_pan_laughing__MS2MLJP1,1,DFD,dfd_11,train
vid_002213_12_15__secret_conversation__RK17XFJ9,1,DFD,dfd_11,train
vid_003792_id27_0000,0,CelebDF,celeb_id59,train
vid_008033_id3_id16_0001,1,CelebDF,celeb_id59,train
vid_008485_id28_id29_0003,1,CelebDF,celeb_id59,train
vid_004265_id32_0006,0,CelebDF,celeb_id59,train
vid_005517_id3_id16_0005,1,CelebDF,celeb_id59,train
vid_002654_15_01__podium_speech_happy__02HILKYO,1,DFD,dfd_11,train
vid_004947_id28_id6_0001,1,CelebDF,celeb_id59,train
vid_005213_id31_id26_0005,1,CelebDF,celeb_id59,train
vid_008649_id37_id34_0005,1,CelebDF,celeb_id59,train
vid_009391_id47_id43_0001,1,CelebDF,celeb_id39,test
vid_001523_20_14__outside_talking_pan_laughing__R7SPX6OK,1,DFD,dfd_11,train
vid_002506_15_03__walking_and_outside_surprised__OY4I7ZU8,1,DFD,dfd_11,train
vid_002932_02_15__walking_down_indoor_hall_disgust__HTG660F8,1,DFD,dfd_11,train
vid_003630_00137,0,CelebDF,yt_00137,train
vid_006295_id31_id35_0006,1,CelebDF,celeb_id59,train
vid_001227_27_02__kitchen_pan__3L1MLH3D,1,DFD,dfd_11,train
vid_009017_id23_id25_0007,1,CelebDF,celeb_id59,train
vid_003296_12__walking_down_street_outside_angry,0,DFD,dfd_11,train
vid_007072_id43_id39_0003,1,CelebDF,celeb_id39,test
vid_003923_id61_0000,0,CelebDF,celeb_id59,train
vid_001283_14_15__podium_speech_happy__RF38N10R,1,DFD,dfd_11,train
vid_009047_id53_id56_0002,1,CelebDF,celeb_id49,val
vid_008283_id31_id2_0002,1,CelebDF,celeb_id59,train
vid_003428_25__walking_down_street_outside_angry,0,DFD,dfd_11,train
vid_006277_id55_id52_0004,1,CelebDF,celeb_id49,val
vid_005993_id0_id16_0006,1,CelebDF,celeb_id59,train
vid_009223_id23_id16_0002,1,CelebDF,celeb_id59,train
vid_003090_28__walking_down_street_outside_angry,0,DFD,dfd_05,test
vid_005281_id1_id0_0007,1,CelebDF,celeb_id59,train
vid_003672_00102,0,CelebDF,yt_00102,train
vid_003278_02__walking_down_indoor_hall_disgust,0,DFD,dfd_11,train
vid_004055_id2_0008,0,CelebDF,celeb_id59,train
vid_004156_id32_0004,0,CelebDF,celeb_id59,train
vid_009551_id20_id30_0003,1,CelebDF,celeb_id59,train
vid_003968_id10_0004,0,CelebDF,celeb_id59,train
vid_005451_id16_id3_0009,1,CelebDF,celeb_id59,train
vid_000204_06_25__talking_angry_couch__MI9BDQ7M,1,DFD,dfd_11,train
vid_004503_id13_id7_0009,1,CelebDF,celeb_id59,train
vid_007630_id6_id17_0003,1,CelebDF,celeb_id59,train
vid_005794_id2_id37_0006,1,CelebDF,celeb_id59,train
vid_003359_22__kitchen_pan,0,DFD,dfd_10,val
vid_006046_id10_id11_0005,1,CelebDF,celeb_id59,train
vid_000964_20_21__hugging_happy__ZCB5OMEW,1,DFD,dfd_11,train
vid_005264_id32_id28_0008,1,CelebDF,celeb_id59,train
vid_008831_id32_id23_0002,1,CelebDF,celeb_id59,train
vid_005821_id31_id26_0002,1,CelebDF,celeb_id59,train
vid_002717_14_01__hugging_happy__0S0NS5C6,1,DFD,dfd_11,train
vid_008647_id31_id30_0001,1,CelebDF,celeb_id59,train
vid_008258_id23_id9_0004,1,CelebDF,celeb_id59,train
vid_001759_05_08__outside_talking_pan_laughing__FBICSP2C,1,DFD,dfd_05,test
vid_005595_id22_id24_0001,1,CelebDF,celeb_id59,train
vid_006570_id47_id40_0005,1,CelebDF,celeb_id39,test
vid_002166_01_11__talking_angry_couch__FAFWDR4W,1,DFD,dfd_11,train
vid_007339_id44_id48_0003,1,CelebDF,celeb_id39,test
vid_002319_26_14__podium_speech_happy__ILLP29ZH,1,DFD,dfd_11,train
vid_001135_13_18__walking_outside_cafe_disgusted__3II4T6H5,1,DFD,dfd_11,train
vid_005355_id54_id51_0003,1,CelebDF,celeb_id49,val
vid_002996_02_09__exit_phone_room__HIH8YA82,1,DFD,dfd_11,train
vid_002867_03_06__kitchen_still__ZFRX9RKW,1,DFD,dfd_11,train
vid_004409_id9_id35_0004,1,CelebDF,celeb_id59,train
vid_005336_id2_id17_0004,1,CelebDF,celeb_id59,train
vid_002038_07_12__walking_down_street_outside_angry__0VN0A2T3,1,DFD,dfd_11,train
vid_005865_id28_id20_0003,1,CelebDF,celeb_id59,train
vid_009565_id16_id9_0011,1,CelebDF,celeb_id59,train
vid_000221_06_25__outside_talking_pan_laughing__3QQBVBYN,1,DFD,dfd_11,train
vid_007848_id41_id47_0003,1,CelebDF,celeb_id39,test
vid_000785_14_26__kitchen_pan__SU8SAHTT,1,DFD,dfd_11,train
vid_004922_id50_id57_0006,1,CelebDF,celeb_id49,val
vid_004013_id5_0007,0,CelebDF,celeb_id59,train
vid_000324_28_08__podium_speech_happy__5DCAESDA,1,DFD,dfd_05,test
vid_007790_id39_id47_0003,1,CelebDF,celeb_id39,test
vid_007643_id50_id55_0000,1,CelebDF,celeb_id49,val
vid_007775_id61_id60_0009,1,CelebDF,celeb_id59,train
vid_004569_id29_id30_0007,1,CelebDF,celeb_id59,train
vid_001756_03_07__walking_down_indoor_hall_disgust__CDSNLDQ8,1,DFD,dfd_11,train
vid_004384_id37_id30_0004,1,CelebDF,celeb_id59,train
vid_007574_id23_id21_0007,1,CelebDF,celeb_id59,train
vid_006734_id28_id27_0002,1,CelebDF,celeb_id59,train
vid_003977_id35_0006,0,CelebDF,celeb_id59,train
vid_006839_id37_id23_0002,1,CelebDF,celeb_id59,train
vid_000292_04_27__podium_speech_happy__2CCI2ND1,1,DFD,dfd_11,train
vid_008171_id43_id48_0008,1,CelebDF,celeb_id39,test
vid_005867_id46_id47_0007,1,CelebDF,celeb_id39,test
vid_004431_id35_id9_0001,1,CelebDF,celeb_id59,train
vid_009898_id31_id21_0009,1,CelebDF,celeb_id59,train
vid_007944_id1_id16_0003,1,CelebDF,celeb_id59,train
vid_006346_id40_id42_0000,1,CelebDF,celeb_id39,test
vid_001034_02_13__secret_conversation__PLNVLO74,1,DFD,dfd_11,train
vid_003099_13__kitchen_still,0,DFD,dfd_11,train
vid_008847_id1_id30_0000,1,CelebDF,celeb_id59,train
vid_002641_15_02__kitchen_still__SB6PMCO0,1,DFD,dfd_11,train
vid_002393_15_27__podium_speech_happy__2ERUWYH8,1,DFD,dfd_11,train
vid_003782_id61_0004,0,CelebDF,celeb_id59,train
vid_001629_28_16__walk_down_hall_angry__X5FNCYON,1,DFD,dfd_05,test
vid_008071_id33_id32_0009,1,CelebDF,celeb_id59,train
vid_004114_id31_0006,0,CelebDF,celeb_id59,train
vid_004267_id11_0003,0,CelebDF,celeb_id59,train
vid_000414_11_18__outside_talking_pan_laughing__PT4YKO2R,1,DFD,dfd_11,train
vid_006229_id45_id39_0006,1,CelebDF,celeb_id39,test
vid_004719_id50_id56_0008,1,CelebDF,celeb_id49,val
vid_005891_id37_id31_0002,1,CelebDF,celeb_id59,train
vid_008044_id49_id58_0002,1,CelebDF,celeb_id49,val
vid_004496_id46_id42_0004,1,CelebDF,celeb_id39,test
vid_003438_00210,0,CelebDF,yt_00210,train
vid_009931_id3_id37_0009,1,CelebDF,celeb_id59,train
vid_006393_id53_id54_0008,1,CelebDF,celeb_id49,val
vid_007830_id21_id34_0005,1,CelebDF,celeb_id59,train
vid_001872_05_16__podium_speech_happy__053HPS1G,1,DFD,dfd_05,test
vid_007713_id48_id42_0001,1,CelebDF,celeb_id39,test
vid_004287_id56_0008,0,CelebDF,celeb_id49,val
vid_001964_05_16__exit_phone_room__B62WCGUN,1,DFD,dfd_05,test
vid_004736_id43_id46_0003,1,CelebDF,celeb_id39,test
vid_004632_id38_id35_0001,1,CelebDF,celeb_id59,train
vid_000763_19_22__talking_against_wall__VK6BF5NV,1,DFD,dfd_10,val
vid_006242_id0_id28_0002,1,CelebDF,celeb_id59,train
vid_003598_00055,0,CelebDF,yt_00055,train
vid_000981_02_06__walking_outside_cafe_disgusted__GH8TGTBS,1,DFD,dfd_11,train
vid_009152_id37_id16_0008,1,CelebDF,celeb_id59,train
vid_005180_id31_id16_0007,1,CelebDF,celeb_id59,train
vid_005670_id50_id52_0006,1,CelebDF,celeb_id49,val
vid_007750_id35_id26_0006,1,CelebDF,celeb_id59,train
vid_006456_id1_id26_0001,1,CelebDF,celeb_id59,train
vid_009216_id28_id38_0001,1,CelebDF,celeb_id59,train
vid_003039_28_05__podium_speech_happy__VR9127O1,1,DFD,dfd_05,test
vid_004054_id45_0004,0,CelebDF,celeb_id39,test
vid_003026_12_26__walking_outside_cafe_disgusted__OVOQACG8,1,DFD,dfd_11,train
vid_007430_id46_id42_0006,1,CelebDF,celeb_id39,test
vid_005747_id27_id21_0006,1,CelebDF,celeb_id59,train
vid_003892_id11_0009,0,CelebDF,celeb_id59,train
vid_006434_id9_id4_0005,1,CelebDF,celeb_id59,train
vid_007996_id37_id20_0000,1,CelebDF,celeb_id59,train
vid_008499_id9_id4_0002,1,CelebDF,celeb_id59,train
vid_008252_id58_id56_0003,1,CelebDF,celeb_id49,val
vid_002402_12_03__outside_talking_still_laughing__D7G6YJON,1,DFD,dfd_11,train
vid_005341_id30_id33_0008,1,CelebDF,celeb_id59,train
vid_002567_07_12__walking_outside_cafe_disgusted__KAG65PEE,1,DFD,dfd_11,train
vid_009131_id43_id48_0006,1,CelebDF,celeb_id39,test
vid_006519_id3_id21_0001,1,CelebDF,celeb_id59,train
vid_006270_id37_id4_0007,1,CelebDF,celeb_id59,train
vid_005505_id8_id7_0007,1,CelebDF,celeb_id59,train
vid_008293_id3_id28_0000,1,CelebDF,celeb_id59,train
vid_007737_id8_id5_0002,1,CelebDF,celeb_id59,train
vid_000195_03_11__walking_and_outside_surprised__P08VGHTA,1,DFD,dfd_11,train
vid_005930_id56_id52_0009,1,CelebDF,celeb_id49,val
vid_001809_07_02__outside_talking_pan_laughing__O4SXNLRL,1,DFD,dfd_11,train
vid_004095_id4_0008,0,CelebDF,celeb_id59,train
vid_000488_11_18__podium_speech_happy__DBSWZLXL,1,DFD,dfd_11,train
vid_007263_id1_id28_0006,1,CelebDF,celeb_id59,train
vid_006263_id26_id34_0003,1,CelebDF,celeb_id59,train
vid_006700_id26_id35_0008,1,CelebDF,celeb_id59,train
vid_006797_id21_id1_0009,1,CelebDF,celeb_id59,train
vid_002751_27_02__kitchen_pan__78M8S6M6,1,DFD,dfd_11,train
vid_004113_id38_0002,0,CelebDF,celeb_id59,train
vid_008685_id29_id28_0008,1,CelebDF,celeb_id59,train
vid_007264_id49_id54_0009,1,CelebDF,celeb_id49,val
vid_005627_id51_id50_0000,1,CelebDF,celeb_id49,val
vid_005250_id28_id33_0003,1,CelebDF,celeb_id59,train
vid_003942_id60_0009,0,CelebDF,celeb_id59,train
vid_001029_03_20__outside_talking_pan_laughing__61SVZ2J7,1,DFD,dfd_11,train
vid_000965_21_14__walking_outside_cafe_disgusted__N0WM4GSV,1,DFD,dfd_11,train
vid_008730_id16_id26_0007,1,CelebDF,celeb_id59,train
vid_005174_id35_id1_0008,1,CelebDF,celeb_id59,train
vid_009792_id26_id31_0003,1,CelebDF,celeb_id59,train
vid_004161_id60_0004,0,CelebDF,celeb_id59,train
vid_001113_12_01__outside_talking_still_laughing__TNI7KUZ6,1,DFD,dfd_11,train
vid_006227_id28_id38_0003,1,CelebDF,celeb_id59,train
vid_008948_id9_id2_0001,1,CelebDF,celeb_id59,train
vid_003222_20__hugging_happy,0,DFD,dfd_11,train
vid_004104_id31_0009,0,CelebDF,celeb_id59,train
vid_006866_id30_id3_0005,1,CelebDF,celeb_id59,train
vid_005660_id30_id17_0006,1,CelebDF,celeb_id59,train
vid_006790_id31_id29_0009,1,CelebDF,celeb_id59,train
vid_009234_id16_id37_0006,1,CelebDF,celeb_id59,train
vid_004416_id1_id35_0009,1,CelebDF,celeb_id59,train
vid_002310_03_11__outside_talking_still_laughing__P08VGHTA,1,DFD,dfd_11,train
vid_001387_13_02__talking_angry_couch__CP5HFV3K,1,DFD,dfd_11,train
vid_001697_01_04__podium_speech_happy__GBC7ZGDP,1,DFD,dfd_11,train
vid_005537_id2_id21_0008,1,CelebDF,celeb_id59,train
vid_004856_id28_id26_0000,1,CelebDF,celeb_id59,train
vid_000563_02_07__walking_and_outside_surprised__UH60ROEK,1,DFD,dfd_11,train
vid_004801_id47_id43_0007,1,CelebDF,celeb_id39,test
vid_007625_id16_id17_0002,1,CelebDF,celeb_id59,train
vid_003019_08_17__talking_against_wall__ISS1V0B1,1,DFD,dfd_05,test
vid_006934_id28_id22_0002,1,CelebDF,celeb_id59,train
vid_002876_21_07__talking_against_wall__CRGVSDBI,1,DFD,dfd_11,train
vid_002882_12_14__outside_talking_pan_laughing__Z7EWFA0P,1,DFD,dfd_11,train
vid_009178_id0_id23_0009,1,CelebDF,celeb_id59,train
vid_004835_id60_id5_0000,1,CelebDF,celeb_id59,train
vid_001380_08_28__podium_speech_happy__KXO8S7OP,1,DFD,dfd_05,test
vid_001005_07_14__outside_talking_still_laughing__P9QFO50U,1,DFD,dfd_11,train
vid_007717_id16_id6_0007,1,CelebDF,celeb_id59,train
vid_008686_id29_id35_0003,1,CelebDF,celeb_id59,train
vid_002501_13_15__walk_down_hall_angry__X0EIIJF7,1,DFD,dfd_11,train
vid_009358_id52_id49_0009,1,CelebDF,celeb_id49,val
vid_006381_id47_id45_0005,1,CelebDF,celeb_id39,test
vid_004826_id52_id58_0000,1,CelebDF,celeb_id49,val
vid_006735_id2_id17_0005,1,CelebDF,celeb_id59,train
vid_000051_18_26__outside_talking_still_laughing__UMEX6HWU,1,DFD,dfd_11,train
vid_004837_id9_id35_0000,1,CelebDF,celeb_id59,train
vid_004170_id51_0001,0,CelebDF,celeb_id49,val
vid_004201_id12_0001,0,CelebDF,celeb_id59,train
vid_007495_id47_id39_0007,1,CelebDF,celeb_id39,test
vid_008533_id42_id43_0003,1,CelebDF,celeb_id39,test
vid_009787_id16_id26_0003,1,CelebDF,celeb_id59,train
vid_003233_06__walking_down_indoor_hall_disgust,0,DFD,dfd_11,train
vid_008738_id31_id32_0001,1,CelebDF,celeb_id59,train
vid_005223_id39_id46_0001,1,CelebDF,celeb_id39,test
vid_006347_id48_id44_0002,1,CelebDF,celeb_id39,test
vid_002737_09_13__outside_talking_still_laughing__NDMHWBT1,1,DFD,dfd_11,train
vid_006846_id57_id51_0003,1,CelebDF,celeb_id49,val
vid_009200_id35_id23_0006,1,CelebDF,celeb_id59,train
vid_006152_id0_id26_0005,1,CelebDF,celeb_id59,train
vid_002710_27_02__outside_talking_pan_laughing__QW05XUUZ,1,DFD,dfd_11,train
vid_002735_27_03__walking_and_outside_surprised__KWGI1LSZ,1,DFD,dfd_11,train
vid_000958_03_13__talking_against_wall__GBYWJW06,1,DFD,dfd_11,train
vid_007865_id51_id49_0007,1,CelebDF,celeb_id49,val
vid_000974_03_27__walking_down_indoor_hall_disgust__IL675GCI,1,DFD,dfd_11,train
vid_002585_12_11__walking_outside_cafe_disgusted__8NS148U7,1,DFD,dfd_11,train
vid_000961_23_22__walking_down_indoor_hall_disgust__TU7RHG0S,1,DFD,dfd_10,val
vid_001559_13_12__outside_talking_still_laughing__N8IGC93J,1,DFD,dfd_11,train
vid_001929_09_07__outside_talking_still_laughing__N9CWME71,1,DFD,dfd_11,train
vid_007762_id56_id53_0005,1,CelebDF,celeb_id49,val
vid_001636_26_06__outside_talking_still_laughing__L5BVR5L9,1,DFD,dfd_11,train
vid_000281_18_27__walk_down_hall_angry__BSOLX3SI,1,DFD,dfd_11,train
vid_003548_00105,0,CelebDF,yt_00105,train
vid_004908_id16_id2_0012,1,CelebDF,celeb_id59,train
vid_001351_11_02__podium_speech_happy__NZJ1YEWE,1,DFD,dfd_11,train
vid_008585_id44_id39_0001,1,CelebDF,celeb_id39,test
vid_006594_id1_id2_0004,1,CelebDF,celeb_id59,train
vid_005703_id26_id9_0001,1,CelebDF,celeb_id59,train
vid_000043_12_20__secret_conversation__VD7BCF1U,1,DFD,dfd_11,train
vid_001589_15_01__walking_down_street_outside_angry__02HILKYO,1,DFD,dfd_11,train
vid_005171_id35_id9_0008,1,CelebDF,celeb_id59,train
vid_009417_id28_id34_0003,1,CelebDF,celeb_id59,train
vid_008671_id30_id29_0003,1,CelebDF,celeb_id59,train
vid_006596_id17_id6_0005,1,CelebDF,celeb_id59,train
vid_009025_id17_id0_0004,1,CelebDF,celeb_id59,train
vid_002478_12_07__outside_talking_still_laughing__KAG65PEE,1,DFD,dfd_11,train
vid_009124_id32_id31_0007,1,CelebDF,celeb_id59,train
vid_008568_id58_id49_0002,1,CelebDF,celeb_id49,val
vid_008734_id49_id53_0004,1,CelebDF,celeb_id49,val
vid_003564_00035,0,CelebDF,yt_00035,train
vid_009405_id59_id61_0006,1,CelebDF,celeb_id59,train
vid_006314_id45_id46_0008,1,CelebDF,celeb_id39,test
vid_007729_id6_id0_0006,1,CelebDF,celeb_id59,train
vid_009475_id49_id52_0006,1,CelebDF,celeb_id49,val
vid_002062_24_22__talking_angry_couch__XL557XC6,1,DFD,dfd_10,val
vid_003760_id2_0009,0,CelebDF,celeb_id59,train
vid_008081_id59_id60_0008,1,CelebDF,celeb_id59,train
vid_002379_21_25__outside_talking_pan_laughing__2R46UX3R,1,DFD,dfd_11,train
vid_005314_id43_id45_0002,1,CelebDF,celeb_id39,test
vid_009277_id58_id52_0002,1,CelebDF,celeb_id49,val
vid_008571_id57_id54_0004,1,CelebDF,celeb_id49,val
vid_004815_id51_id57_0001,1,CelebDF,celeb_id49,val
vid_006137_id24_id23_0009,1,CelebDF,celeb_id59,train
vid_006563_id31_id23_0004,1,CelebDF,celeb_id59,train
vid_009519_id27_id19_0009,1,CelebDF,celeb_id59,train
vid_004532_id29_id26_0003,1,CelebDF,celeb_id59,train
vid_008200_id54_id50_0005,1,CelebDF,celeb_id49,val
vid_007795_id20_id1_0005,1,CelebDF,celeb_id59,train
vid_006683_id37_id1_0002,1,CelebDF,celeb_id59,train
vid_008369_id21_id38_0000,1,CelebDF,celeb_id59,train
vid_003603_00022,0,CelebDF,yt_00022,train
vid_008364_id35_id21_0002,1,CelebDF,celeb_id59,train
vid_006964_id29_id23_0000,1,CelebDF,celeb_id59,train
vid_007435_id0_id9_0002,1,CelebDF,celeb_id59,train
vid_008349_id32_id31_0006,1,CelebDF,celeb_id59,train
vid_006372_id6_id26_0000,1,CelebDF,celeb_id59,train
vid_007664_id27_id20_0003,1,CelebDF,celeb_id59,train
vid_000963_15_04__walking_down_street_outside_angry__46TJ9IOJ,1,DFD,dfd_11,train
vid_007303_id32_id33_0008,1,CelebDF,celeb_id59,train
vid_004153_id40_0005,0,CelebDF,celeb_id39,test
vid_007930_id31_id33_0005,1,CelebDF,celeb_id59,train
vid_001645_10_22__podium_speech_happy__X803B18R,1,DFD,dfd_10,val
vid_003337_02__talking_against_wall,0,DFD,dfd_11,train
vid_004079_id9_0007,0,CelebDF,celeb_id59,train
vid_008440_id20_id9_0002,1,CelebDF,celeb_id59,train
vid_006290_id10_id13_0002,1,CelebDF,celeb_id59,train
vid_004020_id34_0001,0,CelebDF,celeb_id59,train
vid_006474_id23_id29_0009,1,CelebDF,celeb_id59,train
vid_007684_id45_id39_0000,1,CelebDF,celeb_id39,test
vid_002468_22_24__outside_talking_pan_laughing__XL557XC6,1,DFD,dfd_10,val
vid_000636_21_09__walking_down_indoor_hall_disgust__JEELOMN2,1,DFD,dfd_11,train
vid_000691_02_09__podium_speech_happy__9TDCEK1Q,1,DFD,dfd_11,train
vid_001239_09_25__walking_down_street_outside_angry__5041ODBN,1,DFD,dfd_11,train
vid_001481_01_27__outside_talking_still_laughing__S2YCUY48,1,DFD,dfd_11,train
vid_000080_01_11__kitchen_pan__WIZ7GKOD,1,DFD,dfd_11,train
vid_009000_id16_id23_0005,1,CelebDF,celeb_id59,train
vid_006234_id43_id42_0002,1,CelebDF,celeb_id39,test
vid_001054_14_13__outside_talking_pan_laughing__KMQ3AW6A,1,DFD,dfd_11,train
vid_004742_id41_id46_0003,1,CelebDF,celeb_id39,test
vid_003056_28_16__walking_down_street_outside_angry__6DWLCU6T,1,DFD,dfd_05,test
vid_009123_id23_id29_0002,1,CelebDF,celeb_id59,train
vid_005169_id28_id20_0009,1,CelebDF,celeb_id59,train
vid_002578_20_13__talking_against_wall__U3IPYECM,1,DFD,dfd_11,train
vid_009673_id16_id1_0010,1,CelebDF,celeb_id59,train
vid_007817_id51_id56_0008,1,CelebDF,celeb_id49,val
vid_000175_28_08__outside_talking_still_laughing__GQN9WHLD,1,DFD,dfd_05,test
vid_001023_26_11__walk_down_hall_angry__7C0VKV43,1,DFD,dfd_11,train
vid_000439_15_21__exit_phone_room__87WSBJP3,1,DFD,dfd_11,train
vid_005550_id23_id26_0002,1,CelebDF,celeb_id59,train
vid_000909_09_13__walking_down_street_outside_angry__3GQ49P2J,1,DFD,dfd_11,train
vid_002161_20_03__talking_against_wall__9NFWR304,1,DFD,dfd_11,train
vid_005198_id41_id48_0004,1,CelebDF,celeb_id39,test
vid_002156_04_15__outside_talking_pan_laughing__7NW4Z6WZ,1,DFD,dfd_11,train
vid_000351_13_09__walking_down_indoor_hall_disgust__BVZGDFD8,1,DFD,dfd_11,train
vid_007928_id57_id58_0005,1,CelebDF,celeb_id49,val
vid_000348_20_14__exit_phone_room__B014BKVO,1,DFD,dfd_11,train
vid_006166_id41_id42_0004,1,CelebDF,celeb_id39,test
vid_000774_01_11__kitchen_still__5OVT6C66,1,DFD,dfd_11,train
vid_002394_12_06__podium_speech_happy__0VR4Y891,1,DFD,dfd_11,train
vid_009232_id3_id0_0007,1,CelebDF,celeb_id59,train
vid_001342_24_19__outside_talking_still_laughing__RKQTC50P,1,DFD,dfd_10,val
vid_001055_25_07__outside_talking_pan_laughing__LZYKF7LK,1,DFD,dfd_11,train
vid_006766_id31_id4_0006,1,CelebDF,celeb_id59,train
vid_009819_id44_id43_0005,1,CelebDF,celeb_id39,test
vid_000880_06_27__hugging_happy__S3T7SK9O,1,DFD,dfd_11,train
vid_001021_28_05__walking_down_street_outside_angry__W3J028UG,1,DFD,dfd_05,test
vid_004133_id2_0003,0,CelebDF,celeb_id59,train
vid_008763_id16_id31_0009,1,CelebDF,celeb_id59,train
vid_004374_id31_id21_0005,1,CelebDF,celeb_id59,train
vid_009433_id47_id43_0005,1,CelebDF,celeb_id39,test
vid_002942_14_26__kitchen_still__ILLP29ZH,1,DFD,dfd_11,train
vid_004740_id8_id3_0002,1,CelebDF,celeb_id59,train
vid_004006_id41_0002,0,CelebDF,celeb_id39,test
vid_000751_06_18__walking_outside_cafe_disgusted__S7S2XGDP,1,DFD,dfd_11,train
vid_003174_14__podium_speech_happy,0,DFD,dfd_11,train
vid_004089_id9_0002,0,CelebDF,celeb_id59,train
vid_006849_id38_id37_0008,1,CelebDF,celeb_id59,train
vid_009250_id20_id6_0000,1,CelebDF,celeb_id59,train
vid_006002_id28_id22_0009,1,CelebDF,celeb_id59,train
vid_005077_id30_id26_0007,1,CelebDF,celeb_id59,train
vid_004921_id35_id16_0009,1,CelebDF,celeb_id59,train
vid_007057_id19_id28_0007,1,CelebDF,celeb_id59,train
vid_006550_id22_id20_0002,1,CelebDF,celeb_id59,train
vid_001340_12_25__podium_speech_happy__G26LG5N7,1,DFD,dfd_11,train
vid_002647_04_26__outside_talking_pan_laughing__WX836VLY,1,DFD,dfd_11,train
vid_004044_id11_0005,0,CelebDF,celeb_id59,train
vid_004878_id20_id4_0005,1,CelebDF,celeb_id59,train
vid_008569_id4_id23_0000,1,CelebDF,celeb_id59,train
vid_002530_26_04__exit_phone_room__MS2MLJP1,1,DFD,dfd_11,train
vid_001427_03_26__walk_down_hall_angry__WBSXBL82,1,DFD,dfd_11,train
vid_009388_id43_id42_0001,1,CelebDF,celeb_id39,test
vid_006910_id20_id16_0001,1,CelebDF,celeb_id59,train
vid_006559_id42_id47_0001,1,CelebDF,celeb_id39,test
vid_003551_00063,0,CelebDF,yt_00063,train
vid_007408_id34_id32_0003,1,CelebDF,celeb_id59,train
vid_001792_18_06__walking_down_street_outside_angry__MVXBDKGB,1,DFD,dfd_11,train
vid_002164_13_11__kitchen_still__61T622EK,1,DFD,dfd_11,train
vid_008410_id41_id42_0008,1,CelebDF,celeb_id39,test
vid_006647_id2_id28_0005,1,CelebDF,celeb_id59,train
vid_000373_19_22__outside_talking_pan_laughing__VK6BF5NV,1,DFD,dfd_10,val
vid_001852_03_07__walking_outside_cafe_disgusted__WPT3Z2KN,1,DFD,dfd_11,train
vid_000486_03_07__kitchen_still__WPT3Z2KN,1,DFD,dfd_11,train
vid_003300_18__walking_down_street_outside_angry,0,DFD,dfd_11,train
vid_001390_03_07__hugging_happy__WPT3Z2KN,1,DFD,dfd_11,train
vid_004891_id29_id31_0000,1,CelebDF,celeb_id59,train
vid_000983_20_21__walking_outside_cafe_disgusted__5LWO5ZDA,1,DFD,dfd_11,train
vid_002122_05_28__exit_phone_room__U9LRLJ6N,1,DFD,dfd_05,test
vid_002680_13_18__kitchen_still__3II4T6H5,1,DFD,dfd_11,train
vid_000570_09_01__walking_down_street_outside_angry__SJZRV69J,1,DFD,dfd_11,train
vid_009113_id16_id17_0004,1,CelebDF,celeb_id59,train
vid_009072_id10_id11_0007,1,CelebDF,celeb_id59,train
vid_005623_id17_id2_0000,1,CelebDF,celeb_id59,train
vid_008867_id50_id49_0000,1,CelebDF,celeb_id49,val
vid_008186_id26_id2_0004,1,CelebDF,celeb_id59,train
vid_002162_13_07__walking_outside_cafe_disgusted__RVQCPCJF,1,DFD,dfd_11,train
vid_007540_id20_id17_0005,1,CelebDF,celeb_id59,train
vid_004257_id51_0005,0,CelebDF,celeb_id49,val
vid_006983_id38_id37_0005,1,CelebDF,celeb_id59,train
vid_003714_00092,0,CelebDF,yt_00092,train
vid_004936_id7_id12_0000,1,CelebDF,celeb_id59,train
vid_002897_24_19__outside_talking_still_laughing__59PN7WZ2,1,DFD,dfd_10,val
vid_001328_25_18__outside_talking_pan_laughing__SEGFKFJG,1,DFD,dfd_11,train
vid_009569_id2_id1_0005,1,CelebDF,celeb_id59,train
vid_001564_27_25__walking_outside_cafe_disgusted__1KU29EUL,1,DFD,dfd_11,train
vid_001623_28_08__outside_talking_pan_laughing__GGCUYQA4,1,DFD,dfd_05,test
vid_002083_19_24__kitchen_pan__NPZW2Z9L,1,DFD,dfd_10,val
vid_008388_id34_id21_0003,1,CelebDF,celeb_id59,train
vid_004030_id25_0008,0,CelebDF,celeb_id59,train
vid_000360_21_15__hugging_happy__87WSBJP3,1,DFD,dfd_11,train
vid_008860_id31_id20_0003,1,CelebDF,celeb_id59,train
vid_003436_00021,0,CelebDF,yt_00021,train
vid_007317_id21_id6_0009,1,CelebDF,celeb_id59,train
vid_008886_id31_id9_0009,1,CelebDF,celeb_id59,train
vid_001615_26_18__talking_against_wall__AI94QW74,1,DFD,dfd_11,train
vid_009083_id37_id29_0001,1,CelebDF,celeb_id59,train
vid_008393_id27_id25_0002,1,CelebDF,celeb_id59,train
vid_000098_13_03__talking_angry_couch__GBYWJW06,1,DFD,dfd_11,train
vid_009908_id9_id4_0000,1,CelebDF,celeb_id59,train
vid_001216_09_01__talking_angry_couch__6TSGVLHA,1,DFD,dfd_11,train
vid_008144_id24_id20_0008,1,CelebDF,celeb_id59,train
vid_005178_id9_id28_0003,1,CelebDF,celeb_id59,train
vid_009685_id48_id41_0003,1,CelebDF,celeb_id39,test
vid_001969_12_06__walking_down_street_outside_angry__3K21NFNM,1,DFD,dfd_11,train
vid_007639_id2_id17_0009,1,CelebDF,celeb_id59,train
vid_000499_02_03__walking_outside_cafe_disgusted__QH3Y0IG0,1,DFD,dfd_11,train
vid_000311_10_23__walk_down_hall_angry__GYY4VANY,1,DFD,dfd_10,val
vid_004992_id38_id28_0007,1,CelebDF,celeb_id59,train
vid_006699_id25_id20_0010,1,CelebDF,celeb_id59,train
vid_006256_id58_id52_0006,1,CelebDF,celeb_id49,val
vid_005664_id16_id3_0011,1,CelebDF,celeb_id59,train
vid_003022_11_03__outside_talking_pan_laughing__P08VGHTA,1,DFD,dfd_11,train
vid_005385_id35_id23_0005,1,CelebDF,celeb_id59,train
vid_007041_id23_id20_0003,1,CelebDF,celeb_id59,train
vid_005472_id38_id34_0002,1,CelebDF,celeb_id59,train
vid_000889_22_23__kitchen_pan__W9MT3Q5K,1,DFD,dfd_10,val
vid_006769_id6_id9_0007,1,CelebDF,celeb_id59,train
vid_007046_id54_id52_0008,1,CelebDF,celeb_id49,val
vid_007091_id20_id9_0003,1,CelebDF,celeb_id59,train
vid_006157_id38_id23_0009,1,CelebDF,celeb_id59,train
vid_008182_id28_id3_0000,1,CelebDF,celeb_id59,train
vid_009036_id20_id31_0009,1,CelebDF,celeb_id59,train
vid_009549_id56_id54_0002,1,CelebDF,celeb_id49,val
vid_004023_id5_0003,0,CelebDF,celeb_id59,train
vid_007232_id55_id52_0007,1,CelebDF,celeb_id49,val
vid_008517_id39_id43_0008,1,CelebDF,celeb_id39,test
vid_002124_11_03__podium_speech_happy__P08VGHTA,1,DFD,dfd_11,train
vid_008757_id51_id50_0001,1,CelebDF,celeb_id49,val
vid_008267_id38_id37_0009,1,CelebDF,celeb_id59,train
vid_005132_id50_id49_0009,1,CelebDF,celeb_id49,val
vid_005706_id17_id30_0003,1,CelebDF,celeb_id59,train
vid_000557_13_12__outside_talking_still_laughing__2TM4IFSF,1,DFD,dfd_11,train
vid_003229_07__outside_talking_still_laughing,0,DFD,dfd_11,train
vid_008887_id31_id34_0002,1,CelebDF,celeb_id59,train
vid_003772_id6_0001,0,CelebDF,celeb_id59,train
vid_003676_00180,0,CelebDF,yt_00180,train
vid_002002_26_01__secret_conversation__BTVMWLG6,1,DFD,dfd_11,train
vid_003504_00259,0,CelebDF,yt_00259,train
vid_003995_id58_0004,0,CelebDF,celeb_id49,val
vid_000525_18_04__secret_conversation__6J3ZFEJQ,1,DFD,dfd_11,train
vid_001161_19_24__walk_down_hall_angry__OF8LF68K,1,DFD,dfd_10,val
vid_007706_id26_id20_0003,1,CelebDF,celeb_id59,train
vid_009627_id46_id40_0004,1,CelebDF,celeb_id39,test
vid_006774_id30_id28_0000,1,CelebDF,celeb_id59,train
vid_005030_id4_id35_0002,1,CelebDF,celeb_id59,train
vid_006128_id28_id32_0000,1,CelebDF,celeb_id59,train
vid_002746_20_21__walk_down_hall_angry__ZCB5OMEW,1,DFD,dfd_11,train
vid_000112_23_19__hugging_happy__H4SUVFTL,1,DFD,dfd_10,val
vid_004262_id6_0003,0,CelebDF,celeb_id59,train
vid_007606_id28_id1_0002,1,CelebDF,celeb_id59,train
vid_007844_id6_id0_0008,1,CelebDF,celeb_id59,train
vid_003010_16_05__outside_talking_pan_laughing__053HPS1G,1,DFD,dfd_05,test
vid_005448_id19_id27_0006,1,CelebDF,celeb_id59,train
vid_003891_id27_0007,0,CelebDF,celeb_id59,train
vid_004204_id22_0004,0,CelebDF,celeb_id59,train
vid_008241_id9_id16_0000,1,CelebDF,celeb_id59,train
vid_005763_id0_id21_0006,1,CelebDF,celeb_id59,train
vid_004865_id30_id26_0001,1,CelebDF,celeb_id59,train
vid_004806_id24_id28_0003,1,CelebDF,celeb_id59,train
vid_001996_23_22__secret_conversation__AKZRL2QD,1,DFD,dfd_10,val
vid_000803_13_20__talking_against_wall__VO2YZXLN,1,DFD,dfd_11,train
vid_003527_00083,0,CelebDF,yt_00083,train
vid_000666_13_14__talking_against_wall__KMQ3AW6A,1,DFD,dfd_11,train
vid_003817_id46_0008,0,CelebDF,celeb_id39,test
vid_009334_id34_id33_0008,1,CelebDF,celeb_id59,train
vid_005824_id21_id38_0004,1,CelebDF,celeb_id59,train
vid_001378_14_20__podium_speech_happy__B014BKVO,1,DFD,dfd_11,train
vid_005071_id1_id23_0004,1,CelebDF,celeb_id59,train
vid_000759_25_02__outside_talking_pan_laughing__Z7FQ69VP,1,DFD,dfd_11,train
vid_007890_id56_id53_0002,1,CelebDF,celeb_id49,val
vid_006400_id21_id1_0001,1,CelebDF,celeb_id59,train
vid_004956_id49_id58_0008,1,CelebDF,celeb_id49,val
vid_009845_id21_id35_0008,1,CelebDF,celeb_id59,train
vid_008632_id42_id44_0002,1,CelebDF,celeb_id39,test
vid_004355_id21_id20_0005,1,CelebDF,celeb_id59,train
vid_001979_10_23__outside_talking_still_laughing__CU6SNBFZ,1,DFD,dfd_10,val
vid_005698_id57_id52_0007,1,CelebDF,celeb_id49,val
vid_009938_id48_id41_0007,1,CelebDF,celeb_id39,test
vid_001609_21_20__hugging_happy__ZCB5OMEW,1,DFD,dfd_11,train
vid_003985_id11_0010,0,CelebDF,celeb_id59,train
vid_003879_id8_0001,0,CelebDF,celeb_id59,train
vid_005041_id21_id20_0006,1,CelebDF,celeb_id59,train
vid_000710_27_03__outside_talking_still_laughing__IL675GCI,1,DFD,dfd_11,train
vid_002231_17_08__talking_against_wall__ISS1V0B1,1,DFD,dfd_05,test
vid_002494_11_07__talking_angry_couch__PGC20QSY,1,DFD,dfd_11,train
vid_003085_04__outside_talking_pan_laughing,0,DFD,dfd_11,train
vid_007185_id56_id49_0003,1,CelebDF,celeb_id49,val
vid_000739_14_20__outside_talking_pan_laughing__R7SPX6OK,1,DFD,dfd_11,train
vid_008866_id57_id53_0003,1,CelebDF,celeb_id49,val
vid_001357_25_20__outside_talking_pan_laughing__M86GQTHK,1,DFD,dfd_11,train
vid_000145_10_22__kitchen_still__J2HR5HKH,1,DFD,dfd_10,val
vid_009464_id16_id2_0006,1,CelebDF,celeb_id59,train
vid_002795_09_18__walk_down_hall_angry__3VP8836C,1,DFD,dfd_11,train
vid_009925_id45_id46_0005,1,CelebDF,celeb_id39,test
vid_007052_id22_id26_0002,1,CelebDF,celeb_id59,train
vid_002219_26_27__outside_talking_still_laughing__IE9N0ZI9,1,DFD,dfd_11,train
vid_002766_26_18__outside_talking_still_laughing__AI94QW74,1,DFD,dfd_11,train
vid_003594_00015,0,CelebDF,yt_00015,train
vid_007487_id44_id48_0005,1,CelebDF,celeb_id39,test
vid_001570_23_10__exit_phone_room__W4BDINQ5,1,DFD,dfd_10,val
vid_007472_id0_id3_0006,1,CelebDF,celeb_id59,train
vid_004665_id16_id35_0011,1,CelebDF,celeb_id59,train
vid_003828_id24_0000,0,CelebDF,celeb_id59,train
vid_001249_27_01__podium_speech_happy__S2YCUY48,1,DFD,dfd_11,train
vid_001779_18_06__podium_speech_happy__M36D0OJT,1,DFD,dfd_11,train
vid_008892_id21_id38_0007,1,CelebDF,celeb_id59,train
vid_005657_id2_id21_0005,1,CelebDF,celeb_id59,train
vid_005369_id58_id57_0007,1,CelebDF,celeb_id49,val
vid_009729_id33_id32_0008,1,CelebDF,celeb_id59,train
vid_009386_id24_id25_0003,1,CelebDF,celeb_id59,train
vid_006105_id20_id1_0002,1,CelebDF,celeb_id59,train
vid_005438_id26_id21_0004,1,CelebDF,celeb_id59,train
vid_002497_02_13__podium_speech_happy__2YSYT2N3,1,DFD,dfd_11,train
vid_009146_id37_id21_0005,1,CelebDF,celeb_id59,train
vid_005767_id10_id13_0001,1,CelebDF,celeb_id59,train
vid_007864_id21_id24_0009,1,CelebDF,celeb_id59,train
vid_001776_08_16__exit_phone_room__8Q7JCS95,1,DFD,dfd_05,test
vid_001278_07_11__talking_angry_couch__PGC20QSY,1,DFD,dfd_11,train
vid_001750_26_12__kitchen_pan__OVOQACG8,1,DFD,dfd_11,train
vid_009217_id16_id0_0007,1,CelebDF,celeb_id59,train
vid_004560_id1_id37_0007,1,CelebDF,celeb_id59,train
vid_007156_id28_id35_0000,1,CelebDF,celeb_id59,train
vid_009705_id47_id44_0004,1,CelebDF,celeb_id39,test
vid_003707_00234,0,CelebDF,yt_00234,train
vid_007341_id49_id56_0006,1,CelebDF,celeb_id49,val
vid_001547_12_13__outside_talking_still_laughing__2TM4IFSF,1,DFD,dfd_11,train
vid_006975_id38_id33_0002,1,CelebDF,celeb_id59,train
vid_001989_09_13__podium_speech_happy__30N46VHZ,1,DFD,dfd_11,train
vid_003887_id39_0009,0,CelebDF,celeb_id39,test
vid_001221_25_20__outside_talking_still_laughing__MUS0X71T,1,DFD,dfd_11,train
vid_001551_16_05__kitchen_still__053HPS1G,1,DFD,dfd_05,test
vid_006912_id16_id0_0003,1,CelebDF,celeb_id59,train
vid_003018_08_05__exit_phone_room__UNN7ZGKO,1,DFD,dfd_05,test
vid_008459_id54_id49_0005,1,CelebDF,celeb_id49,val
vid_005443_id28_id37_0003,1,CelebDF,celeb_id59,train
vid_008899_id28_id21_0006,1,CelebDF,celeb_id59,train
vid_009630_id3_id6_0007,1,CelebDF,celeb_id59,train
vid_005091_id26_id29_0009,1,CelebDF,celeb_id59,train
vid_008037_id0_id21_0000,1,CelebDF,celeb_id59,train
vid_006617_id4_id23_0004,1,CelebDF,celeb_id59,train
vid_002276_12_25__walking_outside_cafe_disgusted__0SA36BZ5,1,DFD,dfd_11,train
vid_001297_20_25__talking_against_wall__NPM0ENKD,1,DFD,dfd_11,train
vid_005884_id16_id0_0000,1,CelebDF,celeb_id59,train
vid_002850_16_28__walking_outside_cafe_disgusted__R1QD0XDQ,1,DFD,dfd_05,test
vid_003063_10_23__walk_down_hall_angry__ZHJO34DY,1,DFD,dfd_10,val
vid_002656_01_20__kitchen_still__FW94AIMJ,1,DFD,dfd_11,train
vid_001472_19_23__secret_conversation__H4SUVFTL,1,DFD,dfd_10,val
vid_001335_20_26__outside_talking_pan_laughing__1UEDQ3GY,1,DFD,dfd_11,train
vid_007418_id24_id21_0008,1,CelebDF,celeb_id59,train
vid_003706_00245,0,CelebDF,yt_00245,train
vid_009833_id35_id38_0008,1,CelebDF,celeb_id59,train
vid_004598_id54_id49_0000,1,CelebDF,celeb_id49,val
vid_009451_id39_id40_0003,1,CelebDF,celeb_id39,test
vid_001907_03_01__kitchen_pan__JZUXXFRB,1,DFD,dfd_11,train
vid_005227_id49_id52_0008,1,CelebDF,celeb_id49,val
vid_003448_00218,0,CelebDF,yt_00218,train
vid_004606_id0_id16_0001,1,CelebDF,celeb_id59,train
vid_001489_16_05__walk_down_hall_angry__O56DDU3S,1,DFD,dfd_05,test
vid_007398_id28_id4_0003,1,CelebDF,celeb_id59,train
vid_000619_03_13__talking_angry_couch__GBYWJW06,1,DFD,dfd_11,train
vid_009322_id20_id4_0007,1,CelebDF,celeb_id59,train
vid_008837_id45_id40_0003,1,CelebDF,celeb_id39,test
vid_008153_id16_id35_0010,1,CelebDF,celeb_id59,train
vid_001274_27_06__walking_and_outside_surprised__O7L5Z9U8,1,DFD,dfd_11,train
vid_005392_id31_id37_0006,1,CelebDF,celeb_id59,train
vid_005114_id0_id3_0003,1,CelebDF,celeb_id59,train
vid_001393_20_26__outside_talking_pan_laughing__KGFLR0PH,1,DFD,dfd_11,train
vid_009399_id19_id21_0000,1,CelebDF,celeb_id59,train
vid_000049_08_16__kitchen_pan__8Q7JCS95,1,DFD,dfd_05,test
vid_003212_03__secret_conversation,0,DFD,dfd_11,train
vid_000177_15_02__podium_speech_happy__XNJIS4S3,1,DFD,dfd_11,train
vid_006966_id37_id30_0003,1,CelebDF,celeb_id59,train
vid_007778_id21_id16_0002,1,CelebDF,celeb_id59,train
vid_000845_25_20__walking_outside_cafe_disgusted__AMY6M1KL,1,DFD,dfd_11,train
vid_000095_03_06__podium_speech_happy__KIWCEATU,1,DFD,dfd_11,train
vid_001074_12_02__walking_and_outside_surprised__9D2ZHEKW,1,DFD,dfd_11,train
vid_002171_14_27__exit_phone_room__0KSONKQ2,1,DFD,dfd_11,train
vid_007850_id2_id37_0009,1,CelebDF,celeb_id59,train
vid_009682_id40_id45_0001,1,CelebDF,celeb_id39,test
vid_005164_id55_id53_0001,1,CelebDF,celeb_id49,val
vid_006952_id16_id26_0010,1,CelebDF,celeb_id59,train
vid_001982_06_15__podium_speech_happy__QRCD27P8,1,DFD,dfd_11,train
vid_006798_id16_id0_0009,1,CelebDF,celeb_id59,train
vid_000225_03_15__exit_phone_room__GZNLO4X9,1,DFD,dfd_11,train
vid_003257_15__outside_talking_still_laughing,0,DFD,dfd_11,train
vid_004362_id23_id0_0001,1,CelebDF,celeb_id59,train
vid_004415_id31_id21_0003,1,CelebDF,celeb_id59,train
vid_003290_25__podium_speech_happy,0,DFD,dfd_11,train
vid_002374_01_04__walk_down_hall_angry__0XUW13RW,1,DFD,dfd_11,train
vid_001880_26_13__outside_talking_pan_laughing__WK3NZ3UV,1,DFD,dfd_11,train
vid_004430_id28_id34_0005,1,CelebDF,celeb_id59,train
vid_003556_00131,0,CelebDF,yt_00131,train
vid_001130_09_21__walking_down_street_outside_angry__JEELOMN2,1,DFD,dfd_11,train
vid_009801_id38_id35_0003,1,CelebDF,celeb_id59,train
vid_001004_01_15__walking_down_street_outside_angry__02HILKYO,1,DFD,dfd_11,train
vid_003768_id19_0006,0,CelebDF,celeb_id59,train
vid_004327_id53_id51_0007,1,CelebDF,celeb_id49,val
vid_005228_id6_id30_0007,1,CelebDF,celeb_id59,train
vid_007332_id34_id28_0008,1,CelebDF,celeb_id59,train
vid_006621_id26_id32_0006,1,CelebDF,celeb_id59,train
vid_003958_id6_0005,0,CelebDF,celeb_id59,train
vid_003663_00244,0,CelebDF,yt_00244,train
vid_000417_02_13__walking_down_street_outside_angry__2YSYT2N3,1,DFD,dfd_11,train
vid_007197_id48_id45_0000,1,CelebDF,celeb_id39,test
vid_009024_id4_id3_0001,1,CelebDF,celeb_id59,train
vid_005583_id39_id40_0001,1,CelebDF,celeb_id39,test
vid_008124_id49_id54_0004,1,CelebDF,celeb_id49,val
vid_006933_id16_id37_0013,1,CelebDF,celeb_id59,train
vid_007190_id32_id23_0006,1,CelebDF,celeb_id59,train
vid_009799_id28_id1_0008,1,CelebDF,celeb_id59,train
vid_008083_id10_id13_0003,1,CelebDF,celeb_id59,train
vid_000704_17_16__walk_down_hall_angry__P141P1QH,1,DFD,dfd_05,test
vid_009435_id17_id1_0005,1,CelebDF,celeb_id59,train
vid_004241_id31_0008,0,CelebDF,celeb_id59,train
vid_009786_id23_id35_0009,1,CelebDF,celeb_id59,train
vid_001888_03_18__exit_phone_room__N72YE748,1,DFD,dfd_11,train
vid_007162_id6_id2_0006,1,CelebDF,celeb_id59,train
vid_003152_01__outside_talking_still_laughing,0,DFD,dfd_11,train
vid_002835_22_10__kitchen_still__J2HR5HKH,1,DFD,dfd_10,val
vid_004025_id30_0000,0,CelebDF,celeb_id59,train
vid_001604_20_13__walk_down_hall_angry__NJEO6L5O,1,DFD,dfd_11,train
vid_008371_id21_id37_0006,1,CelebDF,celeb_id59,train
vid_003000_01_20__secret_conversation__6UBMLXK3,1,DFD,dfd_11,train
vid_003582_00027,0,CelebDF,yt_00027,train
vid_009144_id28_id17_0007,1,CelebDF,celeb_id59,train
vid_003622_00077,0,CelebDF,yt_00077,train
vid_003746_id39_0007,0,CelebDF,celeb_id39,test
vid_009580_id27_id21_0004,1,CelebDF,celeb_id59,train
vid_001944_25_02__talking_against_wall__Z7FQ69VP,1,DFD,dfd_11,train
vid_000392_06_18__kitchen_pan__LH0KWJKM,1,DFD,dfd_11,train
vid_000063_14_20__podium_speech_happy__R7SPX6OK,1,DFD,dfd_11,train
vid_009504_id52_id57_0009,1,CelebDF,celeb_id49,val
vid_006449_id40_id46_0008,1,CelebDF,celeb_id39,test
vid_005803_id60_id59_0003,1,CelebDF,celeb_id59,train
vid_002976_18_26__talking_against_wall__AI94QW74,1,DFD,dfd_11,train
vid_001499_12_26__podium_speech_happy__BFBNM8FR,1,DFD,dfd_11,train
vid_002087_14_03__exit_phone_room__7JPPCV50,1,DFD,dfd_11,train
vid_001360_06_14__walking_down_indoor_hall_disgust__8U9ULZDT,1,DFD,dfd_11,train
vid_004143_id55_0005,0,CelebDF,celeb_id49,val
vid_008320_id31_id35_0009,1,CelebDF,celeb_id59,train
vid_001590_03_06__meeting_serious__83ABVHC3,1,DFD,dfd_11,train
vid_008946_id9_id16_0004,1,CelebDF,celeb_id59,train
vid_003740_id56_0005,0,CelebDF,celeb_id49,val
vid_004678_id45_id46_0000,1,CelebDF,celeb_id39,test
vid_007584_id30_id28_0008,1,CelebDF,celeb_id59,train
vid_009009_id17_id2_0007,1,CelebDF,celeb_id59,train
vid_005771_id38_id32_0001,1,CelebDF,celeb_id59,train
vid_005502_id9_id26_0000,1,CelebDF,celeb_id59,train
vid_007961_id1_id35_0004,1,CelebDF,celeb_id59,train
vid_009158_id0_id17_0007,1,CelebDF,celeb_id59,train
vid_008279_id30_id26_0008,1,CelebDF,celeb_id59,train
vid_000230_11_18__kitchen_still__TRJUIS24,1,DFD,dfd_11,train
vid_005685_id61_id5_0006,1,CelebDF,celeb_id59,train
vid_006179_id0_id17_0002,1,CelebDF,celeb_id59,train
vid_003673_00012,0,CelebDF,yt_00012,train
vid_004981_id58_id54_0003,1,CelebDF,celeb_id49,val
vid_002135_21_06__walking_outside_cafe_disgusted__058I9NIZ,1,DFD,dfd_11,train
vid_001926_10_22__kitchen_still__8YQ2EUQP,1,DFD,dfd_10,val
vid_001647_02_25__hugging_happy__Z7FQ69VP,1,DFD,dfd_11,train
vid_008447_id33_id29_0003,1,CelebDF,celeb_id59,train
vid_007280_id4_id30_0001,1,CelebDF,celeb_id59,train
vid_003366_10__outside_talking_still_laughing,0,DFD,dfd_10,val
vid_003957_id51_0008,0,CelebDF,celeb_id49,val
vid_005361_id4_id6_0005,1,CelebDF,celeb_id59,train
vid_000852_27_03__hugging_happy__72BPN7A1,1,DFD,dfd_11,train
vid_008251_id49_id55_0001,1,CelebDF,celeb_id49,val
vid_006743_id31_id20_0006,1,CelebDF,celeb_id59,train
vid_003989_id55_0009,0,CelebDF,celeb_id49,val
vid_000020_27_26__kitchen_pan__IE9N0ZI9,1,DFD,dfd_11,train
vid_002433_27_06__talking_against_wall__S3T7SK9O,1,DFD,dfd_11,train
vid_007362_id27_id28_0001,1,CelebDF,celeb_id59,train
vid_004923_id34_id31_0001,1,CelebDF,celeb_id59,train
vid_007490_id56_id53_0000,1,CelebDF,celeb_id49,val
vid_002335_15_14__walking_outside_cafe_disgusted__RNHLLKSQ,1,DFD,dfd_11,train
vid_009897_id26_id37_0001,1,CelebDF,celeb_id59,train
vid_002740_14_15__walking_and_outside_surprised__OMLZILK3,1,DFD,dfd_11,train
vid_006224_id34_id21_0008,1,CelebDF,celeb_id59,train
vid_008523_id28_id32_0009,1,CelebDF,celeb_id59,train
vid_006178_id37_id21_0009,1,CelebDF,celeb_id59,train
vid_009874_id38_id35_0006,1,CelebDF,celeb_id59,train
vid_007973_id28_id24_0005,1,CelebDF,celeb_id59,train
vid_008804_id28_id17_0006,1,CelebDF,celeb_id59,train
vid_001899_03_14__meeting_serious__L0GHYIFS,1,DFD,dfd_11,train
vid_000434_06_02__walking_down_street_outside_angry__37DH75GQ,1,DFD,dfd_11,train
vid_006322_id27_id28_0000,1,CelebDF,celeb_id59,train
vid_006973_id24_id26_0009,1,CelebDF,celeb_id59,train
vid_000717_23_24__secret_conversation__MDSDXSNU,1,DFD,dfd_10,val
vid_001267_16_28__kitchen_still__NAZP864W,1,DFD,dfd_05,test
vid_002021_02_15__outside_talking_pan_laughing__TN2CWM3K,1,DFD,dfd_11,train
vid_001238_15_12__kitchen_pan__N0SRODQD,1,DFD,dfd_11,train
vid_001440_07_02__exit_phone_room__1JCLEEBQ,1,DFD,dfd_11,train
vid_000595_03_15__exit_phone_room__5C1OMK8W,1,DFD,dfd_11,train
vid_007128_id21_id3_0005,1,CelebDF,celeb_id59,train
vid_003403_13__walk_down_hall_angry,0,DFD,dfd_11,train
vid_006164_id54_id58_0008,1,CelebDF,celeb_id49,val
vid_009058_id20_id16_0003,1,CelebDF,celeb_id59,train
vid_008155_id30_id9_0008,1,CelebDF,celeb_id59,train
vid_005193_id55_id50_0001,1,CelebDF,celeb_id49,val
vid_007839_id3_id31_0002,1,CelebDF,celeb_id59,train
vid_003339_14__kitchen_still,0,DFD,dfd_11,train
vid_005949_id16_id28_0001,1,CelebDF,celeb_id59,train
vid_008269_id30_id29_0007,1,CelebDF,celeb_id59,train
vid_002691_14_03__secret_conversation__L0GHYIFS,1,DFD,dfd_11,train
vid_008162_id20_id6_0005,1,CelebDF,celeb_id59,train
vid_007319_id50_id54_0000,1,CelebDF,celeb_id49,val
vid_008110_id54_id51_0002,1,CelebDF,celeb_id49,val
vid_001358_20_06__hugging_happy__6SUW7063,1,DFD,dfd_11,train
vid_006335_id33_id35_0006,1,CelebDF,celeb_id59,train
vid_004470_id35_id32_0003,1,CelebDF,celeb_id59,train
vid_002708_12_07__outside_talking_pan_laughing__KAG65PEE,1,DFD,dfd_11,train
vid_001889_07_03__walk_down_hall_angry__W3MXGEU9,1,DFD,dfd_11,train
vid_005085_id38_id23_0000,1,CelebDF,celeb_id59,train
vid_009862_id19_id23_0006,1,CelebDF,celeb_id59,train
vid_007977_id4_id9_0003,1,CelebDF,celeb_id59,train
vid_003790_id35_0000,0,CelebDF,celeb_id59,train
vid_006250_id34_id38_0001,1,CelebDF,celeb_id59,train
vid_006560_id37_id31_0000,1,CelebDF,celeb_id59,train
vid_006887_id29_id28_0000,1,CelebDF,celeb_id59,train
vid_005729_id37_id23_0005,1,CelebDF,celeb_id59,train
vid_004206_id55_0004,0,CelebDF,celeb_id49,val
vid_001474_14_18__hugging_happy__0YRBHIKG,1,DFD,dfd_11,train
vid_004165_id23_0002,0,CelebDF,celeb_id59,train
vid_007039_id52_id55_0001,1,CelebDF,celeb_id49,val
vid_002955_01_21__secret_conversation__03X7CELV,1,DFD,dfd_11,train
vid_008817_id56_id57_0002,1,CelebDF,celeb_id49,val
vid_007309_id17_id28_0000,1,CelebDF,celeb_id59,train
vid_009827_id16_id28_0003,1,CelebDF,celeb_id59,train
vid_003636_00013,0,CelebDF,yt_00013,train
vid_008895_id6_id17_0009,1,CelebDF,celeb_id59,train
vid_009711_id38_id32_0008,1,CelebDF,celeb_id59,train
vid_000472_22_24__walking_and_outside_surprised__7E3GY85F,1,DFD,dfd_10,val
vid_001046_14_09__walking_down_street_outside_angry__6TEK3ZX0,1,DFD,dfd_11,train
vid_004675_id35_id16_0006,1,CelebDF,celeb_id59,train
vid_007250_id21_id27_0006,1,CelebDF,celeb_id59,train
vid_006261_id31_id26_0001,1,CelebDF,celeb_id59,train
vid_007522_id1_id28_0004,1,CelebDF,celeb_id59,train
vid_002396_26_18__walk_down_hall_angry__AI94QW74,1,DFD,dfd_11,train
vid_005718_id16_id31_0012,1,CelebDF,celeb_id59,train
vid_000567_28_05__walking_outside_cafe_disgusted__U9LRLJ6N,1,DFD,dfd_05,test
vid_007887_id52_id57_0005,1,CelebDF,celeb_id49,val
vid_005192_id37_id32_0007,1,CelebDF,celeb_id59,train
vid_005167_id6_id16_0007,1,CelebDF,celeb_id59,train
vid_009224_id34_id33_0001,1,CelebDF,celeb_id59,train
vid_009649_id21_id17_0007,1,CelebDF,celeb_id59,train
vid_003284_24__talking_against_wall,0,DFD,dfd_10,val
vid_007604_id39_id45_0003,1,CelebDF,celeb_id39,test
vid_005405_id51_id50_0007,1,CelebDF,celeb_id49,val
vid_001246_25_18__talking_against_wall__SEGFKFJG,1,DFD,dfd_11,train
vid_008667_id46_id48_0008,1,CelebDF,celeb_id39,test
vid_000066_01_20__talking_angry_couch__6UBMLXK3,1,DFD,dfd_11,train
vid_007158_id22_id21_0005,1,CelebDF,celeb_id59,train
vid_001919_04_01__podium_speech_happy__0XUW13RW,1,DFD,dfd_11,train
vid_006646_id44_id42_0001,1,CelebDF,celeb_id39,test
vid_000126_07_15__walking_down_street_outside_angry__NYPO7U50,1,DFD,dfd_11,train
vid_006095_id31_id37_0008,1,CelebDF,celeb_id59,train
vid_002329_03_07__podium_speech_happy__6PHZRQ4H,1,DFD,dfd_11,train
vid_002937_03_20__secret_conversation__61SVZ2J7,1,DFD,dfd_11,train
vid_007671_id48_id43_0008,1,CelebDF,celeb_id39,test
vid_002427_20_13__hugging_happy__4RU7I77X,1,DFD,dfd_11,train
vid_003755_id13_0007,0,CelebDF,celeb_id59,train
vid_002966_20_25__exit_phone_room__RSCD7KXO,1,DFD,dfd_11,train
vid_004112_id28_0000,0,CelebDF,celeb_id59,train
vid_006679_id43_id47_0002,1,CelebDF,celeb_id39,test
vid_008390_id4_id31_0005,1,CelebDF,celeb_id59,train
vid_009138_id10_id12_0005,1,CelebDF,celeb_id59,train
vid_009479_id24_id21_0005,1,CelebDF,celeb_id59,train
vid_008069_id2_id30_0007,1,CelebDF,celeb_id59,train
vid_002292_18_27__walk_down_hall_angry__NYHE8D0J,1,DFD,dfd_11,train
vid_009656_id22_id26_0006,1,CelebDF,celeb_id59,train
vid_004656_id1_id31_0009,1,CelebDF,celeb_id59,train
vid_008103_id35_id30_0004,1,CelebDF,celeb_id59,train
vid_009510_id29_id23_0003,1,CelebDF,celeb_id59,train
vid_004000_id58_0000,0,CelebDF,celeb_id49,val
vid_007833_id17_id16_0003,1,CelebDF,celeb_id59,train
vid_001175_21_15__talking_against_wall__JDPD580N,1,DFD,dfd_11,train
vid_002032_02_09__outside_talking_pan_laughing__6KUOFMZW,1,DFD,dfd_11,train
vid_001980_12_25__walking_and_outside_surprised__FQE07ND1,1,DFD,dfd_11,train
vid_009669_id21_id0_0008,1,CelebDF,celeb_id59,train
vid_005834_id2_id28_0001,1,CelebDF,celeb_id59,train
vid_000932_21_25__hugging_happy__NFBISHIN,1,DFD,dfd_11,train
vid_005043_id31_id33_0007,1,CelebDF,celeb_id59,train
vid_007653_id19_id21_0006,1,CelebDF,celeb_id59,train
vid_008599_id20_id9_0008,1,CelebDF,celeb_id59,train
vid_001103_03_07__secret_conversation__IFSURI9X,1,DFD,dfd_11,train
vid_002742_03_06__walk_down_hall_angry__1IXGY2FK,1,DFD,dfd_11,train
vid_006317_id21_id24_0007,1,CelebDF,celeb_id59,train
vid_002149_03_09__hugging_happy__RCETIXYL,1,DFD,dfd_11,train
vid_004756_id37_id30_0008,1,CelebDF,celeb_id59,train
vid_005814_id31_id1_0002,1,CelebDF,celeb_id59,train
vid_009182_id16_id9_0010,1,CelebDF,celeb_id59,train
vid_001205_27_25__hugging_happy__GNIMW95Z,1,DFD,dfd_11,train
vid_006469_id31_id1_0000,1,CelebDF,celeb_id59,train
vid_001826_13_12__walk_down_hall_angry__N8IGC93J,1,DFD,dfd_11,train
vid_006656_id60_id61_0003,1,CelebDF,celeb_id59,train
vid_001581_13_04__podium_speech_happy__00T3UYOR,1,DFD,dfd_11,train
vid_008353_id16_id17_0010,1,CelebDF,celeb_id59,train
vid_004954_id26_id37_0009,1,CelebDF,celeb_id59,train
vid_008087_id21_id25_0002,1,CelebDF,celeb_id59,train
vid_008889_id9_id1_0009,1,CelebDF,celeb_id59,train
vid_006689_id2_id4_0000,1,CelebDF,celeb_id59,train
vid_002817_02_13__outside_talking_pan_laughing__0RKOCC6A,1,DFD,dfd_11,train
vid_009626_id55_id51_0006,1,CelebDF,celeb_id49,val
vid_004522_id26_id31_0002,1,CelebDF,celeb_id59,train
vid_003014_05_28__kitchen_still__W3J028UG,1,DFD,dfd_05,test
vid_001156_15_03__podium_speech_happy__OY4I7ZU8,1,DFD,dfd_11,train
vid_003827_id43_0002,0,CelebDF,celeb_id39,test
vid_005146_id35_id2_0000,1,CelebDF,celeb_id59,train
vid_002676_23_19__walking_outside_cafe_disgusted__F7U8UY7V,1,DFD,dfd_10,val
vid_005632_id0_id9_0007,1,CelebDF,celeb_id59,train
vid_000561_02_09__walking_down_street_outside_angry__HIH8YA82,1,DFD,dfd_11,train
vid_004995_id20_id9_0004,1,CelebDF,celeb_id59,train
vid_004352_id21_id34_0007,1,CelebDF,celeb_id59,train
vid_008205_id28_id4_0002,1,CelebDF,celeb_id59,train
vid_002372_11_21__secret_conversation__1EAA3MPV,1,DFD,dfd_11,train
vid_004750_id31_id6_0002,1,CelebDF,celeb_id59,train
vid_005711_id41_id40_0000,1,CelebDF,celeb_id39,test
vid_009748_id37_id17_0007,1,CelebDF,celeb_id59,train
vid_008309_id53_id57_0004,1,CelebDF,celeb_id49,val
vid_008834_id41_id48_0007,1,CelebDF,celeb_id39,test
vid_001228_18_25__talking_against_wall__SEGFKFJG,1,DFD,dfd_11,train
vid_005964_id26_id28_0001,1,CelebDF,celeb_id59,train
vid_007608_id41_id47_0004,1,CelebDF,celeb_id39,test
vid_009061_id59_id5_0007,1,CelebDF,celeb_id59,train
vid_009758_id21_id23_0007,1,CelebDF,celeb_id59,train
vid_009800_id17_id30_0007,1,CelebDF,celeb_id59,train
vid_002829_19_23__secret_conversation__D1K19NUP,1,DFD,dfd_10,val
vid_001272_02_07__meeting_serious__O4SXNLRL,1,DFD,dfd_11,train
vid_002071_15_02__walking_outside_cafe_disgusted__HTG660F8,1,DFD,dfd_11,train
vid_005797_id39_id44_0006,1,CelebDF,celeb_id39,test
vid_008425_id50_id54_0005,1,CelebDF,celeb_id49,val
vid_000322_15_13__hugging_happy__X0EIIJF7,1,DFD,dfd_11,train
vid_008859_id27_id23_0009,1,CelebDF,celeb_id59,train
vid_001096_26_03__outside_talking_pan_laughing__WBSXBL82,1,DFD,dfd_11,train
vid_001527_03_02__secret_conversation__QH3Y0IG0,1,DFD,dfd_11,train
vid_002935_03_13__exit_phone_room__GBYWJW06,1,DFD,dfd_11,train
vid_003124_21__hugging_happy,0,DFD,dfd_11,train
vid_003578_00110,0,CelebDF,yt_00110,train
vid_001815_18_03__podium_speech_happy__22UBC0BS,1,DFD,dfd_11,train
vid_004211_id35_0001,0,CelebDF,celeb_id59,train
vid_007059_id51_id49_0006,1,CelebDF,celeb_id49,val
vid_005750_id16_id31_0000,1,CelebDF,celeb_id59,train
vid_001060_28_16__secret_conversation__X5FNCYON,1,DFD,dfd_05,test
vid_004369_id38_id31_0002,1,CelebDF,celeb_id59,train
vid_008452_id17_id9_0001,1,CelebDF,celeb_id59,train
vid_004183_id51_0007,0,CelebDF,celeb_id49,val
vid_006720_id52_id49_0001,1,CelebDF,celeb_id49,val
vid_001660_09_20__outside_talking_still_laughing__MKEWB4SM,1,DFD,dfd_11,train
vid_000107_03_18__secret_conversation__32DBR8L4,1,DFD,dfd_11,train
vid_001876_02_07__podium_speech_happy__1KPVZAAP,1,DFD,dfd_11,train
vid_008891_id49_id58_0001,1,CelebDF,celeb_id49,val
vid_004612_id35_id29_0003,1,CelebDF,celeb_id59,train
vid_003915_id45_0002,0,CelebDF,celeb_id39,test
vid_000404_07_03__exit_phone_room__WPT3Z2KN,1,DFD,dfd_11,train
vid_000698_02_25__exit_phone_room__Z7FQ69VP,1,DFD,dfd_11,train
vid_002606_02_09__outside_talking_still_laughing__9TDCEK1Q,1,DFD,dfd_11,train
vid_002644_03_07__talking_against_wall__F0YYEA5W,1,DFD,dfd_11,train
vid_009415_id31_id37_0002,1,CelebDF,celeb_id59,train
vid_001748_14_20__walking_down_street_outside_angry__3HWOJRAM,1,DFD,dfd_11,train
vid_007331_id33_id20_0001,1,CelebDF,celeb_id59,train
vid_003734_id52_0003,0,CelebDF,celeb_id49,val
vid_000478_22_23__walk_down_hall_angry__J671JKCH,1,DFD,dfd_10,val
vid_003567_00193,0,CelebDF,yt_00193,train
vid_003956_id5_0006,0,CelebDF,celeb_id59,train
vid_006377_id19_id27_0002,1,CelebDF,celeb_id59,train
vid_005025_id28_id29_0001,1,CelebDF,celeb_id59,train
vid_001893_28_16__secret_conversation__R1QD0XDQ,1,DFD,dfd_05,test
vid_002104_15_03__kitchen_still__OY4I7ZU8,1,DFD,dfd_11,train
vid_002286_06_03__kitchen_still__1IXGY2FK,1,DFD,dfd_11,train
vid_006001_id28_id4_0009,1,CelebDF,celeb_id59,train
vid_001641_11_07__podium_speech_happy__PGC20QSY,1,DFD,dfd_11,train
vid_000118_14_02__exit_phone_room__3IUBEKCT,1,DFD,dfd_11,train
vid_005653_id17_id21_0004,1,CelebDF,celeb_id59,train
vid_007613_id21_id9_0007,1,CelebDF,celeb_id59,train
vid_007959_id28_id0_0008,1,CelebDF,celeb_id59,train
vid_008945_id28_id0_0002,1,CelebDF,celeb_id59,train
vid_005622_id46_id48_0002,1,CelebDF,celeb_id39,test
vid_002088_20_06__kitchen_pan__6SUW7063,1,DFD,dfd_11,train
vid_009848_id28_id19_0009,1,CelebDF,celeb_id59,train
vid_001314_22_10__walking_down_indoor_hall_disgust__8YQ2EUQP,1,DFD,dfd_10,val
vid_000285_02_13__hugging_happy__PLNVLO74,1,DFD,dfd_11,train
vid_008497_id1_id37_0005,1,CelebDF,celeb_id59,train
vid_001319_14_18__hugging_happy__MAEROFMR,1,DFD,dfd_11,train
vid_004932_id21_id29_0001,1,CelebDF,celeb_id59,train
vid_005612_id9_id23_0004,1,CelebDF,celeb_id59,train
vid_003489_00045,0,CelebDF,yt_00045,train
vid_003060_27_26__talking_against_wall__IE9N0ZI9,1,DFD,dfd_11,train
vid_004389_id30_id9_0002,1,CelebDF,celeb_id59,train
vid_008507_id38_id31_0006,1,CelebDF,celeb_id59,train
vid_000955_15_13__walk_down_hall_angry__X0EIIJF7,1,DFD,dfd_11,train
vid_008132_id16_id20_0012,1,CelebDF,celeb_id59,train
vid_008378_id31_id16_0001,1,CelebDF,celeb_id59,train
vid_000810_15_03__outside_talking_pan_laughing__GZNLO4X9,1,DFD,dfd_11,train
vid_002387_27_25__talking_angry_couch__1KU29EUL,1,DFD,dfd_11,train
vid_004662_id37_id2_0005,1,CelebDF,celeb_id59,train
vid_002685_16_08__kitchen_pan__8Q7JCS95,1,DFD,dfd_05,test
vid_002148_11_01__walking_down_street_outside_angry__9OM3VE0Y,1,DFD,dfd_11,train
vid_001421_25_02__outside_talking_still_laughing__Z7FQ69VP,1,DFD,dfd_11,train
vid_006021_id0_id20_0002,1,CelebDF,celeb_id59,train
vid_005580_id17_id0_0006,1,CelebDF,celeb_id59,train
vid_008294_id46_id43_0003,1,CelebDF,celeb_id39,test
vid_008559_id33_id30_0004,1,CelebDF,celeb_id59,train
vid_005138_id16_id6_0006,1,CelebDF,celeb_id59,train
vid_004528_id28_id31_0008,1,CelebDF,celeb_id59,train
vid_001840_02_14__kitchen_pan__3IUBEKCT,1,DFD,dfd_11,train
vid_001224_24_19__walk_down_hall_angry__QD5K7BP2,1,DFD,dfd_10,val
vid_003181_07__exit_phone_room,0,DFD,dfd_11,train
vid_007523_id58_id53_0007,1,CelebDF,celeb_id49,val
vid_004240_id39_0005,0,CelebDF,celeb_id39,test
vid_004358_id1_id31_0005,1,CelebDF,celeb_id59,train
vid_008537_id45_id47_0006,1,CelebDF,celeb_id39,test
vid_003752_id19_0009,0,CelebDF,celeb_id59,train
vid_002344_25_20__outside_talking_pan_laughing__NPM0ENKD,1,DFD,dfd_11,train
vid_000247_25_09__walking_outside_cafe_disgusted__5041ODBN,1,DFD,dfd_11,train
vid_002004_15_02__kitchen_still__I8G2LWD1,1,DFD,dfd_11,train
vid_003961_id2_0007,0,CelebDF,celeb_id59,train
vid_009089_id37_id9_0005,1,CelebDF,celeb_id59,train
vid_000363_12_13__outside_talking_pan_laughing__2TM4IFSF,1,DFD,dfd_11,train
vid_009745_id40_id42_0002,1,CelebDF,celeb_id39,test
vid_005088_id24_id27_0003,1,CelebDF,celeb_id59,train
vid_005199_id24_id27_0008,1,CelebDF,celeb_id59,train
vid_006190_id35_id26_0003,1,CelebDF,celeb_id59,train
vid_007455_id17_id35_0005,1,CelebDF,celeb_id59,train
vid_008810_id17_id6_0001,1,CelebDF,celeb_id59,train
vid_004682_id26_id27_0000,1,CelebDF,celeb_id59,train
vid_009770_id29_id31_0009,1,CelebDF,celeb_id59,train
vid_000345_23_24__walking_and_outside_surprised__YR5OVD4S,1,DFD,dfd_10,val
vid_008120_id41_id44_0004,1,CelebDF,celeb_id39,test
vid_000498_02_15__walking_outside_cafe_disgusted__HTG660F8,1,DFD,dfd_11,train
vid_001995_16_17__podium_speech_happy__EWJJTZHY,1,DFD,dfd_05,test
vid_004998_id48_id46_0007,1,CelebDF,celeb_id39,test
vid_009811_id16_id35_0007,1,CelebDF,celeb_id59,train
vid_003584_00086,0,CelebDF,yt_00086,train
vid_005162_id29_id28_0004,1,CelebDF,celeb_id59,train
vid_005259_id0_id28_0007,1,CelebDF,celeb_id59,train
vid_001153_18_26__podium_speech_happy__C9VUQS9O,1,DFD,dfd_11,train
vid_009528_id54_id57_0007,1,CelebDF,celeb_id49,val
vid_005668_id5_id60_0003,1,CelebDF,celeb_id59,train
vid_007105_id56_id53_0008,1,CelebDF,celeb_id49,val
vid_005498_id16_id31_0010,1,CelebDF,celeb_id59,train
vid_003874_id26_0002,0,CelebDF,celeb_id59,train
vid_008178_id6_id0_0004,1,CelebDF,celeb_id59,train
vid_007003_id37_id6_0000,1,CelebDF,celeb_id59,train
vid_005122_id16_id21_0011,1,CelebDF,celeb_id59,train
vid_003364_17__walk_down_hall_angry,0,DFD,dfd_05,test
vid_006170_id30_id16_0000,1,CelebDF,celeb_id59,train
vid_008614_id20_id35_0006,1,CelebDF,celeb_id59,train
vid_005143_id50_id57_0007,1,CelebDF,celeb_id49,val
vid_001841_20_25__hugging_happy__RSCD7KXO,1,DFD,dfd_11,train
vid_006253_id46_id42_0000,1,CelebDF,celeb_id39,test
vid_000752_15_04__outside_talking_pan_laughing__7NW4Z6WZ,1,DFD,dfd_11,train
vid_006606_id16_id0_0011,1,CelebDF,celeb_id59,train
vid_002760_08_28__exit_phone_room__KXO8S7OP,1,DFD,dfd_05,test
vid_008045_id9_id20_0004,1,CelebDF,celeb_id59,train
vid_001714_25_26__walking_outside_cafe_disgusted__7ZRKCFMS,1,DFD,dfd_11,train
vid_000970_03_18__walking_outside_cafe_disgusted__22UBC0BS,1,DFD,dfd_11,train
vid_005854_id38_id23_0007,1,CelebDF,celeb_id59,train
vid_000667_14_18__kitchen_still__0YRBHIKG,1,DFD,dfd_11,train
vid_008276_id3_id26_0004,1,CelebDF,celeb_id59,train
vid_005719_id30_id21_0008,1,CelebDF,celeb_id59,train
vid_008589_id9_id0_0001,1,CelebDF,celeb_id59,train
vid_009118_id3_id23_0006,1,CelebDF,celeb_id59,train
vid_009905_id21_id30_0005,1,CelebDF,celeb_id59,train
vid_001477_16_08__exit_phone_room__8Q7JCS95,1,DFD,dfd_05,test
vid_008999_id37_id38_0009,1,CelebDF,celeb_id59,train
vid_008105_id48_id45_0001,1,CelebDF,celeb_id39,test
vid_002467_02_15__talking_against_wall__MZWH8ATN,1,DFD,dfd_11,train
vid_001511_02_27__walking_outside_cafe_disgusted__3L1MLH3D,1,DFD,dfd_11,train
vid_003680_00271,0,CelebDF,yt_00271,train
vid_003715_00136,0,CelebDF,yt_00136,train
vid_008766_id61_id5_0002,1,CelebDF,celeb_id59,train
vid_002905_20_14__walking_down_indoor_hall_disgust__R7SPX6OK,1,DFD,dfd_11,train
vid_007071_id3_id30_0003,1,CelebDF,celeb_id59,train
vid_003182_05__walk_down_hall_angry,0,DFD,dfd_05,test
vid_004203_id57_0002,0,CelebDF,celeb_id49,val
vid_002439_15_03__podium_speech_happy__Q14RO7M7,1,DFD,dfd_11,train
vid_008823_id32_id35_0009,1,CelebDF,celeb_id59,train
vid_008236_id38_id29_0005,1,CelebDF,celeb_id59,train
vid_007694_id21_id28_0001,1,CelebDF,celeb_id59,train
vid_000685_14_01__kitchen_pan__0S0NS5C6,1,DFD,dfd_11,train
vid_006064_id52_id58_0008,1,CelebDF,celeb_id49,val
vid_007596_id32_id38_0002,1,CelebDF,celeb_id59,train
vid_005286_id20_id19_0008,1,CelebDF,celeb_id59,train
vid_008689_id33_id32_0006,1,CelebDF,celeb_id59,train
vid_006990_id17_id2_0003,1,CelebDF,celeb_id59,train
vid_008670_id25_id19_0002,1,CelebDF,celeb_id59,train
vid_008363_id37_id29_0007,1,CelebDF,celeb_id59,train
vid_009308_id1_id17_0007,1,CelebDF,celeb_id59,train
vid_003196_02__kitchen_pan,0,DFD,dfd_11,train
vid_007709_id4_id2_0000,1,CelebDF,celeb_id59,train
vid_005243_id20_id32_0009,1,CelebDF,celeb_id59,train
vid_000115_02_13__kitchen_pan__CP5HFV3K,1,DFD,dfd_11,train
vid_007885_id16_id3_0000,1,CelebDF,celeb_id59,train
vid_004405_id28_id35_0002,1,CelebDF,celeb_id59,train
vid_000917_13_03__exit_phone_room__GBYWJW06,1,DFD,dfd_11,train
vid_002511_18_26__walk_down_hall_angry__AI94QW74,1,DFD,dfd_11,train
vid_003417_14__exit_phone_room,0,DFD,dfd_11,train
vid_008668_id56_id57_0008,1,CelebDF,celeb_id49,val
vid_008901_id48_id47_0008,1,CelebDF,celeb_id39,test
vid_009929_id45_id43_0001,1,CelebDF,celeb_id39,test
vid_008678_id31_id6_0000,1,CelebDF,celeb_id59,train
vid_003065_26_09__walk_down_hall_angry__QSE5A0GF,1,DFD,dfd_11,train
vid_006649_id24_id22_0008,1,CelebDF,celeb_id59,train
vid_004567_id45_id43_0002,1,CelebDF,celeb_id39,test
vid_003324_04__outside_talking_still_laughing,0,DFD,dfd_11,train
vid_001289_18_03__walking_outside_cafe_disgusted__UEC1BI8E,1,DFD,dfd_11,train
vid_003648_00144,0,CelebDF,yt_00144,train
vid_000671_23_22__kitchen_still__J8JK3NBV,1,DFD,dfd_10,val
vid_002069_27_07__podium_speech_happy__LEVU87KC,1,DFD,dfd_11,train
vid_005149_id21_id30_0009,1,CelebDF,celeb_id59,train
vid_007526_id28_id6_0003,1,CelebDF,celeb_id59,train
vid_002457_05_16__walking_down_street_outside_angry__OSXCUOHX,1,DFD,dfd_05,test
vid_004039_id45_0008,0,CelebDF,celeb_id39,test
vid_006536_id25_id21_0007,1,CelebDF,celeb_id59,train
vid_005351_id52_id55_0009,1,CelebDF,celeb_id49,val
vid_004390_id40_id41_0005,1,CelebDF,celeb_id39,test
vid_000573_01_15__walking_and_outside_surprised__02HILKYO,1,DFD,dfd_11,train
vid_004150_id45_0009,0,CelebDF,celeb_id39,test
vid_008441_id2_id16_0009,1,CelebDF,celeb_id59,train
vid_004412_id50_id55_0003,1,CelebDF,celeb_id49,val
vid_000758_03_11__podium_speech_happy__P08VGHTA,1,DFD,dfd_11,train
vid_000678_12_18__outside_talking_pan_laughing__IKH1LBBY,1,DFD,dfd_11,train
vid_009844_id57_id52_0002,1,CelebDF,celeb_id49,val
vid_008968_id23_id6_0005,1,CelebDF,celeb_id59,train
vid_002783_24_23__kitchen_pan__YR5OVD4S,1,DFD,dfd_10,val
vid_003435_00161,0,CelebDF,yt_00161,train
vid_001309_14_18__walking_and_outside_surprised__A5A1Q467,1,DFD,dfd_11,train
vid_002244_01_04__podium_speech_happy__6I623VU9,1,DFD,dfd_11,train
vid_006284_id9_id6_0008,1,CelebDF,celeb_id59,train
vid_002613_06_11__walking_and_outside_surprised__C8C4FW99,1,DFD,dfd_11,train
vid_005511_id57_id53_0000,1,CelebDF,celeb_id49,val
vid_000706_01_20__outside_talking_still_laughing__FW94AIMJ,1,DFD,dfd_11,train
vid_008228_id17_id9_0000,1,CelebDF,celeb_id59,train
vid_005890_id34_id28_0003,1,CelebDF,celeb_id59,train
vid_005332_id48_id45_0009,1,CelebDF,celeb_id39,test
vid_004609_id35_id3_0003,1,CelebDF,celeb_id59,train
vid_007687_id37_id38_0008,1,CelebDF,celeb_id59,train
vid_005500_id35_id32_0002,1,CelebDF,celeb_id59,train
vid_006832_id0_id4_0001,1,CelebDF,celeb_id59,train
vid_009434_id56_id50_0003,1,CelebDF,celeb_id49,val
vid_005772_id39_id44_0003,1,CelebDF,celeb_id39,test
vid_009372_id23_id24_0003,1,CelebDF,celeb_id59,train
vid_000321_06_27__outside_talking_still_laughing__SZWVBWY4,1,DFD,dfd_11,train
vid_004511_id35_id38_0009,1,CelebDF,celeb_id59,train
vid_003311_01__kitchen_pan,0,DFD,dfd_11,train
vid_009282_id47_id46_0003,1,CelebDF,celeb_id39,test
vid_007723_id4_id26_0007,1,CelebDF,celeb_id59,train
vid_005121_id25_id27_0002,1,CelebDF,celeb_id59,train
vid_001746_15_02__talking_against_wall__I8G2LWD1,1,DFD,dfd_11,train
vid_002643_03_06__podium_speech_happy__1IXGY2FK,1,DFD,dfd_11,train
vid_005245_id23_id37_0000,1,CelebDF,celeb_id59,train
vid_003307_16__walking_down_indoor_hall_disgust,0,DFD,dfd_05,test
vid_002464_07_02__secret_conversation__U7DEOZNV,1,DFD,dfd_11,train
vid_003657_00160,0,CelebDF,yt_00160,train
vid_008170_id27_id24_0007,1,CelebDF,celeb_id59,train
vid_006944_id4_id20_0009,1,CelebDF,celeb_id59,train
vid_001324_06_03__podium_speech_happy__1IXGY2FK,1,DFD,dfd_11,train
vid_004026_id54_0003,0,CelebDF,celeb_id49,val
vid_008035_id22_id25_0009,1,CelebDF,celeb_id59,train
vid_003279_15__walking_down_street_outside_angry,0,DFD,dfd_11,train
vid_006763_id30_id28_0009,1,CelebDF,celeb_id59,train
vid_007676_id17_id9_0009,1,CelebDF,celeb_id59,train
vid_002267_09_26__exit_phone_room__XXGYLT82,1,DFD,dfd_11,train
vid_005918_id52_id53_0003,1,CelebDF,celeb_id49,val
vid_007673_id35_id6_0009,1,CelebDF,celeb_id59,train
vid_004145_id23_0003,0,CelebDF,celeb_id59,train
vid_004174_id22_0001,0,CelebDF,celeb_id59,train
vid_002256_19_23__walk_down_hall_angry__H4SUVFTL,1,DFD,dfd_10,val
vid_007788_id26_id30_0009,1,CelebDF,celeb_id59,train
vid_001800_27_02__outside_talking_pan_laughing__YQX5Z8GN,1,DFD,dfd_11,train
vid_000228_02_15__hugging_happy__MZWH8ATN,1,DFD,dfd_11,train
vid_001362_24_19__talking_angry_couch__0ZFOV5ZE,1,DFD,dfd_10,val
vid_009890_id26_id22_0000,1,CelebDF,celeb_id59,train
vid_004557_id13_id7_0004,1,CelebDF,celeb_id59,train
vid_006119_id20_id1_0004,1,CelebDF,celeb_id59,train
vid_001226_20_01__walking_and_outside_surprised__OTGHOG4Z,1,DFD,dfd_11,train
vid_008385_id9_id31_0002,1,CelebDF,celeb_id59,train
vid_000682_12_07__secret_conversation__X9X7FAZG,1,DFD,dfd_11,train
vid_007527_id45_id43_0007,1,CelebDF,celeb_id39,test
vid_006120_id43_id41_0004,1,CelebDF,celeb_id39,test
vid_004061_id52_0007,0,CelebDF,celeb_id49,val
vid_000218_24_19__walking_outside_cafe_disgusted__NPZW2Z9L,1,DFD,dfd_10,val
vid_007208_id49_id57_0004,1,CelebDF,celeb_id49,val
vid_009074_id30_id2_0006,1,CelebDF,celeb_id59,train
vid_002285_15_18__walking_down_street_outside_angry__V5VHLCOW,1,DFD,dfd_11,train
vid_003712_00025,0,CelebDF,yt_00025,train
vid_000654_14_20__walking_down_indoor_hall_disgust__R7SPX6OK,1,DFD,dfd_11,train
vid_006875_id37_id33_0003,1,CelebDF,celeb_id59,train
vid_006084_id38_id31_0009,1,CelebDF,celeb_id59,train
vid_000338_07_02__talking_against_wall__O4SXNLRL,1,DFD,dfd_11,train
vid_009730_id42_id46_0003,1,CelebDF,celeb_id39,test
vid_003017_06_25__outside_talking_still_laughing__MI9BDQ7M,1,DFD,dfd_11,train
vid_001786_04_18__exit_phone_room__NAXINA1N,1,DFD,dfd_11,train
vid_004499_id32_id33_0001,1,CelebDF,celeb_id59,train
vid_000972_16_17__walk_down_hall_angry__EWJJTZHY,1,DFD,dfd_05,test
vid_003154_08__kitchen_pan,0,DFD,dfd_05,test
vid_006991_id51_id55_0008,1,CelebDF,celeb_id49,val
vid_004653_id23_id33_0003,1,CelebDF,celeb_id59,train
vid_009489_id16_id17_0001,1,CelebDF,celeb_id59,train
vid_008008_id30_id4_0002,1,CelebDF,celeb_id59,train
vid_000315_11_26__walking_outside_cafe_disgusted__ALJ0OHNM,1,DFD,dfd_11,train
vid_005470_id33_id37_0001,1,CelebDF,celeb_id59,train
vid_009605_id23_id35_0000,1,CelebDF,celeb_id59,train
vid_003914_id3_0003,0,CelebDF,celeb_id59,train
vid_009313_id26_id17_0005,1,CelebDF,celeb_id59,train
vid_003171_23__walking_down_street_outside_angry,0,DFD,dfd_10,val
vid_000861_12_06__talking_against_wall__0VR4Y891,1,DFD,dfd_11,train
vid_007794_id4_id30_0000,1,CelebDF,celeb_id59,train
vid_008268_id38_id26_0000,1,CelebDF,celeb_id59,train
vid_000386_14_09__hugging_happy__6TEK3ZX0,1,DFD,dfd_11,train
vid_001684_12_26__talking_against_wall__FWFQ5YB8,1,DFD,dfd_11,train
vid_005020_id45_id40_0009,1,CelebDF,celeb_id39,test
vid_000303_05_16__walking_outside_cafe_disgusted__O56DDU3S,1,DFD,dfd_05,test
vid_000323_18_27__kitchen_still__NYHE8D0J,1,DFD,dfd_11,train
vid_008481_id23_id3_0001,1,CelebDF,celeb_id59,train
vid_007614_id58_id51_0006,1,CelebDF,celeb_id49,val
vid_006131_id37_id30_0000,1,CelebDF,celeb_id59,train
vid_003637_00278,0,CelebDF,yt_00278,train
vid_002456_27_15__outside_talking_still_laughing__2ERUWYH8,1,DFD,dfd_11,train
vid_003925_id29_0006,0,CelebDF,celeb_id59,train
vid_006156_id6_id1_0004,1,CelebDF,celeb_id59,train
vid_000677_07_03__kitchen_pan__WPT3Z2KN,1,DFD,dfd_11,train
vid_008232_id39_id47_0001,1,CelebDF,celeb_id39,test
vid_005832_id34_id32_0009,1,CelebDF,celeb_id59,train
vid_000901_21_25__walking_outside_cafe_disgusted__NFBISHIN,1,DFD,dfd_11,train
vid_009421_id30_id38_0006,1,CelebDF,celeb_id59,train
vid_003840_id50_0003,0,CelebDF,celeb_id49,val
vid_002729_14_02__secret_conversation__3IUBEKCT,1,DFD,dfd_11,train
vid_004945_id28_id26_0004,1,CelebDF,celeb_id59,train
vid_006249_id35_id28_0005,1,CelebDF,celeb_id59,train
vid_007693_id1_id3_0001,1,CelebDF,celeb_id59,train
vid_004127_id60_0008,0,CelebDF,celeb_id59,train
vid_006236_id35_id33_0002,1,CelebDF,celeb_id59,train
vid_001255_18_25__outside_talking_pan_laughing__AUC0HY5T,1,DFD,dfd_11,train
vid_003302_14__walking_and_outside_surprised,0,DFD,dfd_11,train
vid_002489_07_03__walking_down_street_outside_angry__PWXXULHR,1,DFD,dfd_11,train
vid_002995_27_02__talking_angry_couch__FV8M8O2C,1,DFD,dfd_11,train
vid_005156_id0_id20_0009,1,CelebDF,celeb_id59,train
vid_000193_14_26__walk_down_hall_angry__ILLP29ZH,1,DFD,dfd_11,train
vid_000244_16_05__walking_outside_cafe_disgusted__053HPS1G,1,DFD,dfd_05,test
vid_004581_id30_id9_0003,1,CelebDF,celeb_id59,train
vid_000482_13_20__walking_down_indoor_hall_disgust__NJEO6L5O,1,DFD,dfd_11,train
vid_000564_01_12__outside_talking_pan_laughing__TNI7KUZ6,1,DFD,dfd_11,train
vid_004279_id7_0008,0,CelebDF,celeb_id59,train
vid_004288_id49_0000,0,CelebDF,celeb_id49,val
vid_007738_id43_id48_0002,1,CelebDF,celeb_id39,test
vid_004841_id26_id29_0006,1,CelebDF,celeb_id59,train
vid_001634_12_13__talking_against_wall__2TM4IFSF,1,DFD,dfd_11,train
vid_009042_id54_id53_0001,1,CelebDF,celeb_id49,val
vid_003466_00237,0,CelebDF,yt_00237,train
vid_002352_02_15__talking_against_wall__I8G2LWD1,1,DFD,dfd_11,train
vid_008306_id3_id28_0005,1,CelebDF,celeb_id59,train
vid_001869_18_12__walking_outside_cafe_disgusted__IKH1LBBY,1,DFD,dfd_11,train
vid_009431_id51_id56_0000,1,CelebDF,celeb_id49,val
vid_005166_id55_id56_0002,1,CelebDF,celeb_id49,val
vid_008084_id31_id37_0005,1,CelebDF,celeb_id59,train
vid_009570_id0_id16_0004,1,CelebDF,celeb_id59,train
vid_009191_id23_id30_0006,1,CelebDF,celeb_id59,train
vid_001994_10_22__exit_phone_room__G48B2EQ2,1,DFD,dfd_10,val
vid_007481_id31_id35_0004,1,CelebDF,celeb_id59,train
vid_006817_id4_id3_0003,1,CelebDF,celeb_id59,train
vid_002401_20_09__walk_down_hall_angry__MKEWB4SM,1,DFD,dfd_11,train
vid_008855_id42_id45_0003,1,CelebDF,celeb_id39,test
vid_004948_id27_id24_0001,1,CelebDF,celeb_id59,train
vid_000440_20_03__hugging_happy__Z6V05FXO,1,DFD,dfd_11,train
vid_006595_id34_id30_0002,1,CelebDF,celeb_id59,train
vid_002750_06_27__outside_talking_pan_laughing__O7L5Z9U8,1,DFD,dfd_11,train
vid_004117_id54_0007,0,CelebDF,celeb_id49,val
vid_004062_id52_0004,0,CelebDF,celeb_id49,val
vid_005008_id26_id31_0004,1,CelebDF,celeb_id59,train
vid_004432_id21_id32_0005,1,CelebDF,celeb_id59,train
vid_003732_id56_0009,0,CelebDF,celeb_id49,val
vid_006006_id4_id21_0009,1,CelebDF,celeb_id59,train
vid_006138_id27_id25_0006,1,CelebDF,celeb_id59,train
vid_000029_26_20__kitchen_pan__XWMKFMF6,1,DFD,dfd_11,train
vid_009584_id29_id28_0005,1,CelebDF,celeb_id59,train
vid_000829_02_13__walking_outside_cafe_disgusted__AROBAY8R,1,DFD,dfd_11,train
vid_000808_23_19__outside_talking_pan_laughing__H4SUVFTL,1,DFD,dfd_10,val
vid_006014_id11_id7_0009,1,CelebDF,celeb_id59,train
vid_001767_04_21__outside_talking_still_laughing__5Y31RZP8,1,DFD,dfd_11,train
vid_008271_id17_id28_0003,1,CelebDF,celeb_id59,train
vid_004877_id39_id48_0002,1,CelebDF,celeb_id39,test
vid_001011_01_03__meeting_serious__JZUXXFRB,1,DFD,dfd_11,train
vid_005489_id51_id53_0006,1,CelebDF,celeb_id49,val
vid_001115_14_15__talking_against_wall__3FRJCJ0V,1,DFD,dfd_11,train
vid_009215_id9_id21_0005,1,CelebDF,celeb_id59,train
vid_007950_id19_id23_0009,1,CelebDF,celeb_id59,train
vid_009135_id39_id47_0004,1,CelebDF,celeb_id39,test
vid_002230_20_01__hugging_happy__6UBMLXK3,1,DFD,dfd_11,train
vid_007436_id46_id45_0007,1,CelebDF,celeb_id39,test
vid_005276_id30_id28_0004,1,CelebDF,celeb_id59,train
vid_000603_13_03__outside_talking_still_laughing__GBYWJW06,1,DFD,dfd_11,train
vid_000355_11_21__talking_against_wall__T7DK03O1,1,DFD,dfd_11,train
vid_004521_id27_id22_0006,1,CelebDF,celeb_id59,train
vid_007213_id49_id56_0001,1,CelebDF,celeb_id49,val
vid_003471_00192,0,CelebDF,yt_00192,train
vid_002858_13_11__outside_talking_still_laughing__61T622EK,1,DFD,dfd_11,train
vid_002400_26_13__podium_speech_happy__U5ELHUN5,1,DFD,dfd_11,train
vid_006050_id47_id39_0005,1,CelebDF,celeb_id39,test
vid_006030_id21_id32_0002,1,CelebDF,celeb_id59,train
vid_004971_id28_id23_0005,1,CelebDF,celeb_id59,train
vid_008772_id0_id3_0004,1,CelebDF,celeb_id59,train
vid_007565_id32_id33_0004,1,CelebDF,celeb_id59,train
vid_007444_id0_id2_0002,1,CelebDF,celeb_id59,train
vid_002591_04_02__podium_speech_happy__8CH7R4LW,1,DFD,dfd_11,train
vid_000822_03_01__talking_against_wall__JZUXXFRB,1,DFD,dfd_11,train
vid_008304_id55_id52_0009,1,CelebDF,celeb_id49,val
vid_004275_id17_0003,0,CelebDF,celeb_id59,train
vid_006073_id54_id58_0007,1,CelebDF,celeb_id49,val
vid_008088_id32_id26_0007,1,CelebDF,celeb_id59,train
vid_000545_13_11__podium_speech_happy__XXKQ4XM0,1,DFD,dfd_11,train
vid_004037_id16_0011,0,CelebDF,celeb_id59,train
vid_005746_id21_id25_0006,1,CelebDF,celeb_id59,train
vid_006842_id55_id54_0003,1,CelebDF,celeb_id49,val
vid_006239_id23_id32_0002,1,CelebDF,celeb_id59,train
vid_001837_10_23__outside_talking_pan_laughing__CU6SNBFZ,1,DFD,dfd_10,val
vid_008192_id1_id23_0005,1,CelebDF,celeb_id59,train
vid_005093_id49_id56_0009,1,CelebDF,celeb_id49,val
vid_000365_27_02__walk_down_hall_angry__FV8M8O2C,1,DFD,dfd_11,train
vid_008337_id54_id55_0002,1,CelebDF,celeb_id49,val
vid_003724_00094,0,CelebDF,yt_00094,train
vid_005195_id30_id1_0003,1,CelebDF,celeb_id59,train
vid_007504_id37_id16_0001,1,CelebDF,celeb_id59,train
vid_000349_26_12__outside_talking_still_laughing__FWFQ5YB8,1,DFD,dfd_11,train
vid_003293_12__walking_outside_cafe_disgusted,0,DFD,dfd_11,train
vid_007969_id44_id45_0000,1,CelebDF,celeb_id39,test
vid_009507_id23_id31_0001,1,CelebDF,celeb_id59,train
vid_007440_id1_id20_0003,1,CelebDF,celeb_id59,train
vid_004919_id30_id17_0004,1,CelebDF,celeb_id59,train
vid_000784_18_03__walking_down_street_outside_angry__22UBC0BS,1,DFD,dfd_11,train
vid_007267_id29_id32_0003,1,CelebDF,celeb_id59,train
vid_001398_13_12__walking_down_indoor_hall_disgust__SIA5P4HL,1,DFD,dfd_11,train
vid_009407_id6_id23_0008,1,CelebDF,celeb_id59,train
vid_009873_id47_id42_0000,1,CelebDF,celeb_id39,test
vid_000769_12_06__walking_down_street_outside_angry__F3I4PDYF,1,DFD,dfd_11,train
vid_003779_id7_0006,0,CelebDF,celeb_id59,train
vid_009310_id31_id3_0009,1,CelebDF,celeb_id59,train
vid_004866_id24_id19_0004,1,CelebDF,celeb_id59,train
vid_004471_id47_id48_0007,1,CelebDF,celeb_id39,test
vid_007575_id3_id37_0008,1,CelebDF,celeb_id59,train
vid_007883_id33_id34_0007,1,CelebDF,celeb_id59,train
vid_000825_06_11__hugging_happy__C8C4FW99,1,DFD,dfd_11,train
vid_002399_02_06__secret_conversation__O9WOC1KJ,1,DFD,dfd_11,train
vid_009255_id34_id37_0007,1,CelebDF,celeb_id59,train
vid_009424_id41_id43_0004,1,CelebDF,celeb_id39,test
vid_007260_id49_id54_0008,1,CelebDF,celeb_id49,val
vid_001935_15_07__outside_talking_still_laughing__KM6M2TBT,1,DFD,dfd_11,train
vid_000139_02_06__talking_angry_couch__GH8TGTBS,1,DFD,dfd_11,train
vid_004836_id3_id4_0003,1,CelebDF,celeb_id59,train
vid_001573_26_09__talking_against_wall__C3K20JOL,1,DFD,dfd_11,train
vid_005362_id45_id48_0009,1,CelebDF,celeb_id39,test
vid_000910_12_14__podium_speech_happy__Z7EWFA0P,1,DFD,dfd_11,train
vid_001987_13_02__walking_down_street_outside_angry__2YSYT2N3,1,DFD,dfd_11,train
vid_002159_07_25__walk_down_hall_angry__PAE9HCA8,1,DFD,dfd_11,train
vid_005602_id55_id51_0009,1,CelebDF,celeb_id49,val
vid_000933_20_15__kitchen_pan__99NHTFBM,1,DFD,dfd_11,train
vid_002561_22_24__kitchen_still__7E3GY85F,1,DFD,dfd_10,val
vid_002085_24_19__secret_conversation__QD5K7BP2,1,DFD,dfd_10,val
vid_007971_id23_id27_0000,1,CelebDF,celeb_id59,train
vid_003687_00297,0,CelebDF,yt_00297,train
vid_009683_id2_id28_0008,1,CelebDF,celeb_id59,train
vid_007307_id35_id33_0006,1,CelebDF,celeb_id59,train
vid_003011_19_10__talking_against_wall__O2IKR6YM,1,DFD,dfd_10,val
vid_008149_id43_id46_0000,1,CelebDF,celeb_id39,test
vid_004655_id54_id52_0006,1,CelebDF,celeb_id49,val
vid_001633_19_24__secret_conversation__DL7X7M6I,1,DFD,dfd_10,val
vid_002199_18_06__kitchen_pan__5HNHMK6G,1,DFD,dfd_11,train
vid_000378_02_03__walking_down_street_outside_angry__QH3Y0IG0,1,DFD,dfd_11,train
vid_000607_20_13__outside_talking_pan_laughing__LXLR1B6N,1,DFD,dfd_11,train
vid_009712_id55_id50_0006,1,CelebDF,celeb_id49,val
vid_009052_id39_id48_0001,1,CelebDF,celeb_id39,test
vid_008263_id27_id20_0006,1,CelebDF,celeb_id59,train
vid_003377_05__talking_against_wall,0,DFD,dfd_05,test
vid_004192_id41_0006,0,CelebDF,celeb_id39,test
vid_009773_id60_id5_0008,1,CelebDF,celeb_id59,train
vid_007019_id2_id23_0003,1,CelebDF,celeb_id59,train
vid_001195_19_22__walking_outside_cafe_disgusted__VK6BF5NV,1,DFD,dfd_10,val
vid_005365_id2_id6_0002,1,CelebDF,celeb_id59,train
vid_006022_id21_id28_0006,1,CelebDF,celeb_id59,train
vid_009164_id43_id45_0006,1,CelebDF,celeb_id39,test
vid_005608_id9_id20_0002,1,CelebDF,celeb_id59,train
vid_003612_00199,0,CelebDF,yt_00199,train
vid_003262_20__walking_and_outside_surprised,0,DFD,dfd_11,train
vid_007012_id20_id25_0008,1,CelebDF,celeb_id59,train
vid_005298_id41_id46_0002,1,CelebDF,celeb_id39,test
vid_006208_id6_id16_0003,1,CelebDF,celeb_id59,train
vid_006723_id37_id21_0008,1,CelebDF,celeb_id59,train
vid_008134_id25_id27_0010,1,CelebDF,celeb_id59,train
vid_000123_07_09__walking_outside_cafe_disgusted__N9CWME71,1,DFD,dfd_11,train
vid_005094_id33_id37_0000,1,CelebDF,celeb_id59,train
vid_007386_id31_id33_0001,1,CelebDF,celeb_id59,train
vid_008018_id27_id22_0008,1,CelebDF,celeb_id59,train
vid_008985_id46_id39_0000,1,CelebDF,celeb_id39,test
vid_002980_08_28__podium_speech_happy__HIOU8Z8I,1,DFD,dfd_05,test
vid_005963_id58_id51_0005,1,CelebDF,celeb_id49,val
vid_001741_26_06__kitchen_pan__L5BVR5L9,1,DFD,dfd_11,train
vid_001881_15_06__kitchen_still__E98QYYXO,1,DFD,dfd_11,train
vid_006558_id19_id26_0008,1,CelebDF,celeb_id59,train
vid_006600_id37_id31_0005,1,CelebDF,celeb_id59,train
vid_005722_id34_id29_0006,1,CelebDF,celeb_id59,train
vid_007366_id4_id30_0002,1,CelebDF,celeb_id59,train
vid_004794_id40_id45_0006,1,CelebDF,celeb_id39,test
vid_002246_06_25__walking_and_outside_surprised__3QQBVBYN,1,DFD,dfd_11,train
vid_003720_00101,0,CelebDF,yt_00101,train
vid_000327_15_12__podium_speech_happy__N0SRODQD,1,DFD,dfd_11,train
vid_006082_id44_id47_0002,1,CelebDF,celeb_id39,test
vid_003030_06_07__outside_talking_still_laughing__NMGYPBXE,1,DFD,dfd_11,train
vid_007136_id19_id24_0007,1,CelebDF,celeb_id59,train
vid_005173_id37_id21_0006,1,CelebDF,celeb_id59,train
vid_001435_28_05__walking_down_street_outside_angry__U9LRLJ6N,1,DFD,dfd_05,test
vid_008988_id17_id9_0004,1,CelebDF,celeb_id59,train
vid_001788_09_20__outside_talking_pan_laughing__HG1S0KHA,1,DFD,dfd_11,train
vid_007333_id23_id31_0000,1,CelebDF,celeb_id59,train
vid_005161_id33_id35_0005,1,CelebDF,celeb_id59,train
vid_001818_24_19__walking_down_street_outside_angry__59PN7WZ2,1,DFD,dfd_10,val
vid_000356_20_26__kitchen_pan__C8GN41DU,1,DFD,dfd_11,train
vid_005320_id35_id31_0008,1,CelebDF,celeb_id59,train
vid_004182_id7_0009,0,CelebDF,celeb_id59,train
vid_005782_id23_id2_0000,1,CelebDF,celeb_id59,train
vid_009653_id32_id29_0000,1,CelebDF,celeb_id59,train
vid_002583_03_14__exit_phone_room__0O9TTCJT,1,DFD,dfd_11,train
vid_004619_id52_id53_0009,1,CelebDF,celeb_id49,val
vid_000675_10_22__kitchen_pan__EHARPYBT,1,DFD,dfd_10,val
vid_006489_id9_id37_0004,1,CelebDF,celeb_id59,train
vid_006705_id57_id58_0003,1,CelebDF,celeb_id49,val
vid_008463_id46_id43_0006,1,CelebDF,celeb_id39,test
vid_002844_14_26__exit_phone_room__SU8SAHTT,1,DFD,dfd_11,train
vid_004786_id1_id4_0006,1,CelebDF,celeb_id59,train
vid_009625_id9_id16_0002,1,CelebDF,celeb_id59,train
vid_008701_id51_id57_0000,1,CelebDF,celeb_id49,val
vid_000627_20_09__walking_down_indoor_hall_disgust__0IRM5ADD,1,DFD,dfd_11,train
vid_008354_id9_id0_0007,1,CelebDF,celeb_id59,train
vid_003664_00148,0,CelebDF,yt_00148,train
vid_003437_00294,0,CelebDF,yt_00294,train
vid_004705_id9_id0_0006,1,CelebDF,celeb_id59,train
vid_004912_id20_id25_0003,1,CelebDF,celeb_id59,train
vid_000767_20_25__talking_against_wall__AMY6M1KL,1,DFD,dfd_11,train
vid_007866_id2_id31_0007,1,CelebDF,celeb_id59,train
vid_001217_10_19__outside_talking_still_laughing__O2IKR6YM,1,DFD,dfd_10,val
vid_005903_id50_id53_0001,1,CelebDF,celeb_id49,val
vid_002040_15_07__exit_phone_room__UGGRZJ60,1,DFD,dfd_11,train
vid_005063_id30_id16_0002,1,CelebDF,celeb_id59,train
vid_006903_id6_id0_0003,1,CelebDF,celeb_id59,train
vid_005504_id22_id27_0005,1,CelebDF,celeb_id59,train
vid_003097_12__walking_down_indoor_hall_disgust,0,DFD,dfd_11,train
vid_005413_id12_id7_0002,1,CelebDF,celeb_id59,train
vid_007510_id11_id7_0000,1,CelebDF,celeb_id59,train
vid_004490_id8_id0_0008,1,CelebDF,celeb_id59,train
vid_003639_00149,0,CelebDF,yt_00149,train
vid_006374_id48_id43_0009,1,CelebDF,celeb_id39,test
vid_003251_23__exit_phone_room,0,DFD,dfd_10,val
vid_007882_id2_id0_0002,1,CelebDF,celeb_id59,train
vid_001209_02_15__podium_speech_happy__MZWH8ATN,1,DFD,dfd_11,train
vid_001504_18_11__secret_conversation__JJ1YREUN,1,DFD,dfd_11,train
vid_006712_id47_id44_0007,1,CelebDF,celeb_id39,test
vid_001916_25_06__secret_conversation__3QQBVBYN,1,DFD,dfd_11,train
vid_007774_id51_id58_0002,1,CelebDF,celeb_id49,val
vid_003930_id32_0000,0,CelebDF,celeb_id59,train
vid_004849_id26_id0_0003,1,CelebDF,celeb_id59,train
vid_006553_id3_id23_0004,1,CelebDF,celeb_id59,train
vid_003745_id27_0006,0,CelebDF,celeb_id59,train
vid_009066_id41_id44_0001,1,CelebDF,celeb_id39,test
vid_008561_id45_id47_0001,1,CelebDF,celeb_id39,test
vid_001136_24_23__kitchen_still__YR5OVD4S,1,DFD,dfd_10,val
vid_002741_26_14__talking_against_wall__ILLP29ZH,1,DFD,dfd_11,train
vid_006969_id29_id33_0002,1,CelebDF,celeb_id59,train
vid_001356_19_24__outside_talking_still_laughing__NPZW2Z9L,1,DFD,dfd_10,val
vid_000531_18_25__exit_phone_room__AUC0HY5T,1,DFD,dfd_11,train
vid_000065_27_20__walk_down_hall_angry__LM907ECA,1,DFD,dfd_11,train
vid_008594_id25_id22_0007,1,CelebDF,celeb_id59,train
vid_007235_id16_id0_0013,1,CelebDF,celeb_id59,train
vid_000059_01_02__secret_conversation__YVGY8LOK,1,DFD,dfd_11,train
vid_003261_05__walking_down_street_outside_angry,0,DFD,dfd_05,test
vid_005197_id56_id51_0006,1,CelebDF,celeb_id49,val
vid_008115_id16_id37_0012,1,CelebDF,celeb_id59,train
vid_002486_23_10__talking_against_wall__W4BDINQ5,1,DFD,dfd_10,val
vid_004952_id1_id21_0006,1,CelebDF,celeb_id59,train
vid_004523_id16_id21_0001,1,CelebDF,celeb_id59,train
vid_004437_id16_id3_0010,1,CelebDF,celeb_id59,train
vid_007914_id4_id3_0007,1,CelebDF,celeb_id59,train
vid_003666_00230,0,CelebDF,yt_00230,train
vid_004413_id35_id23_0000,1,CelebDF,celeb_id59,train
vid_001108_20_09__outside_talking_still_laughing__98NUQ3E6,1,DFD,dfd_11,train
vid_003138_20__kitchen_pan,0,DFD,dfd_11,train
vid_005789_id38_id21_0008,1,CelebDF,celeb_id59,train
vid_001052_05_16__podium_speech_happy__BY646B4R,1,DFD,dfd_05,test
vid_006658_id38_id34_0001,1,CelebDF,celeb_id59,train
vid_004681_id16_id3_0001,1,CelebDF,celeb_id59,train
vid_005793_id35_id2_0006,1,CelebDF,celeb_id59,train
vid_005002_id7_id13_0004,1,CelebDF,celeb_id59,train
vid_004363_id20_id4_0000,1,CelebDF,celeb_id59,train
vid_003655_00226,0,CelebDF,yt_00226,train
vid_005200_id41_id43_0002,1,CelebDF,celeb_id39,test
vid_003585_00001,0,CelebDF,yt_00001,train
vid_009643_id6_id1_0007,1,CelebDF,celeb_id59,train
vid_003661_00182,0,CelebDF,yt_00182,train
vid_006420_id9_id3_0008,1,CelebDF,celeb_id59,train
vid_000633_26_11__outside_talking_still_laughing__ALJ0OHNM,1,DFD,dfd_11,train
vid_006012_id30_id32_0001,1,CelebDF,celeb_id59,train
vid_002386_12_15__walking_and_outside_surprised__N0SRODQD,1,DFD,dfd_11,train
vid_005947_id20_id23_0005,1,CelebDF,celeb_id59,train
vid_003623_00098,0,CelebDF,yt_00098,train
vid_005308_id30_id35_0001,1,CelebDF,celeb_id59,train
vid_005023_id54_id58_0003,1,CelebDF,celeb_id49,val
vid_002094_16_05__hugging_happy__V7BK27TX,1,DFD,dfd_05,test
vid_006479_id6_id9_0000,1,CelebDF,celeb_id59,train
vid_001713_11_01__exit_phone_room__4OJNJLOO,1,DFD,dfd_11,train
vid_009057_id19_id21_0004,1,CelebDF,celeb_id59,train
vid_008873_id24_id28_0005,1,CelebDF,celeb_id59,train
vid_001812_20_15__hugging_happy__99NHTFBM,1,DFD,dfd_11,train
vid_006945_id54_id57_0009,1,CelebDF,celeb_id49,val
vid_000794_20_18__outside_talking_pan_laughing__8BMQOD7S,1,DFD,dfd_11,train
vid_009361_id30_id20_0005,1,CelebDF,celeb_id59,train
vid_001700_03_02__meeting_serious__ZESUJMM7,1,DFD,dfd_11,train
vid_003084_16__walking_and_outside_surprised,0,DFD,dfd_05,test
vid_006336_id4_id1_0004,1,CelebDF,celeb_id59,train
vid_003004_03_20__walk_down_hall_angry__61SVZ2J7,1,DFD,dfd_11,train
vid_000590_26_03__kitchen_pan__WBSXBL82,1,DFD,dfd_11,train
vid_001533_04_21__walking_down_street_outside_angry__5Y31RZP8,1,DFD,dfd_11,train
vid_001673_04_06__walking_outside_cafe_disgusted__ZK95PQDE,1,DFD,dfd_11,train
vid_008682_id25_id28_0010,1,CelebDF,celeb_id59,train
vid_000851_03_18__outside_talking_pan_laughing__22UBC0BS,1,DFD,dfd_11,train
vid_004101_id59_0005,0,CelebDF,celeb_id59,train
vid_008152_id5_id59_0000,1,CelebDF,celeb_id59,train
vid_006527_id28_id6_0005,1,CelebDF,celeb_id59,train
vid_001608_15_14__exit_phone_room__RNHLLKSQ,1,DFD,dfd_11,train
vid_007146_id56_id52_0006,1,CelebDF,celeb_id49,val
vid_007776_id10_id7_0001,1,CelebDF,celeb_id59,train
vid_006583_id33_id23_0004,1,CelebDF,celeb_id59,train
vid_002984_18_06__outside_talking_still_laughing__DEA1TCLN,1,DFD,dfd_11,train
vid_005600_id49_id52_0001,1,CelebDF,celeb_id49,val
vid_007541_id17_id37_0001,1,CelebDF,celeb_id59,train
vid_006885_id1_id9_0003,1,CelebDF,celeb_id59,train
vid_001918_03_01__podium_speech_happy__ISF9SP4G,1,DFD,dfd_11,train
vid_002762_02_07__podium_speech_happy__0IYV5DQ5,1,DFD,dfd_11,train
vid_009040_id53_id51_0004,1,CelebDF,celeb_id49,val
vid_002923_19_24__talking_against_wall__QD5K7BP2,1,DFD,dfd_10,val
vid_005544_id30_id35_0000,1,CelebDF,celeb_id59,train
vid_002612_26_04__kitchen_pan__WX836VLY,1,DFD,dfd_11,train
vid_009899_id46_id47_0001,1,CelebDF,celeb_id39,test
vid_005802_id4_id26_0005,1,CelebDF,celeb_id59,train
vid_004601_id35_id16_0001,1,CelebDF,celeb_id59,train
vid_000005_01_03__secret_conversation__480LQD1C,1,DFD,dfd_11,train
vid_007964_id31_id30_0006,1,CelebDF,celeb_id59,train
vid_006027_id21_id16_0004,1,CelebDF,celeb_id59,train
vid_004056_id50_0001,0,CelebDF,celeb_id49,val
vid_008066_id52_id50_0001,1,CelebDF,celeb_id49,val
vid_007674_id52_id58_0009,1,CelebDF,celeb_id49,val
vid_008877_id28_id22_0007,1,CelebDF,celeb_id59,train
vid_003225_19__outside_talking_pan_laughing,0,DFD,dfd_10,val
vid_007957_id49_id51_0000,1,CelebDF,celeb_id49,val
vid_000025_09_13__exit_phone_room__3GQ49P2J,1,DFD,dfd_11,train
vid_007025_id51_id50_0004,1,CelebDF,celeb_id49,val
vid_004672_id26_id4_0002,1,CelebDF,celeb_id59,train
vid_003162_21__exit_phone_room,0,DFD,dfd_11,train
vid_001170_06_02__podium_speech_happy__N8OSN8P6,1,DFD,dfd_11,train
vid_008143_id40_id41_0009,1,CelebDF,celeb_id39,test
vid_002009_27_02__exit_phone_room__6GC9HY9J,1,DFD,dfd_11,train
vid_004462_id9_id1_0002,1,CelebDF,celeb_id59,train
vid_004444_id6_id9_0004,1,CelebDF,celeb_id59,train
vid_004468_id47_id39_0006,1,CelebDF,celeb_id39,test
vid_005382_id27_id19_0001,1,CelebDF,celeb_id59,train
vid_001349_21_07__outside_talking_still_laughing__K7KXUHMU,1,DFD,dfd_11,train
vid_005254_id30_id34_0006,1,CelebDF,celeb_id59,train
vid_009307_id41_id45_0000,1,CelebDF,celeb_id39,test
vid_008975_id32_id37_0004,1,CelebDF,celeb_id59,train
vid_005015_id2_id21_0002,1,CelebDF,celeb_id59,train
vid_007013_id7_id10_0005,1,CelebDF,celeb_id59,train
vid_008799_id25_id26_0002,1,CelebDF,celeb_id59,train
vid_000082_02_07__podium_speech_happy__UH60ROEK,1,DFD,dfd_11,train
vid_007051_id46_id42_0005,1,CelebDF,celeb_id39,test
vid_001045_19_24__secret_conversation__QD5K7BP2,1,DFD,dfd_10,val
vid_007475_id35_id16_0007,1,CelebDF,celeb_id59,train
vid_002397_02_06__kitchen_pan__3J3BHSHI,1,DFD,dfd_11,train
vid_000187_04_15__secret_conversation__46TJ9IOJ,1,DFD,dfd_11,train
vid_007192_id35_id9_0006,1,CelebDF,celeb_id59,train
vid_000393_11_01__talking_against_wall__WIZ7GKOD,1,DFD,dfd_11,train
vid_002838_26_18__walk_down_hall_angry__C9VUQS9O,1,DFD,dfd_11,train
vid_002332_01_03__exit_phone_room__480LQD1C,1,DFD,dfd_11,train
vid_009797_id61_id59_0006,1,CelebDF,celeb_id59,train
vid_004916_id47_id43_0000,1,CelebDF,celeb_id39,test
vid_007989_id4_id3_0006,1,CelebDF,celeb_id59,train
vid_004049_id37_0004,0,CelebDF,celeb_id59,train
vid_009750_id39_id42_0001,1,CelebDF,celeb_id39,test
vid_008959_id34_id35_0007,1,CelebDF,celeb_id59,train
vid_007429_id46_id42_0001,1,CelebDF,celeb_id39,test
vid_008350_id28_id24_0009,1,CelebDF,celeb_id59,train
vid_000948_17_08__hugging_happy__05AN86QA,1,DFD,dfd_05,test
vid_005135_id58_id55_0008,1,CelebDF,celeb_id49,val
vid_009506_id20_id28_0006,1,CelebDF,celeb_id59,train
vid_003971_id29_0007,0,CelebDF,celeb_id59,train
vid_007000_id17_id23_0009,1,CelebDF,celeb_id59,train
vid_003332_22__walking_and_outside_surprised,0,DFD,dfd_10,val
vid_006275_id38_id28_0005,1,CelebDF,celeb_id59,train
vid_005937_id3_id17_0007,1,CelebDF,celeb_id59,train
vid_000911_21_11__talking_against_wall__T7DK03O1,1,DFD,dfd_11,train
vid_007560_id4_id23_0008,1,CelebDF,celeb_id59,train
vid_006398_id31_id3_0007,1,CelebDF,celeb_id59,train
vid_007624_id46_id41_0004,1,CelebDF,celeb_id39,test
vid_001924_03_07__secret_conversation__9NVYPOMN,1,DFD,dfd_11,train
vid_008384_id23_id3_0002,1,CelebDF,celeb_id59,train
vid_001832_18_12__outside_talking_still_laughing__IKH1LBBY,1,DFD,dfd_11,train
vid_001975_15_02__talking_against_wall__P2FAY3DR,1,DFD,dfd_11,train
vid_001426_26_25__podium_speech_happy__0UFFR3U1,1,DFD,dfd_11,train
vid_006440_id39_id48_0003,1,CelebDF,celeb_id39,test
vid_000332_03_20__kitchen_still__Z6V05FXO,1,DFD,dfd_11,train
vid_008116_id4_id3_0002,1,CelebDF,celeb_id59,train
vid_009637_id10_id11_0006,1,CelebDF,celeb_id59,train
vid_008603_id23_id31_0006,1,CelebDF,celeb_id59,train
vid_005614_id26_id17_0003,1,CelebDF,celeb_id59,train
vid_005266_id47_id40_0000,1,CelebDF,celeb_id39,test
vid_000369_11_06__outside_talking_still_laughing__C8C4FW99,1,DFD,dfd_11,train
vid_001467_11_20__outside_talking_still_laughing__GNK9UR8K,1,DFD,dfd_11,train
vid_007110_id50_id57_0002,1,CelebDF,celeb_id49,val
vid_005559_id35_id21_0008,1,CelebDF,celeb_id59,train
vid_004343_id33_id31_0004,1,CelebDF,celeb_id59,train
vid_006417_id0_id20_0007,1,CelebDF,celeb_id59,train
vid_003358_12__talking_angry_couch,0,DFD,dfd_11,train
vid_003117_03__walking_down_indoor_hall_disgust,0,DFD,dfd_11,train
vid_005812_id0_id28_0003,1,CelebDF,celeb_id59,train
vid_006213_id4_id0_0004,1,CelebDF,celeb_id59,train
vid_003813_id33_0006,0,CelebDF,celeb_id59,train
vid_001463_25_20__walking_outside_cafe_disgusted__RSCD7KXO,1,DFD,dfd_11,train
vid_000748_06_27__talking_against_wall__S3T7SK9O,1,DFD,dfd_11,train
vid_009231_id27_id25_0009,1,CelebDF,celeb_id59,train
vid_002028_26_14__kitchen_still__ILLP29ZH,1,DFD,dfd_11,train
vid_007007_id44_id39_0000,1,CelebDF,celeb_id39,test
vid_006394_id20_id2_0007,1,CelebDF,celeb_id59,train
vid_005980_id16_id23_0004,1,CelebDF,celeb_id59,train
vid_008398_id30_id20_0008,1,CelebDF,celeb_id59,train
vid_008601_id28_id1_0001,1,CelebDF,celeb_id59,train
vid_008054_id53_id57_0002,1,CelebDF,celeb_id49,val
vid_006309_id3_id0_0004,1,CelebDF,celeb_id59,train
vid_003411_12__walking_and_outside_surprised,0,DFD,dfd_11,train
vid_001816_02_06__walking_down_indoor_hall_disgust__SU4OQCS9,1,DFD,dfd_11,train
vid_005778_id34_id33_0004,1,CelebDF,celeb_id59,train
vid_005076_id2_id6_0009,1,CelebDF,celeb_id59,train
vid_000572_14_13__hugging_happy__KMQ3AW6A,1,DFD,dfd_11,train
vid_004734_id53_id50_0003,1,CelebDF,celeb_id49,val
vid_001952_20_09__kitchen_pan__MKEWB4SM,1,DFD,dfd_11,train
vid_005780_id41_id40_0004,1,CelebDF,celeb_id39,test
vid_003408_13__secret_conversation,0,DFD,dfd_11,train
vid_003659_00123,0,CelebDF,yt_00123,train
vid_008184_id44_id39_0004,1,CelebDF,celeb_id39,test
vid_008148_id16_id30_0007,1,CelebDF,celeb_id59,train
vid_002314_10_22__walking_outside_cafe_disgusted__C1U7OY5M,1,DFD,dfd_10,val
vid_005120_id39_id45_0001,1,CelebDF,celeb_id39,test
vid_005024_id25_id28_0000,1,CelebDF,celeb_id59,train
vid_008907_id26_id21_0000,1,CelebDF,celeb_id59,train
vid_002203_26_03__walking_outside_cafe_disgusted__WBSXBL82,1,DFD,dfd_11,train
vid_006240_id37_id3_0004,1,CelebDF,celeb_id59,train
vid_007348_id26_id17_0000,1,CelebDF,celeb_id59,train
vid_009703_id31_id33_0004,1,CelebDF,celeb_id59,train
vid_005655_id47_id44_0000,1,CelebDF,celeb_id39,test
vid_003791_id6_0000,0,CelebDF,celeb_id59,train
vid_002075_11_06__outside_talking_pan_laughing__C8C4FW99,1,DFD,dfd_11,train
vid_007811_id43_id42_0000,1,CelebDF,celeb_id39,test
vid_006592_id42_id47_0002,1,CelebDF,celeb_id39,test
vid_009618_id20_id27_0001,1,CelebDF,celeb_id59,train
vid_005904_id4_id26_0004,1,CelebDF,celeb_id59,train
vid_007766_id24_id26_0006,1,CelebDF,celeb_id59,train
vid_007186_id28_id38_0007,1,CelebDF,celeb_id59,train
vid_002971_06_03__walking_down_indoor_hall_disgust__1IXGY2FK,1,DFD,dfd_11,train
vid_009376_id21_id9_0001,1,CelebDF,celeb_id59,train
vid_006076_id22_id19_0009,1,CelebDF,celeb_id59,train
vid_005535_id57_id51_0002,1,CelebDF,celeb_id49,val
vid_004250_id23_0006,0,CelebDF,celeb_id59,train
vid_004310_id9_0006,0,CelebDF,celeb_id59,train
vid_001531_26_04__kitchen_pan__MS2MLJP1,1,DFD,dfd_11,train
vid_008167_id35_id26_0008,1,CelebDF,celeb_id59,train
vid_003979_id5_0001,0,CelebDF,celeb_id59,train
vid_007462_id48_id39_0007,1,CelebDF,celeb_id39,test
vid_009084_id0_id17_0006,1,CelebDF,celeb_id59,train
vid_006998_id9_id1_0001,1,CelebDF,celeb_id59,train
vid_005981_id21_id0_0000,1,CelebDF,celeb_id59,train
vid_009604_id57_id50_0007,1,CelebDF,celeb_id49,val
vid_002126_13_09__outside_talking_still_laughing__30N46VHZ,1,DFD,dfd_11,train
vid_000173_15_20__talking_angry_couch__99NHTFBM,1,DFD,dfd_11,train
vid_009577_id34_id26_0003,1,CelebDF,celeb_id59,train
vid_006538_id33_id38_0000,1,CelebDF,celeb_id59,train
vid_002875_15_02__talking_against_wall__MZWH8ATN,1,DFD,dfd_11,train
vid_008092_id22_id26_0004,1,CelebDF,celeb_id59,train
vid_003735_id31_0003,0,CelebDF,celeb_id59,train
vid_000995_05_08__kitchen_still__LVIZ2X8P,1,DFD,dfd_05,test
vid_004978_id26_id30_0006,1,CelebDF,celeb_id59,train
vid_003864_id53_0007,0,CelebDF,celeb_id49,val
vid_009822_id30_id31_0006,1,CelebDF,celeb_id59,train
vid_008575_id28_id25_0002,1,CelebDF,celeb_id59,train
vid_008929_id55_id53_0004,1,CelebDF,celeb_id49,val
vid_005758_id1_id30_0007,1,CelebDF,celeb_id59,train
vid_004885_id26_id4_0001,1,CelebDF,celeb_id59,train
vid_009903_id26_id25_0006,1,CelebDF,celeb_id59,train
vid_000208_13_09__talking_against_wall__21H6XSPE,1,DFD,dfd_11,train
vid_001334_10_22__outside_talking_pan_laughing__8YQ2EUQP,1,DFD,dfd_10,val
vid_002137_07_03__outside_talking_still_laughing__F0YYEA5W,1,DFD,dfd_11,train
vid_009130_id61_id60_0000,1,CelebDF,celeb_id59,train
vid_007290_id40_id42_0008,1,CelebDF,celeb_id39,test
vid_004360_id20_id35_0007,1,CelebDF,celeb_id59,train
vid_009099_id21_id31_0000,1,CelebDF,celeb_id59,train
vid_008978_id23_id0_0000,1,CelebDF,celeb_id59,train
vid_007968_id38_id32_0005,1,CelebDF,celeb_id59,train
vid_003534_00270,0,CelebDF,yt_00270,train
vid_006399_id34_id37_0001,1,CelebDF,celeb_id59,train
vid_005901_id28_id21_0005,1,CelebDF,celeb_id59,train
vid_008249_id17_id26_0002,1,CelebDF,celeb_id59,train
vid_006185_id26_id20_0004,1,CelebDF,celeb_id59,train
vid_007055_id58_id52_0003,1,CelebDF,celeb_id49,val
vid_008851_id24_id23_0006,1,CelebDF,celeb_id59,train
vid_003835_id3_0008,0,CelebDF,celeb_id59,train
vid_004584_id26_id9_0009,1,CelebDF,celeb_id59,train
vid_001524_02_07__kitchen_pan__34PVT42V,1,DFD,dfd_11,train
vid_002712_20_13__hugging_happy__HQHYKNGK,1,DFD,dfd_11,train
vid_008480_id37_id3_0006,1,CelebDF,celeb_id59,train
vid_006850_id20_id34_0009,1,CelebDF,celeb_id59,train
vid_005465_id28_id0_0007,1,CelebDF,celeb_id59,train
vid_001083_21_25__talking_angry_couch__NFBISHIN,1,DFD,dfd_11,train
vid_006913_id58_id57_0002,1,CelebDF,celeb_id49,val
vid_003194_01__walking_down_indoor_hall_disgust,0,DFD,dfd_11,train
vid_003921_id55_0006,0,CelebDF,celeb_id49,val
vid_003855_id49_0009,0,CelebDF,celeb_id49,val
vid_006268_id45_id41_0006,1,CelebDF,celeb_id39,test
vid_009674_id54_id53_0009,1,CelebDF,celeb_id49,val
vid_000447_26_18__outside_talking_still_laughing__UMEX6HWU,1,DFD,dfd_11,train
vid_007722_id22_id26_0001,1,CelebDF,celeb_id59,train
vid_007229_id1_id21_0005,1,CelebDF,celeb_id59,train
vid_004029_id46_0004,0,CelebDF,celeb_id39,test
vid_008756_id52_id57_0008,1,CelebDF,celeb_id49,val
vid_000237_26_14__exit_phone_room__SU8SAHTT,1,DFD,dfd_11,train
vid_005384_id4_id28_0003,1,CelebDF,celeb_id59,train
vid_001006_13_20__walk_down_hall_angry__LXLR1B6N,1,DFD,dfd_11,train
vid_009359_id21_id23_0006,1,CelebDF,celeb_id59,train
vid_008210_id26_id0_0005,1,CelebDF,celeb_id59,train
vid_000130_10_22__exit_phone_room__8YQ2EUQP,1,DFD,dfd_10,val
vid_003384_26__exit_phone_room,0,DFD,dfd_11,train
vid_003700_00067,0,CelebDF,yt_00067,train
vid_004135_id17_0008,0,CelebDF,celeb_id59,train
vid_009541_id48_id46_0009,1,CelebDF,celeb_id39,test
vid_003981_id21_0002,0,CelebDF,celeb_id59,train
vid_000431_02_01__meeting_serious__YVGY8LOK,1,DFD,dfd_11,train
vid_009219_id45_id43_0005,1,CelebDF,celeb_id39,test
vid_001699_14_26__walking_outside_cafe_disgusted__ILLP29ZH,1,DFD,dfd_11,train
vid_007449_id20_id37_0000,1,CelebDF,celeb_id59,train
vid_004828_id46_id43_0007,1,CelebDF,celeb_id39,test
vid_005307_id52_id54_0005,1,CelebDF,celeb_id49,val
vid_009416_id17_id20_0009,1,CelebDF,celeb_id59,train
vid_002073_27_18__kitchen_pan__3GLHD5MH,1,DFD,dfd_11,train
vid_003767_id26_0000,0,CelebDF,celeb_id59,train
vid_003104_26__walking_outside_cafe_disgusted,0,DFD,dfd_11,train
vid_009889_id4_id6_0000,1,CelebDF,celeb_id59,train
vid_000362_25_15__secret_conversation__BXVA6VQB,1,DFD,dfd_11,train
vid_005348_id34_id32_0004,1,CelebDF,celeb_id59,train
vid_009672_id21_id33_0001,1,CelebDF,celeb_id59,train
vid_008911_id30_id4_0008,1,CelebDF,celeb_id59,train
vid_005716_id23_id29_0001,1,CelebDF,celeb_id59,train
vid_008583_id47_id39_0001,1,CelebDF,celeb_id39,test
vid_003929_id57_0003,0,CelebDF,celeb_id49,val
vid_008262_id6_id23_0009,1,CelebDF,celeb_id59,train
vid_009012_id4_id3_0004,1,CelebDF,celeb_id59,train
vid_008351_id47_id46_0007,1,CelebDF,celeb_id39,test
vid_004494_id16_id20_0005,1,CelebDF,celeb_id59,train
vid_006160_id26_id34_0002,1,CelebDF,celeb_id59,train
vid_005188_id56_id54_0005,1,CelebDF,celeb_id49,val
vid_004433_id37_id3_0003,1,CelebDF,celeb_id59,train
vid_009926_id16_id21_0005,1,CelebDF,celeb_id59,train
vid_002933_21_14__podium_speech_happy__N0WM4GSV,1,DFD,dfd_11,train
vid_005990_id41_id47_0002,1,CelebDF,celeb_id39,test
vid_003994_id52_0005,0,CelebDF,celeb_id49,val
vid_000461_06_07__walking_down_street_outside_angry__NMGYPBXE,1,DFD,dfd_11,train
vid_006746_id22_id19_0004,1,CelebDF,celeb_id59,train
vid_001117_01_20__kitchen_pan__6UBMLXK3,1,DFD,dfd_11,train
vid_004848_id43_id48_0005,1,CelebDF,celeb_id39,test
vid_009866_id56_id55_0000,1,CelebDF,celeb_id49,val
vid_008584_id48_id46_0005,1,CelebDF,celeb_id39,test
vid_009375_id38_id34_0007,1,CelebDF,celeb_id59,train
vid_007770_id20_id27_0005,1,CelebDF,celeb_id59,train
vid_000738_15_03__walking_down_street_outside_angry__DG8ITQO3,1,DFD,dfd_11,train
vid_006461_id31_id26_0004,1,CelebDF,celeb_id59,train
vid_007365_id17_id21_0001,1,CelebDF,celeb_id59,train
vid_004266_id49_0001,0,CelebDF,celeb_id49,val
vid_002903_10_23__outside_talking_still_laughing__GYY4VANY,1,DFD,dfd_10,val
vid_001565_15_03__kitchen_pan__DG8ITQO3,1,DFD,dfd_11,train
vid_003811_id30_0001,0,CelebDF,celeb_id59,train
vid_003683_00011,0,CelebDF,yt_00011,train
vid_002153_21_07__walking_down_indoor_hall_disgust__MKU99DVX,1,DFD,dfd_11,train
vid_006211_id35_id34_0005,1,CelebDF,celeb_id59,train
vid_001252_22_10__walking_and_outside_surprised__G48B2EQ2,1,DFD,dfd_10,val
vid_006422_id23_id30_0005,1,CelebDF,celeb_id59,train
vid_002520_06_11__talking_against_wall__C8C4FW99,1,DFD,dfd_11,train
vid_003816_id59_0008,0,CelebDF,celeb_id59,train
vid_003062_25_21__outside_talking_pan_laughing__2R46UX3R,1,DFD,dfd_11,train
vid_007383_id24_id22_0002,1,CelebDF,celeb_id59,train
vid_002670_06_07__walking_outside_cafe_disgusted__NMGYPBXE,1,DFD,dfd_11,train
vid_003806_id42_0000,0,CelebDF,celeb_id39,test
vid_009045_id57_id55_0002,1,CelebDF,celeb_id49,val
vid_009363_id49_id51_0009,1,CelebDF,celeb_id49,val
vid_005393_id32_id31_0008,1,CelebDF,celeb_id59,train
vid_000859_15_02__hugging_happy__XNJIS4S3,1,DFD,dfd_11,train
vid_007939_id56_id54_0006,1,CelebDF,celeb_id49,val
vid_003560_00258,0,CelebDF,yt_00258,train
vid_000952_21_03__exit_phone_room__V53E3RVB,1,DFD,dfd_11,train
vid_009469_id16_id20_0001,1,CelebDF,celeb_id59,train
vid_009818_id16_id31_0013,1,CelebDF,celeb_id59,train
vid_005005_id31_id6_0007,1,CelebDF,celeb_id59,train
vid_006809_id1_id16_0001,1,CelebDF,celeb_id59,train
vid_001149_14_15__walking_down_street_outside_angry__OMLZILK3,1,DFD,dfd_11,train
vid_003990_id53_0004,0,CelebDF,celeb_id49,val
vid_006197_id47_id41_0003,1,CelebDF,celeb_id39,test
vid_008248_id23_id30_0009,1,CelebDF,celeb_id59,train
vid_008095_id28_id3_0009,1,CelebDF,celeb_id59,train
vid_006729_id58_id49_0008,1,CelebDF,celeb_id49,val
vid_004902_id26_id37_0004,1,CelebDF,celeb_id59,train
vid_007167_id40_id41_0000,1,CelebDF,celeb_id39,test
vid_008131_id52_id56_0009,1,CelebDF,celeb_id49,val
vid_001624_28_05__exit_phone_room__U9LRLJ6N,1,DFD,dfd_05,test
vid_003675_00126,0,CelebDF,yt_00126,train
vid_001036_14_07__outside_talking_still_laughing__P9QFO50U,1,DFD,dfd_11,train
vid_003006_02_07__hugging_happy__O4SXNLRL,1,DFD,dfd_11,train
vid_009567_id2_id16_0007,1,CelebDF,celeb_id59,train
vid_000923_02_03__kitchen_still__ZESUJMM7,1,DFD,dfd_11,train
vid_006233_id55_id56_0004,1,CelebDF,celeb_id49,val
vid_007321_id30_id2_0008,1,CelebDF,celeb_id59,train
vid_009948_id32_id33_0000,1,CelebDF,celeb_id59,train
vid_000319_13_12__secret_conversation__6G44TDN4,1,DFD,dfd_11,train
vid_007399_id3_id31_0004,1,CelebDF,celeb_id59,train
vid_004395_id23_id35_0003,1,CelebDF,celeb_id59,train
vid_004024_id12_0005,0,CelebDF,celeb_id59,train
vid_003434_00005,0,CelebDF,yt_00005,train
vid_003401_23__podium_speech_happy,0,DFD,dfd_10,val
vid_009902_id9_id17_0004,1,CelebDF,celeb_id59,train
vid_009117_id53_id54_0006,1,CelebDF,celeb_id49,val
vid_008710_id48_id47_0009,1,CelebDF,celeb_id39,test
vid_001838_11_01__outside_talking_still_laughing__18HYCC8C,1,DFD,dfd_11,train
vid_005477_id20_id9_0005,1,CelebDF,celeb_id59,train
vid_009813_id7_id11_0001,1,CelebDF,celeb_id59,train
vid_002000_20_26__outside_talking_pan_laughing__2VS0S1P5,1,DFD,dfd_11,train
vid_000783_11_21__walking_outside_cafe_disgusted__T7DK03O1,1,DFD,dfd_11,train
vid_009247_id9_id35_0001,1,CelebDF,celeb_id59,train
vid_002609_01_03__talking_angry_couch__ISF9SP4G,1,DFD,dfd_11,train
vid_005869_id31_id16_0000,1,CelebDF,celeb_id59,train
vid_004249_id47_0002,0,CelebDF,celeb_id39,test
vid_004770_id16_id28_0006,1,CelebDF,celeb_id59,train
vid_006392_id19_id28_0008,1,CelebDF,celeb_id59,train
vid_004245_id32_0008,0,CelebDF,celeb_id59,train
vid_002924_04_11__walking_outside_cafe_disgusted__8FD8U22M,1,DFD,dfd_11,train
vid_009281_id27_id19_0008,1,CelebDF,celeb_id59,train
vid_007030_id2_id31_0002,1,CelebDF,celeb_id59,train
vid_000849_19_10__exit_phone_room__IDX76N5R,1,DFD,dfd_10,val
vid_002025_09_27__outside_talking_still_laughing__RC9KATOO,1,DFD,dfd_11,train
vid_001178_27_14__kitchen_pan__0KSONKQ2,1,DFD,dfd_11,train
vid_007312_id27_id21_0001,1,CelebDF,celeb_id59,train
vid_007558_id56_id58_0000,1,CelebDF,celeb_id49,val
vid_008199_id37_id16_0006,1,CelebDF,celeb_id59,train
vid_006342_id23_id28_0005,1,CelebDF,celeb_id59,train
vid_001722_27_18__walk_down_hall_angry__BSOLX3SI,1,DFD,dfd_11,train
vid_004884_id0_id20_0004,1,CelebDF,celeb_id59,train
vid_008794_id2_id9_0001,1,CelebDF,celeb_id59,train
vid_000828_04_18__talking_against_wall__6J3ZFEJQ,1,DFD,dfd_11,train
vid_007736_id49_id52_0002,1,CelebDF,celeb_id49,val
vid_001560_15_04__walking_down_indoor_hall_disgust__46TJ9IOJ,1,DFD,dfd_11,train
vid_002825_02_07__exit_phone_room__9NVRE2KQ,1,DFD,dfd_11,train
vid_000648_23_22__walking_and_outside_surprised__J671JKCH,1,DFD,dfd_10,val
vid_000855_07_02__exit_phone_room__1KPVZAAP,1,DFD,dfd_11,train
vid_002241_18_09__walking_outside_cafe_disgusted__3VP8836C,1,DFD,dfd_11,train
vid_000953_21_15__exit_phone_room__87WSBJP3,1,DFD,dfd_11,train
vid_007896_id17_id26_0009,1,CelebDF,celeb_id59,train
vid_003954_id28_0006,0,CelebDF,celeb_id59,train
vid_004315_id17_0007,0,CelebDF,celeb_id59,train
vid_009336_id25_id23_0007,1,CelebDF,celeb_id59,train
vid_006515_id20_id16_0007,1,CelebDF,celeb_id59,train
vid_000504_09_02__kitchen_pan__HIH8YA82,1,DFD,dfd_11,train
vid_007391_id45_id40_0006,1,CelebDF,celeb_id39,test
vid_000358_15_26__walking_down_street_outside_angry__JHMUZFIJ,1,DFD,dfd_11,train
vid_000735_03_15__talking_angry_couch__5C1OMK8W,1,DFD,dfd_11,train
vid_003178_23__walking_and_outside_surprised,0,DFD,dfd_10,val
vid_006546_id49_id52_0005,1,CelebDF,celeb_id49,val
vid_000892_13_02__exit_phone_room__PLNVLO74,1,DFD,dfd_11,train
vid_007083_id37_id1_0007,1,CelebDF,celeb_id59,train
vid_003677_00171,0,CelebDF,yt_00171,train
vid_004305_id0_0005,0,CelebDF,celeb_id59,train
vid_009595_id21_id22_0005,1,CelebDF,celeb_id59,train
vid_001539_10_22__kitchen_pan__PUJR4HJ1,1,DFD,dfd_10,val
vid_009958_id16_id1_0004,1,CelebDF,celeb_id59,train
vid_007405_id16_id21_0003,1,CelebDF,celeb_id59,train
vid_008919_id23_id32_0006,1,CelebDF,celeb_id59,train
vid_001883_07_03__walking_outside_cafe_disgusted__IFSURI9X,1,DFD,dfd_11,train
vid_008327_id58_id57_0008,1,CelebDF,celeb_id49,val
vid_008509_id2_id23_0000,1,CelebDF,celeb_id59,train
vid_008563_id28_id33_0002,1,CelebDF,celeb_id59,train
vid_007446_id23_id30_0000,1,CelebDF,celeb_id59,train
vid_008439_id41_id47_0008,1,CelebDF,celeb_id39,test
vid_003595_00257,0,CelebDF,yt_00257,train
vid_000110_23_19__hugging_happy__WHQ1229T,1,DFD,dfd_10,val
vid_000038_14_26__secret_conversation__SU8SAHTT,1,DFD,dfd_11,train
vid_006472_id20_id24_0005,1,CelebDF,celeb_id59,train
vid_005994_id3_id1_0005,1,CelebDF,celeb_id59,train
vid_007690_id23_id21_0006,1,CelebDF,celeb_id59,train
vid_006321_id0_id3_0009,1,CelebDF,celeb_id59,train
vid_005067_id27_id23_0007,1,CelebDF,celeb_id59,train
vid_004931_id2_id1_0004,1,CelebDF,celeb_id59,train
vid_001185_22_10__exit_phone_room__8YQ2EUQP,1,DFD,dfd_10,val
vid_001121_06_03__walk_down_hall_angry__1IXGY2FK,1,DFD,dfd_11,train
vid_005445_id31_id21_0006,1,CelebDF,celeb_id59,train
vid_004799_id29_id20_0009,1,CelebDF,celeb_id59,train
vid_008650_id30_id29_0006,1,CelebDF,celeb_id59,train
vid_000601_06_02__walking_and_outside_surprised__MKZTXQ2T,1,DFD,dfd_11,train
vid_004422_id2_id20_0008,1,CelebDF,celeb_id59,train
vid_007099_id16_id17_0013,1,CelebDF,celeb_id59,train
vid_005036_id35_id32_0008,1,CelebDF,celeb_id59,train
vid_000644_18_27__kitchen_pan__BSOLX3SI,1,DFD,dfd_11,train
vid_008797_id6_id37_0007,1,CelebDF,celeb_id59,train
vid_003315_21__walk_down_hall_angry,0,DFD,dfd_11,train
vid_004440_id26_id27_0008,1,CelebDF,celeb_id59,train
vid_000179_03_14__walking_and_outside_surprised__H0VQHGS3,1,DFD,dfd_11,train
vid_003938_id44_0004,0,CelebDF,celeb_id39,test
vid_005661_id8_id5_0008,1,CelebDF,celeb_id59,train
vid_000295_22_10__walk_down_hall_angry__G48B2EQ2,1,DFD,dfd_10,val
vid_007127_id56_id50_0002,1,CelebDF,celeb_id49,val
vid_007168_id26_id35_0000,1,CelebDF,celeb_id59,train
vid_008461_id49_id55_0000,1,CelebDF,celeb_id49,val
vid_009662_id31_id38_0008,1,CelebDF,celeb_id59,train
vid_004139_id45_0006,0,CelebDF,celeb_id39,test
vid_007611_id29_id20_0000,1,CelebDF,celeb_id59,train
vid_000777_02_15__walk_down_hall_angry__HTG660F8,1,DFD,dfd_11,train
vid_002465_02_14__walking_and_outside_surprised__3IUBEKCT,1,DFD,dfd_11,train
vid_004650_id22_id21_0004,1,CelebDF,celeb_id59,train
vid_008348_id3_id17_0001,1,CelebDF,celeb_id59,train
vid_000092_04_02__secret_conversation__8CH7R4LW,1,DFD,dfd_11,train
vid_001043_07_21__exit_phone_room__MKU99DVX,1,DFD,dfd_11,train
vid_004910_id50_id53_0005,1,CelebDF,celeb_id49,val
vid_000605_02_21__outside_talking_still_laughing__Z0XHPQAR,1,DFD,dfd_11,train
vid_007143_id6_id3_0006,1,CelebDF,celeb_id59,train
vid_009426_id22_id24_0003,1,CelebDF,celeb_id59,train
vid_007407_id21_id38_0001,1,CelebDF,celeb_id59,train
vid_005929_id17_id9_0007,1,CelebDF,celeb_id59,train
vid_002450_19_23__talking_angry_couch__WHQ1229T,1,DFD,dfd_10,val
vid_005776_id26_id27_0003,1,CelebDF,celeb_id59,train
vid_000284_06_18__talking_against_wall__DEA1TCLN,1,DFD,dfd_11,train
vid_002469_01_27__meeting_serious__ZYCZ30C0,1,DFD,dfd_11,train
vid_009427_id3_id28_0009,1,CelebDF,celeb_id59,train
vid_007909_id9_id16_0003,1,CelebDF,celeb_id59,train
vid_000087_14_02__outside_talking_pan_laughing__3IUBEKCT,1,DFD,dfd_11,train
vid_007534_id27_id25_0001,1,CelebDF,celeb_id59,train
vid_001922_25_07__outside_talking_pan_laughing__IKMKYKPG,1,DFD,dfd_11,train
vid_008163_id40_id48_0008,1,CelebDF,celeb_id39,test
vid_008786_id55_id54_0009,1,CelebDF,celeb_id49,val
vid_001854_14_21__secret_conversation__IRKML4J0,1,DFD,dfd_11,train
vid_005097_id1_id17_0005,1,CelebDF,celeb_id59,train
vid_008617_id31_id17_0007,1,CelebDF,celeb_id59,train
vid_004491_id50_id52_0007,1,CelebDF,celeb_id49,val
vid_007561_id53_id55_0009,1,CelebDF,celeb_id49,val
vid_005035_id43_id45_0004,1,CelebDF,celeb_id39,test
vid_007395_id28_id26_0008,1,CelebDF,celeb_id59,train
vid_004798_id34_id35_0003,1,CelebDF,celeb_id59,train
vid_008838_id38_id34_0000,1,CelebDF,celeb_id59,train
vid_000252_18_26__exit_phone_room__AI94QW74,1,DFD,dfd_11,train
vid_002216_09_26__walking_down_street_outside_angry__QSE5A0GF,1,DFD,dfd_11,train
vid_004596_id38_id29_0008,1,CelebDF,celeb_id59,train
vid_009174_id46_id47_0003,1,CelebDF,celeb_id39,test
vid_005920_id21_id33_0000,1,CelebDF,celeb_id59,train
vid_005280_id50_id51_0002,1,CelebDF,celeb_id49,val
vid_001344_06_14__outside_talking_still_laughing__8U9ULZDT,1,DFD,dfd_11,train
vid_005939_id28_id9_0002,1,CelebDF,celeb_id59,train
vid_007998_id47_id45_0008,1,CelebDF,celeb_id39,test
vid_008683_id8_id7_0002,1,CelebDF,celeb_id59,train
vid_005017_id51_id58_0008,1,CelebDF,celeb_id49,val
vid_004179_id31_0004,0,CelebDF,celeb_id59,train
vid_008812_id35_id30_0008,1,CelebDF,celeb_id59,train
vid_009916_id22_id28_0005,1,CelebDF,celeb_id59,train
vid_007716_id21_id25_0009,1,CelebDF,celeb_id59,train
vid_005256_id1_id28_0001,1,CelebDF,celeb_id59,train
vid_002553_03_15__kitchen_pan__DNUJD8M2,1,DFD,dfd_11,train
vid_003260_24__walking_down_street_outside_angry,0,DFD,dfd_10,val
vid_004040_id20_0001,0,CelebDF,celeb_id59,train
vid_009107_id23_id22_0003,1,CelebDF,celeb_id59,train
vid_001914_02_15__walking_and_outside_surprised__MZWH8ATN,1,DFD,dfd_11,train
vid_006710_id48_id40_0008,1,CelebDF,celeb_id39,test
vid_007799_id4_id1_0009,1,CelebDF,celeb_id59,train
vid_005337_id0_id3_0000,1,CelebDF,celeb_id59,train
vid_004259_id25_0009,0,CelebDF,celeb_id59,train
vid_001833_14_18__walking_and_outside_surprised__6SB2BR0A,1,DFD,dfd_11,train
vid_008413_id20_id37_0006,1,CelebDF,celeb_id59,train
vid_003321_12__kitchen_pan,0,DFD,dfd_11,train
vid_006442_id21_id20_0009,1,CelebDF,celeb_id59,train
vid_002271_12_02__outside_talking_pan_laughing__9D2ZHEKW,1,DFD,dfd_11,train
vid_004106_id19_0003,0,CelebDF,celeb_id59,train
vid_003507_00141,0,CelebDF,yt_00141,train
vid_008458_id41_id40_0009,1,CelebDF,celeb_id39,test
vid_008993_id55_id51_0007,1,CelebDF,celeb_id49,val
vid_004997_id25_id26_0006,1,CelebDF,celeb_id59,train
vid_000333_01_12__outside_talking_still_laughing__TNI7KUZ6,1,DFD,dfd_11,train
vid_006415_id30_id2_0000,1,CelebDF,celeb_id59,train
vid_006496_id9_id23_0002,1,CelebDF,celeb_id59,train
vid_000040_03_09__secret_conversation__RCETIXYL,1,DFD,dfd_11,train
vid_008450_id21_id29_0000,1,CelebDF,celeb_id59,train
vid_008753_id2_id17_0007,1,CelebDF,celeb_id59,train
vid_006531_id19_id28_0009,1,CelebDF,celeb_id59,train
vid_007090_id30_id37_0008,1,CelebDF,celeb_id59,train
vid_007781_id51_id55_0006,1,CelebDF,celeb_id49,val
vid_004285_id17_0004,0,CelebDF,celeb_id59,train
vid_004072_id59_0001,0,CelebDF,celeb_id59,train
vid_002753_25_26__podium_speech_happy__0UFFR3U1,1,DFD,dfd_11,train
vid_006843_id51_id56_0007,1,CelebDF,celeb_id49,val
vid_005095_id5_id59_0004,1,CelebDF,celeb_id59,train
vid_001458_26_12__outside_talking_pan_laughing__OVOQACG8,1,DFD,dfd_11,train
vid_002380_17_05__hugging_happy__C4VHXZFY,1,DFD,dfd_05,test
vid_008989_id47_id45_0003,1,CelebDF,celeb_id39,test
vid_007702_id48_id40_0005,1,CelebDF,celeb_id39,test
vid_003256_18__exit_phone_room,0,DFD,dfd_11,train
vid_000131_03_15__meeting_serious__Q14RO7M7,1,DFD,dfd_11,train
vid_001032_26_04__walking_outside_cafe_disgusted__MS2MLJP1,1,DFD,dfd_11,train
vid_009141_id10_id7_0004,1,CelebDF,celeb_id59,train
vid_003937_id57_0007,0,CelebDF,celeb_id49,val
vid_007289_id30_id34_0003,1,CelebDF,celeb_id59,train
vid_009853_id16_id37_0003,1,CelebDF,celeb_id59,train
vid_009917_id33_id20_0005,1,CelebDF,celeb_id59,train
vid_005181_id30_id23_0003,1,CelebDF,celeb_id59,train
vid_005493_id55_id57_0005,1,CelebDF,celeb_id49,val
vid_006841_id38_id20_0000,1,CelebDF,celeb_id59,train
vid_007479_id27_id26_0002,1,CelebDF,celeb_id59,train
vid_005665_id21_id23_0009,1,CelebDF,celeb_id59,train
vid_000846_25_18__podium_speech_happy__SEGFKFJG,1,DFD,dfd_11,train
vid_006775_id58_id52_0008,1,CelebDF,celeb_id49,val
vid_003288_19__kitchen_pan,0,DFD,dfd_10,val
vid_009829_id27_id26_0008,1,CelebDF,celeb_id59,train
vid_001711_26_25__outside_talking_still_laughing__7ZRKCFMS,1,DFD,dfd_11,train
vid_001851_09_11__talking_against_wall__INNOT5UE,1,DFD,dfd_11,train
vid_008615_id59_id5_0004,1,CelebDF,celeb_id59,train
vid_005791_id1_id30_0005,1,CelebDF,celeb_id59,train
vid_007659_id2_id35_0004,1,CelebDF,celeb_id59,train
vid_007249_id31_id17_0005,1,CelebDF,celeb_id59,train
vid_002702_08_28__kitchen_pan__LVT0XNQG,1,DFD,dfd_05,test
vid_006136_id8_id3_0007,1,CelebDF,celeb_id59,train
vid_004747_id42_id45_0000,1,CelebDF,celeb_id39,test
vid_006865_id21_id2_0007,1,CelebDF,celeb_id59,train
vid_005381_id16_id37_0002,1,CelebDF,celeb_id59,train
vid_002828_25_12__secret_conversation__MA71PDNV,1,DFD,dfd_11,train
vid_007704_id26_id19_0005,1,CelebDF,celeb_id59,train
vid_003933_id59_0006,0,CelebDF,celeb_id59,train
vid_007087_id21_id31_0005,1,CelebDF,celeb_id59,train
vid_004860_id3_id21_0006,1,CelebDF,celeb_id59,train
vid_002929_06_18__walking_outside_cafe_disgusted__OWJY9LQU,1,DFD,dfd_11,train
vid_001094_18_02__walking_down_street_outside_angry__21JTDDEL,1,DFD,dfd_11,train
vid_007329_id16_id1_0012,1,CelebDF,celeb_id59,train
vid_007021_id30_id21_0004,1,CelebDF,celeb_id59,train
vid_000396_02_15__meeting_serious__MZWH8ATN,1,DFD,dfd_11,train
vid_002493_14_12__podium_speech_happy__Z7EWFA0P,1,DFD,dfd_11,train
vid_000837_03_18__podium_speech_happy__22UBC0BS,1,DFD,dfd_11,train
vid_007505_id22_id27_0003,1,CelebDF,celeb_id59,train
vid_003555_00169,0,CelebDF,yt_00169,train
vid_004728_id40_id48_0009,1,CelebDF,celeb_id39,test
vid_003766_id50_0000,0,CelebDF,celeb_id49,val
vid_005047_id31_id20_0005,1,CelebDF,celeb_id59,train
vid_006396_id26_id25_0008,1,CelebDF,celeb_id59,train
vid_007714_id16_id1_0000,1,CelebDF,celeb_id59,train
vid_009331_id54_id53_0003,1,CelebDF,celeb_id49,val
vid_002943_18_03__exit_phone_room__22UBC0BS,1,DFD,dfd_11,train
vid_000913_13_02__outside_talking_still_laughing__CP5HFV3K,1,DFD,dfd_11,train
vid_000420_11_26__outside_talking_still_laughing__ALJ0OHNM,1,DFD,dfd_11,train
vid_002163_07_14__secret_conversation__P9QFO50U,1,DFD,dfd_11,train
vid_003066_20_13__kitchen_still__2994SNXH,1,DFD,dfd_11,train
vid_007028_id35_id17_0001,1,CelebDF,celeb_id59,train
vid_006384_id37_id4_0008,1,CelebDF,celeb_id59,train
vid_002743_18_14__kitchen_still__A5A1Q467,1,DFD,dfd_11,train
vid_006298_id43_id39_0002,1,CelebDF,celeb_id39,test
vid_006358_id2_id26_0006,1,CelebDF,celeb_id59,train
vid_004635_id37_id6_0002,1,CelebDF,celeb_id59,train
vid_000064_20_25__exit_phone_room__MUS0X71T,1,DFD,dfd_11,train
vid_004721_id40_id48_0002,1,CelebDF,celeb_id39,test
vid_009654_id9_id0_0009,1,CelebDF,celeb_id59,train
vid_007393_id3_id37_0000,1,CelebDF,celeb_id59,train
vid_004961_id20_id35_0009,1,CelebDF,celeb_id59,train
vid_001260_27_06__hugging_happy__S3T7SK9O,1,DFD,dfd_11,train
vid_007628_id31_id3_0001,1,CelebDF,celeb_id59,train
vid_007519_id21_id1_0007,1,CelebDF,celeb_id59,train
vid_005873_id46_id45_0003,1,CelebDF,celeb_id39,test
vid_008256_id5_id60_0008,1,CelebDF,celeb_id59,train
vid_002634_14_07__outside_talking_pan_laughing__P9QFO50U,1,DFD,dfd_11,train
vid_000058_02_06__walking_and_outside_surprised__O9WOC1KJ,1,DFD,dfd_11,train
vid_001709_14_03__kitchen_still__Q9NSXM88,1,DFD,dfd_11,train
vid_004441_id33_id31_0000,1,CelebDF,celeb_id59,train
vid_005707_id51_id58_0005,1,CelebDF,celeb_id49,val
vid_008868_id13_id10_0001,1,CelebDF,celeb_id59,train
vid_002896_03_21__outside_talking_pan_laughing__YCSEBZO4,1,DFD,dfd_11,train
vid_006701_id33_id29_0005,1,CelebDF,celeb_id59,train
vid_008987_id24_id23_0003,1,CelebDF,celeb_id59,train
vid_002273_04_01__talking_angry_couch__0XUW13RW,1,DFD,dfd_11,train
vid_006958_id26_id6_0006,1,CelebDF,celeb_id59,train
vid_003640_00212,0,CelebDF,yt_00212,train
vid_009531_id33_id20_0004,1,CelebDF,celeb_id59,train
vid_005452_id45_id39_0004,1,CelebDF,celeb_id39,test
vid_006173_id54_id56_0003,1,CelebDF,celeb_id49,val
vid_000306_12_21__secret_conversation__J54W3PV1,1,DFD,dfd_11,train
vid_007238_id9_id30_0009,1,CelebDF,celeb_id59,train
vid_008527_id60_id5_0009,1,CelebDF,celeb_id59,train
vid_004561_id6_id2_0001,1,CelebDF,celeb_id59,train
vid_006732_id46_id45_0005,1,CelebDF,celeb_id39,test
vid_009716_id28_id30_0005,1,CelebDF,celeb_id59,train
vid_004111_id29_0005,0,CelebDF,celeb_id59,train
vid_001856_26_07__outside_talking_pan_laughing__FGNGC2GT,1,DFD,dfd_11,train
vid_002097_21_03__outside_talking_pan_laughing__YCSEBZO4,1,DFD,dfd_11,train
vid_005165_id3_id4_0008,1,CelebDF,celeb_id59,train
vid_004903_id40_id43_0003,1,CelebDF,celeb_id39,test
vid_008937_id54_id49_0004,1,CelebDF,celeb_id49,val
vid_004552_id51_id54_0007,1,CelebDF,celeb_id49,val
vid_006851_id26_id28_0000,1,CelebDF,celeb_id59,train
vid_002127_27_03__podium_speech_happy__72BPN7A1,1,DFD,dfd_11,train
vid_009235_id30_id4_0005,1,CelebDF,celeb_id59,train
vid_002880_04_13__secret_conversation__00T3UYOR,1,DFD,dfd_11,train
vid_000715_02_06__talking_angry_couch__MKZTXQ2T,1,DFD,dfd_11,train
vid_001329_06_12__walk_down_hall_angry__3K21NFNM,1,DFD,dfd_11,train
vid_005999_id26_id2_0009,1,CelebDF,celeb_id59,train
vid_008053_id54_id57_0005,1,CelebDF,celeb_id49,val
vid_001445_19_24__outside_talking_still_laughing__DL7X7M6I,1,DFD,dfd_10,val
vid_002799_06_14__outside_talking_pan_laughing__8U9ULZDT,1,DFD,dfd_11,train
vid_001678_25_09__walking_outside_cafe_disgusted__ODAQ7BZL,1,DFD,dfd_11,train
vid_005370_id27_id19_0007,1,CelebDF,celeb_id59,train
vid_007531_id40_id46_0007,1,CelebDF,celeb_id39,test
vid_002920_12_06__outside_talking_still_laughing__3K21NFNM,1,DFD,dfd_11,train
vid_008226_id0_id26_0009,1,CelebDF,celeb_id59,train
vid_001864_03_06__kitchen_pan__1IXGY2FK,1,DFD,dfd_11,train
vid_004126_id57_0001,0,CelebDF,celeb_id49,val
vid_005354_id27_id25_0004,1,CelebDF,celeb_id59,train
vid_002519_10_22__walking_down_street_outside_angry__1TXK09OY,1,DFD,dfd_10,val
vid_004550_id53_id49_0009,1,CelebDF,celeb_id49,val
vid_000582_03_07__kitchen_pan__WPT3Z2KN,1,DFD,dfd_11,train
vid_005455_id45_id46_0009,1,CelebDF,celeb_id39,test
vid_008278_id10_id7_0003,1,CelebDF,celeb_id59,train
vid_002541_21_02__talking_angry_couch__Z0XHPQAR,1,DFD,dfd_11,train
vid_009842_id24_id21_0004,1,CelebDF,celeb_id59,train
vid_007349_id20_id32_0001,1,CelebDF,celeb_id59,train
vid_003375_25__outside_talking_still_laughing,0,DFD,dfd_11,train
vid_001152_02_06__meeting_serious__0M6JNS5D,1,DFD,dfd_11,train
vid_009830_id28_id37_0000,1,CelebDF,celeb_id59,train
vid_008389_id23_id32_0005,1,CelebDF,celeb_id59,train
vid_001557_07_20__walk_down_hall_angry__KV6Q7D6C,1,DFD,dfd_11,train
vid_007428_id37_id34_0002,1,CelebDF,celeb_id59,train
vid_007118_id6_id1_0000,1,CelebDF,celeb_id59,train
vid_004224_id16_0004,0,CelebDF,celeb_id59,train
vid_000658_18_06__kitchen_pan__XJ76YU5A,1,DFD,dfd_11,train
vid_005350_id12_id7_0005,1,CelebDF,celeb_id59,train
vid_006793_id19_id24_0000,1,CelebDF,celeb_id59,train
vid_004616_id31_id2_0005,1,CelebDF,celeb_id59,train
vid_004218_id37_0006,0,CelebDF,celeb_id59,train
vid_001734_04_26__exit_phone_room__MS2MLJP1,1,DFD,dfd_11,train
vid_003316_25__secret_conversation,0,DFD,dfd_11,train
vid_002437_13_02__walking_down_street_outside_angry__0RKOCC6A,1,DFD,dfd_11,train
vid_009664_id2_id30_0002,1,CelebDF,celeb_id59,train
vid_003662_00017,0,CelebDF,yt_00017,train
vid_001708_06_02__walking_down_indoor_hall_disgust__GH8TGTBS,1,DFD,dfd_11,train
vid_003629_00088,0,CelebDF,yt_00088,train
vid_005940_id28_id2_0003,1,CelebDF,celeb_id59,train
vid_009734_id30_id29_0002,1,CelebDF,celeb_id59,train
vid_005309_id49_id57_0001,1,CelebDF,celeb_id49,val
vid_009616_id25_id19_0003,1,CelebDF,celeb_id59,train
vid_007660_id32_id21_0008,1,CelebDF,celeb_id59,train
vid_009536_id43_id44_0006,1,CelebDF,celeb_id39,test
vid_001439_13_12__hugging_happy__BFH4F0N8,1,DFD,dfd_11,train
vid_009638_id11_id7_0002,1,CelebDF,celeb_id59,train
vid_000721_02_06__kitchen_pan__O9WOC1KJ,1,DFD,dfd_11,train
vid_001325_20_26__secret_conversation__34DJQS3E,1,DFD,dfd_11,train
vid_005220_id21_id23_0000,1,CelebDF,celeb_id59,train
vid_005931_id48_id47_0001,1,CelebDF,celeb_id39,test
vid_005822_id4_id30_0004,1,CelebDF,celeb_id59,train
vid_005547_id32_id29_0002,1,CelebDF,celeb_id59,train
vid_000021_05_08__walk_down_hall_angry__PRBCE28Z,1,DFD,dfd_05,test
vid_007006_id23_id2_0002,1,CelebDF,celeb_id59,train
vid_006651_id0_id4_0006,1,CelebDF,celeb_id59,train
vid_000318_07_02__walk_down_hall_angry__U7DEOZNV,1,DFD,dfd_11,train
vid_002475_21_11__exit_phone_room__DTBJTNSN,1,DFD,dfd_11,train
vid_007107_id9_id2_0009,1,CelebDF,celeb_id59,train
vid_000937_04_15__walking_outside_cafe_disgusted__46TJ9IOJ,1,DFD,dfd_11,train
vid_005420_id21_id35_0000,1,CelebDF,celeb_id59,train
vid_006414_id1_id16_0000,1,CelebDF,celeb_id59,train
vid_006690_id2_id1_0003,1,CelebDF,celeb_id59,train
vid_005299_id21_id31_0002,1,CelebDF,celeb_id59,train
vid_001738_25_09__outside_talking_pan_laughing__ODAQ7BZL,1,DFD,dfd_11,train
vid_002416_06_18__kitchen_still__XJ76YU5A,1,DFD,dfd_11,train
vid_008198_id20_id21_0008,1,CelebDF,celeb_id59,train
vid_007468_id31_id34_0001,1,CelebDF,celeb_id59,train
vid_002951_02_06__outside_talking_pan_laughing__N8OSN8P6,1,DFD,dfd_11,train
vid_004505_id45_id43_0003,1,CelebDF,celeb_id39,test
vid_005724_id20_id24_0002,1,CelebDF,celeb_id59,train
vid_000394_21_03__outside_talking_still_laughing__YCSEBZO4,1,DFD,dfd_11,train
vid_001281_27_13__hugging_happy__A1OSUJE9,1,DFD,dfd_11,train
vid_007447_id28_id27_0004,1,CelebDF,celeb_id59,train
vid_008524_id28_id6_0002,1,CelebDF,celeb_id59,train
vid_009239_id23_id17_0004,1,CelebDF,celeb_id59,train
vid_003398_18__outside_talking_still_laughing,0,DFD,dfd_11,train
vid_008691_id1_id35_0003,1,CelebDF,celeb_id59,train
vid_009701_id28_id0_0001,1,CelebDF,celeb_id59,train
vid_002507_06_27__walking_outside_cafe_disgusted__S3T7SK9O,1,DFD,dfd_11,train
vid_000510_13_27__hugging_happy__A1OSUJE9,1,DFD,dfd_11,train
vid_003157_05__outside_talking_still_laughing,0,DFD,dfd_05,test
vid_007355_id30_id28_0007,1,CelebDF,celeb_id59,train
vid_006892_id4_id9_0007,1,CelebDF,celeb_id59,train
vid_000227_19_24__kitchen_still__0ZFOV5ZE,1,DFD,dfd_10,val
vid_006198_id21_id31_0009,1,CelebDF,celeb_id59,train
vid_001754_28_05__kitchen_pan__2DK5X0Y0,1,DFD,dfd_05,test
vid_002110_04_01__kitchen_still__GBC7ZGDP,1,DFD,dfd_11,train
vid_006207_id25_id21_0003,1,CelebDF,celeb_id59,train
vid_000004_26_01__kitchen_still__ZMEJ535O,1,DFD,dfd_11,train
vid_008420_id20_id17_0002,1,CelebDF,celeb_id59,train
vid_007140_id21_id33_0007,1,CelebDF,celeb_id59,train
vid_009768_id24_id28_0004,1,CelebDF,celeb_id59,train
vid_005998_id51_id49_0008,1,CelebDF,celeb_id49,val
vid_002790_21_09__kitchen_pan__WBPEX4CU,1,DFD,dfd_11,train
vid_005529_id52_id49_0002,1,CelebDF,celeb_id49,val
vid_001703_03_01__kitchen_still__JZUXXFRB,1,DFD,dfd_11,train
vid_007285_id47_id42_0003,1,CelebDF,celeb_id39,test
vid_008047_id20_id28_0001,1,CelebDF,celeb_id59,train
vid_001795_19_24__walk_down_hall_angry__W1DEM0XM,1,DFD,dfd_10,val
vid_002523_07_02__walk_down_hall_angry__O4SXNLRL,1,DFD,dfd_11,train
vid_008893_id1_id28_0000,1,CelebDF,celeb_id59,train
vid_003304_14__secret_conversation,0,DFD,dfd_11,train
vid_006837_id56_id55_0007,1,CelebDF,celeb_id49,val
vid_000232_19_24__outside_talking_pan_laughing__OF8LF68K,1,DFD,dfd_10,val
vid_003266_20__walking_down_street_outside_angry,0,DFD,dfd_11,train
vid_005858_id53_id58_0004,1,CelebDF,celeb_id49,val
vid_005855_id55_id49_0009,1,CelebDF,celeb_id49,val
vid_009414_id28_id33_0005,1,CelebDF,celeb_id59,train
vid_003067_06_14__hugging_happy__8U9ULZDT,1,DFD,dfd_11,train
vid_000922_18_26__secret_conversation__UMEX6HWU,1,DFD,dfd_11,train
vid_004340_id24_id19_0005,1,CelebDF,celeb_id59,train
vid_004408_id16_id26_0000,1,CelebDF,celeb_id59,train
vid_005982_id51_id55_0000,1,CelebDF,celeb_id49,val
vid_005549_id16_id20_0000,1,CelebDF,celeb_id59,train
vid_009588_id6_id35_0006,1,CelebDF,celeb_id59,train
vid_002526_04_21__secret_conversation__PRCQUMY8,1,DFD,dfd_11,train
vid_001183_16_08__podium_speech_happy__8Q7JCS95,1,DFD,dfd_05,test
vid_002572_01_04__kitchen_pan__GBC7ZGDP,1,DFD,dfd_11,train
vid_006877_id52_id53_0007,1,CelebDF,celeb_id49,val
vid_001843_03_09__walk_down_hall_angry__8DTEGQ54,1,DFD,dfd_11,train
vid_004745_id35_id6_0008,1,CelebDF,celeb_id59,train
vid_006100_id20_id35_0001,1,CelebDF,celeb_id59,train
vid_002226_01_26__meeting_serious__ZMEJ535O,1,DFD,dfd_11,train
vid_008528_id26_id33_0006,1,CelebDF,celeb_id59,train
vid_000001_10_23__outside_talking_pan_laughing__ZHJO34DY,1,DFD,dfd_10,val
vid_009121_id9_id37_0009,1,CelebDF,celeb_id59,train
vid_007437_id30_id2_0002,1,CelebDF,celeb_id59,train
vid_009863_id31_id6_0009,1,CelebDF,celeb_id59,train
vid_002516_12_21__talking_against_wall__J54W3PV1,1,DFD,dfd_11,train
vid_009951_id37_id30_0006,1,CelebDF,celeb_id59,train
vid_008169_id37_id30_0001,1,CelebDF,celeb_id59,train
vid_007559_id54_id50_0008,1,CelebDF,celeb_id49,val
vid_007851_id52_id54_0008,1,CelebDF,celeb_id49,val
vid_008717_id56_id58_0003,1,CelebDF,celeb_id49,val
vid_001093_13_26__podium_speech_happy__XRS5W2NC,1,DFD,dfd_11,train
vid_003505_00252,0,CelebDF,yt_00252,train
vid_007549_id30_id37_0007,1,CelebDF,celeb_id59,train
vid_004464_id2_id30_0000,1,CelebDF,celeb_id59,train
vid_007622_id56_id50_0001,1,CelebDF,celeb_id49,val
vid_007286_id32_id34_0006,1,CelebDF,celeb_id59,train
vid_002296_26_27__podium_speech_happy__IE9N0ZI9,1,DFD,dfd_11,train
vid_001420_07_02__outside_talking_pan_laughing__0IYV5DQ5,1,DFD,dfd_11,train
vid_009335_id56_id51_0001,1,CelebDF,celeb_id49,val
vid_002178_02_15__kitchen_pan__SB6PMCO0,1,DFD,dfd_11,train
vid_009177_id38_id23_0002,1,CelebDF,celeb_id59,train
vid_000823_03_15__walking_outside_cafe_disgusted__Y11NT1YX,1,DFD,dfd_11,train
vid_005495_id3_id28_0001,1,CelebDF,celeb_id59,train
vid_006258_id53_id57_0007,1,CelebDF,celeb_id49,val
vid_007231_id46_id41_0005,1,CelebDF,celeb_id39,test
vid_002749_12_26__talking_against_wall__OTKIGGFE,1,DFD,dfd_11,train
vid_005691_id39_id46_0004,1,CelebDF,celeb_id39,test
vid_003579_00233,0,CelebDF,yt_00233,train
vid_005475_id21_id30_0002,1,CelebDF,celeb_id59,train
vid_008401_id45_id41_0003,1,CelebDF,celeb_id39,test
vid_003053_18_03__kitchen_still__22UBC0BS,1,DFD,dfd_11,train
vid_008208_id35_id4_0008,1,CelebDF,celeb_id59,train
vid_000010_26_04__outside_talking_pan_laughing__MS2MLJP1,1,DFD,dfd_11,train
vid_006040_id23_id29_0007,1,CelebDF,celeb_id59,train
vid_003323_07__secret_conversation,0,DFD,dfd_11,train
vid_000697_15_07__hugging_happy__9Z2MLKVX,1,DFD,dfd_11,train
vid_001520_07_03__talking_against_wall__WPT3Z2KN,1,DFD,dfd_11,train
vid_004357_id17_id6_0004,1,CelebDF,celeb_id59,train
vid_000151_07_03__walking_outside_cafe_disgusted__WPT3Z2KN,1,DFD,dfd_11,train
vid_008510_id32_id31_0009,1,CelebDF,celeb_id59,train
vid_002679_01_20__outside_talking_still_laughing__6UBMLXK3,1,DFD,dfd_11,train
vid_009031_id10_id13_0005,1,CelebDF,celeb_id59,train
vid_006659_id17_id26_0005,1,CelebDF,celeb_id59,train
vid_003884_id10_0007,0,CelebDF,celeb_id59,train
vid_009744_id52_id55_0006,1,CelebDF,celeb_id49,val
vid_006409_id49_id50_0000,1,CelebDF,celeb_id49,val
vid_003470_00118,0,CelebDF,yt_00118,train
vid_002112_03_01__talking_angry_couch__JZUXXFRB,1,DFD,dfd_11,train
vid_006011_id16_id2_0009,1,CelebDF,celeb_id59,train
vid_003718_00061,0,CelebDF,yt_00061,train
vid_005546_id17_id16_0009,1,CelebDF,celeb_id59,train
vid_007650_id16_id35_0008,1,CelebDF,celeb_id59,train
vid_003215_21__kitchen_pan,0,DFD,dfd_11,train
vid_005383_id33_id28_0001,1,CelebDF,celeb_id59,train
vid_003047_20_13__talking_against_wall__43KAHOT2,1,DFD,dfd_11,train
vid_006811_id2_id20_0009,1,CelebDF,celeb_id59,train
vid_002092_12_02__hugging_happy__9D2ZHEKW,1,DFD,dfd_11,train
vid_006470_id49_id51_0008,1,CelebDF,celeb_id49,val
vid_003218_24__outside_talking_still_laughing,0,DFD,dfd_10,val
vid_003341_22__kitchen_still,0,DFD,dfd_10,val
vid_006762_id26_id32_0001,1,CelebDF,celeb_id59,train
vid_002205_13_02__hugging_happy__PLNVLO74,1,DFD,dfd_11,train
vid_006833_id37_id29_0000,1,CelebDF,celeb_id59,train
vid_006682_id34_id23_0008,1,CelebDF,celeb_id59,train
vid_002841_01_09__talking_angry_couch__O8HNNX43,1,DFD,dfd_11,train
vid_004531_id47_id45_0002,1,CelebDF,celeb_id39,test
vid_004339_id37_id9_0001,1,CelebDF,celeb_id59,train
vid_005207_id35_id26_0000,1,CelebDF,celeb_id59,train
vid_006923_id43_id40_0003,1,CelebDF,celeb_id39,test
vid_003722_00288,0,CelebDF,yt_00288,train
vid_000523_22_23__secret_conversation__J8JK3NBV,1,DFD,dfd_10,val
vid_004234_id4_0009,0,CelebDF,celeb_id59,train
vid_003102_23__outside_talking_still_laughing,0,DFD,dfd_10,val
vid_000134_27_02__walking_down_indoor_hall_disgust__3L1MLH3D,1,DFD,dfd_11,train
vid_000452_07_12__outside_talking_pan_laughing__0VN0A2T3,1,DFD,dfd_11,train
vid_009915_id3_id9_0009,1,CelebDF,celeb_id59,train
vid_001042_20_03__walk_down_hall_angry__61SVZ2J7,1,DFD,dfd_11,train
vid_003028_15_02__talking_against_wall__TN2CWM3K,1,DFD,dfd_11,train
vid_003920_id48_0008,0,CelebDF,celeb_id39,test
vid_009002_id51_id54_0004,1,CelebDF,celeb_id49,val
vid_002947_09_18__exit_phone_room__3VP8836C,1,DFD,dfd_11,train
vid_007494_id34_id37_0008,1,CelebDF,celeb_id59,train
vid_009564_id5_id59_0001,1,CelebDF,celeb_id59,train
vid_004227_id36_0002,0,CelebDF,celeb_id36,train
vid_004032_id4_0007,0,CelebDF,celeb_id59,train
vid_006982_id35_id28_0006,1,CelebDF,celeb_id59,train
vid_002846_09_01__talking_against_wall__O8HNNX43,1,DFD,dfd_11,train
vid_001638_13_27__walking_outside_cafe_disgusted__A1OSUJE9,1,DFD,dfd_11,train
vid_002600_02_06__walking_down_indoor_hall_disgust__HZAXM70B,1,DFD,dfd_11,train
vid_006431_id4_id28_0006,1,CelebDF,celeb_id59,train
vid_008788_id37_id2_0004,1,CelebDF,celeb_id59,train
vid_007056_id48_id44_0004,1,CelebDF,celeb_id39,test
vid_000468_27_15__kitchen_pan__2ERUWYH8,1,DFD,dfd_11,train
vid_007734_id39_id42_0004,1,CelebDF,celeb_id39,test
vid_003753_id19_0008,0,CelebDF,celeb_id59,train
vid_000817_01_20__outside_talking_pan_laughing__6UBMLXK3,1,DFD,dfd_11,train
vid_008174_id34_id29_0002,1,CelebDF,celeb_id59,train
vid_002638_03_06__podium_speech_happy__2XWC5JED,1,DFD,dfd_11,train
vid_006015_id17_id1_0000,1,CelebDF,celeb_id59,train
vid_001777_14_03__secret_conversation__0O9TTCJT,1,DFD,dfd_11,train
vid_008562_id30_id32_0008,1,CelebDF,celeb_id59,train
vid_004661_id50_id55_0001,1,CelebDF,celeb_id49,val
vid_006047_id3_id2_0009,1,CelebDF,celeb_id59,train
vid_006772_id58_id51_0003,1,CelebDF,celeb_id49,val
vid_001315_25_07__walking_down_street_outside_angry__IKMKYKPG,1,DFD,dfd_11,train
vid_008291_id37_id4_0001,1,CelebDF,celeb_id59,train
vid_003421_12__walk_down_hall_angry,0,DFD,dfd_11,train
vid_008181_id10_id13_0008,1,CelebDF,celeb_id59,train
vid_004925_id37_id3_0009,1,CelebDF,celeb_id59,train
vid_002892_06_18__exit_phone_room__XJ76YU5A,1,DFD,dfd_11,train
vid_009259_id38_id30_0006,1,CelebDF,celeb_id59,train
vid_002922_08_05__podium_speech_happy__PRBCE28Z,1,DFD,dfd_05,test
vid_006567_id50_id52_0002,1,CelebDF,celeb_id49,val
vid_007849_id20_id37_0007,1,CelebDF,celeb_id59,train
vid_007566_id56_id57_0009,1,CelebDF,celeb_id49,val
vid_005913_id29_id30_0006,1,CelebDF,celeb_id59,train
vid_003075_14__kitchen_pan,0,DFD,dfd_11,train
vid_008591_id16_id30_0013,1,CelebDF,celeb_id59,train
vid_004887_id1_id31_0001,1,CelebDF,celeb_id59,train
vid_003294_20__podium_speech_happy,0,DFD,dfd_11,train
vid_009609_id48_id43_0005,1,CelebDF,celeb_id39,test
vid_006097_id6_id21_0001,1,CelebDF,celeb_id59,train
vid_007177_id47_id42_0004,1,CelebDF,celeb_id39,test
vid_006997_id4_id6_0009,1,CelebDF,celeb_id59,train
vid_008908_id23_id29_0000,1,CelebDF,celeb_id59,train
vid_003391_06__podium_speech_happy,0,DFD,dfd_11,train
vid_003934_id22_0000,0,CelebDF,celeb_id59,train
vid_003950_id43_0008,0,CelebDF,celeb_id39,test
vid_001758_15_06__walking_and_outside_surprised__E98QYYXO,1,DFD,dfd_11,train
vid_001585_03_07__outside_talking_still_laughing__W3MXGEU9,1,DFD,dfd_11,train
vid_000896_12_13__walking_down_street_outside_angry__2TM4IFSF,1,DFD,dfd_11,train
vid_003647_00165,0,CelebDF,yt_00165,train
vid_001442_03_15__podium_speech_happy__DG8ITQO3,1,DFD,dfd_11,train
vid_002128_21_09__exit_phone_room__JEELOMN2,1,DFD,dfd_11,train
vid_000210_25_21__outside_talking_pan_laughing__NFBISHIN,1,DFD,dfd_11,train
vid_008673_id22_id24_0002,1,CelebDF,celeb_id59,train
vid_007282_id29_id38_0001,1,CelebDF,celeb_id59,train
vid_000283_07_25__talking_angry_couch__LZYKF7LK,1,DFD,dfd_11,train
vid_008624_id61_id60_0005,1,CelebDF,celeb_id59,train
vid_004643_id30_id17_0000,1,CelebDF,celeb_id59,train
vid_007679_id3_id17_0000,1,CelebDF,celeb_id59,train
vid_001141_27_25__meeting_serious__GNIMW95Z,1,DFD,dfd_11,train
vid_003220_08__walk_down_hall_angry,0,DFD,dfd_05,test
vid_000301_27_02__podium_speech_happy__6GC9HY9J,1,DFD,dfd_11,train
vid_005177_id1_id30_0006,1,CelebDF,celeb_id59,train
vid_003774_id34_0007,0,CelebDF,celeb_id59,train
vid_005440_id37_id6_0008,1,CelebDF,celeb_id59,train
vid_007698_id41_id44_0005,1,CelebDF,celeb_id39,test
vid_003586_00087,0,CelebDF,yt_00087,train
vid_006767_id41_id47_0000,1,CelebDF,celeb_id39,test
vid_000248_07_06__podium_speech_happy__NMGYPBXE,1,DFD,dfd_11,train
vid_008238_id35_id3_0008,1,CelebDF,celeb_id59,train
vid_003219_06__walking_down_street_outside_angry,0,DFD,dfd_11,train
vid_000653_21_25__walking_and_outside_surprised__NFBISHIN,1,DFD,dfd_11,train
vid_001154_14_07__walking_down_street_outside_angry__VOX29AK0,1,DFD,dfd_11,train
vid_008883_id48_id42_0004,1,CelebDF,celeb_id39,test
vid_006287_id33_id37_0006,1,CelebDF,celeb_id59,train
vid_008844_id37_id28_0000,1,CelebDF,celeb_id59,train
vid_003508_00198,0,CelebDF,yt_00198,train
vid_007298_id1_id0_0000,1,CelebDF,celeb_id59,train
vid_001422_02_15__walking_down_street_outside_angry__MZWH8ATN,1,DFD,dfd_11,train
vid_002449_21_20__walking_down_street_outside_angry__ZCB5OMEW,1,DFD,dfd_11,train
vid_000585_02_18__secret_conversation__B95S4G6F,1,DFD,dfd_11,train
vid_008543_id35_id20_0002,1,CelebDF,celeb_id59,train
vid_002251_09_20__talking_angry_couch__98NUQ3E6,1,DFD,dfd_11,train
vid_007061_id17_id6_0000,1,CelebDF,celeb_id59,train
vid_001452_13_26__talking_against_wall__U5ELHUN5,1,DFD,dfd_11,train
vid_007018_id52_id57_0000,1,CelebDF,celeb_id49,val
vid_005721_id30_id6_0009,1,CelebDF,celeb_id59,train
vid_004313_id32_0005,0,CelebDF,celeb_id59,train
vid_003501_00097,0,CelebDF,yt_00097,train
vid_001479_01_11__outside_talking_still_laughing__9229VVZ3,1,DFD,dfd_11,train
vid_000942_13_14__outside_talking_pan_laughing__KMQ3AW6A,1,DFD,dfd_11,train
vid_005538_id10_id11_0002,1,CelebDF,celeb_id59,train
vid_001884_12_15__kitchen_pan__RK17XFJ9,1,DFD,dfd_11,train
vid_000549_01_11__talking_against_wall__9229VVZ3,1,DFD,dfd_11,train
vid_004540_id6_id31_0008,1,CelebDF,celeb_id59,train
vid_002341_01_15__meeting_serious__02HILKYO,1,DFD,dfd_11,train
vid_004215_id57_0009,0,CelebDF,celeb_id49,val
vid_006043_id17_id21_0007,1,CelebDF,celeb_id59,train
vid_002773_01_14__walking_outside_cafe_disgusted__01YF7VQM,1,DFD,dfd_11,train
vid_006037_id60_id59_0005,1,CelebDF,celeb_id59,train
vid_008830_id39_id46_0002,1,CelebDF,celeb_id39,test
vid_007454_id53_id49_0001,1,CelebDF,celeb_id49,val
vid_006822_id24_id20_0000,1,CelebDF,celeb_id59,train
vid_004778_id55_id49_0006,1,CelebDF,celeb_id49,val
vid_003885_id16_0002,0,CelebDF,celeb_id59,train
vid_007726_id48_id45_0004,1,CelebDF,celeb_id39,test
vid_002170_03_18__meeting_serious__N72YE748,1,DFD,dfd_11,train
vid_004331_id43_id45_0000,1,CelebDF,celeb_id39,test
vid_004163_id53_0003,0,CelebDF,celeb_id49,val
vid_005446_id19_id27_0001,1,CelebDF,celeb_id59,train
vid_003550_00163,0,CelebDF,yt_00163,train
vid_003500_00291,0,CelebDF,yt_00291,train
vid_000412_01_11__hugging_happy__EKE2KNRE,1,DFD,dfd_11,train
vid_001163_18_11__outside_talking_pan_laughing__TRJUIS24,1,DFD,dfd_11,train
vid_001736_20_13__kitchen_still__EV1V4ZQV,1,DFD,dfd_11,train
vid_002278_18_12__talking_against_wall__IKH1LBBY,1,DFD,dfd_11,train
vid_002305_25_13__outside_talking_pan_laughing__PBM86HKZ,1,DFD,dfd_11,train
vid_006760_id1_id4_0004,1,CelebDF,celeb_id59,train
vid_004353_id28_id30_0007,1,CelebDF,celeb_id59,train
vid_002114_07_26__walking_down_street_outside_angry__FGNGC2GT,1,DFD,dfd_11,train
vid_006999_id20_id21_0001,1,CelebDF,celeb_id59,train
vid_001781_10_22__kitchen_pan__X803B18R,1,DFD,dfd_10,val
vid_004202_id40_0000,0,CelebDF,celeb_id39,test
vid_000513_11_18__walking_down_street_outside_angry__PT4YKO2R,1,DFD,dfd_11,train
vid_006820_id25_id28_0007,1,CelebDF,celeb_id59,train
vid_008708_id31_id30_0002,1,CelebDF,celeb_id59,train
vid_005039_id28_id2_0008,1,CelebDF,celeb_id59,train
vid_002233_03_13__walking_outside_cafe_disgusted__GBYWJW06,1,DFD,dfd_11,train
vid_008538_id37_id34_0006,1,CelebDF,celeb_id59,train
vid_001769_02_14__walking_outside_cafe_disgusted__3IUBEKCT,1,DFD,dfd_11,train
vid_007990_id21_id27_0000,1,CelebDF,celeb_id59,train
vid_001669_20_03__outside_talking_pan_laughing__61SVZ2J7,1,DFD,dfd_11,train
vid_009518_id48_id42_0003,1,CelebDF,celeb_id39,test
vid_006526_id29_id35_0002,1,CelebDF,celeb_id59,train
vid_000079_05_16__walk_down_hall_angry__V7BK27TX,1,DFD,dfd_05,test
vid_007814_id3_id23_0007,1,CelebDF,celeb_id59,train
vid_000736_14_21__walking_down_street_outside_angry__N0WM4GSV,1,DFD,dfd_11,train
vid_000786_28_08__walking_outside_cafe_disgusted__8BC35RFU,1,DFD,dfd_05,test
vid_008417_id41_id43_0005,1,CelebDF,celeb_id39,test
vid_009014_id56_id54_0000,1,CelebDF,celeb_id49,val
vid_001455_03_07__talking_against_wall__WPT3Z2KN,1,DFD,dfd_11,train
vid_000253_07_12__hugging_happy__X9X7FAZG,1,DFD,dfd_11,train
vid_004263_id53_0006,0,CelebDF,celeb_id49,val
vid_001550_18_15__kitchen_pan__V5VHLCOW,1,DFD,dfd_11,train
vid_004175_id0_0004,0,CelebDF,celeb_id59,train
vid_000097_12_15__walk_down_hall_angry__N0SRODQD,1,DFD,dfd_11,train
vid_004328_id26_id16_0006,1,CelebDF,celeb_id59,train
vid_001724_08_17__podium_speech_happy__ZCEYWYTC,1,DFD,dfd_05,test
vid_004337_id17_id2_0002,1,CelebDF,celeb_id59,train
vid_007008_id16_id3_0005,1,CelebDF,celeb_id59,train
vid_009914_id25_id27_0007,1,CelebDF,celeb_id59,train
vid_009132_id23_id34_0007,1,CelebDF,celeb_id59,train
vid_003998_id19_0002,0,CelebDF,celeb_id59,train
vid_006684_id43_id44_0003,1,CelebDF,celeb_id39,test
vid_009189_id6_id3_0002,1,CelebDF,celeb_id59,train
vid_007759_id40_id43_0005,1,CelebDF,celeb_id39,test
vid_001044_05_16__outside_talking_pan_laughing__053HPS1G,1,DFD,dfd_05,test
vid_001488_27_18__hugging_happy__NYHE8D0J,1,DFD,dfd_11,train
vid_009831_id46_id40_0009,1,CelebDF,celeb_id39,test
vid_009525_id1_id21_0000,1,CelebDF,celeb_id59,train
vid_001270_13_26__walking_outside_cafe_disgusted__SU8J9CBG,1,DFD,dfd_11,train
vid_005141_id28_id19_0003,1,CelebDF,celeb_id59,train
vid_005878_id39_id43_0004,1,CelebDF,celeb_id39,test
vid_006528_id17_id6_0007,1,CelebDF,celeb_id59,train
vid_007593_id52_id58_0007,1,CelebDF,celeb_id49,val
vid_000947_03_01__walking_and_outside_surprised__JZUXXFRB,1,DFD,dfd_11,train
vid_008746_id40_id43_0004,1,CelebDF,celeb_id39,test
vid_000189_27_18__talking_against_wall__3GLHD5MH,1,DFD,dfd_11,train
vid_003350_09__walk_down_hall_angry,0,DFD,dfd_11,train
vid_006316_id35_id6_0003,1,CelebDF,celeb_id59,train
vid_003789_id10_0001,0,CelebDF,celeb_id59,train
vid_009080_id0_id3_0008,1,CelebDF,celeb_id59,train
vid_004771_id35_id21_0007,1,CelebDF,celeb_id59,train
vid_006781_id45_id44_0005,1,CelebDF,celeb_id39,test
vid_001124_13_02__kitchen_still__2YSYT2N3,1,DFD,dfd_11,train
vid_001640_02_07__secret_conversation__1JCLEEBQ,1,DFD,dfd_11,train
vid_001147_26_20__secret_conversation__34DJQS3E,1,DFD,dfd_11,train
vid_000234_09_13__podium_speech_happy__8YDMHH02,1,DFD,dfd_11,train
vid_006685_id22_id21_0002,1,CelebDF,celeb_id59,train
vid_008719_id20_id28_0000,1,CelebDF,celeb_id59,train
vid_008068_id51_id57_0006,1,CelebDF,celeb_id49,val
vid_008998_id34_id26_0008,1,CelebDF,celeb_id59,train
vid_005429_id19_id26_0009,1,CelebDF,celeb_id59,train
vid_008031_id23_id21_0000,1,CelebDF,celeb_id59,train
vid_004120_id7_0004,0,CelebDF,celeb_id59,train
vid_000467_16_17__outside_talking_pan_laughing__EWJJTZHY,1,DFD,dfd_05,test
vid_004554_id26_id33_0002,1,CelebDF,celeb_id59,train
vid_001288_19_22__walk_down_hall_angry__VK6BF5NV,1,DFD,dfd_10,val
vid_006278_id4_id35_0005,1,CelebDF,celeb_id59,train
vid_005358_id26_id30_0001,1,CelebDF,celeb_id59,train
vid_000456_01_04__walking_down_street_outside_angry__0XUW13RW,1,DFD,dfd_11,train
vid_009467_id29_id30_0005,1,CelebDF,celeb_id59,train
vid_005942_id31_id1_0003,1,CelebDF,celeb_id59,train
vid_002140_22_10__outside_talking_still_laughing__J2HR5HKH,1,DFD,dfd_10,val
vid_000316_12_26__exit_phone_room__HEKDCIHW,1,DFD,dfd_11,train
vid_004933_id22_id24_0006,1,CelebDF,celeb_id59,train
vid_008553_id1_id37_0004,1,CelebDF,celeb_id59,train
vid_003285_06__exit_phone_room,0,DFD,dfd_11,train
vid_005044_id28_id20_0002,1,CelebDF,celeb_id59,train
vid_001687_13_09__walking_outside_cafe_disgusted__3GQ49P2J,1,DFD,dfd_11,train
vid_006721_id4_id1_0007,1,CelebDF,celeb_id59,train
vid_003517_00207,0,CelebDF,yt_00207,train
vid_003859_id30_0002,0,CelebDF,celeb_id59,train
vid_009347_id17_id30_0000,1,CelebDF,celeb_id59,train
vid_001610_02_15__talking_against_wall__HTG660F8,1,DFD,dfd_11,train
vid_006049_id26_id33_0001,1,CelebDF,celeb_id59,train
vid_004963_id49_id51_0006,1,CelebDF,celeb_id49,val
vid_001431_25_27__outside_talking_still_laughing__1KU29EUL,1,DFD,dfd_11,train
vid_004787_id4_id20_0000,1,CelebDF,celeb_id59,train
vid_003188_21__podium_speech_happy,0,DFD,dfd_11,train
vid_002353_18_11__walk_down_hall_angry__PT4YKO2R,1,DFD,dfd_11,train
vid_006695_id4_id31_0008,1,CelebDF,celeb_id59,train
vid_004335_id21_id4_0006,1,CelebDF,celeb_id59,train
vid_001910_12_26__secret_conversation__LI63E4TS,1,DFD,dfd_11,train
vid_005379_id4_id2_0004,1,CelebDF,celeb_id59,train
vid_004737_id27_id23_0001,1,CelebDF,celeb_id59,train
vid_008175_id21_id16_0001,1,CelebDF,celeb_id59,train
vid_006132_id46_id39_0008,1,CelebDF,celeb_id39,test
vid_008099_id29_id31_0006,1,CelebDF,celeb_id59,train
vid_006379_id56_id52_0003,1,CelebDF,celeb_id49,val
vid_006168_id32_id35_0004,1,CelebDF,celeb_id59,train
vid_001954_25_15__walking_down_street_outside_angry__BXVA6VQB,1,DFD,dfd_11,train
vid_002878_07_13__exit_phone_room__RVQCPCJF,1,DFD,dfd_11,train
vid_003561_00236,0,CelebDF,yt_00236,train
vid_002912_20_01__walking_and_outside_surprised__6UBMLXK3,1,DFD,dfd_11,train
vid_006599_id54_id58_0006,1,CelebDF,celeb_id49,val
vid_000635_04_26__kitchen_pan__WX836VLY,1,DFD,dfd_11,train
vid_006943_id47_id44_0002,1,CelebDF,celeb_id39,test
vid_007972_id51_id54_0009,1,CelebDF,celeb_id49,val
vid_001127_21_04__outside_talking_pan_laughing__HY1VWEJK,1,DFD,dfd_11,train
vid_000620_03_13__secret_conversation__GBYWJW06,1,DFD,dfd_11,train
vid_001513_03_18__kitchen_still__22UBC0BS,1,DFD,dfd_11,train
vid_003733_id37_0007,0,CelebDF,celeb_id59,train
vid_005434_id28_id17_0005,1,CelebDF,celeb_id59,train
vid_001062_02_15__outside_talking_still_laughing__SB6PMCO0,1,DFD,dfd_11,train
vid_009578_id37_id38_0005,1,CelebDF,celeb_id59,train
vid_000159_11_06__outside_talking_still_laughing__MX659QU8,1,DFD,dfd_11,train
vid_001839_09_02__exit_phone_room__HIH8YA82,1,DFD,dfd_11,train
vid_005886_id26_id20_0009,1,CelebDF,celeb_id59,train
vid_008554_id40_id47_0004,1,CelebDF,celeb_id39,test
vid_001882_13_07__exit_phone_room__RVQCPCJF,1,DFD,dfd_11,train
vid_007031_id23_id6_0009,1,CelebDF,celeb_id59,train
vid_004825_id16_id2_0005,1,CelebDF,celeb_id59,train
vid_000908_28_16__podium_speech_happy__6DWLCU6T,1,DFD,dfd_05,test
vid_001662_06_02__walking_down_indoor_hall_disgust__U6MDWIHG,1,DFD,dfd_11,train
vid_007587_id9_id0_0003,1,CelebDF,celeb_id59,train
vid_001049_24_19__walking_outside_cafe_disgusted__GNHYZ84G,1,DFD,dfd_10,val
vid_005759_id37_id1_0001,1,CelebDF,celeb_id59,train
vid_001120_03_14__kitchen_pan__B1CG25H1,1,DFD,dfd_11,train
vid_001958_18_03__walking_outside_cafe_disgusted__22UBC0BS,1,DFD,dfd_11,train
vid_006929_id4_id31_0009,1,CelebDF,celeb_id59,train
vid_006930_id28_id34_0000,1,CelebDF,celeb_id59,train
vid_008324_id40_id46_0006,1,CelebDF,celeb_id39,test
vid_009611_id16_id30_0011,1,CelebDF,celeb_id59,train
vid_008723_id1_id17_0001,1,CelebDF,celeb_id59,train
vid_009876_id54_id52_0000,1,CelebDF,celeb_id49,val
vid_006443_id31_id29_0005,1,CelebDF,celeb_id59,train
vid_005485_id6_id31_0002,1,CelebDF,celeb_id59,train
vid_005624_id0_id1_0002,1,CelebDF,celeb_id59,train
vid_005246_id21_id34_0000,1,CelebDF,celeb_id59,train
vid_006383_id20_id31_0006,1,CelebDF,celeb_id59,train
vid_002364_05_17__hugging_happy__C4VHXZFY,1,DFD,dfd_05,test
vid_004906_id32_id37_0006,1,CelebDF,celeb_id59,train
vid_007077_id23_id35_0006,1,CelebDF,celeb_id59,train
vid_004784_id30_id31_0008,1,CelebDF,celeb_id59,train
vid_003214_20__outside_talking_pan_laughing,0,DFD,dfd_11,train
vid_006504_id33_id31_0007,1,CelebDF,celeb_id59,train
vid_002505_02_13__kitchen_pan__0RKOCC6A,1,DFD,dfd_11,train
vid_006906_id1_id2_0001,1,CelebDF,celeb_id59,train
vid_005340_id9_id21_0001,1,CelebDF,celeb_id59,train
vid_005079_id30_id34_0008,1,CelebDF,celeb_id59,train
vid_006747_id35_id23_0003,1,CelebDF,celeb_id59,train
vid_004273_id46_0009,0,CelebDF,celeb_id39,test
vid_000428_13_20__kitchen_still__NJEO6L5O,1,DFD,dfd_11,train
vid_007034_id29_id21_0003,1,CelebDF,celeb_id59,train
vid_009608_id4_id2_0003,1,CelebDF,celeb_id59,train
vid_008627_id57_id52_0004,1,CelebDF,celeb_id49,val
vid_008108_id23_id30_0003,1,CelebDF,celeb_id59,train
vid_009642_id47_id41_0000,1,CelebDF,celeb_id39,test
vid_005560_id27_id20_0008,1,CelebDF,celeb_id59,train
vid_009114_id28_id2_0007,1,CelebDF,celeb_id59,train
vid_004880_id28_id35_0004,1,CelebDF,celeb_id59,train
vid_008119_id45_id47_0004,1,CelebDF,celeb_id39,test
vid_001348_13_25__outside_talking_still_laughing__PBM86HKZ,1,DFD,dfd_11,train
vid_001073_04_01__walk_down_hall_angry__GBC7ZGDP,1,DFD,dfd_11,train
vid_000986_03_01__outside_talking_still_laughing__JZUXXFRB,1,DFD,dfd_11,train
vid_001620_02_13__walking_down_indoor_hall_disgust__CP5HFV3K,1,DFD,dfd_11,train
vid_008745_id45_id41_0002,1,CelebDF,celeb_id39,test
vid_003679_00232,0,CelebDF,yt_00232,train
vid_004330_id1_id35_0007,1,CelebDF,celeb_id59,train
vid_004792_id33_id26_0009,1,CelebDF,celeb_id59,train
vid_001466_12_04__walking_down_street_outside_angry__B6YJ9IW1,1,DFD,dfd_11,train
vid_008514_id31_id3_0000,1,CelebDF,celeb_id59,train
vid_009442_id51_id58_0001,1,CelebDF,celeb_id49,val
vid_005609_id20_id22_0001,1,CelebDF,celeb_id59,train
vid_004976_id37_id16_0005,1,CelebDF,celeb_id59,train
vid_008979_id28_id4_0008,1,CelebDF,celeb_id59,train
vid_004712_id3_id6_0006,1,CelebDF,celeb_id59,train
vid_000761_18_27__talking_against_wall__NYHE8D0J,1,DFD,dfd_11,train
vid_001549_07_25__walking_down_street_outside_angry__IKMKYKPG,1,DFD,dfd_11,train
vid_000310_26_14__kitchen_pan__ILLP29ZH,1,DFD,dfd_11,train
vid_005458_id40_id46_0009,1,CelebDF,celeb_id39,test
vid_002802_01_02__exit_phone_room__YVGY8LOK,1,DFD,dfd_11,train
vid_009212_id7_id11_0004,1,CelebDF,celeb_id59,train
vid_003118_07__kitchen_pan,0,DFD,dfd_11,train
vid_007062_id6_id16_0004,1,CelebDF,celeb_id59,train
vid_004515_id45_id39_0007,1,CelebDF,celeb_id39,test
vid_009547_id56_id55_0006,1,CelebDF,celeb_id49,val
vid_007050_id25_id24_0010,1,CelebDF,celeb_id59,train
vid_000795_13_09__walking_down_street_outside_angry__6K90KFOQ,1,DFD,dfd_11,train
vid_008361_id27_id22_0000,1,CelebDF,celeb_id59,train
vid_006613_id25_id24_0002,1,CelebDF,celeb_id59,train
vid_003510_00274,0,CelebDF,yt_00274,train
vid_003671_00265,0,CelebDF,yt_00265,train
vid_005191_id31_id23_0006,1,CelebDF,celeb_id59,train
vid_006638_id53_id51_0002,1,CelebDF,celeb_id49,val
vid_000105_04_15__talking_against_wall__46TJ9IOJ,1,DFD,dfd_11,train
vid_000119_12_25__walking_down_street_outside_angry__I2X1XTCC,1,DFD,dfd_11,train
vid_000921_12_07__walking_down_indoor_hall_disgust__KAG65PEE,1,DFD,dfd_11,train
vid_008111_id47_id48_0002,1,CelebDF,celeb_id39,test
vid_007796_id50_id53_0006,1,CelebDF,celeb_id49,val
vid_008302_id35_id4_0000,1,CelebDF,celeb_id59,train
vid_005304_id45_id44_0003,1,CelebDF,celeb_id39,test
vid_004788_id46_id43_0004,1,CelebDF,celeb_id39,test
vid_008107_id31_id38_0003,1,CelebDF,celeb_id59,train
vid_000141_05_08__exit_phone_room__YN1Q9TER,1,DFD,dfd_05,test
vid_006235_id1_id26_0007,1,CelebDF,celeb_id59,train
vid_003843_id0_0006,0,CelebDF,celeb_id59,train
vid_002003_04_11__walking_outside_cafe_disgusted__SXI772ZL,1,DFD,dfd_11,train
vid_002772_14_20__walk_down_hall_angry__R7SPX6OK,1,DFD,dfd_11,train
vid_003169_10__kitchen_pan,0,DFD,dfd_10,val
vid_003108_16__walk_down_hall_angry,0,DFD,dfd_05,test
vid_003873_id43_0001,0,CelebDF,celeb_id39,test
vid_004252_id35_0004,0,CelebDF,celeb_id59,train
vid_003382_17__outside_talking_still_laughing,0,DFD,dfd_05,test
vid_008906_id23_id3_0003,1,CelebDF,celeb_id59,train
vid_003331_10__talking_against_wall,0,DFD,dfd_10,val
vid_009757_id47_id46_0002,1,CelebDF,celeb_id39,test
vid_006857_id42_id47_0000,1,CelebDF,celeb_id39,test
vid_009396_id4_id6_0002,1,CelebDF,celeb_id59,train
vid_005366_id3_id30_0007,1,CelebDF,celeb_id59,train
vid_009461_id51_id58_0009,1,CelebDF,celeb_id49,val
vid_001248_12_20__secret_conversation__B0X1CGG2,1,DFD,dfd_11,train
vid_004229_id13_0014,0,CelebDF,celeb_id59,train
vid_003736_id41_0001,0,CelebDF,celeb_id39,test
vid_000109_21_03__kitchen_pan__YCSEBZO4,1,DFD,dfd_11,train
vid_004451_id31_id30_0004,1,CelebDF,celeb_id59,train
vid_008266_id37_id28_0007,1,CelebDF,celeb_id59,train
vid_008880_id46_id41_0003,1,CelebDF,celeb_id39,test
vid_000400_12_21__outside_talking_still_laughing__J54W3PV1,1,DFD,dfd_11,train
vid_005811_id3_id9_0003,1,CelebDF,celeb_id59,train
vid_003425_06__kitchen_pan,0,DFD,dfd_11,train
vid_006368_id0_id4_0003,1,CelebDF,celeb_id59,train
vid_006565_id21_id16_0009,1,CelebDF,celeb_id59,train
vid_006182_id17_id31_0001,1,CelebDF,celeb_id59,train
vid_003987_id11_0004,0,CelebDF,celeb_id59,train
vid_002413_21_14__talking_angry_couch__IRKML4J0,1,DFD,dfd_11,train
vid_004708_id31_id4_0004,1,CelebDF,celeb_id59,train
vid_008736_id43_id46_0009,1,CelebDF,celeb_id39,test
vid_009068_id32_id35_0000,1,CelebDF,celeb_id59,train
vid_004994_id10_id11_0001,1,CelebDF,celeb_id59,train
vid_004823_id39_id40_0002,1,CelebDF,celeb_id39,test
vid_002451_20_09__outside_talking_pan_laughing__MKEWB4SM,1,DFD,dfd_11,train
vid_001279_03_14__podium_speech_happy__7JPPCV50,1,DFD,dfd_11,train
vid_006196_id3_id35_0002,1,CelebDF,celeb_id59,train
vid_004372_id9_id23_0000,1,CelebDF,celeb_id59,train
vid_001172_21_03__walk_down_hall_angry__TEV3HIHZ,1,DFD,dfd_11,train
vid_004121_id51_0009,0,CelebDF,celeb_id49,val
vid_006516_id28_id29_0002,1,CelebDF,celeb_id59,train
vid_004890_id6_id0_0005,1,CelebDF,celeb_id59,train
vid_000708_25_26__outside_talking_still_laughing__8LPKLIRG,1,DFD,dfd_11,train
vid_001961_02_06__talking_angry_couch__J1W9R0NG,1,DFD,dfd_11,train
vid_006154_id52_id53_0002,1,CelebDF,celeb_id49,val
vid_006718_id37_id26_0009,1,CelebDF,celeb_id59,train
vid_004645_id47_id39_0008,1,CelebDF,celeb_id39,test
vid_004300_id27_0004,0,CelebDF,celeb_id59,train
vid_007338_id6_id35_0009,1,CelebDF,celeb_id59,train
vid_001307_27_13__walking_outside_cafe_disgusted__A1OSUJE9,1,DFD,dfd_11,train
vid_007562_id20_id3_0005,1,CelebDF,celeb_id59,train
vid_006557_id1_id37_0009,1,CelebDF,celeb_id59,train
vid_009015_id30_id35_0002,1,CelebDF,celeb_id59,train
vid_003796_id22_0002,0,CelebDF,celeb_id59,train
vid_009523_id23_id35_0007,1,CelebDF,celeb_id59,train
vid_006908_id20_id23_0007,1,CelebDF,celeb_id59,train
vid_000647_14_07__walking_down_indoor_hall_disgust__P9QFO50U,1,DFD,dfd_11,train
vid_000158_03_04__kitchen_pan__T04P6ELC,1,DFD,dfd_11,train
vid_006825_id43_id47_0004,1,CelebDF,celeb_id39,test
vid_005912_id31_id9_0007,1,CelebDF,celeb_id59,train
vid_005666_id29_id34_0003,1,CelebDF,celeb_id59,train
vid_005275_id32_id29_0001,1,CelebDF,celeb_id59,train
vid_006028_id37_id4_0009,1,CelebDF,celeb_id59,train
vid_008693_id6_id9_0006,1,CelebDF,celeb_id59,train
vid_008225_id32_id35_0008,1,CelebDF,celeb_id59,train
vid_006228_id6_id4_0001,1,CelebDF,celeb_id59,train
vid_006870_id23_id21_0002,1,CelebDF,celeb_id59,train
vid_003334_26__kitchen_still,0,DFD,dfd_11,train
vid_004445_id60_id61_0000,1,CelebDF,celeb_id59,train
vid_009482_id25_id19_0008,1,CelebDF,celeb_id59,train
vid_005597_id37_id2_0002,1,CelebDF,celeb_id59,train
vid_003770_id1_0008,0,CelebDF,celeb_id59,train
vid_008767_id3_id6_0001,1,CelebDF,celeb_id59,train
vid_003440_00065,0,CelebDF,yt_00065,train
vid_009597_id27_id20_0000,1,CelebDF,celeb_id59,train
vid_008078_id51_id53_0000,1,CelebDF,celeb_id49,val
vid_002540_03_15__walking_and_outside_surprised__OY4I7ZU8,1,DFD,dfd_11,train
vid_004228_id21_0005,0,CelebDF,celeb_id59,train
vid_007591_id39_id45_0004,1,CelebDF,celeb_id39,test
vid_006300_id32_id30_0001,1,CelebDF,celeb_id59,train
vid_008365_id60_id61_0008,1,CelebDF,celeb_id59,train
vid_000483_13_26__talking_angry_couch__1ZRIYSSU,1,DFD,dfd_11,train
vid_003193_07__walking_down_street_outside_angry,0,DFD,dfd_11,train
vid_004011_id54_0006,0,CelebDF,celeb_id49,val
vid_008690_id9_id30_0004,1,CelebDF,celeb_id59,train
vid_009175_id38_id28_0006,1,CelebDF,celeb_id59,train
vid_001496_25_07__walk_down_hall_angry__PAE9HCA8,1,DFD,dfd_11,train
vid_002408_12_06__secret_conversation__F3I4PDYF,1,DFD,dfd_11,train
vid_008755_id32_id33_0002,1,CelebDF,celeb_id59,train
vid_008307_id21_id3_0002,1,CelebDF,celeb_id59,train
vid_004763_id30_id6_0001,1,CelebDF,celeb_id59,train
vid_002471_19_24__talking_against_wall__0ZFOV5ZE,1,DFD,dfd_10,val
vid_005568_id2_id0_0009,1,CelebDF,celeb_id59,train
vid_005437_id2_id20_0003,1,CelebDF,celeb_id59,train
vid_002699_11_25__podium_speech_happy__JX0SAMTC,1,DFD,dfd_11,train
vid_003852_id53_0002,0,CelebDF,celeb_id49,val
vid_004401_id37_id34_0001,1,CelebDF,celeb_id59,train
vid_008362_id17_id0_0000,1,CelebDF,celeb_id59,train
vid_003692_00072,0,CelebDF,yt_00072,train
vid_006169_id35_id6_0006,1,CelebDF,celeb_id59,train
vid_008635_id28_id27_0006,1,CelebDF,celeb_id59,train
vid_005870_id9_id28_0004,1,CelebDF,celeb_id59,train
vid_008076_id38_id28_0009,1,CelebDF,celeb_id59,train
vid_000490_14_09__walking_down_indoor_hall_disgust__6TEK3ZX0,1,DFD,dfd_11,train
vid_001290_04_18__talking_angry_couch__6J3ZFEJQ,1,DFD,dfd_11,train
vid_005003_id17_id9_0006,1,CelebDF,celeb_id59,train
vid_001330_25_27__talking_against_wall__ZTV6TUQ9,1,DFD,dfd_11,train
vid_002909_03_14__outside_talking_still_laughing__KJ221YN0,1,DFD,dfd_11,train
vid_008453_id39_id40_0004,1,CelebDF,celeb_id39,test
vid_004538_id46_id40_0008,1,CelebDF,celeb_id39,test
vid_002894_12_07__outside_talking_pan_laughing__0VN0A2T3,1,DFD,dfd_11,train
vid_001866_09_21__talking_against_wall__LBQF8ZN1,1,DFD,dfd_11,train
vid_004715_id28_id1_0009,1,CelebDF,celeb_id59,train
vid_006025_id26_id28_0008,1,CelebDF,celeb_id59,train
vid_009354_id35_id1_0002,1,CelebDF,celeb_id59,train
vid_002498_26_25__walking_outside_cafe_disgusted__7ZRKCFMS,1,DFD,dfd_11,train
vid_003439_00262,0,CelebDF,yt_00262,train
vid_008323_id24_id19_0002,1,CelebDF,celeb_id59,train
vid_004889_id0_id28_0006,1,CelebDF,celeb_id59,train
vid_000031_17_08__talking_against_wall__QOX5NWIJ,1,DFD,dfd_05,test
vid_003521_00008,0,CelebDF,yt_00008,train
vid_001063_04_07__kitchen_still__M2NBCLFR,1,DFD,dfd_11,train
vid_008850_id0_id28_0004,1,CelebDF,celeb_id59,train
vid_001247_01_03__podium_speech_happy__480LQD1C,1,DFD,dfd_11,train
vid_006495_id20_id29_0006,1,CelebDF,celeb_id59,train
vid_001225_07_03__kitchen_pan__PWXXULHR,1,DFD,dfd_11,train
vid_003347_07__hugging_happy,0,DFD,dfd_11,train
vid_005887_id6_id28_0004,1,CelebDF,celeb_id59,train
vid_008022_id46_id42_0007,1,CelebDF,celeb_id39,test
vid_009839_id24_id22_0003,1,CelebDF,celeb_id59,train
vid_002827_11_20__walk_down_hall_angry__B2H95QXV,1,DFD,dfd_11,train
vid_009043_id9_id2_0002,1,CelebDF,celeb_id59,train
vid_007493_id24_id19_0009,1,CelebDF,celeb_id59,train
vid_002118_22_10__kitchen_still__1TXK09OY,1,DFD,dfd_10,val
vid_000734_26_06__walking_down_street_outside_angry__L5BVR5L9,1,DFD,dfd_11,train
vid_004392_id23_id4_0007,1,CelebDF,celeb_id59,train
vid_003580_00277,0,CelebDF,yt_00277,train
vid_003201_14__outside_talking_still_laughing,0,DFD,dfd_11,train
vid_006286_id54_id50_0006,1,CelebDF,celeb_id49,val
vid_004564_id16_id23_0002,1,CelebDF,celeb_id59,train
vid_001682_27_18__walk_down_hall_angry__NYHE8D0J,1,DFD,dfd_11,train
vid_003615_00217,0,CelebDF,yt_00217,train
vid_004261_id16_0009,0,CelebDF,celeb_id59,train
vid_007310_id28_id25_0009,1,CelebDF,celeb_id59,train
vid_004035_id22_0003,0,CelebDF,celeb_id59,train
vid_003208_28__talking_angry_couch,0,DFD,dfd_05,test
vid_004482_id31_id3_0005,1,CelebDF,celeb_id59,train
vid_003901_id26_0007,0,CelebDF,celeb_id59,train
vid_001778_01_03__outside_talking_still_laughing__JZUXXFRB,1,DFD,dfd_11,train
vid_001950_03_07__walking_down_street_outside_angry__W3MXGEU9,1,DFD,dfd_11,train
vid_002826_16_28__outside_talking_pan_laughing__X5FNCYON,1,DFD,dfd_05,test
vid_004119_id37_0008,0,CelebDF,celeb_id59,train
vid_002049_07_04__hugging_happy__QKCCFKBT,1,DFD,dfd_11,train
vid_008565_id41_id43_0003,1,CelebDF,celeb_id39,test
vid_009607_id39_id43_0002,1,CelebDF,celeb_id39,test
vid_006890_id20_id3_0001,1,CelebDF,celeb_id59,train
vid_008491_id48_id46_0006,1,CelebDF,celeb_id39,test
vid_000690_06_02__exit_phone_room__3J3BHSHI,1,DFD,dfd_11,train
vid_000476_18_26__podium_speech_happy__UMEX6HWU,1,DFD,dfd_11,train
vid_003051_20_07__outside_talking_still_laughing__5VT4USF9,1,DFD,dfd_11,train
vid_003576_00103,0,CelebDF,yt_00103,train
vid_008640_id23_id19_0000,1,CelebDF,celeb_id59,train
vid_004659_id16_id35_0006,1,CelebDF,celeb_id59,train
vid_003451_00125,0,CelebDF,yt_00125,train
vid_002255_01_02__walking_outside_cafe_disgusted__YVGY8LOK,1,DFD,dfd_11,train
vid_009170_id19_id25_0005,1,CelebDF,celeb_id59,train
vid_000714_12_13__walk_down_hall_angry__6G44TDN4,1,DFD,dfd_11,train
vid_009675_id33_id29_0000,1,CelebDF,celeb_id59,train
vid_004875_id9_id30_0006,1,CelebDF,celeb_id59,train
vid_008154_id38_id30_0004,1,CelebDF,celeb_id59,train
vid_007060_id23_id33_0002,1,CelebDF,celeb_id59,train
vid_004915_id51_id56_0006,1,CelebDF,celeb_id49,val
vid_008097_id8_id9_0002,1,CelebDF,celeb_id59,train
vid_007663_id4_id20_0006,1,CelebDF,celeb_id59,train
vid_008613_id30_id9_0001,1,CelebDF,celeb_id59,train
vid_007636_id43_id42_0005,1,CelebDF,celeb_id39,test
vid_008061_id17_id23_0005,1,CelebDF,celeb_id59,train
vid_008724_id9_id26_0002,1,CelebDF,celeb_id59,train
vid_002459_15_03__walking_down_indoor_hall_disgust__OY4I7ZU8,1,DFD,dfd_11,train
vid_001186_02_15__talking_angry_couch__HTG660F8,1,DFD,dfd_11,train
vid_007991_id21_id17_0001,1,CelebDF,celeb_id59,train
vid_002565_14_18__exit_phone_room__0YRBHIKG,1,DFD,dfd_11,train
vid_009209_id1_id2_0003,1,CelebDF,celeb_id59,train
vid_002877_28_05__podium_speech_happy__U9LRLJ6N,1,DFD,dfd_05,test
vid_007210_id48_id39_0004,1,CelebDF,celeb_id39,test
vid_000742_05_16__hugging_happy__053HPS1G,1,DFD,dfd_05,test
vid_005140_id33_id20_0007,1,CelebDF,celeb_id59,train
vid_002814_11_21__talking_angry_couch__T7DK03O1,1,DFD,dfd_11,train
vid_005839_id0_id28_0009,1,CelebDF,celeb_id59,train
vid_001667_26_11__walking_outside_cafe_disgusted__ALJ0OHNM,1,DFD,dfd_11,train
vid_007976_id58_id52_0004,1,CelebDF,celeb_id49,val
vid_005798_id34_id30_0000,1,CelebDF,celeb_id59,train
vid_005034_id48_id42_0000,1,CelebDF,celeb_id39,test
vid_005948_id1_id23_0007,1,CelebDF,celeb_id59,train
vid_009753_id17_id0_0002,1,CelebDF,celeb_id59,train
vid_008223_id55_id52_0008,1,CelebDF,celeb_id49,val
vid_004950_id35_id38_0006,1,CelebDF,celeb_id59,train
vid_002103_03_07__exit_phone_room__WPT3Z2KN,1,DFD,dfd_11,train
vid_005391_id35_id23_0007,1,CelebDF,celeb_id59,train
vid_005768_id4_id23_0007,1,CelebDF,celeb_id59,train
vid_005973_id30_id1_0004,1,CelebDF,celeb_id59,train
vid_009184_id20_id6_0006,1,CelebDF,celeb_id59,train
vid_000720_20_06__podium_speech_happy__6SUW7063,1,DFD,dfd_11,train
vid_003614_00263,0,CelebDF,yt_00263,train
vid_003238_05__hugging_happy,0,DFD,dfd_05,test
vid_002779_03_14__walking_down_indoor_hall_disgust__KJ221YN0,1,DFD,dfd_11,train
vid_002744_27_02__talking_angry_couch__78M8S6M6,1,DFD,dfd_11,train
vid_006634_id9_id4_0004,1,CelebDF,celeb_id59,train
vid_002111_06_26__walking_down_street_outside_angry__L5BVR5L9,1,DFD,dfd_11,train
vid_004142_id17_0006,0,CelebDF,celeb_id59,train
vid_008612_id9_id6_0005,1,CelebDF,celeb_id59,train
vid_008230_id31_id20_0000,1,CelebDF,celeb_id59,train
vid_007753_id28_id19_0006,1,CelebDF,celeb_id59,train
vid_003547_00074,0,CelebDF,yt_00074,train
vid_009295_id44_id41_0000,1,CelebDF,celeb_id39,test
vid_008641_id28_id24_0008,1,CelebDF,celeb_id59,train
vid_000459_09_03__walk_down_hall_angry__8DTEGQ54,1,DFD,dfd_11,train
vid_004439_id25_id22_0010,1,CelebDF,celeb_id59,train
vid_008160_id2_id37_0007,1,CelebDF,celeb_id59,train
vid_006512_id38_id23_0005,1,CelebDF,celeb_id59,train
vid_005407_id38_id30_0001,1,CelebDF,celeb_id59,train
vid_001543_26_25__walking_outside_cafe_disgusted__0UFFR3U1,1,DFD,dfd_11,train
vid_009921_id30_id4_0000,1,CelebDF,celeb_id59,train
vid_006408_id56_id51_0000,1,CelebDF,celeb_id49,val
vid_004605_id2_id0_0007,1,CelebDF,celeb_id59,train
vid_000929_10_22__walking_down_street_outside_angry__8YQ2EUQP,1,DFD,dfd_10,val
vid_008270_id12_id7_0004,1,CelebDF,celeb_id59,train
vid_002562_21_15__walking_outside_cafe_disgusted__87WSBJP3,1,DFD,dfd_11,train
vid_007448_id17_id16_0002,1,CelebDF,celeb_id59,train
vid_007268_id22_id23_0006,1,CelebDF,celeb_id59,train
vid_004834_id1_id21_0007,1,CelebDF,celeb_id59,train
vid_007992_id47_id41_0007,1,CelebDF,celeb_id39,test
vid_002639_22_19__walking_and_outside_surprised__VK6BF5NV,1,DFD,dfd_10,val
vid_002610_14_15__kitchen_pan__RF38N10R,1,DFD,dfd_11,train
vid_000827_23_22__secret_conversation__10R2HRAU,1,DFD,dfd_10,val
vid_009236_id30_id23_0006,1,CelebDF,celeb_id59,train
vid_002499_09_21__kitchen_pan__Z8H2TRCI,1,DFD,dfd_11,train
vid_008964_id9_id37_0000,1,CelebDF,celeb_id59,train
vid_007233_id51_id50_0006,1,CelebDF,celeb_id49,val
vid_006951_id30_id9_0007,1,CelebDF,celeb_id59,train
vid_009051_id29_id35_0008,1,CelebDF,celeb_id59,train
vid_007374_id21_id35_0004,1,CelebDF,celeb_id59,train
vid_005911_id54_id53_0000,1,CelebDF,celeb_id49,val
vid_004311_id28_0001,0,CelebDF,celeb_id59,train
vid_008082_id53_id58_0002,1,CelebDF,celeb_id49,val
vid_006733_id57_id55_0001,1,CelebDF,celeb_id49,val
vid_009283_id46_id47_0002,1,CelebDF,celeb_id39,test
vid_003325_11__walk_down_hall_angry,0,DFD,dfd_11,train
vid_004243_id12_0002,0,CelebDF,celeb_id59,train
vid_007601_id6_id4_0004,1,CelebDF,celeb_id59,train
vid_004797_id28_id16_0009,1,CelebDF,celeb_id59,train
vid_003762_id29_0002,0,CelebDF,celeb_id59,train
vid_000606_25_26__walking_outside_cafe_disgusted__WYZ8NJ7O,1,DFD,dfd_11,train
vid_007387_id23_id25_0006,1,CelebDF,celeb_id59,train
vid_004334_id29_id38_0003,1,CelebDF,celeb_id59,train
vid_002462_23_19__walking_down_indoor_hall_disgust__H4SUVFTL,1,DFD,dfd_10,val
vid_000288_20_15__outside_talking_still_laughing__99NHTFBM,1,DFD,dfd_11,train
vid_006977_id28_id32_0008,1,CelebDF,celeb_id59,train
vid_007598_id6_id17_0000,1,CelebDF,celeb_id59,train
vid_003988_id39_0001,0,CelebDF,celeb_id39,test
vid_002642_06_07__kitchen_pan__NMGYPBXE,1,DFD,dfd_11,train
vid_004544_id20_id37_0004,1,CelebDF,celeb_id59,train
vid_004447_id3_id30_0009,1,CelebDF,celeb_id59,train
vid_003710_00007,0,CelebDF,yt_00007,train
vid_001430_02_27__outside_talking_pan_laughing__QW05XUUZ,1,DFD,dfd_11,train
vid_006117_id45_id48_0006,1,CelebDF,celeb_id39,test
vid_007567_id23_id27_0007,1,CelebDF,celeb_id59,train
vid_002967_25_20__exit_phone_room__FZHCQNKV,1,DFD,dfd_11,train
vid_004033_id13_0002,0,CelebDF,celeb_id59,train
vid_001930_15_12__kitchen_still__RK17XFJ9,1,DFD,dfd_11,train
vid_001597_22_10__kitchen_pan__EHARPYBT,1,DFD,dfd_10,val
vid_003422_28__kitchen_still,0,DFD,dfd_05,test
vid_009521_id28_id25_0008,1,CelebDF,celeb_id59,train
vid_003691_00093,0,CelebDF,yt_00093,train
vid_006949_id26_id31_0001,1,CelebDF,celeb_id59,train
vid_000220_09_01__walking_down_street_outside_angry__P70H1JB0,1,DFD,dfd_11,train
vid_008626_id45_id48_0003,1,CelebDF,celeb_id39,test
vid_000350_18_14__kitchen_still__0YRBHIKG,1,DFD,dfd_11,train
vid_008399_id37_id32_0005,1,CelebDF,celeb_id59,train
vid_004076_id8_0008,0,CelebDF,celeb_id59,train
vid_008848_id31_id38_0009,1,CelebDF,celeb_id59,train
vid_009686_id30_id21_0001,1,CelebDF,celeb_id59,train
vid_008713_id53_id55_0008,1,CelebDF,celeb_id49,val
vid_004222_id36_0007,0,CelebDF,celeb_id36,train
vid_006232_id48_id46_0004,1,CelebDF,celeb_id39,test
vid_006191_id4_id28_0009,1,CelebDF,celeb_id59,train
vid_004329_id41_id45_0003,1,CelebDF,celeb_id39,test
vid_009935_id21_id32_0009,1,CelebDF,celeb_id59,train
vid_007941_id17_id9_0002,1,CelebDF,celeb_id59,train
vid_008939_id60_id5_0002,1,CelebDF,celeb_id59,train
vid_000033_04_21__talking_against_wall__NRI4PHWP,1,DFD,dfd_11,train
vid_005586_id3_id23_0001,1,CelebDF,celeb_id59,train
vid_000133_13_02__walking_down_indoor_hall_disgust__CP5HFV3K,1,DFD,dfd_11,train
vid_000235_23_22__talking_against_wall__X2ZN5Q31,1,DFD,dfd_10,val
vid_002272_13_20__kitchen_still__2994SNXH,1,DFD,dfd_11,train
vid_004066_id10_0002,0,CelebDF,celeb_id59,train
vid_002068_02_15__kitchen_still__HTG660F8,1,DFD,dfd_11,train
vid_004929_id28_id1_0006,1,CelebDF,celeb_id59,train
vid_002455_17_16__talking_against_wall__S7UMSIQV,1,DFD,dfd_05,test
vid_004574_id9_id1_0008,1,CelebDF,celeb_id59,train
vid_000895_13_15__secret_conversation__X0EIIJF7,1,DFD,dfd_11,train
vid_007076_id23_id2_0007,1,CelebDF,celeb_id59,train
vid_001546_03_07__podium_speech_happy__IFSURI9X,1,DFD,dfd_11,train
vid_005714_id28_id22_0006,1,CelebDF,celeb_id59,train
vid_006968_id37_id28_0003,1,CelebDF,celeb_id59,train
vid_005032_id54_id56_0001,1,CelebDF,celeb_id49,val
vid_003349_25__talking_against_wall,0,DFD,dfd_11,train
vid_002297_24_22__talking_against_wall__7E3GY85F,1,DFD,dfd_10,val
vid_003903_id48_0001,0,CelebDF,celeb_id39,test
vid_001322_06_15__walking_and_outside_surprised__QRCD27P8,1,DFD,dfd_11,train
vid_009142_id4_id26_0000,1,CelebDF,celeb_id59,train
vid_007138_id43_id47_0003,1,CelebDF,celeb_id39,test
vid_006273_id31_id32_0009,1,CelebDF,celeb_id59,train
vid_001784_18_26__walking_outside_cafe_disgusted__UMEX6HWU,1,DFD,dfd_11,train
vid_005630_id25_id22_0008,1,CelebDF,celeb_id59,train
vid_000124_24_22__talking_against_wall__XL557XC6,1,DFD,dfd_10,val
vid_005702_id51_id56_0004,1,CelebDF,celeb_id49,val
vid_000516_18_14__podium_speech_happy__0YRBHIKG,1,DFD,dfd_11,train
vid_003949_id48_0009,0,CelebDF,celeb_id39,test
vid_000213_02_07__outside_talking_pan_laughing__O4SXNLRL,1,DFD,dfd_11,train
vid_007047_id37_id3_0005,1,CelebDF,celeb_id59,train
vid_004755_id16_id6_0011,1,CelebDF,celeb_id59,train
vid_004497_id21_id2_0008,1,CelebDF,celeb_id59,train
vid_000507_14_18__talking_against_wall__0YRBHIKG,1,DFD,dfd_11,train
vid_004535_id54_id51_0001,1,CelebDF,celeb_id49,val
vid_006782_id5_id59_0003,1,CelebDF,celeb_id59,train
vid_007891_id2_id16_0008,1,CelebDF,celeb_id59,train
vid_002839_26_20__podium_speech_happy__XWMKFMF6,1,DFD,dfd_11,train
vid_008288_id28_id20_0008,1,CelebDF,celeb_id59,train
vid_006201_id37_id32_0001,1,CelebDF,celeb_id59,train
vid_007785_id8_id0_0003,1,CelebDF,celeb_id59,train
vid_005731_id21_id31_0004,1,CelebDF,celeb_id59,train
vid_002165_18_03__secret_conversation__32DBR8L4,1,DFD,dfd_11,train
vid_001595_20_25__walk_down_hall_angry__DW2L6D2V,1,DFD,dfd_11,train
vid_009214_id46_id41_0009,1,CelebDF,celeb_id39,test
vid_000054_09_13__walk_down_hall_angry__6K90KFOQ,1,DFD,dfd_11,train
vid_009530_id33_id34_0004,1,CelebDF,celeb_id59,train
vid_007209_id41_id43_0000,1,CelebDF,celeb_id39,test
vid_006626_id28_id16_0006,1,CelebDF,celeb_id59,train
vid_005849_id49_id50_0008,1,CelebDF,celeb_id49,val
vid_004896_id23_id32_0003,1,CelebDF,celeb_id59,train
vid_003699_00151,0,CelebDF,yt_00151,train
vid_005694_id34_id30_0008,1,CelebDF,celeb_id59,train
vid_009879_id57_id53_0006,1,CelebDF,celeb_id49,val
vid_004941_id53_id52_0006,1,CelebDF,celeb_id49,val
vid_007036_id35_id28_0000,1,CelebDF,celeb_id59,train
vid_000639_13_04__secret_conversation__00T3UYOR,1,DFD,dfd_11,train
vid_005543_id58_id56_0007,1,CelebDF,celeb_id49,val
vid_002761_14_06__secret_conversation__8U9ULZDT,1,DFD,dfd_11,train
vid_003050_23_19__walk_down_hall_angry__F7U8UY7V,1,DFD,dfd_10,val
vid_002646_12_13__podium_speech_happy__2TM4IFSF,1,DFD,dfd_11,train
vid_000502_01_03__outside_talking_pan_laughing__ISF9SP4G,1,DFD,dfd_11,train
vid_004587_id13_id7_0012,1,CelebDF,celeb_id59,train
vid_002407_16_28__podium_speech_happy__6DWLCU6T,1,DFD,dfd_05,test
vid_004187_id61_0006,0,CelebDF,celeb_id59,train
vid_000779_26_11__kitchen_still__7C0VKV43,1,DFD,dfd_11,train
vid_002223_01_11__talking_against_wall__4OJNJLOO,1,DFD,dfd_11,train
vid_006510_id59_id5_0006,1,CelebDF,celeb_id59,train
vid_007245_id37_id35_0003,1,CelebDF,celeb_id59,train
vid_004833_id61_id59_0005,1,CelebDF,celeb_id59,train
vid_004085_id37_0001,0,CelebDF,celeb_id59,train
vid_009512_id0_id28_0000,1,CelebDF,celeb_id59,train
vid_006389_id60_id5_0001,1,CelebDF,celeb_id59,train
vid_001774_19_10__walking_down_street_outside_angry__QNZIMEJH,1,DFD,dfd_10,val
vid_007980_id51_id56_0005,1,CelebDF,celeb_id49,val
vid_004053_id20_0009,0,CelebDF,celeb_id59,train
vid_005616_id48_id43_0002,1,CelebDF,celeb_id39,test
vid_002616_09_02__walking_down_street_outside_angry__6KUOFMZW,1,DFD,dfd_11,train
vid_008250_id30_id32_0007,1,CelebDF,celeb_id59,train
vid_004633_id53_id50_0007,1,CelebDF,celeb_id49,val
vid_008392_id42_id41_0000,1,CelebDF,celeb_id39,test
vid_005417_id21_id4_0008,1,CelebDF,celeb_id59,train
vid_002722_27_09__walking_down_street_outside_angry__RC9KATOO,1,DFD,dfd_11,train
vid_004299_id26_0006,0,CelebDF,celeb_id59,train
vid_003491_00219,0,CelebDF,yt_00219,train
vid_000277_18_09__exit_phone_room__3VP8836C,1,DFD,dfd_11,train
vid_002425_15_02__exit_phone_room__I8G2LWD1,1,DFD,dfd_11,train
vid_008331_id7_id13_0000,1,CelebDF,celeb_id59,train
vid_005528_id42_id39_0001,1,CelebDF,celeb_id39,test
vid_000528_20_25__walk_down_hall_angry__NPM0ENKD,1,DFD,dfd_11,train
vid_000402_06_04__walking_down_indoor_hall_disgust__ZK95PQDE,1,DFD,dfd_11,train
vid_002739_18_11__talking_against_wall__R1NMCHKG,1,DFD,dfd_11,train
vid_003611_00138,0,CelebDF,yt_00138,train
vid_001433_21_11__talking_against_wall__DTBJTNSN,1,DFD,dfd_11,train
vid_009419_id3_id6_0008,1,CelebDF,celeb_id59,train
vid_008159_id3_id17_0002,1,CelebDF,celeb_id59,train
vid_005720_id43_id40_0009,1,CelebDF,celeb_id39,test
vid_002333_06_26__walk_down_hall_angry__L5BVR5L9,1,DFD,dfd_11,train
vid_002617_26_25__talking_against_wall__PQ41U3IJ,1,DFD,dfd_11,train
vid_002788_26_27__talking_against_wall__IE9N0ZI9,1,DFD,dfd_11,train
vid_002960_02_01__secret_conversation__YVGY8LOK,1,DFD,dfd_11,train
vid_006329_id16_id17_0000,1,CelebDF,celeb_id59,train
vid_002012_03_14__walk_down_hall_angry__P1L5PF4I,1,DFD,dfd_11,train
vid_006807_id1_id6_0002,1,CelebDF,celeb_id59,train
vid_009237_id19_id26_0002,1,CelebDF,celeb_id59,train
vid_005590_id40_id41_0004,1,CelebDF,celeb_id39,test
vid_009406_id6_id2_0005,1,CelebDF,celeb_id59,train
vid_000330_07_02__outside_talking_pan_laughing__1ZE4HC06,1,DFD,dfd_11,train
vid_000951_08_05__exit_phone_room__BGI70HJ5,1,DFD,dfd_05,test
vid_006650_id44_id40_0002,1,CelebDF,celeb_id39,test
vid_004857_id1_id9_0004,1,CelebDF,celeb_id59,train
vid_001475_15_06__podium_speech_happy__QRCD27P8,1,DFD,dfd_11,train
vid_003286_24__walking_outside_cafe_disgusted,0,DFD,dfd_10,val
vid_009162_id49_id50_0005,1,CelebDF,celeb_id49,val
vid_001942_20_14__podium_speech_happy__R7SPX6OK,1,DFD,dfd_11,train
vid_009794_id20_id28_0009,1,CelebDF,celeb_id59,train
vid_005349_id2_id35_0003,1,CelebDF,celeb_id59,train
vid_004397_id50_id57_0005,1,CelebDF,celeb_id49,val
vid_004533_id28_id9_0006,1,CelebDF,celeb_id59,train
vid_005552_id2_id16_0000,1,CelebDF,celeb_id59,train
vid_006267_id58_id57_0006,1,CelebDF,celeb_id49,val
vid_002719_08_28__walk_down_hall_angry__GGCUYQA4,1,DFD,dfd_05,test
vid_007351_id7_id10_0001,1,CelebDF,celeb_id59,train
vid_004177_id31_0002,0,CelebDF,celeb_id59,train
vid_005979_id23_id30_0004,1,CelebDF,celeb_id59,train
vid_004474_id55_id50_0007,1,CelebDF,celeb_id49,val
vid_006808_id58_id57_0003,1,CelebDF,celeb_id49,val
vid_005532_id54_id52_0009,1,CelebDF,celeb_id49,val
vid_002224_13_20__talking_against_wall__43KAHOT2,1,DFD,dfd_11,train
vid_005419_id5_id61_0003,1,CelebDF,celeb_id59,train
vid_002767_15_02__walking_down_street_outside_angry__I8G2LWD1,1,DFD,dfd_11,train
vid_007368_id27_id26_0001,1,CelebDF,celeb_id59,train
vid_001857_07_14__walk_down_hall_angry__P9QFO50U,1,DFD,dfd_11,train
vid_001337_01_11__outside_talking_pan_laughing__LL4RUKZA,1,DFD,dfd_11,train
vid_005938_id17_id37_0003,1,CelebDF,celeb_id59,train
vid_001088_14_18__walking_outside_cafe_disgusted__6SB2BR0A,1,DFD,dfd_11,train
vid_009020_id1_id4_0009,1,CelebDF,celeb_id59,train
vid_004696_id38_id33_0000,1,CelebDF,celeb_id59,train
vid_000868_26_25__outside_talking_pan_laughing__157Z8P8P,1,DFD,dfd_11,train
vid_001507_06_03__walking_down_indoor_hall_disgust__KIWCEATU,1,DFD,dfd_11,train
vid_005584_id30_id29_0001,1,CelebDF,celeb_id59,train
vid_000415_25_12__outside_talking_pan_laughing__0SA36BZ5,1,DFD,dfd_11,train
vid_006765_id12_id7_0006,1,CelebDF,celeb_id59,train
vid_002054_18_09__kitchen_still__3VP8836C,1,DFD,dfd_11,train
vid_003531_00114,0,CelebDF,yt_00114,train
vid_001649_03_20__talking_angry_couch__9NFWR304,1,DFD,dfd_11,train
vid_006058_id43_id41_0005,1,CelebDF,celeb_id39,test
vid_008751_id58_id55_0007,1,CelebDF,celeb_id49,val
vid_005010_id35_id32_0000,1,CelebDF,celeb_id59,train
vid_006243_id17_id28_0005,1,CelebDF,celeb_id59,train
vid_005215_id48_id45_0005,1,CelebDF,celeb_id39,test
vid_006348_id6_id28_0002,1,CelebDF,celeb_id59,train
vid_001693_21_11__hugging_happy__USLHUQDI,1,DFD,dfd_11,train
vid_008522_id31_id17_0004,1,CelebDF,celeb_id59,train
vid_005760_id31_id37_0001,1,CelebDF,celeb_id59,train
vid_006181_id53_id51_0009,1,CelebDF,celeb_id49,val
vid_005892_id20_id29_0005,1,CelebDF,celeb_id59,train
vid_007015_id21_id20_0001,1,CelebDF,celeb_id59,train
vid_005730_id28_id2_0001,1,CelebDF,celeb_id59,train
vid_003631_00197,0,CelebDF,yt_00197,train
vid_005880_id41_id45_0008,1,CelebDF,celeb_id39,test
vid_004909_id2_id30_0005,1,CelebDF,celeb_id59,train
vid_004851_id0_id2_0000,1,CelebDF,celeb_id59,train
vid_002994_16_08__hugging_happy__8Q7JCS95,1,DFD,dfd_05,test
vid_001071_02_07__walk_down_hall_angry__1JCLEEBQ,1,DFD,dfd_11,train
vid_009402_id54_id49_0008,1,CelebDF,celeb_id49,val
vid_000262_05_08__kitchen_pan__BGI70HJ5,1,DFD,dfd_05,test
vid_004749_id23_id9_0007,1,CelebDF,celeb_id59,train
vid_004886_id50_id55_0002,1,CelebDF,celeb_id49,val
vid_007871_id22_id26_0005,1,CelebDF,celeb_id59,train
vid_004617_id20_id34_0003,1,CelebDF,celeb_id59,train
vid_004385_id4_id26_0003,1,CelebDF,celeb_id59,train
vid_003785_id39_0006,0,CelebDF,celeb_id39,test
vid_003834_id2_0005,0,CelebDF,celeb_id59,train
vid_002812_12_15__kitchen_still__RK17XFJ9,1,DFD,dfd_11,train
vid_003698_00185,0,CelebDF,yt_00185,train
vid_008828_id28_id30_0001,1,CelebDF,celeb_id59,train
vid_006938_id6_id28_0005,1,CelebDF,celeb_id59,train
vid_002185_09_01__walk_down_hall_angry__6TSGVLHA,1,DFD,dfd_11,train
vid_005774_id24_id22_0009,1,CelebDF,celeb_id59,train
vid_002692_19_23__kitchen_pan__WHQ1229T,1,DFD,dfd_10,val
vid_003135_27__podium_speech_happy,0,DFD,dfd_11,train
vid_002052_14_20__walking_outside_cafe_disgusted__3HWOJRAM,1,DFD,dfd_11,train
vid_006215_id44_id45_0005,1,CelebDF,celeb_id39,test
vid_004488_id20_id24_0009,1,CelebDF,celeb_id59,train
vid_001602_20_01__outside_talking_still_laughing__6UBMLXK3,1,DFD,dfd_11,train
vid_002959_03_15__outside_talking_pan_laughing__Y11NT1YX,1,DFD,dfd_11,train
vid_006664_id27_id28_0004,1,CelebDF,celeb_id59,train
vid_000870_01_02__walking_and_outside_surprised__YVGY8LOK,1,DFD,dfd_11,train
vid_002615_25_27__outside_talking_pan_laughing__1KU29EUL,1,DFD,dfd_11,train
vid_004463_id17_id1_0003,1,CelebDF,celeb_id59,train
vid_007986_id28_id6_0004,1,CelebDF,celeb_id59,train
vid_005539_id10_id7_0008,1,CelebDF,celeb_id59,train
vid_005159_id49_id56_0007,1,CelebDF,celeb_id49,val
vid_006863_id19_id28_0005,1,CelebDF,celeb_id59,train
vid_005033_id35_id9_0003,1,CelebDF,celeb_id59,train
vid_005634_id39_id45_0000,1,CelebDF,celeb_id39,test
vid_001028_20_13__kitchen_pan__HQHYKNGK,1,DFD,dfd_11,train
vid_008648_id20_id16_0005,1,CelebDF,celeb_id59,train
vid_009410_id28_id35_0008,1,CelebDF,celeb_id59,train
vid_008865_id9_id16_0009,1,CelebDF,celeb_id59,train
vid_006541_id31_id38_0002,1,CelebDF,celeb_id59,train
vid_005409_id33_id29_0008,1,CelebDF,celeb_id59,train
vid_002303_13_03__hugging_happy__GBYWJW06,1,DFD,dfd_11,train
vid_000663_01_02__outside_talking_still_laughing__YVGY8LOK,1,DFD,dfd_11,train
vid_002916_08_17__kitchen_still__JZYRLJ8T,1,DFD,dfd_05,test
vid_003562_00181,0,CelebDF,yt_00181,train
vid_002281_12_18__walking_outside_cafe_disgusted__IKH1LBBY,1,DFD,dfd_11,train
vid_008332_id50_id54_0006,1,CelebDF,celeb_id49,val
vid_006350_id3_id9_0000,1,CelebDF,celeb_id59,train
vid_006861_id21_id31_0001,1,CelebDF,celeb_id59,train
vid_004774_id10_id7_0005,1,CelebDF,celeb_id59,train
vid_008004_id3_id2_0002,1,CelebDF,celeb_id59,train
vid_006327_id3_id30_0002,1,CelebDF,celeb_id59,train
vid_009623_id38_id28_0002,1,CelebDF,celeb_id59,train
vid_000540_03_07__meeting_serious__W3MXGEU9,1,DFD,dfd_11,train
vid_003665_00108,0,CelebDF,yt_00108,train
vid_004475_id28_id17_0004,1,CelebDF,celeb_id59,train
vid_008433_id35_id30_0006,1,CelebDF,celeb_id59,train
vid_007923_id28_id0_0006,1,CelebDF,celeb_id59,train
vid_004871_id23_id38_0002,1,CelebDF,celeb_id59,train
vid_003068_11__secret_conversation,0,DFD,dfd_11,train
vid_005333_id38_id26_0008,1,CelebDF,celeb_id59,train
vid_006848_id25_id28_0002,1,CelebDF,celeb_id59,train
vid_001819_02_01__exit_phone_room__YVGY8LOK,1,DFD,dfd_11,train
vid_008658_id6_id17_0007,1,CelebDF,celeb_id59,train
vid_000030_17_05__kitchen_pan__M3H96PDQ,1,DFD,dfd_05,test
vid_002645_26_06__kitchen_still__L5BVR5L9,1,DFD,dfd_11,train
vid_001419_09_20__talking_angry_couch__0IRM5ADD,1,DFD,dfd_11,train
vid_006529_id16_id3_0004,1,CelebDF,celeb_id59,train
vid_008383_id9_id17_0009,1,CelebDF,celeb_id59,train
vid_001397_03_14__walking_down_street_outside_angry__Q9NSXM88,1,DFD,dfd_11,train
vid_009655_id40_id47_0005,1,CelebDF,celeb_id39,test
vid_007857_id30_id23_0005,1,CelebDF,celeb_id59,train
vid_002706_21_04__kitchen_pan__PRCQUMY8,1,DFD,dfd_11,train
vid_004438_id46_id41_0001,1,CelebDF,celeb_id39,test
vid_004588_id1_id6_0004,1,CelebDF,celeb_id59,train
vid_001179_18_27__walking_outside_cafe_disgusted__NYHE8D0J,1,DFD,dfd_11,train
vid_004789_id53_id51_0008,1,CelebDF,celeb_id49,val
vid_005252_id35_id31_0006,1,CelebDF,celeb_id59,train
vid_002618_07_04__kitchen_pan__XRK7FGZX,1,DFD,dfd_11,train
vid_001621_01_02__walk_down_hall_angry__YVGY8LOK,1,DFD,dfd_11,train
vid_008058_id23_id4_0005,1,CelebDF,celeb_id59,train
vid_009001_id54_id56_0002,1,CelebDF,celeb_id49,val
vid_003797_id50_0008,0,CelebDF,celeb_id49,val
vid_008381_id23_id2_0005,1,CelebDF,celeb_id59,train
vid_008520_id27_id28_0007,1,CelebDF,celeb_id59,train
vid_005734_id3_id23_0003,1,CelebDF,celeb_id59,train
vid_008445_id37_id2_0007,1,CelebDF,celeb_id59,train
vid_003600_00075,0,CelebDF,yt_00075,train
vid_009411_id1_id0_0001,1,CelebDF,celeb_id59,train
vid_007631_id61_id5_0005,1,CelebDF,celeb_id59,train
vid_005927_id32_id26_0005,1,CelebDF,celeb_id59,train
vid_003900_id50_0006,0,CelebDF,celeb_id49,val
vid_006873_id19_id22_0000,1,CelebDF,celeb_id59,train
vid_004014_id16_0010,0,CelebDF,celeb_id59,train
vid_001727_10_22__talking_angry_couch__FY7YI0AJ,1,DFD,dfd_10,val
vid_009382_id30_id33_0005,1,CelebDF,celeb_id59,train
vid_004469_id20_id34_0002,1,CelebDF,celeb_id59,train
vid_003119_15__talking_angry_couch,0,DFD,dfd_11,train
vid_007432_id29_id34_0005,1,CelebDF,celeb_id59,train
vid_005809_id20_id30_0009,1,CelebDF,celeb_id59,train
vid_004985_id21_id29_0004,1,CelebDF,celeb_id59,train
vid_005279_id37_id35_0009,1,CelebDF,celeb_id59,train
vid_009471_id2_id37_0003,1,CelebDF,celeb_id59,train
vid_009477_id35_id29_0009,1,CelebDF,celeb_id59,train
vid_002677_09_21__talking_angry_couch__Z8H2TRCI,1,DFD,dfd_11,train
vid_000625_04_15__walking_down_street_outside_angry__46TJ9IOJ,1,DFD,dfd_11,train
vid_005111_id20_id38_0000,1,CelebDF,celeb_id59,train
vid_009054_id35_id17_0000,1,CelebDF,celeb_id59,train
vid_008725_id32_id29_0004,1,CelebDF,celeb_id59,train
vid_003941_id0_0009,0,CelebDF,celeb_id59,train
vid_009059_id30_id1_0001,1,CelebDF,celeb_id59,train
vid_009850_id23_id16_0003,1,CelebDF,celeb_id59,train
vid_008754_id22_id21_0006,1,CelebDF,celeb_id59,train
vid_000002_06_03__hugging_happy__1IXGY2FK,1,DFD,dfd_11,train
vid_000642_13_20__walking_down_indoor_hall_disgust__EV1V4ZQV,1,DFD,dfd_11,train
vid_005031_id26_id37_0003,1,CelebDF,celeb_id59,train
vid_008077_id29_id20_0005,1,CelebDF,celeb_id59,train
vid_005269_id33_id26_0003,1,CelebDF,celeb_id59,train
vid_000881_27_18__kitchen_still__NYHE8D0J,1,DFD,dfd_11,train
vid_001091_20_13__walking_down_indoor_hall_disgust__VO2YZXLN,1,DFD,dfd_11,train
vid_007382_id13_id10_0015,1,CelebDF,celeb_id59,train
vid_005026_id1_id4_0007,1,CelebDF,celeb_id59,train
vid_001030_07_03__outside_talking_pan_laughing__6PHZRQ4H,1,DFD,dfd_11,train
vid_006914_id2_id16_0006,1,CelebDF,celeb_id59,train
vid_007946_id35_id3_0002,1,CelebDF,celeb_id59,train
vid_006754_id1_id31_0002,1,CelebDF,celeb_id59,train
vid_003568_00053,0,CelebDF,yt_00053,train
vid_000111_01_21__kitchen_pan__03X7CELV,1,DFD,dfd_11,train
vid_002378_10_22__outside_talking_pan_laughing__1TXK09OY,1,DFD,dfd_10,val
vid_000144_06_15__kitchen_still__QRCD27P8,1,DFD,dfd_11,train
vid_005328_id20_id38_0006,1,CelebDF,celeb_id59,train
vid_009689_id55_id57_0007,1,CelebDF,celeb_id49,val
vid_008610_id53_id56_0005,1,CelebDF,celeb_id49,val
vid_007773_id26_id25_0003,1,CelebDF,celeb_id59,train
vid_008133_id52_id49_0000,1,CelebDF,celeb_id49,val
vid_002177_18_25__walk_down_hall_angry__AUC0HY5T,1,DFD,dfd_11,train
vid_009606_id28_id23_0002,1,CelebDF,celeb_id59,train
vid_002435_08_17__kitchen_pan__JZYRLJ8T,1,DFD,dfd_05,test
vid_009257_id33_id38_0006,1,CelebDF,celeb_id59,train
vid_008261_id20_id34_0000,1,CelebDF,celeb_id59,train
vid_006970_id38_id21_0004,1,CelebDF,celeb_id59,train
vid_000304_03_12__walking_outside_cafe_disgusted__D7G6YJON,1,DFD,dfd_11,train
vid_009326_id0_id16_0000,1,CelebDF,celeb_id59,train
vid_002317_01_11__meeting_serious__9OM3VE0Y,1,DFD,dfd_11,train
vid_003061_02_15__hugging_happy__HTG660F8,1,DFD,dfd_11,train
vid_002253_15_02__walking_and_outside_surprised__N864L40U,1,DFD,dfd_11,train
vid_003515_00099,0,CelebDF,yt_00099,train
vid_003397_03__walking_outside_cafe_disgusted,0,DFD,dfd_11,train
vid_001361_26_25__walking_down_street_outside_angry__PQ41U3IJ,1,DFD,dfd_11,train
vid_006778_id49_id54_0002,1,CelebDF,celeb_id49,val
vid_007345_id17_id1_0009,1,CelebDF,celeb_id59,train
vid_001188_09_26__walk_down_hall_angry__QSE5A0GF,1,DFD,dfd_11,train
vid_007926_id23_id32_0007,1,CelebDF,celeb_id59,train
vid_001834_11_21__exit_phone_room__1EAA3MPV,1,DFD,dfd_11,train
vid_006642_id49_id56_0000,1,CelebDF,celeb_id49,val
vid_003686_00152,0,CelebDF,yt_00152,train
vid_005153_id20_id2_0006,1,CelebDF,celeb_id59,train
vid_002925_02_18__walking_down_street_outside_angry__21JTDDEL,1,DFD,dfd_11,train
vid_004080_id36_0001,0,CelebDF,celeb_id36,train
vid_007867_id4_id20_0001,1,CelebDF,celeb_id59,train
vid_000546_15_14__outside_talking_still_laughing__RF38N10R,1,DFD,dfd_11,train
vid_003986_id6_0004,0,CelebDF,celeb_id59,train
vid_004641_id21_id16_0000,1,CelebDF,celeb_id59,train
vid_001862_27_09__talking_against_wall__RC9KATOO,1,DFD,dfd_11,train
vid_007699_id17_id21_0005,1,CelebDF,celeb_id59,train
vid_003165_16__kitchen_pan,0,DFD,dfd_05,test
vid_001934_21_12__walking_and_outside_surprised__J54W3PV1,1,DFD,dfd_11,train
vid_007743_id1_id6_0001,1,CelebDF,celeb_id59,train
vid_007913_id26_id9_0004,1,CelebDF,celeb_id59,train
vid_008059_id17_id23_0001,1,CelebDF,celeb_id59,train
vid_008429_id33_id31_0006,1,CelebDF,celeb_id59,train
vid_006293_id35_id31_0007,1,CelebDF,celeb_id59,train
vid_007894_id21_id27_0007,1,CelebDF,celeb_id59,train
vid_002443_02_15__hugging_happy__XNJIS4S3,1,DFD,dfd_11,train
vid_001691_07_04__exit_phone_room__QKCCFKBT,1,DFD,dfd_11,train
vid_004502_id38_id26_0005,1,CelebDF,celeb_id59,train
vid_008634_id35_id16_0000,1,CelebDF,celeb_id59,train
vid_001312_06_07__podium_speech_happy__NMGYPBXE,1,DFD,dfd_11,train
vid_007841_id58_id56_0002,1,CelebDF,celeb_id49,val
vid_000512_23_19__walking_and_outside_surprised__F7U8UY7V,1,DFD,dfd_10,val
vid_005567_id16_id0_0006,1,CelebDF,celeb_id59,train
vid_005589_id53_id54_0001,1,CelebDF,celeb_id49,val
vid_009108_id28_id20_0001,1,CelebDF,celeb_id59,train
vid_002754_03_11__kitchen_still__P08VGHTA,1,DFD,dfd_11,train
vid_006727_id23_id19_0003,1,CelebDF,celeb_id59,train
vid_007294_id45_id41_0008,1,CelebDF,celeb_id39,test
vid_000957_13_04__talking_angry_couch__00T3UYOR,1,DFD,dfd_11,train
vid_007273_id21_id20_0008,1,CelebDF,celeb_id59,train
vid_008355_id37_id1_0003,1,CelebDF,celeb_id59,train
vid_006960_id33_id30_0009,1,CelebDF,celeb_id59,train
vid_005374_id17_id21_0000,1,CelebDF,celeb_id59,train
vid_002392_16_05__exit_phone_room__4MEM6YNQ,1,DFD,dfd_05,test
vid_006303_id28_id20_0006,1,CelebDF,celeb_id59,train
vid_003778_id59_0004,0,CelebDF,celeb_id59,train
vid_008657_id46_id45_0002,1,CelebDF,celeb_id39,test
vid_008504_id35_id38_0007,1,CelebDF,celeb_id59,train
vid_005592_id45_id41_0009,1,CelebDF,celeb_id39,test
vid_000469_16_17__talking_against_wall__S7UMSIQV,1,DFD,dfd_05,test
vid_008511_id52_id55_0003,1,CelebDF,celeb_id49,val
vid_008881_id2_id16_0004,1,CelebDF,celeb_id59,train
vid_003248_08__talking_against_wall,0,DFD,dfd_05,test
vid_008774_id6_id4_0009,1,CelebDF,celeb_id59,train
vid_000297_26_04__outside_talking_still_laughing__WX836VLY,1,DFD,dfd_11,train
vid_000992_22_10__outside_talking_pan_laughing__PUJR4HJ1,1,DFD,dfd_10,val
vid_002198_28_08__secret_conversation__5DCAESDA,1,DFD,dfd_05,test
vid_003701_00164,0,CelebDF,yt_00164,train
vid_001118_11_21__walk_down_hall_angry__T7DK03O1,1,DFD,dfd_11,train
vid_007983_id40_id44_0002,1,CelebDF,celeb_id39,test
vid_001716_10_22__exit_phone_room__C1U7OY5M,1,DFD,dfd_10,val
vid_005956_id4_id2_0008,1,CelebDF,celeb_id59,train
vid_002816_01_27__outside_talking_still_laughing__ZYCZ30C0,1,DFD,dfd_11,train
vid_005658_id26_id28_0005,1,CelebDF,celeb_id59,train
vid_009367_id17_id28_0009,1,CelebDF,celeb_id59,train
vid_002484_20_09__walking_down_indoor_hall_disgust__RAGUKRMK,1,DFD,dfd_11,train
vid_000578_14_03__outside_talking_still_laughing__KJ221YN0,1,DFD,dfd_11,train
vid_002421_12_13__walking_down_indoor_hall_disgust__2TM4IFSF,1,DFD,dfd_11,train
vid_006238_id26_id21_0008,1,CelebDF,celeb_id59,train
vid_003126_13__outside_talking_pan_laughing,0,DFD,dfd_11,train
vid_009408_id16_id9_0007,1,CelebDF,celeb_id59,train
vid_007002_id29_id21_0006,1,CelebDF,celeb_id59,train
vid_006864_id58_id52_0007,1,CelebDF,celeb_id49,val
vid_006439_id54_id57_0002,1,CelebDF,celeb_id49,val
vid_005021_id51_id56_0001,1,CelebDF,celeb_id49,val
vid_008781_id3_id21_0002,1,CelebDF,celeb_id59,train
vid_001308_24_19__outside_talking_pan_laughing__59PN7WZ2,1,DFD,dfd_10,val
vid_000866_04_13__kitchen_pan__00T3UYOR,1,DFD,dfd_11,train
vid_004768_id21_id6_0008,1,CelebDF,celeb_id59,train
vid_005572_id37_id20_0005,1,CelebDF,celeb_id59,train
vid_005581_id37_id26_0003,1,CelebDF,celeb_id59,train
vid_005364_id37_id28_0001,1,CelebDF,celeb_id59,train
vid_001302_18_09__outside_talking_still_laughing__3VP8836C,1,DFD,dfd_11,train
vid_003566_00048,0,CelebDF,yt_00048,train
vid_000424_07_15__walk_down_hall_angry__9Z2MLKVX,1,DFD,dfd_11,train
vid_009601_id19_id20_0002,1,CelebDF,celeb_id59,train
vid_003433_00195,0,CelebDF,yt_00195,train
vid_009743_id20_id1_0009,1,CelebDF,celeb_id59,train
vid_005240_id26_id3_0001,1,CelebDF,celeb_id59,train
vid_003821_id32_0007,0,CelebDF,celeb_id59,train
vid_008962_id30_id33_0003,1,CelebDF,celeb_id59,train
vid_007106_id24_id25_0008,1,CelebDF,celeb_id59,train
vid_001706_04_02__outside_talking_pan_laughing__8CH7R4LW,1,DFD,dfd_11,train
vid_005124_id21_id37_0007,1,CelebDF,celeb_id59,train
vid_006871_id5_id61_0001,1,CelebDF,celeb_id59,train
vid_004924_id39_id42_0006,1,CelebDF,celeb_id39,test
vid_006932_id28_id17_0001,1,CelebDF,celeb_id59,train
vid_006486_id17_id30_0001,1,CelebDF,celeb_id59,train
vid_004410_id16_id21_0013,1,CelebDF,celeb_id59,train
vid_001905_02_13__exit_phone_room__PLNVLO74,1,DFD,dfd_11,train
vid_003858_id11_0001,0,CelebDF,celeb_id59,train
vid_002584_19_23__podium_speech_happy__D1K19NUP,1,DFD,dfd_10,val
vid_002936_17_16__outside_talking_pan_laughing__S7UMSIQV,1,DFD,dfd_05,test
vid_003823_id23_0009,0,CelebDF,celeb_id59,train
vid_000843_05_16__walking_down_street_outside_angry__94435UY3,1,DFD,dfd_05,test
vid_008714_id51_id54_0000,1,CelebDF,celeb_id49,val
vid_009425_id21_id17_0005,1,CelebDF,celeb_id59,train
vid_008961_id16_id23_0011,1,CelebDF,celeb_id59,train
vid_000542_09_13__exit_phone_room__NDMHWBT1,1,DFD,dfd_11,train
vid_006761_id20_id27_0002,1,CelebDF,celeb_id59,train
vid_008466_id33_id21_0004,1,CelebDF,celeb_id59,train
vid_005563_id23_id25_0003,1,CelebDF,celeb_id59,train
vid_000035_19_24__walking_outside_cafe_disgusted__RKQTC50P,1,DFD,dfd_10,val
vid_004539_id26_id28_0004,1,CelebDF,celeb_id59,train
vid_004168_id33_0001,0,CelebDF,celeb_id59,train
vid_001639_02_27__outside_talking_pan_laughing__XFSH3BW7,1,DFD,dfd_11,train
vid_004466_id43_id47_0000,1,CelebDF,celeb_id39,test
vid_003227_17__walking_down_street_outside_angry,0,DFD,dfd_05,test
vid_002269_26_07__kitchen_still__FGNGC2GT,1,DFD,dfd_11,train
vid_005216_id30_id17_0002,1,CelebDF,celeb_id59,train
vid_006858_id45_id46_0002,1,CelebDF,celeb_id39,test
vid_006881_id23_id29_0005,1,CelebDF,celeb_id59,train
vid_007920_id50_id56_0000,1,CelebDF,celeb_id49,val
vid_006826_id29_id26_0008,1,CelebDF,celeb_id59,train
vid_008402_id49_id52_0000,1,CelebDF,celeb_id49,val
vid_006044_id13_id10_0012,1,CelebDF,celeb_id59,train
vid_001540_14_07__podium_speech_happy__P9QFO50U,1,DFD,dfd_11,train
vid_000272_06_18__outside_talking_pan_laughing__MVXBDKGB,1,DFD,dfd_11,train
vid_006502_id34_id33_0007,1,CelebDF,celeb_id59,train
vid_008343_id37_id33_0006,1,CelebDF,celeb_id59,train
vid_004118_id36_0000,0,CelebDF,celeb_id36,train
vid_004195_id50_0009,0,CelebDF,celeb_id49,val
vid_001506_22_24__outside_talking_still_laughing__XL557XC6,1,DFD,dfd_10,val
vid_008829_id40_id44_0000,1,CelebDF,celeb_id39,test
vid_002780_13_20__walk_down_hall_angry__HQHYKNGK,1,DFD,dfd_11,train
vid_003111_06__walking_and_outside_surprised,0,DFD,dfd_11,train
vid_007469_id0_id20_0003,1,CelebDF,celeb_id59,train
vid_004003_id36_0005,0,CelebDF,celeb_id36,train
vid_009111_id19_id28_0006,1,CelebDF,celeb_id59,train
vid_009927_id17_id31_0000,1,CelebDF,celeb_id59,train
vid_005593_id28_id6_0006,1,CelebDF,celeb_id59,train
vid_001901_06_11__exit_phone_room__C8C4FW99,1,DFD,dfd_11,train
vid_007166_id28_id29_0007,1,CelebDF,celeb_id59,train
vid_007300_id48_id43_0001,1,CelebDF,celeb_id39,test
vid_003103_15__kitchen_pan,0,DFD,dfd_11,train
vid_003029_20_09__hugging_happy__98NUQ3E6,1,DFD,dfd_11,train
vid_009104_id1_id4_0002,1,CelebDF,celeb_id59,train
vid_006821_id33_id34_0005,1,CelebDF,celeb_id59,train
vid_002755_13_15__walking_down_street_outside_angry__X0EIIJF7,1,DFD,dfd_11,train
vid_007121_id16_id28_0000,1,CelebDF,celeb_id59,train
vid_002145_03_18__walking_and_outside_surprised__22UBC0BS,1,DFD,dfd_11,train
vid_004008_id8_0006,0,CelebDF,celeb_id59,train
vid_006609_id16_id2_0007,1,CelebDF,celeb_id59,train
vid_005959_id35_id23_0009,1,CelebDF,celeb_id59,train
vid_001938_20_13__walk_down_hall_angry__HQHYKNGK,1,DFD,dfd_11,train
vid_007675_id26_id33_0004,1,CelebDF,celeb_id59,train
vid_008187_id2_id26_0003,1,CelebDF,celeb_id59,train
vid_001655_26_13__kitchen_pan__XRS5W2NC,1,DFD,dfd_11,train
vid_004296_id30_0005,0,CelebDF,celeb_id59,train
vid_008924_id16_id28_0009,1,CelebDF,celeb_id59,train
vid_002974_26_12__kitchen_pan__BFBNM8FR,1,DFD,dfd_11,train
vid_005045_id37_id2_0009,1,CelebDF,celeb_id59,train
vid_003538_00133,0,CelebDF,yt_00133,train
vid_005059_id28_id29_0005,1,CelebDF,celeb_id59,train
vid_004280_id25_0002,0,CelebDF,celeb_id59,train
vid_002409_12_03__walking_outside_cafe_disgusted__D7G6YJON,1,DFD,dfd_11,train
vid_006361_id57_id56_0005,1,CelebDF,celeb_id49,val
vid_007610_id43_id40_0005,1,CelebDF,celeb_id39,test
vid_007910_id26_id0_0009,1,CelebDF,celeb_id59,train
vid_006623_id46_id48_0005,1,CelebDF,celeb_id39,test
vid_003362_27__exit_phone_room,0,DFD,dfd_11,train
vid_000940_26_03__kitchen_still__WBSXBL82,1,DFD,dfd_11,train
vid_003590_00030,0,CelebDF,yt_00030,train
vid_009116_id37_id35_0000,1,CelebDF,celeb_id59,train
vid_001898_15_20__walking_down_indoor_hall_disgust__99NHTFBM,1,DFD,dfd_11,train
vid_002859_03_06__podium_speech_happy__83ABVHC3,1,DFD,dfd_11,train
vid_002160_02_07__talking_against_wall__O4SXNLRL,1,DFD,dfd_11,train
vid_006124_id32_id28_0002,1,CelebDF,celeb_id59,train
vid_001525_11_04__outside_talking_pan_laughing__JRQWOV1G,1,DFD,dfd_11,train
vid_005335_id9_id30_0002,1,CelebDF,celeb_id59,train
vid_000906_15_01__walk_down_hall_angry__02HILKYO,1,DFD,dfd_11,train
vid_003008_02_09__kitchen_pan__9TDCEK1Q,1,DFD,dfd_11,train
vid_001554_03_20__talking_angry_couch__61SVZ2J7,1,DFD,dfd_11,train
vid_006292_id20_id17_0009,1,CelebDF,celeb_id59,train
vid_003295_22__exit_phone_room,0,DFD,dfd_10,val
vid_006248_id30_id37_0002,1,CelebDF,celeb_id59,train
vid_003203_26__talking_against_wall,0,DFD,dfd_11,train
vid_001773_05_16__kitchen_still__053HPS1G,1,DFD,dfd_05,test
vid_001943_13_02__outside_talking_pan_laughing__0RKOCC6A,1,DFD,dfd_11,train
vid_005022_id26_id9_0008,1,CelebDF,celeb_id59,train
vid_008290_id31_id35_0000,1,CelebDF,celeb_id59,train
vid_003616_00062,0,CelebDF,yt_00062,train
vid_004614_id56_id58_0002,1,CelebDF,celeb_id49,val
vid_008486_id44_id45_0004,1,CelebDF,celeb_id39,test
vid_006709_id5_id61_0000,1,CelebDF,celeb_id59,train
vid_004864_id2_id30_0008,1,CelebDF,celeb_id59,train
vid_006612_id57_id58_0006,1,CelebDF,celeb_id49,val
vid_002992_21_09__walking_down_street_outside_angry__JEELOMN2,1,DFD,dfd_11,train
vid_004450_id1_id6_0006,1,CelebDF,celeb_id59,train
vid_001900_07_15__outside_talking_pan_laughing__UGGRZJ60,1,DFD,dfd_11,train
vid_001764_03_15__kitchen_pan__5C1OMK8W,1,DFD,dfd_11,train
vid_008423_id43_id39_0006,1,CelebDF,celeb_id39,test
vid_000612_07_12__talking_against_wall__0VN0A2T3,1,DFD,dfd_11,train
vid_002694_15_18__walking_and_outside_surprised__V5VHLCOW,1,DFD,dfd_11,train
vid_008876_id31_id38_0001,1,CelebDF,celeb_id59,train
vid_005723_id49_id55_0007,1,CelebDF,celeb_id49,val
vid_007169_id58_id57_0004,1,CelebDF,celeb_id49,val
vid_005238_id8_id2_0008,1,CelebDF,celeb_id59,train
vid_008551_id48_id41_0009,1,CelebDF,celeb_id39,test
vid_001498_08_17__exit_phone_room__CFIY1YEQ,1,DFD,dfd_05,test
vid_001503_15_06__exit_phone_room__QRCD27P8,1,DFD,dfd_11,train
vid_000938_16_05__hugging_happy__053HPS1G,1,DFD,dfd_05,test
vid_008475_id47_id44_0005,1,CelebDF,celeb_id39,test
vid_009534_id16_id9_0001,1,CelebDF,celeb_id59,train
vid_004190_id20_0002,0,CelebDF,celeb_id59,train
vid_002154_06_26__kitchen_still__L5BVR5L9,1,DFD,dfd_11,train
vid_004760_id0_id9_0005,1,CelebDF,celeb_id59,train
vid_004075_id51_0006,0,CelebDF,celeb_id49,val
vid_008357_id53_id49_0005,1,CelebDF,celeb_id49,val
vid_006089_id58_id54_0006,1,CelebDF,celeb_id49,val
vid_008020_id6_id23_0001,1,CelebDF,celeb_id59,train
vid_008636_id26_id25_0000,1,CelebDF,celeb_id59,train
vid_001451_11_04__talking_angry_couch__JRQWOV1G,1,DFD,dfd_11,train
vid_000495_27_13__walking_and_outside_surprised__A1OSUJE9,1,DFD,dfd_11,train
vid_003270_14__walking_down_indoor_hall_disgust,0,DFD,dfd_11,train
vid_007572_id35_id32_0004,1,CelebDF,celeb_id59,train
vid_008620_id34_id37_0003,1,CelebDF,celeb_id59,train
vid_009520_id22_id19_0001,1,CelebDF,celeb_id59,train
vid_002131_02_27__kitchen_pan__B3XHKO27,1,DFD,dfd_11,train
vid_001066_21_09__outside_talking_still_laughing__O9ER29Z6,1,DFD,dfd_11,train
vid_000000_24_19__outside_talking_pan_laughing__LVZNRK9S,1,DFD,dfd_10,val
vid_005877_id30_id35_0003,1,CelebDF,celeb_id59,train
vid_005576_id53_id49_0000,1,CelebDF,celeb_id49,val
vid_009918_id6_id23_0000,1,CelebDF,celeb_id59,train
vid_006334_id1_id21_0001,1,CelebDF,celeb_id59,train
vid_003543_00132,0,CelebDF,yt_00132,train
vid_002724_07_21__secret_conversation__CRGVSDBI,1,DFD,dfd_11,train
vid_000637_14_06__hugging_happy__8U9ULZDT,1,DFD,dfd_11,train
vid_005222_id52_id53_0005,1,CelebDF,celeb_id49,val
vid_007542_id37_id28_0004,1,CelebDF,celeb_id59,train
vid_006103_id20_id24_0006,1,CelebDF,celeb_id59,train
vid_003180_01__kitchen_still,0,DFD,dfd_11,train
vid_001586_23_22__outside_talking_still_laughing__W9MT3Q5K,1,DFD,dfd_10,val
vid_005754_id2_id1_0006,1,CelebDF,celeb_id59,train
vid_006110_id52_id55_0007,1,CelebDF,celeb_id49,val
vid_009169_id24_id20_0007,1,CelebDF,celeb_id59,train
vid_006681_id40_id42_0003,1,CelebDF,celeb_id39,test
vid_004367_id50_id54_0007,1,CelebDF,celeb_id49,val
vid_006338_id7_id13_0009,1,CelebDF,celeb_id59,train
vid_007243_id20_id24_0008,1,CelebDF,celeb_id59,train
vid_006971_id4_id1_0006,1,CelebDF,celeb_id59,train
vid_000427_20_26__kitchen_still__34DJQS3E,1,DFD,dfd_11,train
vid_009843_id23_id24_0005,1,CelebDF,celeb_id59,train
vid_007899_id38_id21_0001,1,CelebDF,celeb_id59,train
vid_006146_id35_id38_0001,1,CelebDF,celeb_id59,train
vid_008932_id19_id27_0007,1,CelebDF,celeb_id59,train
vid_003658_00250,0,CelebDF,yt_00250,train
vid_005756_id20_id30_0005,1,CelebDF,celeb_id59,train
vid_000113_07_03__podium_speech_happy__CDSNLDQ8,1,DFD,dfd_11,train
vid_007070_id34_id37_0006,1,CelebDF,celeb_id59,train
vid_002167_04_12__kitchen_pan__B6YJ9IW1,1,DFD,dfd_11,train
vid_008795_id30_id35_0008,1,CelebDF,celeb_id59,train
vid_003670_00120,0,CelebDF,yt_00120,train
vid_009780_id6_id3_0001,1,CelebDF,celeb_id59,train
vid_005483_id43_id47_0001,1,CelebDF,celeb_id39,test
vid_009038_id56_id49_0006,1,CelebDF,celeb_id49,val
vid_001208_23_19__outside_talking_still_laughing__D1K19NUP,1,DFD,dfd_10,val
vid_004637_id4_id35_0009,1,CelebDF,celeb_id59,train
vid_005501_id49_id51_0004,1,CelebDF,celeb_id49,val
vid_001369_07_03__talking_angry_couch__WPT3Z2KN,1,DFD,dfd_11,train
vid_003737_id1_0003,0,CelebDF,celeb_id59,train
vid_002611_03_21__exit_phone_room__V53E3RVB,1,DFD,dfd_11,train
vid_001405_12_06__hugging_happy__3K21NFNM,1,DFD,dfd_11,train
vid_006662_id6_id16_0006,1,CelebDF,celeb_id59,train
vid_009776_id45_id41_0007,1,CelebDF,celeb_id39,test
vid_006315_id24_id26_0005,1,CelebDF,celeb_id59,train
vid_002047_28_16__walking_down_street_outside_angry__ZA8XJIE9,1,DFD,dfd_05,test
vid_004098_id58_0003,0,CelebDF,celeb_id49,val
vid_009102_id20_id4_0008,1,CelebDF,celeb_id59,train
vid_004219_id33_0004,0,CelebDF,celeb_id59,train
vid_007700_id0_id26_0003,1,CelebDF,celeb_id59,train
vid_005201_id29_id23_0005,1,CelebDF,celeb_id59,train
vid_007347_id53_id54_0009,1,CelebDF,celeb_id49,val
vid_004223_id49_0008,0,CelebDF,celeb_id49,val
vid_002764_21_03__hugging_happy__TEV3HIHZ,1,DFD,dfd_11,train
vid_007240_id46_id39_0004,1,CelebDF,celeb_id39,test
vid_006707_id44_id47_0003,1,CelebDF,celeb_id39,test
vid_009446_id1_id16_0006,1,CelebDF,celeb_id59,train
vid_002172_07_03__talking_against_wall__9NVYPOMN,1,DFD,dfd_11,train
vid_002662_27_02__walk_down_hall_angry__B3XHKO27,1,DFD,dfd_11,train
vid_005799_id24_id23_0004,1,CelebDF,celeb_id59,train
vid_000936_11_01__secret_conversation__WIZ7GKOD,1,DFD,dfd_11,train
vid_001139_15_03__talking_angry_couch__DNUJD8M2,1,DFD,dfd_11,train
vid_008341_id23_id0_0005,1,CelebDF,celeb_id59,train
vid_002243_03_07__outside_talking_pan_laughing__6PHZRQ4H,1,DFD,dfd_11,train
vid_001165_27_20__kitchen_pan__LM907ECA,1,DFD,dfd_11,train
vid_005260_id30_id4_0009,1,CelebDF,celeb_id59,train
vid_009179_id37_id4_0000,1,CelebDF,celeb_id59,train
vid_002681_27_14__walking_outside_cafe_disgusted__0KSONKQ2,1,DFD,dfd_11,train
vid_006716_id49_id53_0007,1,CelebDF,celeb_id49,val
vid_007483_id38_id31_0003,1,CelebDF,celeb_id59,train
vid_007916_id17_id20_0003,1,CelebDF,celeb_id59,train
vid_003866_id58_0009,0,CelebDF,celeb_id49,val
vid_006652_id43_id41_0001,1,CelebDF,celeb_id39,test
vid_009241_id2_id17_0000,1,CelebDF,celeb_id59,train
vid_000979_13_09__hugging_happy__BVZGDFD8,1,DFD,dfd_11,train
vid_009527_id28_id38_0000,1,CelebDF,celeb_id59,train
vid_008227_id0_id21_0003,1,CelebDF,celeb_id59,train
vid_000291_03_26__walking_outside_cafe_disgusted__WBSXBL82,1,DFD,dfd_11,train
vid_008566_id43_id47_0005,1,CelebDF,celeb_id39,test
vid_008212_id34_id35_0006,1,CelebDF,celeb_id59,train
vid_003992_id11_0006,0,CelebDF,celeb_id59,train
vid_001705_02_01__walking_and_outside_surprised__YVGY8LOK,1,DFD,dfd_11,train
vid_007970_id19_id21_0007,1,CelebDF,celeb_id59,train
vid_007461_id29_id34_0004,1,CelebDF,celeb_id59,train
vid_007592_id6_id16_0009,1,CelebDF,celeb_id59,train
vid_003886_id41_0009,0,CelebDF,celeb_id39,test
vid_005554_id54_id55_0008,1,CelebDF,celeb_id49,val
vid_005644_id16_id23_0006,1,CelebDF,celeb_id59,train
vid_003947_id60_0005,0,CelebDF,celeb_id59,train
vid_008023_id1_id9_0001,1,CelebDF,celeb_id59,train
vid_003032_12_26__outside_talking_still_laughing__OTKIGGFE,1,DFD,dfd_11,train
vid_006862_id33_id37_0002,1,CelebDF,celeb_id59,train
vid_003314_01__exit_phone_room,0,DFD,dfd_11,train
vid_008428_id26_id4_0004,1,CelebDF,celeb_id59,train
vid_009587_id17_id35_0009,1,CelebDF,celeb_id59,train
vid_001849_01_20__outside_talking_still_laughing__OTGHOG4Z,1,DFD,dfd_11,train
vid_000458_15_03__walking_outside_cafe_disgusted__GZNLO4X9,1,DFD,dfd_11,train
vid_002082_04_07__kitchen_pan__XRK7FGZX,1,DFD,dfd_11,train
vid_000611_20_18__walking_outside_cafe_disgusted__8BMQOD7S,1,DFD,dfd_11,train
vid_005513_id29_id34_0006,1,CelebDF,celeb_id59,train
vid_003786_id58_0001,0,CelebDF,celeb_id49,val
vid_000643_26_13__talking_against_wall__DZP10XW4,1,DFD,dfd_11,train
vid_009452_id37_id32_0000,1,CelebDF,celeb_id59,train
vid_002803_18_26__outside_talking_still_laughing__AI94QW74,1,DFD,dfd_11,train
vid_002238_01_14__kitchen_still__01YF7VQM,1,DFD,dfd_11,train
vid_006029_id16_id6_0009,1,CelebDF,celeb_id59,train
vid_008578_id56_id54_0008,1,CelebDF,celeb_id49,val
vid_005176_id26_id24_0003,1,CelebDF,celeb_id59,train
vid_000492_27_01__walking_outside_cafe_disgusted__ZYCZ30C0,1,DFD,dfd_11,train
vid_002212_28_08__kitchen_still__8BC35RFU,1,DFD,dfd_05,test
vid_003173_16__podium_speech_happy,0,DFD,dfd_05,test
vid_008056_id34_id35_0008,1,CelebDF,celeb_id59,train
vid_005139_id17_id23_0002,1,CelebDF,celeb_id59,train
vid_001584_21_09__walking_outside_cafe_disgusted__J7SQKGUR,1,DFD,dfd_11,train
vid_009858_id9_id2_0004,1,CelebDF,celeb_id59,train
vid_002769_21_14__walking_down_street_outside_angry__N0WM4GSV,1,DFD,dfd_11,train
vid_008358_id56_id58_0008,1,CelebDF,celeb_id49,val
vid_007701_id33_id26_0002,1,CelebDF,celeb_id59,train
vid_008496_id23_id33_0004,1,CelebDF,celeb_id59,train
vid_008771_id43_id39_0001,1,CelebDF,celeb_id39,test
vid_009740_id0_id21_0009,1,CelebDF,celeb_id59,train
vid_002588_23_10__walking_and_outside_surprised__W4BDINQ5,1,DFD,dfd_10,val
vid_007769_id30_id6_0005,1,CelebDF,celeb_id59,train
vid_003999_id30_0006,0,CelebDF,celeb_id59,train
vid_000364_20_25__outside_talking_still_laughing__RSCD7KXO,1,DFD,dfd_11,train
vid_009687_id31_id4_0007,1,CelebDF,celeb_id59,train
vid_007793_id2_id21_0000,1,CelebDF,celeb_id59,train
vid_006387_id52_id49_0008,1,CelebDF,celeb_id49,val
vid_009891_id11_id7_0003,1,CelebDF,celeb_id59,train
vid_000813_04_27__walking_outside_cafe_disgusted__2CCI2ND1,1,DFD,dfd_11,train
vid_008540_id57_id50_0006,1,CelebDF,celeb_id49,val
vid_009699_id34_id32_0008,1,CelebDF,celeb_id59,train
vid_001701_13_03__exit_phone_room__T3MZOI8X,1,DFD,dfd_11,train
vid_007388_id28_id9_0005,1,CelebDF,celeb_id59,train
vid_006671_id44_id42_0005,1,CelebDF,celeb_id39,test
vid_003818_id55_0001,0,CelebDF,celeb_id49,val
vid_000385_19_10__outside_talking_pan_laughing__FFXB67PI,1,DFD,dfd_10,val
vid_003726_00261,0,CelebDF,yt_00261,train
vid_002981_14_21__walking_outside_cafe_disgusted__N0WM4GSV,1,DFD,dfd_11,train
vid_005316_id42_id44_0001,1,CelebDF,celeb_id39,test
vid_001644_13_02__kitchen_pan__CP5HFV3K,1,DFD,dfd_11,train
vid_004091_id7_0005,0,CelebDF,celeb_id59,train
vid_000219_28_05__exit_phone_room__VR9127O1,1,DFD,dfd_05,test
vid_002879_07_15__outside_talking_still_laughing__KM6M2TBT,1,DFD,dfd_11,train
vid_001990_03_06__walking_down_indoor_hall_disgust__1IXGY2FK,1,DFD,dfd_11,train
vid_000457_17_08__podium_speech_happy__ISS1V0B1,1,DFD,dfd_05,test
vid_005610_id24_id27_0009,1,CelebDF,celeb_id59,train
vid_001303_21_11__walking_outside_cafe_disgusted__T7DK03O1,1,DFD,dfd_11,train
vid_004198_id0_0007,0,CelebDF,celeb_id59,train
vid_008741_id57_id51_0000,1,CelebDF,celeb_id49,val
vid_008239_id4_id0_0003,1,CelebDF,celeb_id59,train
vid_001936_19_23__walking_outside_cafe_disgusted__H4SUVFTL,1,DFD,dfd_10,val
vid_004506_id40_id47_0001,1,CelebDF,celeb_id39,test
vid_000679_14_21__secret_conversation__N0WM4GSV,1,DFD,dfd_11,train
vid_003395_07__walk_down_hall_angry,0,DFD,dfd_11,train
vid_004847_id39_id45_0008,1,CelebDF,celeb_id39,test
vid_008607_id37_id3_0007,1,CelebDF,celeb_id59,train
vid_004571_id47_id42_0006,1,CelebDF,celeb_id39,test
vid_007371_id16_id1_0009,1,CelebDF,celeb_id59,train
vid_007375_id43_id40_0001,1,CelebDF,celeb_id39,test
vid_006493_id21_id31_0006,1,CelebDF,celeb_id59,train
vid_003449_00066,0,CelebDF,yt_00066,train
vid_003268_08__outside_talking_still_laughing,0,DFD,dfd_05,test
vid_009023_id38_id33_0005,1,CelebDF,celeb_id59,train
vid_008057_id55_id52_0005,1,CelebDF,celeb_id49,val
vid_004829_id1_id37_0003,1,CelebDF,celeb_id59,train
vid_007049_id30_id37_0009,1,CelebDF,celeb_id59,train
vid_005233_id16_id20_0002,1,CelebDF,celeb_id59,train
vid_004725_id2_id28_0009,1,CelebDF,celeb_id59,train
vid_009176_id26_id3_0003,1,CelebDF,celeb_id59,train
vid_005119_id43_id46_0004,1,CelebDF,celeb_id39,test
vid_009788_id33_id29_0002,1,CelebDF,celeb_id59,train
vid_002805_15_01__exit_phone_room__02HILKYO,1,DFD,dfd_11,train
vid_008735_id0_id4_0000,1,CelebDF,celeb_id59,train
vid_001782_11_01__talking_against_wall__4OJNJLOO,1,DFD,dfd_11,train
vid_001291_03_07__walking_and_outside_surprised__IFSURI9X,1,DFD,dfd_11,train
vid_006344_id22_id19_0006,1,CelebDF,celeb_id59,train
vid_007895_id34_id33_0009,1,CelebDF,celeb_id59,train
vid_003101_22__podium_speech_happy,0,DFD,dfd_10,val
vid_005967_id20_id2_0002,1,CelebDF,celeb_id59,train
vid_007927_id25_id28_0003,1,CelebDF,celeb_id59,train
vid_008957_id9_id3_0005,1,CelebDF,celeb_id59,train
vid_006345_id29_id23_0006,1,CelebDF,celeb_id59,train
vid_000501_06_12__walking_down_street_outside_angry__3K21NFNM,1,DFD,dfd_11,train
vid_003371_19__exit_phone_room,0,DFD,dfd_10,val
vid_001355_18_03__outside_talking_pan_laughing__8HNSXOBW,1,DFD,dfd_11,train
vid_007392_id42_id41_0002,1,CelebDF,celeb_id39,test
vid_009490_id21_id27_0001,1,CelebDF,celeb_id59,train
vid_003483_00006,0,CelebDF,yt_00006,train
vid_005196_id28_id9_0003,1,CelebDF,celeb_id59,train
vid_007463_id21_id2_0009,1,CelebDF,celeb_id59,train
vid_008427_id51_id54_0002,1,CelebDF,celeb_id49,val
vid_003815_id20_0007,0,CelebDF,celeb_id59,train
vid_001529_01_12__kitchen_pan__TNI7KUZ6,1,DFD,dfd_11,train
vid_001968_09_07__walk_down_hall_angry__N9CWME71,1,DFD,dfd_11,train
vid_009344_id16_id9_0005,1,CelebDF,celeb_id59,train
vid_002873_15_02__kitchen_still__HTG660F8,1,DFD,dfd_11,train
vid_003908_id36_0009,0,CelebDF,celeb_id36,train
vid_008411_id39_id47_0000,1,CelebDF,celeb_id39,test
vid_003875_id57_0000,0,CelebDF,celeb_id49,val
vid_006962_id20_id4_0001,1,CelebDF,celeb_id59,train
vid_000117_01_15__hugging_happy__02HILKYO,1,DFD,dfd_11,train
vid_001603_04_13__kitchen_still__00T3UYOR,1,DFD,dfd_11,train
vid_007692_id3_id6_0005,1,CelebDF,celeb_id59,train
vid_000454_06_25__walking_and_outside_surprised__MI9BDQ7M,1,DFD,dfd_11,train
vid_001514_02_15__talking_against_wall__P2FAY3DR,1,DFD,dfd_11,train
vid_002079_03_07__walk_down_hall_angry__IFSURI9X,1,DFD,dfd_11,train
vid_007218_id31_id20_0004,1,CelebDF,celeb_id59,train
vid_006614_id23_id20_0002,1,CelebDF,celeb_id59,train
vid_000891_07_20__outside_talking_pan_laughing__5VT4USF9,1,DFD,dfd_11,train
vid_007739_id21_id26_0002,1,CelebDF,celeb_id59,train
vid_006066_id47_id40_0006,1,CelebDF,celeb_id39,test
vid_002436_25_02__walking_down_street_outside_angry__Z7FQ69VP,1,DFD,dfd_11,train
vid_003940_id56_0000,0,CelebDF,celeb_id49,val
vid_007556_id31_id32_0007,1,CelebDF,celeb_id59,train
vid_000286_03_01__meeting_serious__JZUXXFRB,1,DFD,dfd_11,train
vid_009381_id2_id16_0003,1,CelebDF,celeb_id59,train
vid_002837_12_13__walking_and_outside_surprised__Q442U52P,1,DFD,dfd_11,train
vid_002403_13_09__podium_speech_happy__YP7MGDQ6,1,DFD,dfd_11,train
vid_000258_20_09__walking_down_indoor_hall_disgust__9OJQX9KV,1,DFD,dfd_11,train
vid_000455_22_24__walk_down_hall_angry__7E3GY85F,1,DFD,dfd_10,val
vid_009724_id10_id12_0002,1,CelebDF,celeb_id59,train
vid_008244_id16_id20_0013,1,CelebDF,celeb_id59,train
vid_003106_23__kitchen_pan,0,DFD,dfd_10,val
vid_004630_id26_id0_0006,1,CelebDF,celeb_id59,train
vid_008973_id27_id21_0007,1,CelebDF,celeb_id59,train
vid_005965_id7_id13_0007,1,CelebDF,celeb_id59,train
vid_001844_11_06__secret_conversation__C8C4FW99,1,DFD,dfd_11,train
vid_007426_id0_id21_0007,1,CelebDF,celeb_id59,train
vid_004063_id28_0007,0,CelebDF,celeb_id59,train
vid_005972_id32_id23_0008,1,CelebDF,celeb_id59,train
vid_001465_27_25__walking_and_outside_surprised__GNIMW95Z,1,DFD,dfd_11,train
vid_005989_id0_id28_0005,1,CelebDF,celeb_id59,train
vid_002340_01_20__walking_and_outside_surprised__6UBMLXK3,1,DFD,dfd_11,train
vid_003728_00154,0,CelebDF,yt_00154,train
vid_005263_id20_id21_0002,1,CelebDF,celeb_id59,train
vid_008572_id28_id6_0000,1,CelebDF,celeb_id59,train
vid_006305_id43_id48_0009,1,CelebDF,celeb_id39,test
vid_006057_id56_id55_0005,1,CelebDF,celeb_id49,val
vid_009127_id41_id42_0009,1,CelebDF,celeb_id39,test
vid_007314_id20_id35_0003,1,CelebDF,celeb_id59,train
vid_001201_02_09__outside_talking_pan_laughing__HIH8YA82,1,DFD,dfd_11,train
vid_007634_id24_id19_0006,1,CelebDF,celeb_id59,train
vid_005466_id42_id43_0001,1,CelebDF,celeb_id39,test
vid_008397_id24_id21_0006,1,CelebDF,celeb_id59,train
vid_006223_id47_id43_0003,1,CelebDF,celeb_id39,test
vid_009869_id49_id50_0003,1,CelebDF,celeb_id49,val
vid_003974_id24_0008,0,CelebDF,celeb_id59,train
vid_003254_01__podium_speech_happy,0,DFD,dfd_11,train
vid_004881_id17_id26_0004,1,CelebDF,celeb_id59,train
vid_003899_id9_0009,0,CelebDF,celeb_id59,train
vid_004018_id10_0003,0,CelebDF,celeb_id59,train
vid_002564_22_23__outside_talking_pan_laughing__J671JKCH,1,DFD,dfd_10,val
vid_006640_id53_id56_0006,1,CelebDF,celeb_id49,val
vid_005268_id31_id6_0004,1,CelebDF,celeb_id59,train
vid_009240_id42_id44_0003,1,CelebDF,celeb_id39,test
vid_006884_id40_id42_0001,1,CelebDF,celeb_id39,test
vid_005083_id21_id35_0009,1,CelebDF,celeb_id59,train
vid_000805_20_09__podium_speech_happy__RAGUKRMK,1,DFD,dfd_11,train
vid_008498_id28_id3_0005,1,CelebDF,celeb_id59,train
vid_003509_00060,0,CelebDF,yt_00060,train
